state,state_ansi,county,county_ansi,fips5,ag_district,ag_district_code,year,produced_soy,acres_planted,acres_harvested,production_bu,yield_bu_ac,yield_kg_ha,production_tonnes,area_harvested_ha
ILLINOIS,17,ADAMS,001,17001,WEST,30,1980,1.0,126800,126000,4070000,32.5,2185.6563668250924,110767.085,50990.390892
ILLINOIS,17,ADAMS,001,17001,WEST,30,1981,1.0,130500,129000,4644700,36.0,2421.034744790871,126407.83284999999,52204.447818
ILLINOIS,17,ADAMS,001,17001,WEST,30,1982,1.0,128400,125800,4636100,37.0,2488.285709923951,126173.77954999999,50909.4537636
ILLINOIS,17,ADAMS,001,17001,WEST,30,1983,1.0,124100,123500,2865400,23.0,1546.7721980608344,77983.29370000001,49978.676787000004
ILLINOIS,17,ADAMS,001,17001,WEST,30,1984,1.0,136600,135000,3877000,28.5,1916.652506292773,105514.4935,54632.56167
ILLINOIS,17,ADAMS,001,17001,WEST,30,1985,1.0,135400,133000,5206600,39.0,2622.787640190111,141700.2223,53823.190386
ILLINOIS,17,ADAMS,001,17001,WEST,30,1986,1.0,138500,136100,4961400,36.5,2454.6602273574113,135026.98169999997,55077.7158762
ILLINOIS,17,ADAMS,001,17001,WEST,30,1987,1.0,131000,130100,4806300,37.0,2488.285709923951,130805.85764999999,52649.6020242
ILLINOIS,17,ADAMS,001,17001,WEST,30,1988,1.0,129200,128600,3491800,27.0,1815.7760585931535,95031.0829,52042.5735612
ILLINOIS,17,ADAMS,001,17001,WEST,30,1989,1.0,113200,112900,3251800,29.0,1950.277988859313,88499.3629,45689.0089818
ILLINOIS,17,ADAMS,001,17001,WEST,30,1990,1.0,122600,120400,4021300,33.5,2252.907331958172,109441.69015,48724.1512968
ILLINOIS,17,ADAMS,001,17001,WEST,30,1991,1.0,113000,112000,4088000,36.5,2454.6602273574113,111256.964,45324.791904
ILLINOIS,17,ADAMS,001,17001,WEST,30,1992,1.0,120000,118800,4573800,38.5,2589.1621576235707,124478.2539,48076.6542696
ILLINOIS,17,ADAMS,001,17001,WEST,30,1993,1.0,127000,105000,4200000,40.0,2690.0386053231905,114305.1,42491.99241
ILLINOIS,17,ADAMS,001,17001,WEST,30,1994,1.0,114000,113100,5202600,46.0,3093.544396121669,141591.36029999997,45769.9461102
ILLINOIS,17,ADAMS,001,17001,WEST,30,1995,1.0,128000,127400,4841200,38.0,2555.536675057031,131755.67859999998,51556.9507908
ILLINOIS,17,ADAMS,001,17001,WEST,30,1996,1.0,126000,125800,5032000,40.0,2690.0386053231905,136948.396,50909.4537636
ILLINOIS,17,ADAMS,001,17001,WEST,30,1997,1.0,133000,132500,5962500,45.0,3026.293430988589,162272.41875,53620.847565000004
ILLINOIS,17,ADAMS,001,17001,WEST,30,1998,1.0,135000,134800,5526800,41.0,2757.28957045627,150414.62540000002,54551.6245416
ILLINOIS,17,ADAMS,001,17001,WEST,30,1999,1.0,127000,126400,4424000,35.0,2353.7837796577915,120401.372,51152.265148800005
ILLINOIS,17,ADAMS,001,17001,WEST,30,2000,1.0,126000,125700,5907900,47.0,3160.7953612547485,160786.45244999998,50868.9851994
ILLINOIS,17,ADAMS,001,17001,WEST,30,2001,1.0,130000,129100,5680400,44.0,2959.0424658555094,154594.9262,52244.916382200005
ILLINOIS,17,ADAMS,001,17001,WEST,30,2002,1.0,128000,127700,6129600,48.0,3228.0463263878282,166820.12879999998,51678.3564834
ILLINOIS,17,ADAMS,001,17001,WEST,30,2003,1.0,123000,122700,5398800,44.0,2959.0424658555094,146931.04140000002,49654.9282734
ILLINOIS,17,ADAMS,001,17001,WEST,30,2004,1.0,125000,124600,6105400,49.0,3295.2972915209084,166161.51369999998,50423.830993200005
ILLINOIS,17,ADAMS,001,17001,WEST,30,2005,1.0,121000,120400,5177200,43.0,2891.7915007224296,140900.08659999998,48724.1512968
ILLINOIS,17,ADAMS,001,17001,WEST,30,2006,1.0,129000,128400,5521200,43.0,2891.7915007224296,150262.2186,51961.6364328
ILLINOIS,17,ADAMS,001,17001,WEST,30,2007,1.0,98000,97600,3611200,37.0,2488.285709923951,98280.6136,39497.3186592
ILLINOIS,17,ADAMS,001,17001,WEST,30,2008,1.0,110000,102100,4186100,41.0,2757.28957045627,113926.80455,41318.4040482
ILLINOIS,17,ADAMS,001,17001,WEST,30,2009,1.0,121000,120700,5672900,47.0,3160.7953612547485,154390.80995,48845.5569894
ILLINOIS,17,ADAMS,001,17001,WEST,30,2010,1.0,121000,119700,5833000,48.7,3275.1220019809844,158748.0115,48440.8713474
ILLINOIS,17,ADAMS,001,17001,WEST,30,2011,1.0,121000,120800,5006000,41.4,2784.189956509502,136240.793,48886.025553600004
ILLINOIS,17,ADAMS,001,17001,WEST,30,2012,1.0,122000,121300,4932000,40.7,2737.1142809163466,134226.846,49088.3683746
ILLINOIS,17,ADAMS,001,17001,WEST,30,2013,1.0,128000,127900,5574000,43.6,2932.1420798022777,151699.197,51759.2936118
ILLINOIS,17,ADAMS,001,17001,WEST,30,2014,1.0,125000,124400,6309000,50.7,3409.623932247144,171702.5895,50342.893864800004
ILLINOIS,17,ADAMS,001,17001,WEST,30,2015,1.0,120000,119700,6234000,52.1,3503.7752834334556,169661.427,48440.8713474
ILLINOIS,17,ADAMS,001,17001,WEST,30,2016,1.0,127500,127000,7213000,56.8,3819.85481955893,196305.4015,51395.076534
ILLINOIS,17,ADAMS,001,17001,WEST,30,2017,1.0,138000,137500,7688000,55.9,3759.3289509391584,209232.764,55644.275775
ILLINOIS,17,ADAMS,001,17001,WEST,30,2018,1.0,142000,136900,8117000,59.3,3987.9822323916296,220908.2135,55401.4643898
ILLINOIS,17,ADAMS,001,17001,WEST,30,2019,1.0,131000,130000,6473000,49.8,3349.0980636273716,176165.9315,52609.133460000005
ILLINOIS,17,ADAMS,001,17001,WEST,30,2020,1.0,134500,133900,7338000,54.8,3685.3528892927707,199707.339,54187.4074638
ILLINOIS,17,ADAMS,001,17001,WEST,30,2022,1.0,145500,145000,8874000,61.2,4115.759066144481,241510.347,58679.41809
ILLINOIS,17,ADAMS,001,17001,WEST,30,2023,1.0,139000,138400,8401000,60.7,4082.1335835779414,228637.4155,56008.4928528
ILLINOIS,17,ALEXANDER,003,17003,SOUTHWEST,80,1980,1.0,48900,48500,1205400,25.0,1681.274128326994,32805.5637,19627.253637
ILLINOIS,17,ALEXANDER,003,17003,SOUTHWEST,80,1981,1.0,47100,46500,1293400,28.0,1883.0270237262332,35200.5277,18817.882353
ILLINOIS,17,ALEXANDER,003,17003,SOUTHWEST,80,1982,1.0,43900,43000,1295600,30.0,2017.5289539923929,35260.4018,17401.482606
ILLINOIS,17,ALEXANDER,003,17003,SOUTHWEST,80,1983,1.0,46400,45500,974500,21.5,1445.8957503612148,26521.50475,18413.196711
ILLINOIS,17,ALEXANDER,003,17003,SOUTHWEST,80,1984,1.0,42100,41000,1216800,29.5,1983.903471425853,33115.8204,16592.111322
ILLINOIS,17,ALEXANDER,003,17003,SOUTHWEST,80,1985,1.0,37400,37000,1116500,30.0,2017.5289539923929,30386.10575,14973.368754000001
ILLINOIS,17,ALEXANDER,003,17003,SOUTHWEST,80,1986,1.0,38200,37900,1287000,34.0,2286.5328145247117,35026.3485,15337.585831800001
ILLINOIS,17,ALEXANDER,003,17003,SOUTHWEST,80,1987,1.0,35300,34800,990300,28.5,1916.652506292773,26951.50965,14083.060341600001
ILLINOIS,17,ALEXANDER,003,17003,SOUTHWEST,80,1988,1.0,35000,34700,907300,26.0,1748.5250934600738,24692.62315,14042.5917774
ILLINOIS,17,ALEXANDER,003,17003,SOUTHWEST,80,1989,1.0,35700,35600,901600,25.5,1714.899610893534,24537.494799999997,14406.8088552
ILLINOIS,17,ALEXANDER,003,17003,SOUTHWEST,80,1990,1.0,53100,47000,1362000,29.0,1950.277988859313,37067.511,19020.225174
ILLINOIS,17,ALEXANDER,003,17003,SOUTHWEST,80,1991,1.0,38000,37000,1184000,32.0,2152.0308842585523,32223.152,14973.368754000001
ILLINOIS,17,ALEXANDER,003,17003,SOUTHWEST,80,1992,1.0,38000,37800,1266300,33.5,2252.907331958172,34462.987649999995,15297.1172676
ILLINOIS,17,ALEXANDER,003,17003,SOUTHWEST,80,1993,1.0,37000,20000,600000,30.0,2017.5289539923929,16329.3,8093.71284
ILLINOIS,17,ALEXANDER,003,17003,SOUTHWEST,80,1994,1.0,36000,35700,1320900,37.0,2488.285709923951,35948.953949999996,14447.277419400001
ILLINOIS,17,ALEXANDER,003,17003,SOUTHWEST,80,1995,1.0,31000,30700,844250,27.5,1849.4015411596934,22976.685875,12423.849209400001
ILLINOIS,17,ALEXANDER,003,17003,SOUTHWEST,80,1996,1.0,36000,34100,1091200,32.0,2152.0308842585523,29697.5536,13799.7803922
ILLINOIS,17,ALEXANDER,003,17003,SOUTHWEST,80,1997,1.0,38000,37900,1421250,37.5,2521.911192490491,38680.029375,15337.585831800001
ILLINOIS,17,ALEXANDER,003,17003,SOUTHWEST,80,1998,1.0,39000,38400,1171200,30.5,2051.1544365589325,31874.793599999997,15539.928652800001
ILLINOIS,17,ALEXANDER,003,17003,SOUTHWEST,80,1999,1.0,39000,38800,931200,24.0,1614.0231631939141,25343.073599999996,15701.802909600001
ILLINOIS,17,ALEXANDER,003,17003,SOUTHWEST,80,2000,1.0,34000,33900,1254300,37.0,2488.285709923951,34136.40165,13718.843263800001
ILLINOIS,17,ALEXANDER,003,17003,SOUTHWEST,80,2001,1.0,36000,35800,1253000,35.0,2353.7837796577915,34101.0215,14487.7459836
ILLINOIS,17,ALEXANDER,003,17003,SOUTHWEST,80,2002,1.0,40000,39800,1273600,32.0,2152.0308842585523,34661.6608,16106.488551600001
ILLINOIS,17,ALEXANDER,003,17003,SOUTHWEST,80,2003,1.0,37000,36900,1402200,38.0,2555.536675057031,38161.5741,14932.9001898
ILLINOIS,17,ALEXANDER,003,17003,SOUTHWEST,80,2004,1.0,38000,37900,1705500,45.0,3026.293430988589,46416.03525,15337.585831800001
ILLINOIS,17,ALEXANDER,003,17003,SOUTHWEST,80,2005,1.0,36000,35900,1436000,40.0,2690.0386053231905,39081.458,14528.2145478
ILLINOIS,17,ALEXANDER,003,17003,SOUTHWEST,80,2006,1.0,39000,38800,1707200,44.0,2959.0424658555094,46462.3016,15701.802909600001
ILLINOIS,17,ALEXANDER,003,17003,SOUTHWEST,80,2007,1.0,37000,36900,1328400,36.0,2421.034744790871,36153.070199999995,14932.9001898
ILLINOIS,17,ALEXANDER,003,17003,SOUTHWEST,80,2008,1.0,31000,29900,1196000,40.0,2690.0386053231905,32549.738,12100.1006958
ILLINOIS,17,ALEXANDER,003,17003,SOUTHWEST,80,2009,1.0,39000,38900,1594900,41.0,2757.28957045627,43406.000949999994,15742.271473800001
ILLINOIS,17,ALEXANDER,003,17003,SOUTHWEST,80,2010,1.0,32000,31400,1250000,39.8,2676.5884122965745,34019.375,12707.1291588
ILLINOIS,17,ALEXANDER,003,17003,SOUTHWEST,80,2011,1.0,26000,25800,906000,35.1,2360.5088761710995,24657.243,10440.8895636
ILLINOIS,17,ALEXANDER,003,17003,SOUTHWEST,80,2016,1.0,34000,33900,1301000,38.4,2582.4370611102627,35407.3655,13718.843263800001
ILLINOIS,17,ALEXANDER,003,17003,SOUTHWEST,80,2017,1.0,34400,33600,1420000,42.3,2844.7158251292735,38646.01,13597.4375712
ILLINOIS,17,ALEXANDER,003,17003,SOUTHWEST,80,2020,1.0,33100,32900,1602000,48.7,3275.1220019809844,43599.231,13314.157621800001
ILLINOIS,17,ALEXANDER,003,17003,SOUTHWEST,80,2021,1.0,38000,37700,2205000,58.5,3934.181460285166,60010.1775,15256.6487034
ILLINOIS,17,ALEXANDER,003,17003,SOUTHWEST,80,2022,1.0,41700,41600,2134000,51.3,3449.9745113269914,58077.877,16834.9227072
ILLINOIS,17,ALEXANDER,003,17003,SOUTHWEST,80,2025,1.0,34300,34100,1391000,40.8,2743.839377429654,37856.7605,13799.7803922
ILLINOIS,17,BOND,005,17005,WEST SOUTHWEST,60,1980,1.0,73300,73000,1915800,26.0,1748.5250934600738,52139.4549,29542.051866
ILLINOIS,17,BOND,005,17005,WEST SOUTHWEST,60,1981,1.0,80700,80000,2713000,34.0,2286.5328145247117,73835.6515,32374.85136
ILLINOIS,17,BOND,005,17005,WEST SOUTHWEST,60,1982,1.0,77600,77000,2537900,33.0,2219.281849391632,69070.21745,31160.794434
ILLINOIS,17,BOND,005,17005,WEST SOUTHWEST,60,1983,1.0,72300,72000,1066300,15.0,1008.7644769961964,29019.887649999997,29137.366224
ILLINOIS,17,BOND,005,17005,WEST SOUTHWEST,60,1984,1.0,72100,68000,1609200,23.5,1580.3976806273743,43795.1826,27518.623656
ILLINOIS,17,BOND,005,17005,WEST SOUTHWEST,60,1985,1.0,73700,73000,2383800,32.5,2185.6563668250924,64876.308899999996,29542.051866
ILLINOIS,17,BOND,005,17005,WEST SOUTHWEST,60,1986,1.0,71300,71200,2311100,32.5,2185.6563668250924,62897.74204999999,28813.6177104
ILLINOIS,17,BOND,005,17005,WEST SOUTHWEST,60,1987,1.0,68800,67200,1811600,27.0,1815.7760585931535,49303.599799999996,27194.8751424
ILLINOIS,17,BOND,005,17005,WEST SOUTHWEST,60,1988,1.0,66500,56200,1215100,21.5,1445.8957503612148,33069.55405,22743.3330804
ILLINOIS,17,BOND,005,17005,WEST SOUTHWEST,60,1989,1.0,63500,62700,2335300,37.0,2488.285709923951,63556.357149999996,25373.7897534
ILLINOIS,17,BOND,005,17005,WEST SOUTHWEST,60,1990,1.0,73800,73700,1991000,27.0,1815.7760585931535,54186.0605,29825.3318154
ILLINOIS,17,BOND,005,17005,WEST SOUTHWEST,60,1991,1.0,65000,64600,1711900,26.5,1782.1505760266136,46590.21444999999,26142.6924732
ILLINOIS,17,BOND,005,17005,WEST SOUTHWEST,60,1992,1.0,65000,64700,2232150,34.5,2320.158297091252,60749.078324999995,26183.1610374
ILLINOIS,17,BOND,005,17005,WEST SOUTHWEST,60,1993,1.0,68000,67000,2579500,38.5,2589.1621576235707,70202.38225,27113.938014
ILLINOIS,17,BOND,005,17005,WEST SOUTHWEST,60,1994,1.0,71000,70400,2393600,34.0,2286.5328145247117,65143.0208,28489.869196800002
ILLINOIS,17,BOND,005,17005,WEST SOUTHWEST,60,1995,1.0,76000,75000,2100000,28.0,1883.0270237262332,57152.55,30351.423150000002
ILLINOIS,17,BOND,005,17005,WEST SOUTHWEST,60,1996,1.0,73000,72700,2471800,34.0,2286.5328145247117,67271.2729,29420.6461734
ILLINOIS,17,BOND,005,17005,WEST SOUTHWEST,60,1997,1.0,68000,67500,2261250,33.5,2252.907331958172,61541.049375,27316.280835
ILLINOIS,17,BOND,005,17005,WEST SOUTHWEST,60,1998,1.0,78000,77100,2929800,38.0,2555.536675057031,79735.97189999999,31201.2629982
ILLINOIS,17,BOND,005,17005,WEST SOUTHWEST,60,1999,1.0,85000,84700,2710400,32.0,2152.0308842585523,73764.8912,34276.8738774
ILLINOIS,17,BOND,005,17005,WEST SOUTHWEST,60,2000,1.0,81000,79500,2862000,36.0,2421.034744790871,77890.761,32172.508539000002
ILLINOIS,17,BOND,005,17005,WEST SOUTHWEST,60,2001,1.0,82000,81500,3015500,37.0,2488.285709923951,82068.34025,32981.879823
ILLINOIS,17,BOND,005,17005,WEST SOUTHWEST,60,2002,1.0,86000,85700,3085200,36.0,2421.034744790871,83965.2606,34681.5595194
ILLINOIS,17,BOND,005,17005,WEST SOUTHWEST,60,2003,1.0,85000,84900,2716800,32.0,2152.0308842585523,73939.0704,34357.8110058
ILLINOIS,17,BOND,005,17005,WEST SOUTHWEST,60,2004,1.0,82000,81800,3926400,48.0,3228.0463263878282,106858.9392,33103.2855156
ILLINOIS,17,BOND,005,17005,WEST SOUTHWEST,60,2005,1.0,78000,77600,2948800,38.0,2555.536675057031,80253.0664,31403.605819200002
ILLINOIS,17,BOND,005,17005,WEST SOUTHWEST,60,2006,1.0,87000,86600,3117600,36.0,2421.034744790871,84847.0428,35045.7765972
ILLINOIS,17,BOND,005,17005,WEST SOUTHWEST,60,2007,1.0,77000,76800,1920000,25.0,1681.274128326994,52253.76,31079.857305600002
ILLINOIS,17,BOND,005,17005,WEST SOUTHWEST,60,2008,1.0,90000,89000,4005000,45.0,3026.293430988589,108998.0775,36017.022138
ILLINOIS,17,BOND,005,17005,WEST SOUTHWEST,60,2009,1.0,86000,85000,3145000,37.0,2488.285709923951,85592.7475,34398.27957
ILLINOIS,17,BOND,005,17005,WEST SOUTHWEST,60,2010,1.0,75000,74200,3703000,49.9,3355.82316014068,100778.9965,30027.6746364
ILLINOIS,17,BOND,005,17005,WEST SOUTHWEST,60,2011,1.0,80000,79700,2853000,35.8,2407.584551764255,77645.8215,32253.4456674
ILLINOIS,17,BOND,005,17005,WEST SOUTHWEST,60,2012,1.0,76000,74300,2300000,31.0,2084.7799191254726,62595.65,30068.1432006
ILLINOIS,17,BOND,005,17005,WEST SOUTHWEST,60,2014,1.0,79200,79100,3969000,50.2,3375.998449680604,108018.3195,32010.6342822
ILLINOIS,17,BOND,005,17005,WEST SOUTHWEST,60,2015,1.0,69000,68700,3330000,48.5,3261.6718089543683,90627.615,27801.903605400003
ILLINOIS,17,BOND,005,17005,WEST SOUTHWEST,60,2017,1.0,84300,84000,4578000,54.5,3665.177599752847,124592.559,33993.593928
ILLINOIS,17,BOND,005,17005,WEST SOUTHWEST,60,2018,1.0,88000,85700,5746000,67.0,4505.814663916344,156380.263,34681.5595194
ILLINOIS,17,BOND,005,17005,WEST SOUTHWEST,60,2019,1.0,83000,82700,4276000,51.7,3476.874897380224,116373.478,33467.5025934
ILLINOIS,17,BOND,005,17005,WEST SOUTHWEST,60,2020,1.0,84500,84100,4962000,59.0,3967.806942851706,135043.311,34034.0624922
ILLINOIS,17,BOND,005,17005,WEST SOUTHWEST,60,2021,1.0,81700,81100,5272000,65.0,4371.312733650185,143480.116,32820.0055662
ILLINOIS,17,BOND,005,17005,WEST SOUTHWEST,60,2022,1.0,83700,83400,4887000,58.6,3940.906556798474,133002.1485,33750.7825428
ILLINOIS,17,BOND,005,17005,WEST SOUTHWEST,60,2023,1.0,78400,78000,4469000,57.3,3853.48030212547,121626.0695,31565.480076
ILLINOIS,17,BOND,005,17005,WEST SOUTHWEST,60,2025,1.0,78500,78000,4126000,52.9,3557.5760555399193,112291.153,31565.480076
ILLINOIS,17,BOONE,007,17007,NORTHEAST,20,1980,1.0,47200,47000,1821500,39.0,2622.787640190111,49573.03325,19020.225174
ILLINOIS,17,BOONE,007,17007,NORTHEAST,20,1981,1.0,37700,37500,1574500,42.0,2824.54053558935,42850.80475,15175.711575000001
ILLINOIS,17,BOONE,007,17007,NORTHEAST,20,1982,1.0,40600,40500,1503000,37.0,2488.285709923951,40904.8965,16389.768501000002
ILLINOIS,17,BOONE,007,17007,NORTHEAST,20,1983,1.0,34500,34500,1270500,37.0,2488.285709923951,34577.29275,13961.654649
ILLINOIS,17,BOONE,007,17007,NORTHEAST,20,1984,1.0,42000,41000,1300400,31.5,2118.405401692012,35391.036199999995,16592.111322
ILLINOIS,17,BOONE,007,17007,NORTHEAST,20,1985,1.0,35400,35000,1339300,38.5,2589.1621576235707,36449.71915,14163.99747
ILLINOIS,17,BOONE,007,17007,NORTHEAST,20,1986,1.0,33700,33500,1221200,36.5,2454.6602273574113,33235.5686,13556.969007
ILLINOIS,17,BOONE,007,17007,NORTHEAST,20,1987,1.0,29800,29500,1266600,43.0,2891.7915007224296,34471.152299999994,11938.226439
ILLINOIS,17,BOONE,007,17007,NORTHEAST,20,1988,1.0,31400,31100,766300,24.5,1647.6486457604542,20855.23765,12585.723466200001
ILLINOIS,17,BOONE,007,17007,NORTHEAST,20,1989,1.0,31900,31700,1306600,41.0,2757.28957045627,35559.7723,12828.5348514
ILLINOIS,17,BOONE,007,17007,NORTHEAST,20,1990,1.0,32300,32000,1383100,43.0,2891.7915007224296,37641.75805,12949.940544000001
ILLINOIS,17,BOONE,007,17007,NORTHEAST,20,1991,1.0,36000,35700,1356600,38.0,2555.536675057031,36920.5473,14447.277419400001
ILLINOIS,17,BOONE,007,17007,NORTHEAST,20,1992,1.0,39000,38700,1625400,42.0,2824.54053558935,44236.07369999999,15661.3343454
ILLINOIS,17,BOONE,007,17007,NORTHEAST,20,1993,1.0,37000,36000,1332000,37.0,2488.285709923951,36251.046,14568.683112
ILLINOIS,17,BOONE,007,17007,NORTHEAST,20,1994,1.0,40000,39500,1915750,48.5,3261.6718089543683,52138.094125,15985.082859
ILLINOIS,17,BOONE,007,17007,NORTHEAST,20,1995,1.0,46000,45900,1950750,42.5,2858.1660181558896,53090.636625,18575.070967800002
ILLINOIS,17,BOONE,007,17007,NORTHEAST,20,1996,1.0,46000,45700,1645200,36.0,2421.034744790871,44774.9406,18494.1338394
ILLINOIS,17,BOONE,007,17007,NORTHEAST,20,1997,1.0,50000,49800,2216100,44.5,2992.6679484220494,60312.26955,20153.3449716
ILLINOIS,17,BOONE,007,17007,NORTHEAST,20,1998,1.0,50000,49900,2619750,52.5,3530.675669486687,71297.806125,20193.8135358
ILLINOIS,17,BOONE,007,17007,NORTHEAST,20,1999,1.0,55000,54600,2730000,50.0,3362.548256653988,74298.315,22095.8360532
ILLINOIS,17,BOONE,007,17007,NORTHEAST,20,2000,1.0,57000,56800,2044800,36.0,2421.034744790871,55650.2544,22986.144465600002
ILLINOIS,17,BOONE,007,17007,NORTHEAST,20,2001,1.0,56000,55600,2502000,45.0,3026.293430988589,68093.181,22500.5216952
ILLINOIS,17,BOONE,007,17007,NORTHEAST,20,2002,1.0,56000,55600,2112800,38.0,2555.536675057031,57500.9084,22500.5216952
ILLINOIS,17,BOONE,007,17007,NORTHEAST,20,2003,1.0,53000,52900,1428300,27.0,1815.7760585931535,38871.898649999996,21407.8704618
ILLINOIS,17,BOONE,007,17007,NORTHEAST,20,2004,1.0,46000,45800,2244200,49.0,3295.2972915209084,61077.02509999999,18534.6024036
ILLINOIS,17,BOONE,007,17007,NORTHEAST,20,2005,1.0,43000,42800,1498000,35.0,2353.7837796577915,40768.819,17320.5454776
ILLINOIS,17,BOONE,007,17007,NORTHEAST,20,2006,1.0,47000,46800,2386800,51.0,3429.799221787068,64957.9554,18939.288045600002
ILLINOIS,17,BOONE,007,17007,NORTHEAST,20,2007,1.0,31000,30800,1478400,48.0,3228.0463263878282,40235.3952,12464.3177736
ILLINOIS,17,BOONE,007,17007,NORTHEAST,20,2008,1.0,38000,37900,1591800,42.0,2824.54053558935,43321.6329,15337.585831800001
ILLINOIS,17,BOONE,007,17007,NORTHEAST,20,2009,1.0,35000,34900,1570500,45.0,3026.293430988589,42741.94275,14123.5289058
ILLINOIS,17,BOONE,007,17007,NORTHEAST,20,2010,1.0,43000,42800,2486000,58.1,3907.2810742319343,67657.733,17320.5454776
ILLINOIS,17,BOONE,007,17007,NORTHEAST,20,2011,1.0,34000,34000,2024000,59.5,4001.4324254182457,55084.172,13759.311828
ILLINOIS,17,BOONE,007,17007,NORTHEAST,20,2012,1.0,36000,35800,1571000,43.9,2952.3173693422013,42755.5505,14487.7459836
ILLINOIS,17,BOONE,007,17007,NORTHEAST,20,2013,1.0,40200,40200,2110000,52.5,3530.675669486687,57424.705,16268.362808400001
ILLINOIS,17,BOONE,007,17007,NORTHEAST,20,2014,1.0,39900,39800,2286000,57.4,3860.205398638778,62214.633,16106.488551600001
ILLINOIS,17,BOONE,007,17007,NORTHEAST,20,2015,1.0,43200,43100,2502000,58.1,3907.2810742319343,68093.181,17441.9511702
ILLINOIS,17,BOONE,007,17007,NORTHEAST,20,2016,1.0,39500,39100,2434000,62.3,4189.735127790869,66242.527,15823.2086022
ILLINOIS,17,BOONE,007,17007,NORTHEAST,20,2017,1.0,46100,45800,2171000,47.4,3187.6957473079806,59084.8505,18534.6024036
ILLINOIS,17,BOONE,007,17007,NORTHEAST,20,2018,1.0,50000,48600,2929000,60.3,4055.2331975247093,79714.1995,19667.722201200002
ILLINOIS,17,BOONE,007,17007,NORTHEAST,20,2019,1.0,41600,41400,2068000,50.0,3362.548256653988,56281.654,16753.985578800002
ILLINOIS,17,BOONE,007,17007,NORTHEAST,20,2020,1.0,45200,45000,2385000,53.0,3564.3011520532273,64908.9675,18210.853890000002
ILLINOIS,17,BOONE,007,17007,NORTHEAST,20,2021,1.0,44100,43700,3024000,69.2,4653.76678720912,82299.672,17684.7625554
ILLINOIS,17,BOONE,007,17007,NORTHEAST,20,2022,1.0,50600,50400,3135000,62.2,4183.010031277561,85320.5925,20396.156356800002
ILLINOIS,17,BOONE,007,17007,NORTHEAST,20,2023,1.0,48800,48600,2897000,59.6,4008.1575219315537,78843.3035,19667.722201200002
ILLINOIS,17,BOONE,007,17007,NORTHEAST,20,2024,1.0,56300,56100,3529000,62.9,4230.085706870716,96043.4995,22702.8645162
ILLINOIS,17,BOONE,007,17007,NORTHEAST,20,2025,1.0,45200,44900,2972000,66.2,4452.01389180988,80884.466,18170.3853258
ILLINOIS,17,BROWN,009,17009,WEST,30,1980,1.0,35700,35500,1040800,29.5,1983.903471425853,28325.892399999997,14366.340291
ILLINOIS,17,BROWN,009,17009,WEST,30,1981,1.0,33100,32500,1153700,35.5,2387.4092622243315,31398.52235,13152.283365000001
ILLINOIS,17,BROWN,009,17009,WEST,30,1982,1.0,34600,34500,1219900,35.5,2387.4092622243315,33200.18845,13961.654649
ILLINOIS,17,BROWN,009,17009,WEST,30,1983,1.0,35100,35000,685700,19.5,1311.3938200950554,18661.668349999996,14163.99747
ILLINOIS,17,BROWN,009,17009,WEST,30,1984,1.0,34400,34000,1074100,31.5,2118.405401692012,29232.16855,13759.311828
ILLINOIS,17,BROWN,009,17009,WEST,30,1985,1.0,37400,37000,1299900,35.0,2353.7837796577915,35377.42844999999,14973.368754000001
ILLINOIS,17,BROWN,009,17009,WEST,30,1986,1.0,35500,35400,1308200,37.0,2488.285709923951,35603.3171,14325.8717268
ILLINOIS,17,BROWN,009,17009,WEST,30,1987,1.0,33400,33200,1093900,33.0,2219.281849391632,29771.03545,13435.5633144
ILLINOIS,17,BROWN,009,17009,WEST,30,1988,1.0,34900,34900,1000300,28.5,1916.652506292773,27223.66465,14123.5289058
ILLINOIS,17,BROWN,009,17009,WEST,30,1989,1.0,34900,34900,1282500,36.5,2454.6602273574113,34903.87875,14123.5289058
ILLINOIS,17,BROWN,009,17009,WEST,30,1990,1.0,32300,31000,1035400,33.5,2252.907331958172,28178.9287,12545.254902
ILLINOIS,17,BROWN,009,17009,WEST,30,1991,1.0,29000,28300,1047100,37.0,2488.285709923951,28497.350049999997,11452.6036686
ILLINOIS,17,BROWN,009,17009,WEST,30,1992,1.0,35000,34300,1440600,42.0,2824.54053558935,39206.6493,13880.717520600001
ILLINOIS,17,BROWN,009,17009,WEST,30,1993,1.0,33000,32000,1360000,42.5,2858.1660181558896,37013.08,12949.940544000001
ILLINOIS,17,BROWN,009,17009,WEST,30,1994,1.0,36000,35700,1552950,43.5,2925.4169832889697,42264.310725,14447.277419400001
ILLINOIS,17,BROWN,009,17009,WEST,30,1995,1.0,43000,42800,1583600,37.0,2488.285709923951,43098.4658,17320.5454776
ILLINOIS,17,BROWN,009,17009,WEST,30,1996,1.0,28000,27900,1116000,40.0,2690.0386053231905,30372.498,11290.7294118
ILLINOIS,17,BROWN,009,17009,WEST,30,1997,1.0,32000,31900,1371700,43.0,2891.7915007224296,37331.50135,12909.4719798
ILLINOIS,17,BROWN,009,17009,WEST,30,1998,1.0,36000,35900,1615500,45.0,3026.293430988589,43966.64025,14528.2145478
ILLINOIS,17,BROWN,009,17009,WEST,30,1999,1.0,40000,39800,1751200,44.0,2959.0424658555094,47659.783599999995,16106.488551600001
ILLINOIS,17,BROWN,009,17009,WEST,30,2000,1.0,39000,38900,1789400,46.0,3093.544396121669,48699.4157,15742.271473800001
ILLINOIS,17,BROWN,009,17009,WEST,30,2001,1.0,40000,39700,1627700,41.0,2757.28957045627,44298.669350000004,16066.0199874
ILLINOIS,17,BROWN,009,17009,WEST,30,2002,1.0,38000,37800,1701000,45.0,3026.293430988589,46293.5655,15297.1172676
ILLINOIS,17,BROWN,009,17009,WEST,30,2003,1.0,39000,38900,1594900,41.0,2757.28957045627,43406.000949999994,15742.271473800001
ILLINOIS,17,BROWN,009,17009,WEST,30,2004,1.0,38000,37900,1781300,47.0,3160.7953612547485,48478.97015,15337.585831800001
ILLINOIS,17,BROWN,009,17009,WEST,30,2005,1.0,36000,35800,1575200,44.0,2959.0424658555094,42869.8556,14487.7459836
ILLINOIS,17,BROWN,009,17009,WEST,30,2006,1.0,43000,42800,1926000,45.0,3026.293430988589,52417.053,17320.5454776
ILLINOIS,17,BROWN,009,17009,WEST,30,2007,1.0,23000,22600,791000,35.0,2353.7837796577915,21527.4605,9145.8955092
ILLINOIS,17,BROWN,009,17009,WEST,30,2008,1.0,33000,32200,1191400,37.0,2488.285709923951,32424.5467,13030.8776724
ILLINOIS,17,BROWN,009,17009,WEST,30,2009,1.0,35000,34900,1605400,46.0,3093.544396121669,43691.763699999996,14123.5289058
ILLINOIS,17,BROWN,009,17009,WEST,30,2010,1.0,30000,29800,1433000,48.1,3234.7714229011367,38999.8115,12059.632131600001
ILLINOIS,17,BROWN,009,17009,WEST,30,2011,1.0,29000,28900,1120000,38.8,2609.3374471634943,30481.36,11695.4150538
ILLINOIS,17,BROWN,009,17009,WEST,30,2012,1.0,31000,30000,1121000,37.4,2515.186095977183,30508.5755,12140.56926
ILLINOIS,17,BROWN,009,17009,WEST,30,2013,1.0,30200,30200,1454000,48.1,3234.7714229011367,39571.337,12221.506388400001
ILLINOIS,17,BROWN,009,17009,WEST,30,2014,1.0,31500,31400,1602000,51.0,3429.799221787068,43599.231,12707.1291588
ILLINOIS,17,BROWN,009,17009,WEST,30,2015,1.0,29400,28900,1417000,49.0,3295.2972915209084,38564.3635,11695.4150538
ILLINOIS,17,BROWN,009,17009,WEST,30,2016,1.0,32500,32300,1678000,52.0,3497.0501869201476,45667.609,13071.3462366
ILLINOIS,17,BROWN,009,17009,WEST,30,2017,1.0,36700,36500,2084000,57.1,3840.030109098854,56717.102,14771.025933
ILLINOIS,17,BROWN,009,17009,WEST,30,2018,1.0,37000,36000,2172000,60.3,4055.2331975247093,59112.066,14568.683112
ILLINOIS,17,BROWN,009,17009,WEST,30,2019,1.0,33600,32800,1842000,56.2,3779.5042404790825,50130.951,13273.6890576
ILLINOIS,17,BROWN,009,17009,WEST,30,2020,1.0,36100,35900,2204000,61.4,4129.209259171097,59982.962,14528.2145478
ILLINOIS,17,BROWN,009,17009,WEST,30,2021,1.0,35100,34800,2067000,59.4,3994.7073289049376,56254.4385,14083.060341600001
ILLINOIS,17,BROWN,009,17009,WEST,30,2022,1.0,38300,38200,2460000,64.4,4330.962154570337,66950.13,15458.9915244
ILLINOIS,17,BROWN,009,17009,WEST,30,2023,1.0,33400,33200,2072000,62.4,4196.460224304177,56390.516,13435.5633144
ILLINOIS,17,BROWN,009,17009,WEST,30,2024,1.0,40900,40800,2472000,60.6,4075.4084870646334,67276.716,16511.1741936
ILLINOIS,17,BUREAU,011,17011,NORTHWEST,10,1980,1.0,122400,122000,4819800,39.5,2656.4131227566504,131173.2669,49371.648324
ILLINOIS,17,BUREAU,011,17011,NORTHWEST,10,1981,1.0,117200,116500,5251400,45.0,3026.293430988589,142919.4767,47145.877293000005
ILLINOIS,17,BUREAU,011,17011,NORTHWEST,10,1982,1.0,119300,118700,4982000,42.0,2824.54053558935,135587.621,48036.1857054
ILLINOIS,17,BUREAU,011,17011,NORTHWEST,10,1983,1.0,115900,115500,4859100,42.0,2824.54053558935,132242.83604999998,46741.191651
ILLINOIS,17,BUREAU,011,17011,NORTHWEST,10,1984,1.0,124400,123000,4909400,40.0,2690.0386053231905,133611.7757,49776.333966
ILLINOIS,17,BUREAU,011,17011,NORTHWEST,10,1985,1.0,125900,125000,5598000,45.0,3026.293430988589,152352.369,50585.70525
ILLINOIS,17,BUREAU,011,17011,NORTHWEST,10,1986,1.0,123900,123500,5365500,43.5,2925.4169832889697,146024.76525,49978.676787000004
ILLINOIS,17,BUREAU,011,17011,NORTHWEST,10,1987,1.0,118500,117500,5396700,46.0,3093.544396121669,146873.88885,47550.562935
ILLINOIS,17,BUREAU,011,17011,NORTHWEST,10,1988,1.0,119300,118700,3402000,28.5,1916.652506292773,92587.131,48036.1857054
ILLINOIS,17,BUREAU,011,17011,NORTHWEST,10,1989,1.0,136000,135300,5778300,42.5,2858.1660181558896,157259.32365,54753.9673626
ILLINOIS,17,BUREAU,011,17011,NORTHWEST,10,1990,1.0,128400,126200,5268800,41.5,2790.91505302281,143393.0264,51071.328020400004
ILLINOIS,17,BUREAU,011,17011,NORTHWEST,10,1991,1.0,138000,134400,5979650,44.5,2992.6679484220494,162739.164575,54389.7502848
ILLINOIS,17,BUREAU,011,17011,NORTHWEST,10,1992,1.0,146000,144400,6209200,43.0,2891.7915007224296,168986.4826,58436.606704800004
ILLINOIS,17,BUREAU,011,17011,NORTHWEST,10,1993,1.0,150000,146000,6789000,46.5,3127.169878688209,184766.0295,59084.103732
ILLINOIS,17,BUREAU,011,17011,NORTHWEST,10,1994,1.0,155000,154300,7946450,51.5,3463.4247043536075,216266.609975,62442.994560600004
ILLINOIS,17,BUREAU,011,17011,NORTHWEST,10,1995,1.0,151000,150500,6546750,43.5,2925.4169832889697,178173.074625,60905.189121
ILLINOIS,17,BUREAU,011,17011,NORTHWEST,10,1996,1.0,152000,151700,7054050,46.5,3127.169878688209,191979.49777499997,61390.8118914
ILLINOIS,17,BUREAU,011,17011,NORTHWEST,10,1997,1.0,161000,160500,7784250,48.5,3261.6718089543683,211852.255875,64952.045541
ILLINOIS,17,BUREAU,011,17011,NORTHWEST,10,1998,1.0,174000,173900,9129750,52.5,3530.675669486687,248470.711125,70374.8331438
ILLINOIS,17,BUREAU,011,17011,NORTHWEST,10,1999,1.0,183000,182300,8203500,45.0,3026.293430988589,223262.35425,73774.1925366
ILLINOIS,17,BUREAU,011,17011,NORTHWEST,10,2000,1.0,180000,179500,8616000,48.0,3228.0463263878282,234488.748,72641.072739
ILLINOIS,17,BUREAU,011,17011,NORTHWEST,10,2001,1.0,187000,186000,9114000,49.0,3295.2972915209084,248042.067,75271.529412
ILLINOIS,17,BUREAU,011,17011,NORTHWEST,10,2002,1.0,175000,174500,8550500,49.0,3295.2972915209084,232706.13275,70617.644529
ILLINOIS,17,BUREAU,011,17011,NORTHWEST,10,2003,1.0,164000,163200,6038400,37.0,2488.285709923951,164338.0752,66044.6967744
ILLINOIS,17,BUREAU,011,17011,NORTHWEST,10,2004,1.0,147000,146600,7476600,51.0,3429.799221787068,203479.4073,59326.9151172
ILLINOIS,17,BUREAU,011,17011,NORTHWEST,10,2005,1.0,132000,131300,6302400,48.0,3228.0463263878282,171522.96719999998,53135.2247946
ILLINOIS,17,BUREAU,011,17011,NORTHWEST,10,2006,1.0,148000,147300,7806900,53.0,3564.3011520532273,212468.68694999997,59610.195066600005
ILLINOIS,17,BUREAU,011,17011,NORTHWEST,10,2007,1.0,111000,110800,5650800,51.0,3429.799221787068,153789.3474,44839.1691336
ILLINOIS,17,BUREAU,011,17011,NORTHWEST,10,2008,1.0,116000,115300,5649700,49.0,3295.2972915209084,153759.41035,46660.2545226
ILLINOIS,17,BUREAU,011,17011,NORTHWEST,10,2009,1.0,127000,126700,5574800,44.0,2959.0424658555094,151720.9694,51273.6708414
ILLINOIS,17,BUREAU,011,17011,NORTHWEST,10,2010,1.0,120000,119600,6582000,55.0,3698.8030823193867,179132.421,48400.4027832
ILLINOIS,17,BUREAU,011,17011,NORTHWEST,10,2011,1.0,113000,111900,6497000,58.1,3907.2810742319343,176819.1035,45284.3233398
ILLINOIS,17,BUREAU,011,17011,NORTHWEST,10,2012,1.0,120000,119300,6558000,55.0,3698.8030823193867,178479.249,48278.9970906
ILLINOIS,17,BUREAU,011,17011,NORTHWEST,10,2013,1.0,133500,133500,7517000,56.3,3786.2293369923905,204578.9135,54025.533207
ILLINOIS,17,BUREAU,011,17011,NORTHWEST,10,2014,1.0,142000,141800,8494000,59.9,4028.3328114714777,231168.457,57384.4240356
ILLINOIS,17,BUREAU,011,17011,NORTHWEST,10,2015,1.0,160500,160400,9657000,60.2,4048.508101011402,262820.0835,64911.5769768
ILLINOIS,17,BUREAU,011,17011,NORTHWEST,10,2016,1.0,147000,146300,9392000,64.2,4317.511961543721,255607.976,59205.5094246
ILLINOIS,17,BUREAU,011,17011,NORTHWEST,10,2017,1.0,157000,156500,9250000,59.1,3974.532039365014,251743.375,63333.302973000005
ILLINOIS,17,BUREAU,011,17011,NORTHWEST,10,2018,1.0,157000,152500,10449000,68.5,4606.691111615964,284374.7595,61714.560405000004
ILLINOIS,17,BUREAU,011,17011,NORTHWEST,10,2019,1.0,141000,140500,8060000,57.4,3860.205398638778,219356.93,56858.332701
ILLINOIS,17,BUREAU,011,17011,NORTHWEST,10,2020,1.0,154500,153800,9966000,64.8,4357.862540623568,271229.673,62240.651739600005
ILLINOIS,17,BUREAU,011,17011,NORTHWEST,10,2021,1.0,167000,165600,10996000,66.4,4465.464084836496,299261.638,67015.94231520001
ILLINOIS,17,BUREAU,011,17011,NORTHWEST,10,2022,1.0,173500,173000,11678000,67.5,4539.440146482883,317822.609,70010.616066
ILLINOIS,17,BUREAU,011,17011,NORTHWEST,10,2023,1.0,165500,164600,11015000,66.9,4499.089567403036,299778.7325,66611.2566732
ILLINOIS,17,BUREAU,011,17011,NORTHWEST,10,2024,1.0,170500,170000,12393000,72.9,4902.5953582015145,337281.6915,68796.55914
ILLINOIS,17,BUREAU,011,17011,NORTHWEST,10,2025,1.0,164000,163000,11703000,71.8,4828.619296555126,318502.9965,65963.759646
ILLINOIS,17,CALHOUN,013,17013,WEST SOUTHWEST,60,1980,1.0,12100,12000,321000,27.0,1815.7760585931535,8736.1755,4856.227704
ILLINOIS,17,CALHOUN,013,17013,WEST SOUTHWEST,60,1981,1.0,13300,13000,467200,36.0,2421.034744790871,12715.0816,5260.913346
ILLINOIS,17,CALHOUN,013,17013,WEST SOUTHWEST,60,1982,1.0,14900,14500,535800,37.0,2488.285709923951,14582.0649,5867.941809
ILLINOIS,17,CALHOUN,013,17013,WEST SOUTHWEST,60,1983,1.0,14700,14500,399900,27.5,1849.4015411596934,10883.478449999999,5867.941809
ILLINOIS,17,CALHOUN,013,17013,WEST SOUTHWEST,60,1984,1.0,15000,14500,364100,25.0,1681.274128326994,9909.16355,5867.941809
ILLINOIS,17,CALHOUN,013,17013,WEST SOUTHWEST,60,1985,1.0,15600,15000,557600,37.0,2488.285709923951,15175.362799999999,6070.28463
ILLINOIS,17,CALHOUN,013,17013,WEST SOUTHWEST,60,1986,1.0,15400,14700,557900,38.0,2555.536675057031,15183.52745,5948.8789374
ILLINOIS,17,CALHOUN,013,17013,WEST SOUTHWEST,60,1987,1.0,13500,13200,461300,35.0,2353.7837796577915,12554.510149999998,5341.8504744
ILLINOIS,17,CALHOUN,013,17013,WEST SOUTHWEST,60,1988,1.0,13400,13300,414600,31.0,2084.7799191254726,11283.546299999998,5382.319038600001
ILLINOIS,17,CALHOUN,013,17013,WEST SOUTHWEST,60,1989,1.0,14000,13700,496600,36.0,2421.034744790871,13515.217299999998,5544.1932954
ILLINOIS,17,CALHOUN,013,17013,WEST SOUTHWEST,60,1990,1.0,13900,12800,465200,36.5,2454.6602273574113,12660.650599999999,5179.9762176
ILLINOIS,17,CALHOUN,013,17013,WEST SOUTHWEST,60,1991,1.0,15000,14900,596000,40.0,2690.0386053231905,16220.438,6029.816065800001
ILLINOIS,17,CALHOUN,013,17013,WEST SOUTHWEST,60,1992,1.0,15000,14800,584600,39.5,2656.4131227566504,15910.181299999998,5989.3475016
ILLINOIS,17,CALHOUN,013,17013,WEST SOUTHWEST,60,1993,1.0,14000,11000,440000,40.0,2690.0386053231905,11974.82,4451.542062
ILLINOIS,17,CALHOUN,013,17013,WEST SOUTHWEST,60,1994,1.0,18000,17600,756800,43.0,2891.7915007224296,20596.6904,7122.4672992000005
ILLINOIS,17,CALHOUN,013,17013,WEST SOUTHWEST,60,1995,1.0,19000,18800,695600,37.0,2488.285709923951,18931.1018,7608.0900696
ILLINOIS,17,CALHOUN,013,17013,WEST SOUTHWEST,60,1996,1.0,18000,17900,716000,40.0,2690.0386053231905,19486.298,7243.8729918
ILLINOIS,17,CALHOUN,013,17013,WEST SOUTHWEST,60,1997,1.0,20000,18700,766700,41.0,2757.28957045627,20866.123849999996,7567.6215054
ILLINOIS,17,CALHOUN,013,17013,WEST SOUTHWEST,60,1998,1.0,17000,16600,647400,39.0,2622.787640190111,17619.3147,6717.7816572
ILLINOIS,17,CALHOUN,013,17013,WEST SOUTHWEST,60,1999,1.0,19000,18900,718200,38.0,2555.536675057031,19546.172099999996,7648.5586338
ILLINOIS,17,CALHOUN,013,17013,WEST SOUTHWEST,60,2000,1.0,20000,19900,835800,42.0,2824.54053558935,22746.7149,8053.244275800001
ILLINOIS,17,CALHOUN,013,17013,WEST SOUTHWEST,60,2001,1.0,19000,18900,793800,42.0,2824.54053558935,21603.6639,7648.5586338
ILLINOIS,17,CALHOUN,013,17013,WEST SOUTHWEST,60,2002,1.0,20000,19600,803600,41.0,2757.28957045627,21870.3758,7931.8385832
ILLINOIS,17,CALHOUN,013,17013,WEST SOUTHWEST,60,2003,1.0,21000,20900,836000,40.0,2690.0386053231905,22752.158,8457.9299178
ILLINOIS,17,CALHOUN,013,17013,WEST SOUTHWEST,60,2004,1.0,18000,17900,912900,51.0,3429.799221787068,24845.02995,7243.8729918
ILLINOIS,17,CALHOUN,013,17013,WEST SOUTHWEST,60,2005,1.0,17000,16900,692900,41.0,2757.28957045627,18857.61995,6839.1873498
ILLINOIS,17,CALHOUN,013,17013,WEST SOUTHWEST,60,2006,1.0,19000,18900,831600,44.0,2959.0424658555094,22632.4098,7648.5586338
ILLINOIS,17,CALHOUN,013,17013,WEST SOUTHWEST,60,2007,1.0,13000,12900,477300,37.0,2488.285709923951,12989.958149999999,5220.4447818
ILLINOIS,17,CALHOUN,013,17013,WEST SOUTHWEST,60,2008,1.0,13000,12800,576000,45.0,3026.293430988589,15676.128,5179.9762176
ILLINOIS,17,CALHOUN,013,17013,WEST SOUTHWEST,60,2009,1.0,15000,14900,655600,44.0,2959.0424658555094,17842.4818,6029.816065800001
ILLINOIS,17,CALHOUN,013,17013,WEST SOUTHWEST,60,2010,1.0,15000,14500,729000,50.3,3382.7235461939117,19840.0995,5867.941809
ILLINOIS,17,CALHOUN,013,17013,WEST SOUTHWEST,60,2011,1.0,13000,12900,563000,43.6,2932.1420798022777,15322.3265,5220.4447818
ILLINOIS,17,CALHOUN,013,17013,WEST SOUTHWEST,60,2012,1.0,13000,12900,534000,41.4,2784.189956509502,14533.077,5220.4447818
ILLINOIS,17,CALHOUN,013,17013,WEST SOUTHWEST,60,2014,1.0,17100,16600,787000,47.4,3187.6957473079806,21418.5985,6717.7816572
ILLINOIS,17,CALHOUN,013,17013,WEST SOUTHWEST,60,2015,1.0,16300,15800,872000,55.2,3712.2532753460027,23731.916,6394.033143600001
ILLINOIS,17,CALHOUN,013,17013,WEST SOUTHWEST,60,2017,1.0,21500,21300,1142000,53.6,3604.6517311330754,31080.101,8619.8041746
ILLINOIS,17,CALHOUN,013,17013,WEST SOUTHWEST,60,2018,1.0,27000,25700,1506000,58.6,3940.906556798474,40986.543,10400.420999400001
ILLINOIS,17,CALHOUN,013,17013,WEST SOUTHWEST,60,2019,1.0,16900,16700,783000,46.9,3154.0702647414405,21309.7365,6758.250221400001
ILLINOIS,17,CALHOUN,013,17013,WEST SOUTHWEST,60,2020,1.0,22800,22700,1228000,54.1,3638.277213699615,33420.634,9186.3640734
ILLINOIS,17,CALHOUN,013,17013,WEST SOUTHWEST,60,2022,1.0,26400,26300,1519000,57.8,3887.10578469201,41340.3445,10643.2323846
ILLINOIS,17,CALHOUN,013,17013,WEST SOUTHWEST,60,2023,1.0,19500,19400,1158000,59.7,4014.8826184448617,31515.549,7850.9014548000005
ILLINOIS,17,CALHOUN,013,17013,WEST SOUTHWEST,60,2025,1.0,19800,19600,1113000,56.8,3819.85481955893,30290.8515,7931.8385832
ILLINOIS,17,CARROLL,015,17015,NORTHWEST,10,1980,1.0,10500,10500,388600,37.0,2488.285709923951,10575.943299999999,4249.199241
ILLINOIS,17,CARROLL,015,17015,NORTHWEST,10,1981,1.0,9400,9300,386200,41.5,2790.91505302281,10510.6261,3763.5764706
ILLINOIS,17,CARROLL,015,17015,NORTHWEST,10,1982,1.0,8800,8800,347400,39.5,2656.4131227566504,9454.6647,3561.2336496000003
ILLINOIS,17,CARROLL,015,17015,NORTHWEST,10,1983,1.0,9800,9800,367000,37.5,2521.911192490491,9988.0885,3965.9192916
ILLINOIS,17,CARROLL,015,17015,NORTHWEST,10,1984,1.0,13700,13500,454400,33.5,2252.907331958172,12366.723199999999,5463.2561670000005
ILLINOIS,17,CARROLL,015,17015,NORTHWEST,10,1985,1.0,14200,14000,619900,44.5,2992.6679484220494,16870.88845,5665.598988
ILLINOIS,17,CARROLL,015,17015,NORTHWEST,10,1986,1.0,14800,14700,616600,42.0,2824.54053558935,16781.0773,5948.8789374
ILLINOIS,17,CARROLL,015,17015,NORTHWEST,10,1987,1.0,13500,13400,628800,47.0,3160.7953612547485,17113.106399999997,5422.7876028
ILLINOIS,17,CARROLL,015,17015,NORTHWEST,10,1988,1.0,14800,14400,448900,31.0,2084.7799191254726,12217.03795,5827.4732448
ILLINOIS,17,CARROLL,015,17015,NORTHWEST,10,1989,1.0,17000,16900,780500,46.0,3093.544396121669,21241.69775,6839.1873498
ILLINOIS,17,CARROLL,015,17015,NORTHWEST,10,1990,1.0,15500,15300,744000,48.5,3261.6718089543683,20248.332,6191.6903226
ILLINOIS,17,CARROLL,015,17015,NORTHWEST,10,1991,1.0,18000,17900,939750,52.5,3530.675669486687,25575.766125,7243.8729918
ILLINOIS,17,CARROLL,015,17015,NORTHWEST,10,1992,1.0,20000,19800,861300,43.5,2925.4169832889697,23440.71015,8012.7757116
ILLINOIS,17,CARROLL,015,17015,NORTHWEST,10,1993,1.0,23000,22000,913000,41.5,2790.91505302281,24847.7515,8903.084124
ILLINOIS,17,CARROLL,015,17015,NORTHWEST,10,1994,1.0,25000,24800,1351600,54.5,3665.177599752847,36784.4698,10036.203921600001
ILLINOIS,17,CARROLL,015,17015,NORTHWEST,10,1995,1.0,29000,28800,1483200,51.5,3463.4247043536075,40366.0296,11654.9464896
ILLINOIS,17,CARROLL,015,17015,NORTHWEST,10,1996,1.0,32000,31900,1531200,48.0,3228.0463263878282,41672.3736,12909.4719798
ILLINOIS,17,CARROLL,015,17015,NORTHWEST,10,1997,1.0,39000,38900,1964450,50.5,3396.1737392205278,53463.48897499999,15742.271473800001
ILLINOIS,17,CARROLL,015,17015,NORTHWEST,10,1998,1.0,45000,44900,2514400,56.0,3766.0540474524664,68430.6532,18170.3853258
ILLINOIS,17,CARROLL,015,17015,NORTHWEST,10,1999,1.0,49000,48700,2629800,54.0,3631.552117186307,71571.3219,19708.1907654
ILLINOIS,17,CARROLL,015,17015,NORTHWEST,10,2000,1.0,53000,52800,2587200,49.0,3295.2972915209084,70411.94159999999,21367.4018976
ILLINOIS,17,CARROLL,015,17015,NORTHWEST,10,2001,1.0,59000,58600,3223000,55.0,3698.8030823193867,87715.5565,23714.578621200002
ILLINOIS,17,CARROLL,015,17015,NORTHWEST,10,2002,1.0,60000,59700,3402900,57.0,3833.305012585546,92611.62495,24159.7328274
ILLINOIS,17,CARROLL,015,17015,NORTHWEST,10,2003,1.0,56000,55900,1956500,35.0,2353.7837796577915,53247.12575,22621.927387800002
ILLINOIS,17,CARROLL,015,17015,NORTHWEST,10,2004,1.0,54000,53900,3018400,56.0,3766.0540474524664,82147.26520000001,21812.5561038
ILLINOIS,17,CARROLL,015,17015,NORTHWEST,10,2005,1.0,50000,49800,2838600,57.0,3833.305012585546,77253.91829999999,20153.3449716
ILLINOIS,17,CARROLL,015,17015,NORTHWEST,10,2006,1.0,55000,54700,3172600,58.0,3900.555977718626,86343.8953,22136.3046174
ILLINOIS,17,CARROLL,015,17015,NORTHWEST,10,2007,1.0,35000,34800,1774800,51.0,3429.799221787068,48302.0694,14083.060341600001
ILLINOIS,17,CARROLL,015,17015,NORTHWEST,10,2008,1.0,43000,42600,2087400,49.0,3295.2972915209084,56809.634699999995,17239.6083492
ILLINOIS,17,CARROLL,015,17015,NORTHWEST,10,2009,1.0,43000,42900,2359500,55.0,3698.8030823193867,64214.97225,17361.0140418
ILLINOIS,17,CARROLL,015,17015,NORTHWEST,10,2010,1.0,35000,34000,2004000,58.9,3961.0818463383976,54539.862,13759.311828
ILLINOIS,17,CARROLL,015,17015,NORTHWEST,10,2011,1.0,33000,32900,2097000,63.7,4283.886478977181,57070.9035,13314.157621800001
ILLINOIS,17,CARROLL,015,17015,NORTHWEST,10,2012,1.0,34000,33900,2001000,59.0,3967.806942851706,54458.2155,13718.843263800001
ILLINOIS,17,CARROLL,015,17015,NORTHWEST,10,2013,1.0,32200,32200,1865000,57.9,3893.830881205318,50756.9075,13030.8776724
ILLINOIS,17,CARROLL,015,17015,NORTHWEST,10,2014,1.0,42200,41900,2532000,60.4,4061.9582940380174,68909.646,16956.3283998
ILLINOIS,17,CARROLL,015,17015,NORTHWEST,10,2015,1.0,41800,41300,2628000,63.6,4277.1613824638725,71522.334,16713.517014600002
ILLINOIS,17,CARROLL,015,17015,NORTHWEST,10,2016,1.0,43400,43100,2974000,69.0,4640.316594182504,80938.897,17441.9511702
ILLINOIS,17,CARROLL,015,17015,NORTHWEST,10,2017,1.0,47100,46800,3010000,64.3,4324.237058057029,81918.655,18939.288045600002
ILLINOIS,17,CARROLL,015,17015,NORTHWEST,10,2018,1.0,44000,42600,2935000,68.9,4633.591497669196,79877.4925,17239.6083492
ILLINOIS,17,CARROLL,015,17015,NORTHWEST,10,2019,1.0,39000,38700,2505000,64.7,4351.137444110261,68174.8275,15661.3343454
ILLINOIS,17,CARROLL,015,17015,NORTHWEST,10,2020,1.0,40900,40700,2772000,68.1,4579.7907255627315,75441.366,16470.7056294
ILLINOIS,17,CARROLL,015,17015,NORTHWEST,10,2021,1.0,49000,48600,3334000,68.6,4613.416208129271,90736.477,19667.722201200002
ILLINOIS,17,CARROLL,015,17015,NORTHWEST,10,2022,1.0,50100,49900,3438000,68.9,4633.591497669196,93566.889,20193.8135358
ILLINOIS,17,CARROLL,015,17015,NORTHWEST,10,2023,1.0,47400,47200,3323000,70.4,4734.467945368816,90437.1065,19101.1623024
ILLINOIS,17,CARROLL,015,17015,NORTHWEST,10,2024,1.0,49200,49100,3452000,70.3,4727.742848855507,93947.906,19870.0650222
ILLINOIS,17,CARROLL,015,17015,NORTHWEST,10,2025,1.0,45600,45300,3216000,71.0,4774.818524448663,87525.048,18332.2595826
ILLINOIS,17,CASS,017,17017,WEST SOUTHWEST,60,1980,1.0,70300,70000,2508300,36.0,2421.034744790871,68264.63865,28327.99494
ILLINOIS,17,CASS,017,17017,WEST SOUTHWEST,60,1981,1.0,72700,72000,2915400,40.5,2723.66408788973,79344.0687,29137.366224
ILLINOIS,17,CASS,017,17017,WEST SOUTHWEST,60,1982,1.0,71400,71000,2907500,41.0,2757.28957045627,79129.06625,28732.680582
ILLINOIS,17,CASS,017,17017,WEST SOUTHWEST,60,1983,1.0,74100,73500,1951800,26.5,1782.1505760266136,53119.2129,29744.394687
ILLINOIS,17,CASS,017,17017,WEST SOUTHWEST,60,1984,1.0,70200,69000,2399300,35.0,2353.7837796577915,65298.14915,27923.309298
ILLINOIS,17,CASS,017,17017,WEST SOUTHWEST,60,1985,1.0,73200,72000,3183000,44.0,2959.0424658555094,86626.9365,29137.366224
ILLINOIS,17,CASS,017,17017,WEST SOUTHWEST,60,1986,1.0,73700,73000,3208000,44.0,2959.0424658555094,87307.324,29542.051866
ILLINOIS,17,CASS,017,17017,WEST SOUTHWEST,60,1987,1.0,73800,72100,2519600,35.0,2353.7837796577915,68572.1738,29177.8347882
ILLINOIS,17,CASS,017,17017,WEST SOUTHWEST,60,1988,1.0,73800,73500,2217400,30.0,2017.5289539923929,60347.649699999994,29744.394687
ILLINOIS,17,CASS,017,17017,WEST SOUTHWEST,60,1989,1.0,73300,72800,3109100,42.5,2858.1660181558896,84615.71105,29461.1147376
ILLINOIS,17,CASS,017,17017,WEST SOUTHWEST,60,1990,1.0,68800,68800,2534400,37.0,2488.285709923951,68974.9632,27842.3721696
ILLINOIS,17,CASS,017,17017,WEST SOUTHWEST,60,1991,1.0,67000,66000,2706000,41.0,2757.28957045627,73645.143,26709.252372
ILLINOIS,17,CASS,017,17017,WEST SOUTHWEST,60,1992,1.0,69000,68700,2988450,43.5,2925.4169832889697,81332.16097499999,27801.903605400003
ILLINOIS,17,CASS,017,17017,WEST SOUTHWEST,60,1993,1.0,73000,72000,3132000,43.5,2925.4169832889697,85238.946,29137.366224
ILLINOIS,17,CASS,017,17017,WEST SOUTHWEST,60,1994,1.0,73000,72400,3366600,46.5,3127.169878688209,91623.70229999999,29299.2404808
ILLINOIS,17,CASS,017,17017,WEST SOUTHWEST,60,1995,1.0,71000,70500,2784750,39.5,2656.4131227566504,75788.363625,28530.337761000003
ILLINOIS,17,CASS,017,17017,WEST SOUTHWEST,60,1996,1.0,72000,71600,2792400,39.0,2622.787640190111,75996.5622,28975.4919672
ILLINOIS,17,CASS,017,17017,WEST SOUTHWEST,60,1997,1.0,71000,70800,2832000,40.0,2690.0386053231905,77074.296,28651.7434536
ILLINOIS,17,CASS,017,17017,WEST SOUTHWEST,60,1998,1.0,81000,77800,3501000,45.0,3026.293430988589,95281.4655,31484.542947600003
ILLINOIS,17,CASS,017,17017,WEST SOUTHWEST,60,1999,1.0,67000,66600,3063600,46.0,3093.544396121669,83377.4058,26952.0637572
ILLINOIS,17,CASS,017,17017,WEST SOUTHWEST,60,2000,1.0,65000,64900,2790700,43.0,2891.7915007224296,75950.29585,26264.098165800002
ILLINOIS,17,CASS,017,17017,WEST SOUTHWEST,60,2001,1.0,62000,61400,2947200,48.0,3228.0463263878282,80209.5216,24847.698418800002
ILLINOIS,17,CASS,017,17017,WEST SOUTHWEST,60,2002,1.0,60000,59700,2865600,48.0,3228.0463263878282,77988.7368,24159.7328274
ILLINOIS,17,CASS,017,17017,WEST SOUTHWEST,60,2003,1.0,58000,57900,2605500,45.0,3026.293430988589,70909.98525,23431.2986718
ILLINOIS,17,CASS,017,17017,WEST SOUTHWEST,60,2004,1.0,54000,53900,2748900,51.0,3429.799221787068,74812.68795,21812.5561038
ILLINOIS,17,CASS,017,17017,WEST SOUTHWEST,60,2005,1.0,52000,51600,2373600,46.0,3093.544396121669,64598.71079999999,20881.7791272
ILLINOIS,17,CASS,017,17017,WEST SOUTHWEST,60,2006,1.0,60000,59800,2810600,47.0,3160.7953612547485,76491.88429999999,24200.2013916
ILLINOIS,17,CASS,017,17017,WEST SOUTHWEST,60,2007,1.0,50000,49900,2145700,43.0,2891.7915007224296,58396.29835,20193.8135358
ILLINOIS,17,CASS,017,17017,WEST SOUTHWEST,60,2008,1.0,50000,49800,2440200,49.0,3295.2972915209084,66411.2631,20153.3449716
ILLINOIS,17,CASS,017,17017,WEST SOUTHWEST,60,2009,1.0,50000,49500,2524500,51.0,3429.799221787068,68705.52975,20031.939279000002
ILLINOIS,17,CASS,017,17017,WEST SOUTHWEST,60,2010,1.0,49000,48800,2602000,53.3,3584.476441593151,70814.731,19748.6593296
ILLINOIS,17,CASS,017,17017,WEST SOUTHWEST,60,2011,1.0,48000,47900,2415000,50.4,3389.4486427072197,65725.4325,19384.4422518
ILLINOIS,17,CASS,017,17017,WEST SOUTHWEST,60,2012,1.0,49000,48800,1929000,39.5,2656.4131227566504,52498.6995,19748.6593296
ILLINOIS,17,CASS,017,17017,WEST SOUTHWEST,60,2013,1.0,54200,54200,2849000,52.6,3537.4007659999957,77536.9595,21933.9617964
ILLINOIS,17,CASS,017,17017,WEST SOUTHWEST,60,2014,1.0,56700,56600,3027000,53.5,3597.9266346197674,82381.3185,22905.2073372
ILLINOIS,17,CASS,017,17017,WEST SOUTHWEST,60,2015,1.0,57100,57000,3421000,60.0,4035.0579079847857,93104.2255,23067.081594
ILLINOIS,17,CASS,017,17017,WEST SOUTHWEST,60,2016,1.0,54700,54300,3388000,62.4,4196.460224304177,92206.114,21974.4303606
ILLINOIS,17,CASS,017,17017,WEST SOUTHWEST,60,2017,1.0,65800,65400,4113000,62.9,4230.085706870716,111937.3515,26466.4409868
ILLINOIS,17,CASS,017,17017,WEST SOUTHWEST,60,2018,1.0,61000,59400,4270000,71.9,4835.344393068435,116210.185,24038.3271348
ILLINOIS,17,CASS,017,17017,WEST SOUTHWEST,60,2020,1.0,60300,60000,3780000,63.0,4236.810803384024,102874.59,24281.13852
ILLINOIS,17,CASS,017,17017,WEST SOUTHWEST,60,2021,1.0,62000,61500,4207000,68.4,4599.966015102656,114495.6085,24888.166983
ILLINOIS,17,CASS,017,17017,WEST SOUTHWEST,60,2022,1.0,62600,62400,4031000,64.6,4344.412347596952,109705.6805,25252.3840608
ILLINOIS,17,CASS,017,17017,WEST SOUTHWEST,60,2023,1.0,59800,59500,3612000,60.7,4082.1335835779414,98302.386,24078.795699000002
ILLINOIS,17,CHAMPAIGN,019,17019,EAST,50,1980,1.0,267200,266000,9729400,36.5,2454.6602273574113,264790.48569999996,107646.380772
ILLINOIS,17,CHAMPAIGN,019,17019,EAST,50,1981,1.0,265300,263000,9950100,38.0,2555.536675057031,270796.94655,106432.323846
ILLINOIS,17,CHAMPAIGN,019,17019,EAST,50,1982,1.0,263200,262500,11235700,43.0,2891.7915007224296,305785.19334999996,106229.981025
ILLINOIS,17,CHAMPAIGN,019,17019,EAST,50,1983,1.0,266800,266500,10240600,38.5,2589.1621576235707,278703.0493,107848.723593
ILLINOIS,17,CHAMPAIGN,019,17019,EAST,50,1984,1.0,263500,261000,9279200,35.5,2387.4092622243315,252538.06759999998,105622.952562
ILLINOIS,17,CHAMPAIGN,019,17019,EAST,50,1985,1.0,251900,249000,12393100,50.0,3362.548256653988,337284.41305000003,100766.724858
ILLINOIS,17,CHAMPAIGN,019,17019,EAST,50,1986,1.0,250900,250700,10516100,42.0,2824.54053558935,286200.91955,101454.6904494
ILLINOIS,17,CHAMPAIGN,019,17019,EAST,50,1987,1.0,247300,245500,11030400,45.0,3026.293430988589,300197.8512,99350.325111
ILLINOIS,17,CHAMPAIGN,019,17019,EAST,50,1988,1.0,247500,246900,7200600,29.0,1950.277988859313,195967.9293,99916.8850098
ILLINOIS,17,CHAMPAIGN,019,17019,EAST,50,1989,1.0,252000,251600,11120100,44.0,2959.0424658555094,302639.08155,101818.9075272
ILLINOIS,17,CHAMPAIGN,019,17019,EAST,50,1990,1.0,260600,259700,11352500,43.5,2925.4169832889697,308963.96375,105096.8612274
ILLINOIS,17,CHAMPAIGN,019,17019,EAST,50,1991,1.0,252000,249800,8613600,34.5,2320.158297091252,234423.43079999997,101090.4733716
ILLINOIS,17,CHAMPAIGN,019,17019,EAST,50,1992,1.0,269000,268300,12865250,48.0,3228.0463263878282,350134.211375,108577.1577486
ILLINOIS,17,CHAMPAIGN,019,17019,EAST,50,1993,1.0,260000,258000,12513000,48.5,3261.6718089543683,340547.5515,104408.895636
ILLINOIS,17,CHAMPAIGN,019,17019,EAST,50,1994,1.0,251000,250100,12505000,50.0,3362.548256653988,340329.8275,101211.87906420001
ILLINOIS,17,CHAMPAIGN,019,17019,EAST,50,1995,1.0,251000,249600,10857600,43.5,2925.4169832889697,295495.0128,101009.5362432
ILLINOIS,17,CHAMPAIGN,019,17019,EAST,50,1996,1.0,259000,258600,12283500,47.5,3194.4208438212886,334301.59425,104651.7070212
ILLINOIS,17,CHAMPAIGN,019,17019,EAST,50,1997,1.0,262000,261000,12528000,48.0,3228.0463263878282,340955.784,105622.952562
ILLINOIS,17,CHAMPAIGN,019,17019,EAST,50,1998,1.0,270000,267400,11899300,44.5,2992.6679484220494,323845.39914999995,108212.9406708
ILLINOIS,17,CHAMPAIGN,019,17019,EAST,50,1999,1.0,266000,265200,13525200,51.0,3429.799221787068,368095.0806,107322.6322584
ILLINOIS,17,CHAMPAIGN,019,17019,EAST,50,2000,1.0,266000,265800,12492600,47.0,3160.7953612547485,339992.3553,107565.4436436
ILLINOIS,17,CHAMPAIGN,019,17019,EAST,50,2001,1.0,264000,262300,12065800,46.0,3093.544396121669,328376.77989999996,106149.04389660001
ILLINOIS,17,CHAMPAIGN,019,17019,EAST,50,2002,1.0,252000,250600,13532400,54.0,3631.552117186307,368291.0322,101414.22188520001
ILLINOIS,17,CHAMPAIGN,019,17019,EAST,50,2003,1.0,254000,253400,9629200,38.0,2555.536675057031,262063.4926,102547.3416828
ILLINOIS,17,CHAMPAIGN,019,17019,EAST,50,2004,1.0,249000,248300,13159900,53.0,3564.3011520532273,358153.25844999996,100483.44490860001
ILLINOIS,17,CHAMPAIGN,019,17019,EAST,50,2005,1.0,241000,239900,12954600,54.0,3631.552117186307,352565.91630000004,97084.0855158
ILLINOIS,17,CHAMPAIGN,019,17019,EAST,50,2006,1.0,246000,244900,13469500,55.0,3698.8030823193867,366579.17725,99107.5137258
ILLINOIS,17,CHAMPAIGN,019,17019,EAST,50,2007,1.0,215000,214900,11819500,55.0,3698.8030823193867,321673.60225,86966.9444658
ILLINOIS,17,CHAMPAIGN,019,17019,EAST,50,2008,1.0,239000,238000,11900000,50.0,3362.548256653988,323864.45,96315.18279600001
ILLINOIS,17,CHAMPAIGN,019,17019,EAST,50,2009,1.0,224000,223000,12488000,56.0,3766.0540474524664,339867.164,90244.898166
ILLINOIS,17,CHAMPAIGN,019,17019,EAST,50,2010,1.0,245000,244500,13737000,56.2,3779.5042404790825,373859.3235,98945.639469
ILLINOIS,17,CHAMPAIGN,019,17019,EAST,50,2011,1.0,228000,227000,11722000,51.6,3470.1498008669155,319020.091,91863.640734
ILLINOIS,17,CHAMPAIGN,019,17019,EAST,50,2012,1.0,244000,242500,11430000,47.1,3167.520457768057,311073.165,98136.26818500001
ILLINOIS,17,CHAMPAIGN,019,17019,EAST,50,2013,1.0,244500,244500,13116000,53.6,3604.6517311330754,356958.498,98945.639469
ILLINOIS,17,CHAMPAIGN,019,17019,EAST,50,2014,1.0,255500,255000,16267000,63.8,4290.611575490489,442714.5385,103194.83871
ILLINOIS,17,CHAMPAIGN,019,17019,EAST,50,2015,1.0,251000,250500,16036000,64.0,4304.061768517105,436427.758,101373.753321
ILLINOIS,17,CHAMPAIGN,019,17019,EAST,50,2016,1.0,246500,245500,16612000,67.7,4552.8903395095,452103.886,99350.325111
ILLINOIS,17,CHAMPAIGN,019,17019,EAST,50,2017,1.0,258000,257000,16522000,64.3,4324.237058057029,449654.491,104004.209994
ILLINOIS,17,CHAMPAIGN,019,17019,EAST,50,2018,1.0,257000,250500,17018000,67.9,4566.340532536116,463153.379,101373.753321
ILLINOIS,17,CHAMPAIGN,019,17019,EAST,50,2019,1.0,257000,256500,13539000,52.8,3550.8509590266112,368470.6545,103801.867173
ILLINOIS,17,CHAMPAIGN,019,17019,EAST,50,2020,1.0,256500,255000,16856000,66.1,4445.288795296572,458744.468,103194.83871
ILLINOIS,17,CHAMPAIGN,019,17019,EAST,50,2021,1.0,265000,263000,19804000,75.3,5063.997674520906,538975.762,106432.323846
ILLINOIS,17,CHAMPAIGN,019,17019,EAST,50,2022,1.0,263000,262000,18183000,69.4,4667.216980235736,494859.4365,106027.638204
ILLINOIS,17,CHAMPAIGN,019,17019,EAST,50,2023,1.0,261000,260000,18772000,72.2,4855.519682608358,510889.366,105218.26692000001
ILLINOIS,17,CHRISTIAN,021,17021,WEST SOUTHWEST,60,1980,1.0,175800,175000,6359100,36.5,2454.6602273574113,173066.08604999998,70819.98735
ILLINOIS,17,CHRISTIAN,021,17021,WEST SOUTHWEST,60,1981,1.0,179700,178000,7477900,42.0,2824.54053558935,203514.78744999997,72034.044276
ILLINOIS,17,CHRISTIAN,021,17021,WEST SOUTHWEST,60,1982,1.0,178600,177500,7534600,42.5,2858.1660181558896,205057.90629999997,71831.701455
ILLINOIS,17,CHRISTIAN,021,17021,WEST SOUTHWEST,60,1983,1.0,180100,179000,5484700,30.5,2051.1544365589325,149268.85285,72438.729918
ILLINOIS,17,CHRISTIAN,021,17021,WEST SOUTHWEST,60,1984,1.0,178300,175500,6017700,34.5,2320.158297091252,163774.71435,71022.33017100001
ILLINOIS,17,CHRISTIAN,021,17021,WEST SOUTHWEST,60,1985,1.0,180200,179000,8722700,48.5,3261.6718089543683,237392.64184999999,72438.729918
ILLINOIS,17,CHRISTIAN,021,17021,WEST SOUTHWEST,60,1986,1.0,183300,183200,8782500,48.0,3228.0463263878282,239020.12875,74138.4096144
ILLINOIS,17,CHRISTIAN,021,17021,WEST SOUTHWEST,60,1987,1.0,185500,181000,7500000,41.5,2790.91505302281,204116.25,73248.101202
ILLINOIS,17,CHRISTIAN,021,17021,WEST SOUTHWEST,60,1988,1.0,186900,186700,5726500,30.5,2051.1544365589325,155849.56075,75554.8093614
ILLINOIS,17,CHRISTIAN,021,17021,WEST SOUTHWEST,60,1989,1.0,181000,179300,8191700,45.5,3059.918913555129,222941.21135,72560.1356106
ILLINOIS,17,CHRISTIAN,021,17021,WEST SOUTHWEST,60,1990,1.0,180900,180800,7281900,40.5,2723.66408788973,198180.54945,73167.1640736
ILLINOIS,17,CHRISTIAN,021,17021,WEST SOUTHWEST,60,1991,1.0,175000,174400,8109600,46.5,3127.169878688209,220706.81879999998,70577.1759648
ILLINOIS,17,CHRISTIAN,021,17021,WEST SOUTHWEST,60,1992,1.0,187000,186000,8835000,47.5,3194.4208438212886,240448.9425,75271.529412
ILLINOIS,17,CHRISTIAN,021,17021,WEST SOUTHWEST,60,1993,1.0,175000,172000,7998000,46.5,3127.169878688209,217669.569,69605.930424
ILLINOIS,17,CHRISTIAN,021,17021,WEST SOUTHWEST,60,1994,1.0,173000,172400,8275200,48.0,3228.0463263878282,225213.7056,69767.8046808
ILLINOIS,17,CHRISTIAN,021,17021,WEST SOUTHWEST,60,1995,1.0,176000,174800,6904600,39.5,2656.4131227566504,187912.1413,70739.0502216
ILLINOIS,17,CHRISTIAN,021,17021,WEST SOUTHWEST,60,1996,1.0,173000,172600,7249200,42.0,2824.54053558935,197290.60259999998,69848.7418092
ILLINOIS,17,CHRISTIAN,021,17021,WEST SOUTHWEST,60,1997,1.0,171000,170500,7246250,42.5,2858.1660181558896,197210.316875,68998.901961
ILLINOIS,17,CHRISTIAN,021,17021,WEST SOUTHWEST,60,1998,1.0,172000,171100,8127250,47.5,3194.4208438212886,221187.172375,69241.7133462
ILLINOIS,17,CHRISTIAN,021,17021,WEST SOUTHWEST,60,1999,1.0,183000,182000,8190000,45.0,3026.293430988589,222894.945,73652.786844
ILLINOIS,17,CHRISTIAN,021,17021,WEST SOUTHWEST,60,2000,1.0,179000,178700,8756300,49.0,3295.2972915209084,238307.08264999997,72317.3242254
ILLINOIS,17,CHRISTIAN,021,17021,WEST SOUTHWEST,60,2001,1.0,180000,178700,8577600,48.0,3228.0463263878282,233443.67279999997,72317.3242254
ILLINOIS,17,CHRISTIAN,021,17021,WEST SOUTHWEST,60,2002,1.0,183000,182700,8952300,49.0,3295.2972915209084,243641.32064999998,73936.06679340001
ILLINOIS,17,CHRISTIAN,021,17021,WEST SOUTHWEST,60,2003,1.0,167000,165700,7622200,46.0,3093.544396121669,207441.9841,67056.4108794
ILLINOIS,17,CHRISTIAN,021,17021,WEST SOUTHWEST,60,2004,1.0,164000,163600,8507200,52.0,3497.0501869201476,231527.7016,66206.5710312
ILLINOIS,17,CHRISTIAN,021,17021,WEST SOUTHWEST,60,2005,1.0,155000,154300,8177900,53.0,3564.3011520532273,222565.63744999998,62442.994560600004
ILLINOIS,17,CHRISTIAN,021,17021,WEST SOUTHWEST,60,2006,1.0,157000,156400,8445600,54.0,3631.552117186307,229851.22679999997,63292.8344088
ILLINOIS,17,CHRISTIAN,021,17021,WEST SOUTHWEST,60,2007,1.0,126000,125800,6415800,51.0,3429.799221787068,174609.2049,50909.4537636
ILLINOIS,17,CHRISTIAN,021,17021,WEST SOUTHWEST,60,2008,1.0,138000,137800,7303400,53.0,3564.3011520532273,198765.68269999998,55765.6814676
ILLINOIS,17,CHRISTIAN,021,17021,WEST SOUTHWEST,60,2009,1.0,138000,137400,7557000,55.0,3698.8030823193867,205667.5335,55603.807210800005
ILLINOIS,17,CHRISTIAN,021,17021,WEST SOUTHWEST,60,2010,1.0,149000,148500,8984000,60.5,4068.6833905513254,244504.052,60095.817837
ILLINOIS,17,CHRISTIAN,021,17021,WEST SOUTHWEST,60,2011,1.0,149000,148600,7788000,52.4,3523.950572973379,211954.314,60136.2864012
ILLINOIS,17,CHRISTIAN,021,17021,WEST SOUTHWEST,60,2012,1.0,156000,154300,8610000,55.8,3752.6038544258504,234325.455,62442.994560600004
ILLINOIS,17,CHRISTIAN,021,17021,WEST SOUTHWEST,60,2013,1.0,160000,160000,9079000,56.7,3813.1297230456225,247089.5245,64749.70272
ILLINOIS,17,CHRISTIAN,021,17021,WEST SOUTHWEST,60,2014,1.0,163000,162800,9446000,58.0,3900.555977718626,257077.613,65882.8225176
ILLINOIS,17,CHRISTIAN,021,17021,WEST SOUTHWEST,60,2015,1.0,170000,169900,10231000,60.2,4048.508101011402,278441.7805,68756.0905758
ILLINOIS,17,CHRISTIAN,021,17021,WEST SOUTHWEST,60,2016,1.0,166000,165500,10405000,62.9,4230.085706870716,283177.2775,66975.473751
ILLINOIS,17,CHRISTIAN,021,17021,WEST SOUTHWEST,60,2017,1.0,183000,182000,11934000,65.6,4411.663312730032,324789.777,73652.786844
ILLINOIS,17,CHRISTIAN,021,17021,WEST SOUTHWEST,60,2018,1.0,191000,186200,13702000,73.6,4949.67103379467,372906.781,75352.4665404
ILLINOIS,17,CHRISTIAN,021,17021,WEST SOUTHWEST,60,2020,1.0,179500,178900,11790000,65.9,4431.838602269957,320870.745,72398.2613538
ILLINOIS,17,CHRISTIAN,021,17021,WEST SOUTHWEST,60,2021,1.0,179500,177900,12666000,71.2,4788.268717475279,344711.523,71993.5757118
ILLINOIS,17,CHRISTIAN,021,17021,WEST SOUTHWEST,60,2022,1.0,186000,185500,12892000,69.5,4673.942076749044,350862.226,75069.186591
ILLINOIS,17,CHRISTIAN,021,17021,WEST SOUTHWEST,60,2023,1.0,168500,167700,11253000,67.1,4512.539760429651,306256.0215,67865.7821634
ILLINOIS,17,CLARK,023,17023,EAST SOUTHEAST,70,1980,1.0,121500,121000,4518700,37.5,2521.911192490491,122978.67985,48966.962682000005
ILLINOIS,17,CLARK,023,17023,EAST SOUTHEAST,70,1981,1.0,116900,116000,3777200,32.5,2185.6563668250924,102798.3866,46943.534472
ILLINOIS,17,CLARK,023,17023,EAST SOUTHEAST,70,1982,1.0,108600,108000,4001200,37.0,2488.285709923951,108894.6586,43706.049336000004
ILLINOIS,17,CLARK,023,17023,EAST SOUTHEAST,70,1983,1.0,110100,109500,2645600,24.0,1614.0231631939141,72001.3268,44313.077799
ILLINOIS,17,CLARK,023,17023,EAST SOUTHEAST,70,1984,1.0,109700,107000,3146800,29.5,1983.903471425853,85641.73539999999,43301.363694
ILLINOIS,17,CLARK,023,17023,EAST SOUTHEAST,70,1985,1.0,104900,104000,4133300,39.5,2656.4131227566504,112489.82615,42087.306768
ILLINOIS,17,CLARK,023,17023,EAST SOUTHEAST,70,1986,1.0,104000,103800,4405900,42.5,2858.1660181558896,119908.77144999999,42006.3696396
ILLINOIS,17,CLARK,023,17023,EAST SOUTHEAST,70,1987,1.0,102000,100900,3526100,35.0,2353.7837796577915,95964.57454999999,40832.7812778
ILLINOIS,17,CLARK,023,17023,EAST SOUTHEAST,70,1988,1.0,97900,97600,2601000,26.5,1782.1505760266136,70787.5155,39497.3186592
ILLINOIS,17,CLARK,023,17023,EAST SOUTHEAST,70,1989,1.0,102400,101200,3718900,36.5,2454.6602273574113,101211.72294999998,40954.1869704
ILLINOIS,17,CLARK,023,17023,EAST SOUTHEAST,70,1990,1.0,104800,104400,3845900,37.0,2488.285709923951,104668.09144999999,42249.181024800004
ILLINOIS,17,CLARK,023,17023,EAST SOUTHEAST,70,1991,1.0,100000,98900,3807650,38.5,2589.1621576235707,103627.09857499998,40023.4099938
ILLINOIS,17,CLARK,023,17023,EAST SOUTHEAST,70,1992,1.0,100000,98800,4199000,42.5,2858.1660181558896,114277.8845,39982.9414296
ILLINOIS,17,CLARK,023,17023,EAST SOUTHEAST,70,1993,1.0,102000,99000,4009500,40.5,2723.66408788973,109120.54725,40063.878558000004
ILLINOIS,17,CLARK,023,17023,EAST SOUTHEAST,70,1994,1.0,99000,98400,4182000,42.5,2858.1660181558896,113815.221,39821.0671728
ILLINOIS,17,CLARK,023,17023,EAST SOUTHEAST,70,1995,1.0,111000,110500,4530500,41.0,2757.28957045627,123299.82275,44717.763441
ILLINOIS,17,CLARK,023,17023,EAST SOUTHEAST,70,1996,1.0,117000,116300,4070500,35.0,2353.7837796577915,110780.69275,47064.940164600004
ILLINOIS,17,CLARK,023,17023,EAST SOUTHEAST,70,1997,1.0,105000,104500,4127750,39.5,2656.4131227566504,112338.780125,42289.649589
ILLINOIS,17,CLARK,023,17023,EAST SOUTHEAST,70,1998,1.0,101000,100200,3907800,39.0,2622.787640190111,106352.7309,40549.5013284
ILLINOIS,17,CLARK,023,17023,EAST SOUTHEAST,70,1999,1.0,109000,107900,3560700,33.0,2219.281849391632,96906.23084999999,43665.5807718
ILLINOIS,17,CLARK,023,17023,EAST SOUTHEAST,70,2000,1.0,102000,101900,4483600,44.0,2959.0424658555094,122023.4158,41237.466919800005
ILLINOIS,17,CLARK,023,17023,EAST SOUTHEAST,70,2001,1.0,108000,107400,4940400,46.0,3093.544396121669,134455.4562,43463.2379508
ILLINOIS,17,CLARK,023,17023,EAST SOUTHEAST,70,2002,1.0,114000,113700,4889100,43.0,2891.7915007224296,133059.30105,46012.7574954
ILLINOIS,17,CLARK,023,17023,EAST SOUTHEAST,70,2003,1.0,104000,100000,4200000,42.0,2824.54053558935,114305.1,40468.5642
ILLINOIS,17,CLARK,023,17023,EAST SOUTHEAST,70,2004,1.0,105000,102900,5350800,52.0,3497.0501869201476,145624.6974,41642.1525618
ILLINOIS,17,CLARK,023,17023,EAST SOUTHEAST,70,2005,1.0,99000,98600,4732800,48.0,3228.0463263878282,128805.51839999999,39902.0043012
ILLINOIS,17,CLARK,023,17023,EAST SOUTHEAST,70,2006,1.0,106000,105500,5169500,49.0,3295.2972915209084,140690.52725,42694.335231000005
ILLINOIS,17,CLARK,023,17023,EAST SOUTHEAST,70,2007,1.0,91000,90900,4090500,45.0,3026.293430988589,111325.00275,36785.924857800004
ILLINOIS,17,CLARK,023,17023,EAST SOUTHEAST,70,2008,1.0,101000,100300,4613800,46.0,3093.544396121669,125566.87389999999,40589.9698926
ILLINOIS,17,CLARK,023,17023,EAST SOUTHEAST,70,2009,1.0,106000,105100,4098900,39.0,2622.787640190111,111553.61295,42532.4609742
ILLINOIS,17,CLARK,023,17023,EAST SOUTHEAST,70,2010,1.0,90000,88700,4382000,49.4,3322.19767757414,119258.321,35895.6164454
ILLINOIS,17,CLARK,023,17023,EAST SOUTHEAST,70,2011,1.0,100000,99900,4482000,44.9,3019.568334475281,121979.871,40428.095635800004
ILLINOIS,17,CLARK,023,17023,EAST SOUTHEAST,70,2012,1.0,90000,88300,3379000,38.3,2575.7119645969547,91961.1745,35733.7421886
ILLINOIS,17,CLARK,023,17023,EAST SOUTHEAST,70,2013,1.0,93500,93300,4565000,48.9,3288.5721950076,124238.7575,37757.1703986
ILLINOIS,17,CLARK,023,17023,EAST SOUTHEAST,70,2014,1.0,95600,95300,5455000,57.2,3846.7552056121626,148460.5525,38566.5416826
ILLINOIS,17,CLARK,023,17023,EAST SOUTHEAST,70,2015,1.0,99000,96800,5818000,60.1,4041.7830044980938,158339.779,39173.5701456
ILLINOIS,17,CLARK,023,17023,EAST SOUTHEAST,70,2017,1.0,103500,103000,5816000,56.5,3799.6795300190065,158285.348,41682.621126
ILLINOIS,17,CLARK,023,17023,EAST SOUTHEAST,70,2018,1.0,99000,96600,6188000,64.1,4310.786865030413,168409.514,39092.6330172
ILLINOIS,17,CLARK,023,17023,EAST SOUTHEAST,70,2020,1.0,94300,93900,5484000,58.4,3927.456363771858,149249.802,37999.9817838
ILLINOIS,17,CLARK,023,17023,EAST SOUTHEAST,70,2021,1.0,98500,97700,6399000,65.5,4404.938216216724,174151.9845,39537.7872234
ILLINOIS,17,CLARK,023,17023,EAST SOUTHEAST,70,2022,1.0,96900,96600,5922000,61.3,4122.484162657789,161170.191,39092.6330172
ILLINOIS,17,CLARK,023,17023,EAST SOUTHEAST,70,2023,1.0,94000,93600,5925000,63.3,4256.9860929239485,161251.8375,37878.576091200004
ILLINOIS,17,CLARK,023,17023,EAST SOUTHEAST,70,2024,1.0,97700,97300,6159000,63.3,4256.9860929239485,167620.2645,39375.9129666
ILLINOIS,17,CLARK,023,17023,EAST SOUTHEAST,70,2025,1.0,93900,93300,5719000,61.3,4122.484162657789,155645.4445,37757.1703986
ILLINOIS,17,CLAY,025,17025,EAST SOUTHEAST,70,1980,1.0,104500,104000,2361800,22.5,1513.1467154942945,64277.5679,42087.306768
ILLINOIS,17,CLAY,025,17025,EAST SOUTHEAST,70,1981,1.0,95100,94000,3013000,32.0,2152.0308842585523,82000.3015,38040.450348
ILLINOIS,17,CLAY,025,17025,EAST SOUTHEAST,70,1982,1.0,95700,95500,2964400,31.0,2084.7799191254726,80677.6282,38647.478811
ILLINOIS,17,CLAY,025,17025,EAST SOUTHEAST,70,1983,1.0,93500,93000,1195200,13.0,874.2625467300369,32527.9656,37635.764706
ILLINOIS,17,CLAY,025,17025,EAST SOUTHEAST,70,1984,1.0,97300,92000,2040300,22.0,1479.5212329277547,55527.78465,37231.079064
ILLINOIS,17,CLAY,025,17025,EAST SOUTHEAST,70,1985,1.0,92500,91000,3158800,34.5,2320.158297091252,85968.32139999999,36826.393422
ILLINOIS,17,CLAY,025,17025,EAST SOUTHEAST,70,1986,1.0,86100,85800,2827800,33.0,2219.281849391632,76959.99089999999,34722.0280836
ILLINOIS,17,CLAY,025,17025,EAST SOUTHEAST,70,1987,1.0,81900,81000,2345400,29.0,1950.277988859313,63831.2337,32779.537002000005
ILLINOIS,17,CLAY,025,17025,EAST SOUTHEAST,70,1988,1.0,79100,76300,1573000,20.5,1378.644785228135,42809.9815,30877.5144846
ILLINOIS,17,CLAY,025,17025,EAST SOUTHEAST,70,1989,1.0,81900,81300,2462800,30.5,2051.1544365589325,67026.3334,32900.9426946
ILLINOIS,17,CLAY,025,17025,EAST SOUTHEAST,70,1990,1.0,85500,85200,2176100,25.5,1714.899610893534,59223.649549999995,34479.2166984
ILLINOIS,17,CLAY,025,17025,EAST SOUTHEAST,70,1991,1.0,90000,89200,2096200,23.5,1580.3976806273743,57049.13109999999,36097.9592664
ILLINOIS,17,CLAY,025,17025,EAST SOUTHEAST,70,1992,1.0,91000,89600,2732800,30.5,2051.1544365589325,74374.51839999999,36259.8335232
ILLINOIS,17,CLAY,025,17025,EAST SOUTHEAST,70,1993,1.0,90000,87000,3262500,37.5,2521.911192490491,88790.56875,35207.650854
ILLINOIS,17,CLAY,025,17025,EAST SOUTHEAST,70,1994,1.0,90000,89700,2556450,28.5,1916.652506292773,69575.064975,36300.3020874
ILLINOIS,17,CLAY,025,17025,EAST SOUTHEAST,70,1995,1.0,105000,104100,2966850,28.5,1916.652506292773,80744.30617499999,42127.7753322
ILLINOIS,17,CLAY,025,17025,EAST SOUTHEAST,70,1996,1.0,104000,103600,3315200,32.0,2152.0308842585523,90224.8256,41925.4325112
ILLINOIS,17,CLAY,025,17025,EAST SOUTHEAST,70,1997,1.0,98000,97400,3555100,36.5,2454.6602273574113,96753.82405,39416.3815308
ILLINOIS,17,CLAY,025,17025,EAST SOUTHEAST,70,1998,1.0,109000,107600,3658400,34.0,2286.5328145247117,99565.18519999999,43544.1750792
ILLINOIS,17,CLAY,025,17025,EAST SOUTHEAST,70,1999,1.0,115000,114500,4007500,35.0,2353.7837796577915,109066.11625,46336.506009000004
ILLINOIS,17,CLAY,025,17025,EAST SOUTHEAST,70,2000,1.0,114000,113500,4653500,41.0,2757.28957045627,126647.32925,45931.820367
ILLINOIS,17,CLAY,025,17025,EAST SOUTHEAST,70,2001,1.0,113000,112000,4368000,39.0,2622.787640190111,118877.304,45324.791904
ILLINOIS,17,CLAY,025,17025,EAST SOUTHEAST,70,2002,1.0,113000,111800,2571400,23.0,1546.7721980608344,69981.9367,45243.854775600004
ILLINOIS,17,CLAY,025,17025,EAST SOUTHEAST,70,2003,1.0,122000,121600,4256000,35.0,2353.7837796577915,115829.168,49209.7740672
ILLINOIS,17,CLAY,025,17025,EAST SOUTHEAST,70,2004,1.0,102000,101400,4360200,43.0,2891.7915007224296,118665.02309999999,41035.1240988
ILLINOIS,17,CLAY,025,17025,EAST SOUTHEAST,70,2005,1.0,103000,102700,4108000,40.0,2690.0386053231905,111801.274,41561.2154334
ILLINOIS,17,CLAY,025,17025,EAST SOUTHEAST,70,2006,1.0,111000,109300,4262700,39.0,2622.787640190111,116011.51185,44232.1406706
ILLINOIS,17,CLAY,025,17025,EAST SOUTHEAST,70,2007,1.0,97000,96800,2807200,29.0,1950.277988859313,76399.3516,39173.5701456
ILLINOIS,17,CLAY,025,17025,EAST SOUTHEAST,70,2008,1.0,124000,123900,5079900,41.0,2757.28957045627,138252.01844999997,50140.5510438
ILLINOIS,17,CLAY,025,17025,EAST SOUTHEAST,70,2009,1.0,117000,116800,3854400,33.0,2219.281849391632,104899.42319999999,47267.2829856
ILLINOIS,17,CLAY,025,17025,EAST SOUTHEAST,70,2010,1.0,102000,101500,4487000,44.2,2972.4926588821254,122115.9485,41075.592663
ILLINOIS,17,CLAY,025,17025,EAST SOUTHEAST,70,2011,1.0,99000,98600,3147000,31.9,2145.3057877452443,85647.1785,39902.0043012
ILLINOIS,17,CLAY,025,17025,EAST SOUTHEAST,70,2012,1.0,92000,88900,2009000,22.6,1519.8718120076026,54675.9395,35976.5535738
ILLINOIS,17,CLAY,025,17025,EAST SOUTHEAST,70,2013,1.0,96500,96400,3926000,40.7,2737.1142809163466,106848.053,39011.6958888
ILLINOIS,17,CLAY,025,17025,EAST SOUTHEAST,70,2014,1.0,101000,100700,4854000,48.2,3241.4965194144447,132104.037,40751.8441494
ILLINOIS,17,CLAY,025,17025,EAST SOUTHEAST,70,2015,1.0,92700,91700,4229000,46.1,3100.269492634977,115094.3495,37109.6733714
ILLINOIS,17,CLAY,025,17025,EAST SOUTHEAST,70,2016,1.0,119000,118300,6205000,52.5,3530.675669486687,168872.1775,47874.311448600005
ILLINOIS,17,CLAY,025,17025,EAST SOUTHEAST,70,2017,1.0,111500,111000,4918000,44.3,2979.217755395433,133845.829,44920.106262
ILLINOIS,17,CLAY,025,17025,EAST SOUTHEAST,70,2018,1.0,117000,113700,6653000,58.5,3934.181460285166,181064.7215,46012.7574954
ILLINOIS,17,CLAY,025,17025,EAST SOUTHEAST,70,2019,1.0,106000,104000,4217000,40.5,2723.66408788973,114767.7635,42087.306768
ILLINOIS,17,CLAY,025,17025,EAST SOUTHEAST,70,2020,1.0,110000,109300,5727000,52.4,3523.950572973379,155863.1685,44232.1406706
ILLINOIS,17,CLAY,025,17025,EAST SOUTHEAST,70,2021,1.0,105000,104000,6157000,59.2,3981.257135878322,167565.8335,42087.306768
ILLINOIS,17,CLAY,025,17025,EAST SOUTHEAST,70,2022,1.0,109500,108100,6190000,57.3,3853.48030212547,168463.945,43746.5179002
ILLINOIS,17,CLAY,025,17025,EAST SOUTHEAST,70,2023,1.0,100000,99600,5418000,54.4,3658.4525032395386,147453.579,40306.6899432
ILLINOIS,17,CLAY,025,17025,EAST SOUTHEAST,70,2024,1.0,119000,118400,6394000,54.0,3631.552117186307,174015.907,47914.7800128
ILLINOIS,17,CLAY,025,17025,EAST SOUTHEAST,70,2025,1.0,109000,108300,4874000,45.0,3026.293430988589,132648.347,43827.4550286
ILLINOIS,17,CLINTON,027,17027,SOUTHWEST,80,1980,1.0,78600,78000,1861100,24.0,1614.0231631939141,50650.767049999995,31565.480076
ILLINOIS,17,CLINTON,027,17027,SOUTHWEST,80,1981,1.0,84500,83500,2967800,35.5,2387.4092622243315,80770.16089999999,33791.251107000004
ILLINOIS,17,CLINTON,027,17027,SOUTHWEST,80,1982,1.0,87400,87000,3145500,36.0,2421.034744790871,85606.35525,35207.650854
ILLINOIS,17,CLINTON,027,17027,SOUTHWEST,80,1983,1.0,85300,84500,1508100,18.0,1210.5173723954356,41043.69555,34195.936749
ILLINOIS,17,CLINTON,027,17027,SOUTHWEST,80,1984,1.0,78100,73000,1467600,20.0,1345.0193026615952,39941.4678,29542.051866
ILLINOIS,17,CLINTON,027,17027,SOUTHWEST,80,1985,1.0,80200,79000,2781300,35.0,2353.7837796577915,75694.47015,31970.165718
ILLINOIS,17,CLINTON,027,17027,SOUTHWEST,80,1986,1.0,83300,83200,2866800,34.5,2320.158297091252,78021.3954,33669.8454144
ILLINOIS,17,CLINTON,027,17027,SOUTHWEST,80,1987,1.0,79600,78500,2586500,33.0,2219.281849391632,70392.89075,31767.822897000002
ILLINOIS,17,CLINTON,027,17027,SOUTHWEST,80,1988,1.0,75600,74300,1905300,25.5,1714.899610893534,51853.692149999995,30068.1432006
ILLINOIS,17,CLINTON,027,17027,SOUTHWEST,80,1989,1.0,78000,77400,2075600,27.0,1815.7760585931535,56488.491799999996,31322.6686908
ILLINOIS,17,CLINTON,027,17027,SOUTHWEST,80,1990,1.0,77500,76600,2144500,28.0,1883.0270237262332,58363.63975,30998.9201772
ILLINOIS,17,CLINTON,027,17027,SOUTHWEST,80,1991,1.0,78000,76200,2286000,30.0,2017.5289539923929,62214.633,30837.0459204
ILLINOIS,17,CLINTON,027,17027,SOUTHWEST,80,1992,1.0,81000,80500,2857750,35.5,2387.4092622243315,77775.095125,32577.194181000003
ILLINOIS,17,CLINTON,027,17027,SOUTHWEST,80,1993,1.0,77000,72000,2700000,37.5,2521.911192490491,73481.85,29137.366224
ILLINOIS,17,CLINTON,027,17027,SOUTHWEST,80,1994,1.0,85000,84500,2915250,34.5,2320.158297091252,79339.986375,34195.936749
ILLINOIS,17,CLINTON,027,17027,SOUTHWEST,80,1995,1.0,93000,92900,3205050,34.5,2320.158297091252,87227.03827499998,37595.2961418
ILLINOIS,17,CLINTON,027,17027,SOUTHWEST,80,1996,1.0,82000,81100,2514100,31.0,2084.7799191254726,68422.48855,32820.0055662
ILLINOIS,17,CLINTON,027,17027,SOUTHWEST,80,1997,1.0,88000,87700,3025650,34.5,2320.158297091252,82344.577575,35490.9308034
ILLINOIS,17,CLINTON,027,17027,SOUTHWEST,80,1998,1.0,91000,90500,3484250,38.5,2589.1621576235707,94825.605875,36624.050601
ILLINOIS,17,CLINTON,027,17027,SOUTHWEST,80,1999,1.0,100000,99500,3482500,35.0,2353.7837796577915,94777.97875,40266.221379
ILLINOIS,17,CLINTON,027,17027,SOUTHWEST,80,2000,1.0,92000,90400,3525600,39.0,2622.787640190111,95950.9668,36583.5820368
ILLINOIS,17,CLINTON,027,17027,SOUTHWEST,80,2001,1.0,104000,103200,4231200,41.0,2757.28957045627,115154.2236,41763.5582544
ILLINOIS,17,CLINTON,027,17027,SOUTHWEST,80,2002,1.0,104000,103600,3936800,38.0,2555.536675057031,107141.98039999999,41925.4325112
ILLINOIS,17,CLINTON,027,17027,SOUTHWEST,80,2003,1.0,108000,107800,3557400,33.0,2219.281849391632,96816.41969999998,43625.1122076
ILLINOIS,17,CLINTON,027,17027,SOUTHWEST,80,2004,1.0,104000,102400,5017600,49.0,3295.2972915209084,136556.49279999998,41439.8097408
ILLINOIS,17,CLINTON,027,17027,SOUTHWEST,80,2005,1.0,101000,100300,4112300,41.0,2757.28957045627,111918.30064999999,40589.9698926
ILLINOIS,17,CLINTON,027,17027,SOUTHWEST,80,2006,1.0,110000,109500,3942000,36.0,2421.034744790871,107283.501,44313.077799
ILLINOIS,17,CLINTON,027,17027,SOUTHWEST,80,2007,1.0,102000,101300,2633800,26.0,1748.5250934600738,71680.18389999999,40994.6555346
ILLINOIS,17,CLINTON,027,17027,SOUTHWEST,80,2008,1.0,112000,111100,4999500,45.0,3026.293430988589,136063.89225,44960.5748262
ILLINOIS,17,CLINTON,027,17027,SOUTHWEST,80,2009,1.0,115000,114900,4481100,39.0,2622.787640190111,121955.37705,46498.3802658
ILLINOIS,17,CLINTON,027,17027,SOUTHWEST,80,2010,1.0,99000,98600,4911000,49.8,3349.0980636273716,133655.3205,39902.0043012
ILLINOIS,17,CLINTON,027,17027,SOUTHWEST,80,2011,1.0,104000,103400,3518000,34.0,2286.5328145247117,95744.129,41844.4953828
ILLINOIS,17,CLINTON,027,17027,SOUTHWEST,80,2012,1.0,98000,94100,2588000,27.5,1849.4015411596934,70433.714,38080.9189122
ILLINOIS,17,CLINTON,027,17027,SOUTHWEST,80,2013,1.0,104500,104100,4140000,39.8,2676.5884122965745,112672.17,42127.7753322
ILLINOIS,17,CLINTON,027,17027,SOUTHWEST,80,2014,1.0,101500,101300,5231000,51.6,3470.1498008669155,142364.2805,40994.6555346
ILLINOIS,17,CLINTON,027,17027,SOUTHWEST,80,2015,1.0,89300,89000,4272000,48.0,3228.0463263878282,116264.616,36017.022138
ILLINOIS,17,CLINTON,027,17027,SOUTHWEST,80,2016,1.0,101500,101200,5473000,54.1,3638.277213699615,148950.4315,40954.1869704
ILLINOIS,17,CLINTON,027,17027,SOUTHWEST,80,2017,1.0,111000,110800,5625000,50.8,3416.349028760452,153087.1875,44839.1691336
ILLINOIS,17,CLINTON,027,17027,SOUTHWEST,80,2018,1.0,109000,106400,6397000,60.1,4041.7830044980938,174097.5535,43058.552308800005
ILLINOIS,17,CLINTON,027,17027,SOUTHWEST,80,2019,1.0,110000,108600,5640000,51.9,3490.3250904068395,153495.42,43948.8607212
ILLINOIS,17,CLINTON,027,17027,SOUTHWEST,80,2020,1.0,105000,104500,5486000,52.5,3530.675669486687,149304.233,42289.649589
ILLINOIS,17,CLINTON,027,17027,SOUTHWEST,80,2021,1.0,107500,106700,6786000,63.6,4277.1613824638725,184684.383,43179.9580014
ILLINOIS,17,CLINTON,027,17027,SOUTHWEST,80,2022,1.0,104500,104100,5684000,54.6,3671.902696266155,154692.902,42127.7753322
ILLINOIS,17,CLINTON,027,17027,SOUTHWEST,80,2023,1.0,104000,103300,5103000,49.4,3322.19767757414,138880.6965,41804.0268186
ILLINOIS,17,CLINTON,027,17027,SOUTHWEST,80,2024,1.0,107500,106700,5975000,56.0,3766.0540474524664,162612.6125,43179.9580014
ILLINOIS,17,COLES,029,17029,EAST SOUTHEAST,70,1980,1.0,109500,109000,4015600,37.0,2488.285709923951,109286.5618,44110.734978
ILLINOIS,17,COLES,029,17029,EAST SOUTHEAST,70,1981,1.0,115800,115000,4739300,41.0,2757.28957045627,128982.41914999999,46538.84883
ILLINOIS,17,COLES,029,17029,EAST SOUTHEAST,70,1982,1.0,114300,114000,4508900,39.5,2656.4131227566504,122711.96794999999,46134.163188
ILLINOIS,17,COLES,029,17029,EAST SOUTHEAST,70,1983,1.0,117100,117000,3247800,28.0,1883.0270237262332,88390.50089999998,47348.220114
ILLINOIS,17,COLES,029,17029,EAST SOUTHEAST,70,1984,1.0,111400,110000,3394100,31.0,2084.7799191254726,92372.12855,44515.420620000004
ILLINOIS,17,COLES,029,17029,EAST SOUTHEAST,70,1985,1.0,111900,111000,5416700,49.0,3295.2972915209084,147418.19885,44920.106262
ILLINOIS,17,COLES,029,17029,EAST SOUTHEAST,70,1986,1.0,113700,113300,5148700,45.5,3059.918913555129,140124.44485,45850.8832386
ILLINOIS,17,COLES,029,17029,EAST SOUTHEAST,70,1987,1.0,115200,114000,4553000,40.0,2690.0386053231905,123912.1715,46134.163188
ILLINOIS,17,COLES,029,17029,EAST SOUTHEAST,70,1988,1.0,113100,112700,3173400,28.0,1883.0270237262332,86365.6677,45608.071853400004
ILLINOIS,17,COLES,029,17029,EAST SOUTHEAST,70,1989,1.0,109100,108700,4480400,41.0,2757.28957045627,121936.32619999998,43989.3292854
ILLINOIS,17,COLES,029,17029,EAST SOUTHEAST,70,1990,1.0,105900,105500,4508200,42.5,2858.1660181558896,122692.91709999999,42694.335231000005
ILLINOIS,17,COLES,029,17029,EAST SOUTHEAST,70,1991,1.0,112000,111200,4281200,38.5,2589.1621576235707,116514.99859999999,45001.0433904
ILLINOIS,17,COLES,029,17029,EAST SOUTHEAST,70,1992,1.0,112000,111100,5221700,47.0,3160.7953612547485,142111.17635,44960.5748262
ILLINOIS,17,COLES,029,17029,EAST SOUTHEAST,70,1993,1.0,113000,112000,5376000,48.0,3228.0463263878282,146310.528,45324.791904
ILLINOIS,17,COLES,029,17029,EAST SOUTHEAST,70,1994,1.0,106000,105400,4848400,46.0,3093.544396121669,131951.63019999999,42653.8666668
ILLINOIS,17,COLES,029,17029,EAST SOUTHEAST,70,1995,1.0,110000,109600,4493600,41.0,2757.28957045627,122295.5708,44353.5463632
ILLINOIS,17,COLES,029,17029,EAST SOUTHEAST,70,1996,1.0,108000,107300,4452950,41.5,2790.91505302281,121189.260725,43422.769386600005
ILLINOIS,17,COLES,029,17029,EAST SOUTHEAST,70,1997,1.0,113000,112600,4729200,42.0,2824.54053558935,128707.5426,45567.6032892
ILLINOIS,17,COLES,029,17029,EAST SOUTHEAST,70,1998,1.0,114000,113900,4840750,42.5,2858.1660181558896,131743.431625,46093.6946238
ILLINOIS,17,COLES,029,17029,EAST SOUTHEAST,70,1999,1.0,112000,111600,4910400,44.0,2959.0424658555094,133638.9912,45162.9176472
ILLINOIS,17,COLES,029,17029,EAST SOUTHEAST,70,2000,1.0,112000,111900,5595000,50.0,3362.548256653988,152270.7225,45284.3233398
ILLINOIS,17,COLES,029,17029,EAST SOUTHEAST,70,2001,1.0,115000,114300,5715000,50.0,3362.548256653988,155536.5825,46255.5688806
ILLINOIS,17,COLES,029,17029,EAST SOUTHEAST,70,2002,1.0,114000,113700,4889100,43.0,2891.7915007224296,133059.30105,46012.7574954
ILLINOIS,17,COLES,029,17029,EAST SOUTHEAST,70,2003,1.0,112000,111800,5254600,47.0,3160.7953612547485,143006.56629999998,45243.854775600004
ILLINOIS,17,COLES,029,17029,EAST SOUTHEAST,70,2004,1.0,111000,110700,5977800,54.0,3631.552117186307,162688.81590000002,44798.7005694
ILLINOIS,17,COLES,029,17029,EAST SOUTHEAST,70,2005,1.0,109000,108600,5538600,51.0,3429.799221787068,150735.7683,43948.8607212
ILLINOIS,17,COLES,029,17029,EAST SOUTHEAST,70,2006,1.0,112000,111500,5686500,51.0,3429.799221787068,154760.94075,45122.449083
ILLINOIS,17,COLES,029,17029,EAST SOUTHEAST,70,2007,1.0,99000,98900,5241700,53.0,3564.3011520532273,142655.48635,40023.4099938
ILLINOIS,17,COLES,029,17029,EAST SOUTHEAST,70,2008,1.0,107000,106500,5325000,50.0,3362.548256653988,144922.5375,43099.020873
ILLINOIS,17,COLES,029,17029,EAST SOUTHEAST,70,2009,1.0,108000,107800,5390000,50.0,3362.548256653988,146691.545,43625.1122076
ILLINOIS,17,COLES,029,17029,EAST SOUTHEAST,70,2010,1.0,110000,109600,6352000,58.0,3900.555977718626,172872.856,44353.5463632
ILLINOIS,17,COLES,029,17029,EAST SOUTHEAST,70,2011,1.0,109000,108900,5048000,46.4,3120.444782174901,137383.844,44070.266413800004
ILLINOIS,17,COLES,029,17029,EAST SOUTHEAST,70,2012,1.0,109000,108700,4815000,44.3,2979.217755395433,131042.6325,43989.3292854
ILLINOIS,17,COLES,029,17029,EAST SOUTHEAST,70,2013,1.0,113500,113400,6473000,57.1,3840.030109098854,176165.9315,45891.3518028
ILLINOIS,17,COLES,029,17029,EAST SOUTHEAST,70,2014,1.0,114500,114200,6896000,60.4,4061.9582940380174,187678.088,46215.1003164
ILLINOIS,17,COLES,029,17029,EAST SOUTHEAST,70,2015,1.0,115000,114900,7158000,62.3,4189.735127790869,194808.549,46498.3802658
ILLINOIS,17,COLES,029,17029,EAST SOUTHEAST,70,2016,1.0,117000,116700,7309000,62.6,4209.910417330793,198918.0895,47226.8144214
ILLINOIS,17,COLES,029,17029,EAST SOUTHEAST,70,2017,1.0,117500,117000,7520000,64.3,4324.237058057029,204660.56,47348.220114
ILLINOIS,17,COLES,029,17029,EAST SOUTHEAST,70,2018,1.0,121000,117700,8819000,74.9,5037.097288467674,240013.4945,47631.5000634
ILLINOIS,17,COLES,029,17029,EAST SOUTHEAST,70,2019,1.0,117000,116900,7447000,63.7,4283.886478977181,202673.8285,47307.7515498
ILLINOIS,17,COLES,029,17029,EAST SOUTHEAST,70,2020,1.0,118000,117500,7826000,66.6,4478.914277863111,212988.503,47550.562935
ILLINOIS,17,COLES,029,17029,EAST SOUTHEAST,70,2023,1.0,114500,113900,8121000,71.3,4794.993813988586,221017.0755,46093.6946238
ILLINOIS,17,COLES,029,17029,EAST SOUTHEAST,70,2024,1.0,119000,118600,8444000,71.2,4788.268717475279,229807.682,47995.7171412
ILLINOIS,17,COOK,031,17031,NORTHEAST,20,1980,1.0,23100,23000,752500,32.5,2185.6563668250924,20479.66375,9307.769766
ILLINOIS,17,COOK,031,17031,NORTHEAST,20,1981,1.0,15600,15500,525300,34.0,2286.5328145247117,14296.302149999998,6272.627451
ILLINOIS,17,COOK,031,17031,NORTHEAST,20,1982,1.0,16200,16200,519900,32.0,2152.0308842585523,14149.33845,6555.9074004
ILLINOIS,17,COOK,031,17031,NORTHEAST,20,1983,1.0,17000,17000,504300,29.5,1983.903471425853,13724.776649999998,6879.655914
ILLINOIS,17,COOK,031,17031,NORTHEAST,20,1984,1.0,14300,14000,390200,28.0,1883.0270237262332,10619.4881,5665.598988
ILLINOIS,17,COOK,031,17031,NORTHEAST,20,1985,1.0,13100,13000,471300,36.5,2454.6602273574113,12826.665149999999,5260.913346
ILLINOIS,17,COOK,031,17031,NORTHEAST,20,1986,1.0,13600,13500,431500,32.0,2152.0308842585523,11743.48825,5463.2561670000005
ILLINOIS,17,COOK,031,17031,NORTHEAST,20,1987,1.0,12200,12100,434900,36.0,2421.034744790871,11836.02095,4896.6962682
ILLINOIS,17,COOK,031,17031,NORTHEAST,20,1988,1.0,12300,12000,319800,26.5,1782.1505760266136,8703.5169,4856.227704
ILLINOIS,17,COOK,031,17031,NORTHEAST,20,1989,1.0,13600,13500,429100,32.0,2152.0308842585523,11678.171049999999,5463.2561670000005
ILLINOIS,17,COOK,031,17031,NORTHEAST,20,1990,1.0,12200,12000,436200,36.5,2454.6602273574113,11871.4011,4856.227704
ILLINOIS,17,COOK,031,17031,NORTHEAST,20,1991,1.0,9000,8900,191350,21.5,1445.8957503612148,5207.685925,3601.7022138
ILLINOIS,17,COOK,031,17031,NORTHEAST,20,1992,1.0,9000,8700,317550,36.5,2454.6602273574113,8642.282025,3520.7650854000003
ILLINOIS,17,COOK,031,17031,NORTHEAST,20,1993,1.0,11000,10000,335000,33.5,2252.907331958172,9117.1925,4046.85642
ILLINOIS,17,COOK,031,17031,NORTHEAST,20,1994,1.0,10000,9700,407400,42.0,2824.54053558935,11087.5947,3925.4507274000002
ILLINOIS,17,COOK,031,17031,NORTHEAST,20,1995,1.0,11000,10900,414200,38.0,2555.536675057031,11272.6601,4411.0734978
ILLINOIS,17,COOK,031,17031,NORTHEAST,20,1996,1.0,18000,17900,429600,24.0,1614.0231631939141,11691.778799999998,7243.8729918
ILLINOIS,17,COOK,031,17031,NORTHEAST,20,1997,1.0,13000,12900,503100,39.0,2622.787640190111,13692.11805,5220.4447818
ILLINOIS,17,COOK,031,17031,NORTHEAST,20,1998,1.0,13000,12900,541800,42.0,2824.54053558935,14745.357899999999,5220.4447818
ILLINOIS,17,COOK,031,17031,NORTHEAST,20,1999,1.0,9000,8900,293700,33.0,2219.281849391632,7993.192349999999,3601.7022138
ILLINOIS,17,COOK,031,17031,NORTHEAST,20,2000,1.0,9000,8900,240300,27.0,1815.7760585931535,6539.884649999999,3601.7022138
ILLINOIS,17,COOK,031,17031,NORTHEAST,20,2001,1.0,10000,9900,425700,43.0,2891.7915007224296,11585.63835,4006.3878558
ILLINOIS,17,COOK,031,17031,NORTHEAST,20,2002,1.0,9000,8800,255200,29.0,1950.277988859313,6945.3956,3561.2336496000003
ILLINOIS,17,COOK,031,17031,NORTHEAST,20,2003,1.0,5000,4900,151900,31.0,2084.7799191254726,4134.03445,1982.9596458
ILLINOIS,17,COOK,031,17031,NORTHEAST,20,2004,1.0,6000,5900,271400,46.0,3093.544396121669,7386.2867,2387.6452878
ILLINOIS,17,COOK,031,17031,NORTHEAST,20,2005,1.0,6000,5900,259600,44.0,2959.0424658555094,7065.1438,2387.6452878
ILLINOIS,17,COOK,031,17031,NORTHEAST,20,2006,1.0,7000,6900,255300,37.0,2488.285709923951,6948.117149999999,2792.3309298
ILLINOIS,17,COOK,031,17031,NORTHEAST,20,2007,1.0,7000,6800,312800,46.0,3093.544396121669,8513.0084,2751.8623656
ILLINOIS,17,COOK,031,17031,NORTHEAST,20,2021,1.0,5700,5650,259000,45.8,3080.0942030950528,7048.8145,2286.4738773
ILLINOIS,17,COOK,031,17031,NORTHEAST,20,2024,1.0,4500,4450,191000,42.9,2885.0664042091216,5198.1605,1800.8511069
ILLINOIS,17,CRAWFORD,033,17033,EAST SOUTHEAST,70,1980,1.0,87400,87000,3073400,35.5,2387.4092622243315,83644.1177,35207.650854
ILLINOIS,17,CRAWFORD,033,17033,EAST SOUTHEAST,70,1981,1.0,87600,85500,2784100,32.5,2185.6563668250924,75770.67354999999,34600.622391000004
ILLINOIS,17,CRAWFORD,033,17033,EAST SOUTHEAST,70,1982,1.0,87500,87000,3092500,35.5,2387.4092622243315,84163.93375,35207.650854
ILLINOIS,17,CRAWFORD,033,17033,EAST SOUTHEAST,70,1983,1.0,90900,90500,1860900,20.5,1378.644785228135,50645.32395,36624.050601
ILLINOIS,17,CRAWFORD,033,17033,EAST SOUTHEAST,70,1984,1.0,95300,93000,2466000,26.5,1782.1505760266136,67113.423,37635.764706
ILLINOIS,17,CRAWFORD,033,17033,EAST SOUTHEAST,70,1985,1.0,83100,82000,3011400,36.5,2454.6602273574113,81956.7567,33184.222644
ILLINOIS,17,CRAWFORD,033,17033,EAST SOUTHEAST,70,1986,1.0,82700,82400,3045000,37.0,2488.285709923951,82871.1975,33346.0969008
ILLINOIS,17,CRAWFORD,033,17033,EAST SOUTHEAST,70,1987,1.0,80500,79700,2665800,33.5,2252.907331958172,72551.0799,32253.4456674
ILLINOIS,17,CRAWFORD,033,17033,EAST SOUTHEAST,70,1988,1.0,78900,76400,1920800,25.0,1681.274128326994,52275.5324,30917.9830488
ILLINOIS,17,CRAWFORD,033,17033,EAST SOUTHEAST,70,1989,1.0,78300,77900,2746600,35.5,2387.4092622243315,74750.0923,31525.0115118
ILLINOIS,17,CRAWFORD,033,17033,EAST SOUTHEAST,70,1990,1.0,80700,80500,2570000,32.0,2152.0308842585523,69943.835,32577.194181000003
ILLINOIS,17,CRAWFORD,033,17033,EAST SOUTHEAST,70,1991,1.0,89000,88300,3046350,34.5,2320.158297091252,82907.938425,35733.7421886
ILLINOIS,17,CRAWFORD,033,17033,EAST SOUTHEAST,70,1992,1.0,93000,92300,3876600,42.0,2824.54053558935,105503.6073,37352.4847566
ILLINOIS,17,CRAWFORD,033,17033,EAST SOUTHEAST,70,1993,1.0,89000,88000,3608000,41.0,2757.28957045627,98193.524,35612.336496
ILLINOIS,17,CRAWFORD,033,17033,EAST SOUTHEAST,70,1994,1.0,89000,88500,3274500,37.0,2488.285709923951,89117.15475,35814.679317
ILLINOIS,17,CRAWFORD,033,17033,EAST SOUTHEAST,70,1995,1.0,89000,88300,3090500,35.0,2353.7837796577915,84109.50275,35733.7421886
ILLINOIS,17,CRAWFORD,033,17033,EAST SOUTHEAST,70,1996,1.0,98000,97400,3262900,33.5,2252.907331958172,88801.45495,39416.3815308
ILLINOIS,17,CRAWFORD,033,17033,EAST SOUTHEAST,70,1997,1.0,87000,86700,3164550,36.5,2454.6602273574113,86124.810525,35086.2451614
ILLINOIS,17,CRAWFORD,033,17033,EAST SOUTHEAST,70,1998,1.0,100000,99500,3681500,37.0,2488.285709923951,100193.86325,40266.221379
ILLINOIS,17,CRAWFORD,033,17033,EAST SOUTHEAST,70,1999,1.0,90000,89400,3218400,36.0,2421.034744790871,87590.3652,36178.8963948
ILLINOIS,17,CRAWFORD,033,17033,EAST SOUTHEAST,70,2000,1.0,91000,90700,3809400,42.0,2824.54053558935,103674.72569999998,36704.9877294
ILLINOIS,17,CRAWFORD,033,17033,EAST SOUTHEAST,70,2001,1.0,92000,91300,3834600,42.0,2824.54053558935,104360.5563,36947.7991146
ILLINOIS,17,CRAWFORD,033,17033,EAST SOUTHEAST,70,2002,1.0,95000,94700,3314500,35.0,2353.7837796577915,90205.77475,38323.7302974
ILLINOIS,17,CRAWFORD,033,17033,EAST SOUTHEAST,70,2003,1.0,88000,87100,3484000,40.0,2690.0386053231905,94818.802,35248.1194182
ILLINOIS,17,CRAWFORD,033,17033,EAST SOUTHEAST,70,2004,1.0,92000,91800,4314600,47.0,3160.7953612547485,117423.9963,37150.141935600004
ILLINOIS,17,CRAWFORD,033,17033,EAST SOUTHEAST,70,2005,1.0,87000,86700,3901500,45.0,3026.293430988589,106181.27325,35086.2451614
ILLINOIS,17,CRAWFORD,033,17033,EAST SOUTHEAST,70,2006,1.0,98000,97600,4392000,45.0,3026.293430988589,119530.476,39497.3186592
ILLINOIS,17,CRAWFORD,033,17033,EAST SOUTHEAST,70,2007,1.0,81000,80900,3236000,40.0,2690.0386053231905,88069.358,32739.0684378
ILLINOIS,17,CRAWFORD,033,17033,EAST SOUTHEAST,70,2008,1.0,99000,98300,4325200,44.0,2959.0424658555094,117712.4806,39780.598608600005
ILLINOIS,17,CRAWFORD,033,17033,EAST SOUTHEAST,70,2009,1.0,104000,103800,3944400,38.0,2555.536675057031,107348.8182,42006.3696396
ILLINOIS,17,CRAWFORD,033,17033,EAST SOUTHEAST,70,2010,1.0,86000,84900,3863000,45.5,3059.918913555129,105133.4765,34357.8110058
ILLINOIS,17,CRAWFORD,033,17033,EAST SOUTHEAST,70,2011,1.0,91000,90900,3835000,42.2,2837.990728615966,104371.4425,36785.924857800004
ILLINOIS,17,CRAWFORD,033,17033,EAST SOUTHEAST,70,2012,1.0,84000,81500,2465000,30.2,2030.9791470190087,67086.2075,32981.879823
ILLINOIS,17,CRAWFORD,033,17033,EAST SOUTHEAST,70,2013,1.0,88500,88300,4197000,47.5,3194.4208438212886,114223.4535,35733.7421886
ILLINOIS,17,CRAWFORD,033,17033,EAST SOUTHEAST,70,2014,1.0,87600,87500,4393000,50.2,3375.998449680604,119557.6915,35409.993675
ILLINOIS,17,CRAWFORD,033,17033,EAST SOUTHEAST,70,2015,1.0,88300,87400,4459000,51.0,3429.799221787068,121353.9145,35369.5251108
ILLINOIS,17,CRAWFORD,033,17033,EAST SOUTHEAST,70,2016,1.0,97500,97300,5485000,56.4,3792.9544335056985,149277.0175,39375.9129666
ILLINOIS,17,CRAWFORD,033,17033,EAST SOUTHEAST,70,2017,1.0,91500,91100,4805000,52.7,3544.1258625133037,130770.4775,36866.8619862
ILLINOIS,17,CRAWFORD,033,17033,EAST SOUTHEAST,70,2018,1.0,97000,94700,5964000,63.0,4236.810803384024,162313.242,38323.7302974
ILLINOIS,17,CRAWFORD,033,17033,EAST SOUTHEAST,70,2019,1.0,94000,93400,4622000,49.5,3328.922774087448,125790.041,37797.6389628
ILLINOIS,17,CRAWFORD,033,17033,EAST SOUTHEAST,70,2020,1.0,93000,92500,5208000,56.3,3786.2293369923905,141738.324,37433.421885
ILLINOIS,17,CRAWFORD,033,17033,EAST SOUTHEAST,70,2021,1.0,91400,90700,5896000,65.0,4371.312733650185,160462.588,36704.9877294
ILLINOIS,17,CRAWFORD,033,17033,EAST SOUTHEAST,70,2022,1.0,95600,95300,5890000,61.8,4156.109645224329,160299.295,38566.5416826
ILLINOIS,17,CRAWFORD,033,17033,EAST SOUTHEAST,70,2023,1.0,88900,88300,5369000,60.8,4088.858680091249,146120.0195,35733.7421886
ILLINOIS,17,CRAWFORD,033,17033,EAST SOUTHEAST,70,2024,1.0,96600,96300,5605000,58.2,3914.0061707452423,152542.8775,38971.227324600004
ILLINOIS,17,CRAWFORD,033,17033,EAST SOUTHEAST,70,2025,1.0,96900,96300,5316000,55.2,3712.2532753460027,144677.598,38971.227324600004
ILLINOIS,17,CUMBERLAND,035,17035,EAST SOUTHEAST,70,1980,1.0,86400,86000,3124800,36.5,2454.6602273574113,85042.9944,34802.965212
ILLINOIS,17,CUMBERLAND,035,17035,EAST SOUTHEAST,70,1981,1.0,81700,81000,2637500,32.5,2185.6563668250924,71780.88125,32779.537002000005
ILLINOIS,17,CUMBERLAND,035,17035,EAST SOUTHEAST,70,1982,1.0,76700,76500,2757600,36.0,2421.034744790871,75049.4628,30958.451613
ILLINOIS,17,CUMBERLAND,035,17035,EAST SOUTHEAST,70,1983,1.0,77600,77500,1792800,23.0,1546.7721980608344,48791.9484,31363.137255
ILLINOIS,17,CUMBERLAND,035,17035,EAST SOUTHEAST,70,1984,1.0,73800,72000,2048100,28.5,1916.652506292773,55740.06555,29137.366224
ILLINOIS,17,CUMBERLAND,035,17035,EAST SOUTHEAST,70,1985,1.0,68600,68000,2668300,39.0,2622.787640190111,72619.11864999999,27518.623656
ILLINOIS,17,CUMBERLAND,035,17035,EAST SOUTHEAST,70,1986,1.0,70200,69700,2819300,40.5,2723.66408788973,76728.65914999999,28206.5892474
ILLINOIS,17,CUMBERLAND,035,17035,EAST SOUTHEAST,70,1987,1.0,64400,63700,2162500,34.0,2286.5328145247117,58853.51875,25778.4753954
ILLINOIS,17,CUMBERLAND,035,17035,EAST SOUTHEAST,70,1988,1.0,62000,61700,1613300,26.0,1748.5250934600738,43906.766149999996,24969.1041114
ILLINOIS,17,CUMBERLAND,035,17035,EAST SOUTHEAST,70,1989,1.0,61700,60900,2207700,36.5,2454.6602273574113,60083.659349999994,24645.3555978
ILLINOIS,17,CUMBERLAND,035,17035,EAST SOUTHEAST,70,1990,1.0,67100,66700,2489800,37.5,2521.911192490491,67761.1519,26992.532321400002
ILLINOIS,17,CUMBERLAND,035,17035,EAST SOUTHEAST,70,1991,1.0,66000,65300,2350800,36.0,2421.034744790871,63978.1974,26425.9724226
ILLINOIS,17,CUMBERLAND,035,17035,EAST SOUTHEAST,70,1992,1.0,67000,66500,2793000,42.0,2824.54053558935,76012.8915,26911.595193
ILLINOIS,17,CUMBERLAND,035,17035,EAST SOUTHEAST,70,1993,1.0,62000,60000,2310000,38.5,2589.1621576235707,62867.805,24281.13852
ILLINOIS,17,CUMBERLAND,035,17035,EAST SOUTHEAST,70,1994,1.0,68000,66000,2871000,43.5,2925.4169832889697,78135.7005,26709.252372
ILLINOIS,17,CUMBERLAND,035,17035,EAST SOUTHEAST,70,1995,1.0,74000,73600,2796800,38.0,2555.536675057031,76116.31039999999,29784.8632512
ILLINOIS,17,CUMBERLAND,035,17035,EAST SOUTHEAST,70,1996,1.0,69000,68600,2332400,34.0,2286.5328145247117,63477.432199999996,27761.435041200002
ILLINOIS,17,CUMBERLAND,035,17035,EAST SOUTHEAST,70,1997,1.0,65000,64200,2471700,38.5,2589.1621576235707,67268.55135,25980.8182164
ILLINOIS,17,CUMBERLAND,035,17035,EAST SOUTHEAST,70,1998,1.0,68000,67900,2749950,40.5,2723.66408788973,74841.26422499999,27478.1550918
ILLINOIS,17,CUMBERLAND,035,17035,EAST SOUTHEAST,70,1999,1.0,71000,70800,2407200,34.0,2286.5328145247117,65513.1516,28651.7434536
ILLINOIS,17,CUMBERLAND,035,17035,EAST SOUTHEAST,70,2000,1.0,74000,72600,2976600,41.0,2757.28957045627,81009.65729999999,29380.1776092
ILLINOIS,17,CUMBERLAND,035,17035,EAST SOUTHEAST,70,2001,1.0,74000,73600,3091200,42.0,2824.54053558935,84128.5536,29784.8632512
ILLINOIS,17,CUMBERLAND,035,17035,EAST SOUTHEAST,70,2002,1.0,75000,74700,3137400,42.0,2824.54053558935,85385.9097,30230.0174574
ILLINOIS,17,CUMBERLAND,035,17035,EAST SOUTHEAST,70,2003,1.0,68000,67800,2915400,43.0,2891.7915007224296,79344.0687,27437.686527600003
ILLINOIS,17,CUMBERLAND,035,17035,EAST SOUTHEAST,70,2004,1.0,70000,69800,3490000,50.0,3362.548256653988,94982.095,28247.0578116
ILLINOIS,17,CUMBERLAND,035,17035,EAST SOUTHEAST,70,2005,1.0,68000,67700,3046500,45.0,3026.293430988589,82912.02075,27397.217963400002
ILLINOIS,17,CUMBERLAND,035,17035,EAST SOUTHEAST,70,2006,1.0,75000,74700,3735000,50.0,3362.548256653988,101649.8925,30230.0174574
ILLINOIS,17,CUMBERLAND,035,17035,EAST SOUTHEAST,70,2007,1.0,67000,66900,3077400,46.0,3093.544396121669,83752.9797,27073.469449800003
ILLINOIS,17,CUMBERLAND,035,17035,EAST SOUTHEAST,70,2008,1.0,70000,69700,3066800,44.0,2959.0424658555094,83464.49539999999,28206.5892474
ILLINOIS,17,CUMBERLAND,035,17035,EAST SOUTHEAST,70,2009,1.0,75000,74800,3066800,41.0,2757.28957045627,83464.49539999999,30270.4860216
ILLINOIS,17,CUMBERLAND,035,17035,EAST SOUTHEAST,70,2010,1.0,69000,68800,3431000,49.9,3355.82316014068,93376.3805,27842.3721696
ILLINOIS,17,CUMBERLAND,035,17035,EAST SOUTHEAST,70,2011,1.0,71000,70900,3235000,45.6,3066.644010068437,88042.1425,28692.2120178
ILLINOIS,17,CUMBERLAND,035,17035,EAST SOUTHEAST,70,2012,1.0,68000,67700,2933000,43.3,2911.9667902623532,79823.0615,27397.217963400002
ILLINOIS,17,CUMBERLAND,035,17035,EAST SOUTHEAST,70,2013,1.0,67300,67100,3351000,49.9,3355.82316014068,91199.1405,27154.4065782
ILLINOIS,17,CUMBERLAND,035,17035,EAST SOUTHEAST,70,2014,1.0,71700,71500,3935000,55.0,3698.8030823193867,107092.9925,28935.023403
ILLINOIS,17,CUMBERLAND,035,17035,EAST SOUTHEAST,70,2015,1.0,68600,68500,4017000,58.6,3940.906556798474,109324.6635,27720.966477
ILLINOIS,17,CUMBERLAND,035,17035,EAST SOUTHEAST,70,2016,1.0,73400,73200,4322000,59.0,3967.806942851706,117625.391,29622.988994400002
ILLINOIS,17,CUMBERLAND,035,17035,EAST SOUTHEAST,70,2017,1.0,74500,74200,4012000,54.1,3638.277213699615,109188.586,30027.6746364
ILLINOIS,17,CUMBERLAND,035,17035,EAST SOUTHEAST,70,2018,1.0,80000,77300,5197000,67.2,4519.26485694296,141438.9535,31282.2001266
ILLINOIS,17,CUMBERLAND,035,17035,EAST SOUTHEAST,70,2019,1.0,72200,71600,3626000,50.6,3402.8988357338358,98683.403,28975.4919672
ILLINOIS,17,CUMBERLAND,035,17035,EAST SOUTHEAST,70,2020,1.0,76000,75700,4277000,56.5,3799.6795300190065,116400.6935,30634.7030994
ILLINOIS,17,CUMBERLAND,035,17035,EAST SOUTHEAST,70,2022,1.0,76700,76500,5141000,67.2,4519.26485694296,139914.8855,30958.451613
ILLINOIS,17,CUMBERLAND,035,17035,EAST SOUTHEAST,70,2023,1.0,67000,66700,4295000,64.4,4330.962154570337,116890.5725,26992.532321400002
ILLINOIS,17,DE KALB,037,17037,NORTHEAST,20,1980,1.0,115500,115000,4630600,40.5,2723.66408788973,126024.0943,46538.84883
ILLINOIS,17,DE KALB,037,17037,NORTHEAST,20,1981,1.0,105900,105000,4727300,45.0,3026.293430988589,128655.83314999999,42491.99241
ILLINOIS,17,DE KALB,037,17037,NORTHEAST,20,1982,1.0,113800,113500,4610500,40.5,2723.66408788973,125477.06275,45931.820367
ILLINOIS,17,DE KALB,037,17037,NORTHEAST,20,1983,1.0,103600,103000,4109100,40.0,2690.0386053231905,111831.21105,41682.621126
ILLINOIS,17,DE KALB,037,17037,NORTHEAST,20,1984,1.0,96500,95000,3560900,37.5,2521.911192490491,96911.67394999998,38445.13599
ILLINOIS,17,DE KALB,037,17037,NORTHEAST,20,1985,1.0,90800,90000,3942400,44.0,2959.0424658555094,107294.38719999998,36421.707780000004
ILLINOIS,17,DE KALB,037,17037,NORTHEAST,20,1986,1.0,95900,95600,3914700,41.0,2757.28957045627,106540.51784999999,38687.9473752
ILLINOIS,17,DE KALB,037,17037,NORTHEAST,20,1987,1.0,95700,94800,4496100,47.5,3194.4208438212886,122363.60955,38364.1988616
ILLINOIS,17,DE KALB,037,17037,NORTHEAST,20,1988,1.0,100000,99100,3737200,37.5,2521.911192490491,101709.76659999999,40104.3471222
ILLINOIS,17,DE KALB,037,17037,NORTHEAST,20,1989,1.0,103600,103000,4501200,43.5,2925.4169832889697,122502.4086,41682.621126
ILLINOIS,17,DE KALB,037,17037,NORTHEAST,20,1990,1.0,97300,97300,4492300,46.0,3093.544396121669,122260.19064999999,39375.9129666
ILLINOIS,17,DE KALB,037,17037,NORTHEAST,20,1991,1.0,107000,106400,5000800,47.0,3160.7953612547485,136099.27240000002,43058.552308800005
ILLINOIS,17,DE KALB,037,17037,NORTHEAST,20,1992,1.0,115000,114500,5095250,44.5,2992.6679484220494,138669.776375,46336.506009000004
ILLINOIS,17,DE KALB,037,17037,NORTHEAST,20,1993,1.0,116000,115000,5117500,44.5,2992.6679484220494,139275.32125,46538.84883
ILLINOIS,17,DE KALB,037,17037,NORTHEAST,20,1994,1.0,124000,123200,6652800,54.0,3631.552117186307,181059.2784,49857.2710944
ILLINOIS,17,DE KALB,037,17037,NORTHEAST,20,1995,1.0,126000,125900,5854350,46.5,3127.169878688209,159329.06242499998,50949.9223278
ILLINOIS,17,DE KALB,037,17037,NORTHEAST,20,1996,1.0,131000,127900,5116000,40.0,2690.0386053231905,139234.498,51759.2936118
ILLINOIS,17,DE KALB,037,17037,NORTHEAST,20,1997,1.0,140000,137500,6737500,49.0,3295.2972915209084,183364.43125,55644.275775
ILLINOIS,17,DE KALB,037,17037,NORTHEAST,20,1998,1.0,146000,145800,7873200,54.0,3631.552117186307,214273.0746,59003.1666036
ILLINOIS,17,DE KALB,037,17037,NORTHEAST,20,1999,1.0,149000,148000,7696000,52.0,3497.0501869201476,209450.488,59893.475016000004
ILLINOIS,17,DE KALB,037,17037,NORTHEAST,20,2000,1.0,139000,138400,6228000,45.0,3026.293430988589,169498.134,56008.4928528
ILLINOIS,17,DE KALB,037,17037,NORTHEAST,20,2001,1.0,149000,147700,6794200,46.0,3093.544396121669,184907.5501,59772.0693234
ILLINOIS,17,DE KALB,037,17037,NORTHEAST,20,2002,1.0,139000,137900,6343400,46.0,3093.544396121669,172638.8027,55806.1500318
ILLINOIS,17,DE KALB,037,17037,NORTHEAST,20,2003,1.0,131000,130300,4560500,35.0,2353.7837796577915,124116.28775,52730.5391526
ILLINOIS,17,DE KALB,037,17037,NORTHEAST,20,2004,1.0,121000,120500,6025000,50.0,3362.548256653988,163973.3875,48764.619861
ILLINOIS,17,DE KALB,037,17037,NORTHEAST,20,2005,1.0,110000,109100,4800400,44.0,2959.0424658555094,130645.28619999999,44151.203542200004
ILLINOIS,17,DE KALB,037,17037,NORTHEAST,20,2006,1.0,116000,115400,6231600,54.0,3631.552117186307,169596.10979999998,46700.723086800004
ILLINOIS,17,DE KALB,037,17037,NORTHEAST,20,2007,1.0,82000,81800,4171800,51.0,3429.799221787068,113537.62289999999,33103.2855156
ILLINOIS,17,DE KALB,037,17037,NORTHEAST,20,2008,1.0,95000,94700,4545600,48.0,3228.0463263878282,123710.77679999999,38323.7302974
ILLINOIS,17,DE KALB,037,17037,NORTHEAST,20,2009,1.0,96000,95700,4497900,47.0,3160.7953612547485,122412.59744999999,38728.4159394
ILLINOIS,17,DE KALB,037,17037,NORTHEAST,20,2010,1.0,98000,97200,5568000,57.3,3853.48030212547,151535.904,39335.444402400004
ILLINOIS,17,DE KALB,037,17037,NORTHEAST,20,2011,1.0,84000,83800,5063000,60.4,4061.9582940380174,137792.0765,33912.6567996
ILLINOIS,17,DE KALB,037,17037,NORTHEAST,20,2012,1.0,92000,91700,4722000,51.5,3463.4247043536075,128511.591,37109.6733714
ILLINOIS,17,DE KALB,037,17037,NORTHEAST,20,2013,1.0,90400,90300,5379000,59.6,4008.1575219315537,146392.1745,36543.1134726
ILLINOIS,17,DE KALB,037,17037,NORTHEAST,20,2014,1.0,114500,114300,6856000,60.0,4035.0579079847857,186589.468,46255.5688806
ILLINOIS,17,DE KALB,037,17037,NORTHEAST,20,2015,1.0,113500,113400,6937000,61.2,4115.759066144481,188793.9235,45891.3518028
ILLINOIS,17,DE KALB,037,17037,NORTHEAST,20,2016,1.0,118500,118400,7987000,67.5,4539.440146482883,217370.1985,47914.7800128
ILLINOIS,17,DE KALB,037,17037,NORTHEAST,20,2017,1.0,125500,125200,6707000,53.6,3604.6517311330754,182534.3585,50666.6423784
ILLINOIS,17,DE KALB,037,17037,NORTHEAST,20,2018,1.0,118000,115200,7042000,61.1,4109.033969631173,191651.551,46619.7859584
ILLINOIS,17,DE KALB,037,17037,NORTHEAST,20,2019,1.0,115500,115400,6420000,55.6,3739.153661399235,174723.51,46700.723086800004
ILLINOIS,17,DE KALB,037,17037,NORTHEAST,20,2020,1.0,113500,113000,6667000,59.0,3967.806942851706,181445.7385,45729.477546
ILLINOIS,17,DE KALB,037,17037,NORTHEAST,20,2021,1.0,126000,124900,7981000,63.9,4297.336672003797,217206.9055,50545.2366858
ILLINOIS,17,DE KALB,037,17037,NORTHEAST,20,2022,1.0,131500,131100,8508000,64.9,4364.587637136877,231549.474,53054.2876662
ILLINOIS,17,DE KALB,037,17037,NORTHEAST,20,2023,1.0,122000,121500,7873000,64.8,4357.862540623568,214267.6315,49169.305503
ILLINOIS,17,DE KALB,037,17037,NORTHEAST,20,2025,1.0,118500,117800,8387000,71.2,4788.268717475279,228256.3985,47671.9686276
ILLINOIS,17,DE WITT,039,17039,CENTRAL,40,1980,1.0,93300,93000,3376700,36.5,2454.6602273574113,91898.57884999999,37635.764706
ILLINOIS,17,DE WITT,039,17039,CENTRAL,40,1981,1.0,96900,96000,3741300,39.0,2622.787640190111,101821.35014999998,38849.821632
ILLINOIS,17,DE WITT,039,17039,CENTRAL,40,1982,1.0,91200,91000,3914800,43.0,2891.7915007224296,106543.23939999999,36826.393422
ILLINOIS,17,DE WITT,039,17039,CENTRAL,40,1983,1.0,96300,96000,3391400,35.5,2387.4092622243315,92298.6467,38849.821632
ILLINOIS,17,DE WITT,039,17039,CENTRAL,40,1984,1.0,94100,93000,3568200,38.5,2589.1621576235707,97110.3471,37635.764706
ILLINOIS,17,DE WITT,039,17039,CENTRAL,40,1985,1.0,91500,91000,4488900,49.5,3328.922774087448,122167.65795,36826.393422
ILLINOIS,17,DE WITT,039,17039,CENTRAL,40,1986,1.0,90000,89700,4165800,46.5,3127.169878688209,113374.3299,36300.3020874
ILLINOIS,17,DE WITT,039,17039,CENTRAL,40,1987,1.0,91600,90900,4084200,45.0,3026.293430988589,111153.54509999999,36785.924857800004
ILLINOIS,17,DE WITT,039,17039,CENTRAL,40,1988,1.0,91900,91700,2766500,30.0,2017.5289539923929,75291.68075,37109.6733714
ILLINOIS,17,DE WITT,039,17039,CENTRAL,40,1989,1.0,92800,92700,4281200,46.0,3093.544396121669,116514.99859999999,37514.359013400004
ILLINOIS,17,DE WITT,039,17039,CENTRAL,40,1990,1.0,102300,102100,4362900,42.5,2858.1660181558896,118738.50494999999,41318.4040482
ILLINOIS,17,DE WITT,039,17039,CENTRAL,40,1991,1.0,95000,94100,4375650,46.5,3127.169878688209,119085.50257499999,38080.9189122
ILLINOIS,17,DE WITT,039,17039,CENTRAL,40,1992,1.0,96000,95400,4245300,44.5,2992.6679484220494,115537.96214999999,38607.010246800004
ILLINOIS,17,DE WITT,039,17039,CENTRAL,40,1993,1.0,97000,96000,4320000,45.0,3026.293430988589,117570.96,38849.821632
ILLINOIS,17,DE WITT,039,17039,CENTRAL,40,1994,1.0,97000,96800,4694800,48.5,3261.6718089543683,127771.32939999999,39173.5701456
ILLINOIS,17,DE WITT,039,17039,CENTRAL,40,1995,1.0,95000,94600,3925900,41.5,2790.91505302281,106845.33144999998,38283.2617332
ILLINOIS,17,DE WITT,039,17039,CENTRAL,40,1996,1.0,92000,91900,4273350,46.5,3127.169878688209,116301.356925,37190.6104998
ILLINOIS,17,DE WITT,039,17039,CENTRAL,40,1997,1.0,95000,94700,4308850,45.5,3059.918913555129,117267.50717499999,38323.7302974
ILLINOIS,17,DE WITT,039,17039,CENTRAL,40,1998,1.0,93000,92800,4454400,48.0,3228.0463263878282,121228.7232,37554.8275776
ILLINOIS,17,DE WITT,039,17039,CENTRAL,40,1999,1.0,95000,94600,4919200,52.0,3497.0501869201476,133878.4876,38283.2617332
ILLINOIS,17,DE WITT,039,17039,CENTRAL,40,2000,1.0,98000,97900,4601300,47.0,3160.7953612547485,125226.68014999999,39618.7243518
ILLINOIS,17,DE WITT,039,17039,CENTRAL,40,2001,1.0,97000,96500,4632000,48.0,3228.0463263878282,126062.196,39052.164453
ILLINOIS,17,DE WITT,039,17039,CENTRAL,40,2002,1.0,95000,94700,4924400,52.0,3497.0501869201476,134020.00819999998,38323.7302974
ILLINOIS,17,DE WITT,039,17039,CENTRAL,40,2003,1.0,95000,94800,3792000,40.0,2690.0386053231905,103201.176,38364.1988616
ILLINOIS,17,DE WITT,039,17039,CENTRAL,40,2004,1.0,94000,93500,5049000,54.0,3631.552117186307,137411.0595,37838.107527
ILLINOIS,17,DE WITT,039,17039,CENTRAL,40,2005,1.0,90000,89600,5017600,56.0,3766.0540474524664,136556.49279999998,36259.8335232
ILLINOIS,17,DE WITT,039,17039,CENTRAL,40,2006,1.0,92000,91600,4946400,54.0,3631.552117186307,134618.7492,37069.2048072
ILLINOIS,17,DE WITT,039,17039,CENTRAL,40,2007,1.0,79000,78800,4255200,54.0,3631.552117186307,115807.39559999999,31889.2285896
ILLINOIS,17,DE WITT,039,17039,CENTRAL,40,2008,1.0,84000,82600,4047400,49.0,3295.2972915209084,110152.01469999999,33427.034029200004
ILLINOIS,17,DE WITT,039,17039,CENTRAL,40,2009,1.0,85000,84100,4625500,55.0,3698.8030823193867,125885.29525,34034.0624922
ILLINOIS,17,DE WITT,039,17039,CENTRAL,40,2010,1.0,92000,91700,5475000,59.7,4014.8826184448617,149004.8625,37109.6733714
ILLINOIS,17,DE WITT,039,17039,CENTRAL,40,2011,1.0,87000,86900,4867000,56.0,3766.0540474524664,132457.8385,35167.1822898
ILLINOIS,17,DE WITT,039,17039,CENTRAL,40,2012,1.0,92000,91600,5096000,55.6,3739.153661399235,138690.188,37069.2048072
ILLINOIS,17,DE WITT,039,17039,CENTRAL,40,2014,1.0,97900,97700,6203000,63.5,4270.4362859505645,168817.7465,39537.7872234
ILLINOIS,17,DE WITT,039,17039,CENTRAL,40,2015,1.0,96400,96300,6110000,63.4,4263.7111894372565,166286.705,38971.227324600004
ILLINOIS,17,DE WITT,039,17039,CENTRAL,40,2016,1.0,95000,94900,5894000,62.1,4176.284934764253,160408.157,38404.6674258
ILLINOIS,17,DE WITT,039,17039,CENTRAL,40,2017,1.0,99300,98900,6517000,65.9,4431.838602269957,177363.4135,40023.4099938
ILLINOIS,17,DE WITT,039,17039,CENTRAL,40,2018,1.0,102000,99300,7443000,75.0,5043.822384980982,202564.9665,40185.2842506
ILLINOIS,17,DE WITT,039,17039,CENTRAL,40,2020,1.0,102000,101500,6740000,66.4,4465.464084836496,183432.47,41075.592663
ILLINOIS,17,DE WITT,039,17039,CENTRAL,40,2021,1.0,104500,103700,7332000,70.7,4754.643234908739,199544.046,41965.901075400005
ILLINOIS,17,DE WITT,039,17039,CENTRAL,40,2022,1.0,100500,100100,6807000,68.0,4573.0656290494235,185255.9085,40509.032764200005
ILLINOIS,17,DOUGLAS,041,17041,EAST SOUTHEAST,70,1980,1.0,112500,112000,4578300,41.0,2757.28957045627,124600.72364999999,45324.791904
ILLINOIS,17,DOUGLAS,041,17041,EAST SOUTHEAST,70,1981,1.0,119200,118000,4802900,40.5,2723.66408788973,130713.32495,47752.905756
ILLINOIS,17,DOUGLAS,041,17041,EAST SOUTHEAST,70,1982,1.0,115700,115000,4778700,41.5,2790.91505302281,130054.70985,46538.84883
ILLINOIS,17,DOUGLAS,041,17041,EAST SOUTHEAST,70,1983,1.0,115100,115000,3724300,32.5,2185.6563668250924,101358.68664999999,46538.84883
ILLINOIS,17,DOUGLAS,041,17041,EAST SOUTHEAST,70,1984,1.0,111500,110000,3712300,33.5,2252.907331958172,101032.10065,44515.420620000004
ILLINOIS,17,DOUGLAS,041,17041,EAST SOUTHEAST,70,1985,1.0,111400,109000,5593200,51.5,3463.4247043536075,152221.7346,44110.734978
ILLINOIS,17,DOUGLAS,041,17041,EAST SOUTHEAST,70,1986,1.0,111700,111200,5219800,47.0,3160.7953612547485,142059.4669,45001.0433904
ILLINOIS,17,DOUGLAS,041,17041,EAST SOUTHEAST,70,1987,1.0,111500,110400,4960400,45.0,3026.293430988589,134999.76619999998,44677.2948768
ILLINOIS,17,DOUGLAS,041,17041,EAST SOUTHEAST,70,1988,1.0,114900,114400,3566400,31.0,2084.7799191254726,97061.35919999999,46296.0374448
ILLINOIS,17,DOUGLAS,041,17041,EAST SOUTHEAST,70,1989,1.0,108000,107500,4858000,45.0,3026.293430988589,132212.899,43503.706515
ILLINOIS,17,DOUGLAS,041,17041,EAST SOUTHEAST,70,1990,1.0,112600,112500,4917800,43.5,2925.4169832889697,133840.3859,45527.134725
ILLINOIS,17,DOUGLAS,041,17041,EAST SOUTHEAST,70,1991,1.0,108000,107000,3905500,36.5,2454.6602273574113,106290.13525,43301.363694
ILLINOIS,17,DOUGLAS,041,17041,EAST SOUTHEAST,70,1992,1.0,108000,107000,5189500,48.5,3261.6718089543683,141234.83725,43301.363694
ILLINOIS,17,DOUGLAS,041,17041,EAST SOUTHEAST,70,1993,1.0,112000,109000,5395500,49.5,3328.922774087448,146841.23025,44110.734978
ILLINOIS,17,DOUGLAS,041,17041,EAST SOUTHEAST,70,1994,1.0,108000,106100,5411100,51.0,3429.799221787068,147265.79205,42937.1466162
ILLINOIS,17,DOUGLAS,041,17041,EAST SOUTHEAST,70,1995,1.0,110000,109500,4872750,44.5,2992.6679484220494,132614.327625,44313.077799
ILLINOIS,17,DOUGLAS,041,17041,EAST SOUTHEAST,70,1996,1.0,109000,108200,4706700,43.5,2925.4169832889697,128095.19385,43786.986464400004
ILLINOIS,17,DOUGLAS,041,17041,EAST SOUTHEAST,70,1997,1.0,114000,112700,4733400,42.0,2824.54053558935,128821.84769999998,45608.071853400004
ILLINOIS,17,DOUGLAS,041,17041,EAST SOUTHEAST,70,1998,1.0,113000,112700,4677050,41.5,2790.91505302281,127288.25427499998,45608.071853400004
ILLINOIS,17,DOUGLAS,041,17041,EAST SOUTHEAST,70,1999,1.0,117000,116700,5484900,47.0,3160.7953612547485,149274.29595,47226.8144214
ILLINOIS,17,DOUGLAS,041,17041,EAST SOUTHEAST,70,2000,1.0,118000,117900,5659200,48.0,3228.0463263878282,154017.9576,47712.4371918
ILLINOIS,17,DOUGLAS,041,17041,EAST SOUTHEAST,70,2001,1.0,119000,118300,6033300,51.0,3429.799221787068,164199.27615000002,47874.311448600005
ILLINOIS,17,DOUGLAS,041,17041,EAST SOUTHEAST,70,2002,1.0,118000,117700,5767300,49.0,3295.2972915209084,156959.95315000002,47631.5000634
ILLINOIS,17,DOUGLAS,041,17041,EAST SOUTHEAST,70,2003,1.0,118000,117800,5065400,43.0,2891.7915007224296,137857.3937,47671.9686276
ILLINOIS,17,DOUGLAS,041,17041,EAST SOUTHEAST,70,2004,1.0,113000,112700,6085800,54.0,3631.552117186307,165628.0899,45608.071853400004
ILLINOIS,17,DOUGLAS,041,17041,EAST SOUTHEAST,70,2005,1.0,110000,109600,5589600,51.0,3429.799221787068,152123.75879999998,44353.5463632
ILLINOIS,17,DOUGLAS,041,17041,EAST SOUTHEAST,70,2006,1.0,114000,113500,6129000,54.0,3631.552117186307,166803.7995,45931.820367
ILLINOIS,17,DOUGLAS,041,17041,EAST SOUTHEAST,70,2007,1.0,95000,94900,5314400,56.0,3766.0540474524664,144634.0532,38404.6674258
ILLINOIS,17,DOUGLAS,041,17041,EAST SOUTHEAST,70,2008,1.0,111000,110100,5615100,51.0,3429.799221787068,152817.75405,44555.8891842
ILLINOIS,17,DOUGLAS,041,17041,EAST SOUTHEAST,70,2009,1.0,109000,108800,5984000,55.0,3698.8030823193867,162857.552,44029.7978496
ILLINOIS,17,DOUGLAS,041,17041,EAST SOUTHEAST,70,2010,1.0,106000,105400,6046000,57.4,3860.205398638778,164544.913,42653.8666668
ILLINOIS,17,DOUGLAS,041,17041,EAST SOUTHEAST,70,2011,1.0,100000,99900,5013000,50.2,3375.998449680604,136431.3015,40428.095635800004
ILLINOIS,17,DOUGLAS,041,17041,EAST SOUTHEAST,70,2012,1.0,103000,102400,4655000,45.5,3059.918913555129,126688.1525,41439.8097408
ILLINOIS,17,DOUGLAS,041,17041,EAST SOUTHEAST,70,2013,1.0,103500,103400,5386000,52.1,3503.7752834334556,146582.683,41844.4953828
ILLINOIS,17,DOUGLAS,041,17041,EAST SOUTHEAST,70,2014,1.0,105000,104800,6893000,65.8,4425.113505756648,187596.4415,42411.0552816
ILLINOIS,17,DOUGLAS,041,17041,EAST SOUTHEAST,70,2015,1.0,108000,107900,7224000,67.0,4505.814663916344,196604.772,43665.5807718
ILLINOIS,17,DOUGLAS,041,17041,EAST SOUTHEAST,70,2016,1.0,109500,109300,7366000,67.4,4532.715049969576,200469.373,44232.1406706
ILLINOIS,17,DOUGLAS,041,17041,EAST SOUTHEAST,70,2017,1.0,114000,113000,7195000,63.7,4283.886478977181,195815.5225,45729.477546
ILLINOIS,17,DOUGLAS,041,17041,EAST SOUTHEAST,70,2018,1.0,115000,111700,8719000,78.1,5252.300376893529,237291.9445,45203.3862114
ILLINOIS,17,DOUGLAS,041,17041,EAST SOUTHEAST,70,2019,1.0,108500,107500,6706000,62.4,4196.460224304177,182507.143,43503.706515
ILLINOIS,17,DOUGLAS,041,17041,EAST SOUTHEAST,70,2020,1.0,114000,113500,7616000,67.1,4512.539760429651,207273.248,45931.820367
ILLINOIS,17,DOUGLAS,041,17041,EAST SOUTHEAST,70,2022,1.0,114500,114100,7873000,69.0,4640.316594182504,214267.6315,46174.6317522
ILLINOIS,17,DOUGLAS,041,17041,EAST SOUTHEAST,70,2023,1.0,108500,108000,7355000,68.1,4579.7907255627315,200170.0025,43706.049336000004
ILLINOIS,17,DOUGLAS,041,17041,EAST SOUTHEAST,70,2024,1.0,113500,113100,7917000,70.0,4707.567559315583,215465.1135,45769.9461102
ILLINOIS,17,DOUGLAS,041,17041,EAST SOUTHEAST,70,2025,1.0,108000,107400,7486000,69.7,4687.39226977566,203735.233,43463.2379508
ILLINOIS,17,DU PAGE,043,17043,NORTHEAST,20,1980,1.0,17100,17000,581800,34.0,2286.5328145247117,15833.977899999998,6879.655914
ILLINOIS,17,DU PAGE,043,17043,NORTHEAST,20,1981,1.0,12600,12500,467900,37.5,2521.911192490491,12734.13245,5058.570525
ILLINOIS,17,DU PAGE,043,17043,NORTHEAST,20,1982,1.0,12100,12000,433300,36.0,2421.034744790871,11792.476149999999,4856.227704
ILLINOIS,17,DU PAGE,043,17043,NORTHEAST,20,1983,1.0,11500,11500,358800,31.0,2084.7799191254726,9764.921400000001,4653.884883
ILLINOIS,17,DU PAGE,043,17043,NORTHEAST,20,1984,1.0,12600,12500,372400,30.0,2017.5289539923929,10135.0522,5058.570525
ILLINOIS,17,DU PAGE,043,17043,NORTHEAST,20,1985,1.0,11100,11000,420900,38.5,2589.1621576235707,11455.003949999998,4451.542062
ILLINOIS,17,DU PAGE,043,17043,NORTHEAST,20,1986,1.0,10300,10200,346400,34.0,2286.5328145247117,9427.4492,4127.7935484
ILLINOIS,17,DU PAGE,043,17043,NORTHEAST,20,1987,1.0,9000,8900,337700,38.0,2555.536675057031,9190.67435,3601.7022138
ILLINOIS,17,DU PAGE,043,17043,NORTHEAST,20,1988,1.0,8300,8100,272900,33.5,2252.907331958172,7427.109949999999,3277.9537002
ILLINOIS,17,DU PAGE,043,17043,NORTHEAST,20,1989,1.0,8000,7900,290300,36.5,2454.6602273574113,7900.65965,3197.0165718000003
ILLINOIS,17,DU PAGE,043,17043,NORTHEAST,20,1990,1.0,6400,6400,273500,42.5,2858.1660181558896,7443.43925,2589.9881088
ILLINOIS,17,DU PAGE,043,17043,NORTHEAST,20,1991,1.0,6000,5900,156350,26.5,1782.1505760266136,4255.143425,2387.6452878
ILLINOIS,17,DU PAGE,043,17043,NORTHEAST,20,1992,1.0,5000,4900,191100,39.0,2622.787640190111,5200.88205,1982.9596458
ILLINOIS,17,DU PAGE,043,17043,NORTHEAST,20,1993,1.0,5000,4900,191100,39.0,2622.787640190111,5200.88205,1982.9596458
ILLINOIS,17,DU PAGE,043,17043,NORTHEAST,20,1994,1.0,5000,4600,209300,45.5,3059.918913555129,5696.20415,1861.5539532
ILLINOIS,17,DU PAGE,043,17043,NORTHEAST,20,1995,1.0,6000,5900,212400,36.0,2421.034744790871,5780.5722000000005,2387.6452878
ILLINOIS,17,DU PAGE,043,17043,NORTHEAST,20,1996,1.0,7000,6700,197650,29.5,1983.903471425853,5379.143575,2711.3938014
ILLINOIS,17,DU PAGE,043,17043,NORTHEAST,20,1997,1.0,5000,4900,230300,47.0,3160.7953612547485,6267.729649999999,1982.9596458
ILLINOIS,17,DU PAGE,043,17043,NORTHEAST,20,1998,1.0,5000,4900,227850,46.5,3127.169878688209,6201.051675,1982.9596458
ILLINOIS,17,DU PAGE,043,17043,NORTHEAST,20,1999,1.0,5000,4900,230300,47.0,3160.7953612547485,6267.729649999999,1982.9596458
ILLINOIS,17,DU PAGE,043,17043,NORTHEAST,20,2000,1.0,4000,3300,102300,31.0,2084.7799191254726,2784.14565,1335.4626186
ILLINOIS,17,DU PAGE,043,17043,NORTHEAST,20,2001,1.0,5000,4900,161700,33.0,2219.281849391632,4400.746349999999,1982.9596458
ILLINOIS,17,DU PAGE,043,17043,NORTHEAST,20,2002,1.0,4000,3800,144400,38.0,2555.536675057031,3929.9181999999996,1537.8054396
ILLINOIS,17,DU PAGE,043,17043,NORTHEAST,20,2003,1.0,3000,2900,104400,36.0,2421.034744790871,2841.2981999999997,1173.5883618
ILLINOIS,17,DU PAGE,043,17043,NORTHEAST,20,2004,1.0,2000,1900,79800,42.0,2824.54053558935,2171.7969,768.9027198
ILLINOIS,17,DU PAGE,043,17043,NORTHEAST,20,2005,1.0,2000,1900,62700,33.0,2219.281849391632,1706.41185,768.9027198
ILLINOIS,17,DU PAGE,043,17043,NORTHEAST,20,2006,1.0,4000,3900,183300,47.0,3160.7953612547485,4988.6011499999995,1578.2740038
ILLINOIS,17,DU PAGE,043,17043,NORTHEAST,20,2007,1.0,2000,1900,91200,48.0,3228.0463263878282,2482.0536,768.9027198
ILLINOIS,17,EDGAR,045,17045,EAST SOUTHEAST,70,1980,1.0,143600,143000,5340300,37.5,2521.911192490491,145338.93465,57870.046806
ILLINOIS,17,EDGAR,045,17045,EAST SOUTHEAST,70,1981,1.0,151800,150000,5800200,38.5,2589.1621576235707,157855.3431,60702.846300000005
ILLINOIS,17,EDGAR,045,17045,EAST SOUTHEAST,70,1982,1.0,141800,141000,5647300,40.0,2690.0386053231905,153694.09315,57060.675522000005
ILLINOIS,17,EDGAR,045,17045,EAST SOUTHEAST,70,1983,1.0,152000,151000,5200500,34.5,2320.158297091252,141534.20775,61107.531942
ILLINOIS,17,EDGAR,045,17045,EAST SOUTHEAST,70,1984,1.0,149900,148000,5137600,34.5,2320.158297091252,139822.3528,59893.475016000004
ILLINOIS,17,EDGAR,045,17045,EAST SOUTHEAST,70,1985,1.0,143100,142000,6572200,46.5,3127.169878688209,178865.7091,57465.361164
ILLINOIS,17,EDGAR,045,17045,EAST SOUTHEAST,70,1986,1.0,144900,144600,6210000,43.0,2891.7915007224296,169008.255,58517.543833200005
ILLINOIS,17,EDGAR,045,17045,EAST SOUTHEAST,70,1987,1.0,145700,144200,5687200,39.5,2656.4131227566504,154779.9916,58355.6695764
ILLINOIS,17,EDGAR,045,17045,EAST SOUTHEAST,70,1988,1.0,148800,148200,4694700,31.5,2118.405401692012,127768.60785,59974.412144400005
ILLINOIS,17,EDGAR,045,17045,EAST SOUTHEAST,70,1989,1.0,140800,140400,5787000,41.0,2757.28957045627,157496.0985,56817.8641368
ILLINOIS,17,EDGAR,045,17045,EAST SOUTHEAST,70,1990,1.0,140800,140400,5930600,42.0,2824.54053558935,161404.2443,56817.8641368
ILLINOIS,17,EDGAR,045,17045,EAST SOUTHEAST,70,1991,1.0,153000,151300,6279950,41.5,2790.91505302281,170911.979225,61228.9376346
ILLINOIS,17,EDGAR,045,17045,EAST SOUTHEAST,70,1992,1.0,153000,151200,6876400,45.5,3059.918913555129,187144.6642,61188.4690704
ILLINOIS,17,EDGAR,045,17045,EAST SOUTHEAST,70,1993,1.0,146000,145000,6887500,47.5,3194.4208438212886,187446.75625,58679.41809
ILLINOIS,17,EDGAR,045,17045,EAST SOUTHEAST,70,1994,1.0,147000,146200,7090950,48.5,3261.6718089543683,192983.749725,59165.040860400004
ILLINOIS,17,EDGAR,045,17045,EAST SOUTHEAST,70,1995,1.0,140000,139000,5908650,42.5,2858.1660181558896,160806.864075,56251.304238000004
ILLINOIS,17,EDGAR,045,17045,EAST SOUTHEAST,70,1996,1.0,146000,145200,5953200,41.0,2757.28957045627,162019.31459999998,58760.3552184
ILLINOIS,17,EDGAR,045,17045,EAST SOUTHEAST,70,1997,1.0,147000,146600,6010600,41.0,2757.28957045627,163581.48429999998,59326.9151172
ILLINOIS,17,EDGAR,045,17045,EAST SOUTHEAST,70,1998,1.0,151000,150700,6178700,41.0,2757.28957045627,168156.40985,60986.126249400004
ILLINOIS,17,EDGAR,045,17045,EAST SOUTHEAST,70,1999,1.0,156000,155500,7308500,47.0,3160.7953612547485,198904.48175,62928.617331
ILLINOIS,17,EDGAR,045,17045,EAST SOUTHEAST,70,2000,1.0,154000,153900,7079400,46.0,3093.544396121669,192669.41069999998,62281.1203038
ILLINOIS,17,EDGAR,045,17045,EAST SOUTHEAST,70,2001,1.0,155000,154100,7550900,49.0,3295.2972915209084,205501.51895,62362.0574322
ILLINOIS,17,EDGAR,045,17045,EAST SOUTHEAST,70,2002,1.0,157000,156700,7051500,45.0,3026.293430988589,191910.09825,63414.2401014
ILLINOIS,17,EDGAR,045,17045,EAST SOUTHEAST,70,2003,1.0,150000,149500,6428500,43.0,2891.7915007224296,174954.84175,60500.503479
ILLINOIS,17,EDGAR,045,17045,EAST SOUTHEAST,70,2004,1.0,148000,147600,8265600,56.0,3766.0540474524664,224952.4368,59731.6007592
ILLINOIS,17,EDGAR,045,17045,EAST SOUTHEAST,70,2005,1.0,146000,145400,7560800,52.0,3497.0501869201476,205770.95239999998,58841.2923468
ILLINOIS,17,EDGAR,045,17045,EAST SOUTHEAST,70,2006,1.0,153000,152200,8066600,53.0,3564.3011520532273,219536.55229999998,61593.1547124
ILLINOIS,17,EDGAR,045,17045,EAST SOUTHEAST,70,2007,1.0,137000,136800,7387200,54.0,3631.552117186307,201046.34159999999,55360.9958256
ILLINOIS,17,EDGAR,045,17045,EAST SOUTHEAST,70,2008,1.0,144000,143400,7170000,50.0,3362.548256653988,195135.135,58031.9210628
ILLINOIS,17,EDGAR,045,17045,EAST SOUTHEAST,70,2009,1.0,148000,147800,7094400,48.0,3228.0463263878282,193077.6432,59812.5378876
ILLINOIS,17,EDGAR,045,17045,EAST SOUTHEAST,70,2010,1.0,149000,148500,8011000,53.9,3624.827020672999,218023.3705,60095.817837
ILLINOIS,17,EDGAR,045,17045,EAST SOUTHEAST,70,2011,1.0,154000,153700,8266000,53.8,3618.101924159691,224963.323,62200.1831754
ILLINOIS,17,EDGAR,045,17045,EAST SOUTHEAST,70,2012,1.0,152000,151500,5891000,38.9,2616.0625436768028,160326.5105,61309.874763
ILLINOIS,17,EDGAR,045,17045,EAST SOUTHEAST,70,2013,1.0,149500,149500,8635000,57.8,3887.10578469201,235005.8425,60500.503479
ILLINOIS,17,EDGAR,045,17045,EAST SOUTHEAST,70,2014,1.0,156500,156300,9598000,61.4,4129.209259171097,261214.369,63252.365844600004
ILLINOIS,17,EDGAR,045,17045,EAST SOUTHEAST,70,2015,1.0,161000,160900,9372000,58.2,3914.0061707452423,255063.666,65113.9197978
ILLINOIS,17,EDGAR,045,17045,EAST SOUTHEAST,70,2016,1.0,156000,155000,10077000,65.0,4371.312733650185,274250.5935,62726.27451
ILLINOIS,17,EDGAR,045,17045,EAST SOUTHEAST,70,2017,1.0,167500,166900,10800000,64.7,4351.137444110261,293927.4,67542.0336498
ILLINOIS,17,EDGAR,045,17045,EAST SOUTHEAST,70,2018,1.0,165000,161000,11195000,69.5,4673.942076749044,304677.5225,65154.388362000005
ILLINOIS,17,EDGAR,045,17045,EAST SOUTHEAST,70,2019,1.0,159000,156500,9318000,59.5,4001.4324254182457,253594.029,63333.302973000005
ILLINOIS,17,EDGAR,045,17045,EAST SOUTHEAST,70,2020,1.0,160500,159800,9748000,61.0,4102.308873117865,265296.694,64668.7655916
ILLINOIS,17,EDGAR,045,17045,EAST SOUTHEAST,70,2021,1.0,158500,157200,11130000,70.8,4761.368331422047,302908.515,63616.582922400004
ILLINOIS,17,EDGAR,045,17045,EAST SOUTHEAST,70,2022,1.0,164500,164000,11136000,67.9,4566.340532536116,303071.808,66368.445288
ILLINOIS,17,EDGAR,045,17045,EAST SOUTHEAST,70,2023,1.0,156500,155700,10307000,66.2,4452.01389180988,280510.1585,63009.5544594
ILLINOIS,17,EDGAR,045,17045,EAST SOUTHEAST,70,2024,1.0,165500,164700,11727000,71.2,4788.268717475279,319156.1685,66651.72523740001
ILLINOIS,17,EDWARDS,047,17047,SOUTHEAST,90,1980,1.0,41500,41000,1021300,25.0,1681.274128326994,27795.19015,16592.111322
ILLINOIS,17,EDWARDS,047,17047,SOUTHEAST,90,1981,1.0,34700,34500,1170100,34.0,2286.5328145247117,31844.856549999997,13961.654649
ILLINOIS,17,EDWARDS,047,17047,SOUTHEAST,90,1982,1.0,37600,37500,1284700,34.5,2320.158297091252,34963.752850000004,15175.711575000001
ILLINOIS,17,EDWARDS,047,17047,SOUTHEAST,90,1983,1.0,37800,37500,805400,21.5,1445.8957503612148,21919.363699999998,15175.711575000001
ILLINOIS,17,EDWARDS,047,17047,SOUTHEAST,90,1984,1.0,41200,40000,1073700,27.0,1815.7760585931535,29221.282349999998,16187.42568
ILLINOIS,17,EDWARDS,047,17047,SOUTHEAST,90,1985,1.0,40300,40000,1547100,38.5,2589.1621576235707,42105.100049999994,16187.42568
ILLINOIS,17,EDWARDS,047,17047,SOUTHEAST,90,1986,1.0,38500,38300,1510900,39.5,2656.4131227566504,41119.898949999995,15499.4600886
ILLINOIS,17,EDWARDS,047,17047,SOUTHEAST,90,1987,1.0,36200,35800,1179600,33.0,2219.281849391632,32103.403799999996,14487.7459836
ILLINOIS,17,EDWARDS,047,17047,SOUTHEAST,90,1988,1.0,34700,34400,934000,27.0,1815.7760585931535,25419.277,13921.1860848
ILLINOIS,17,EDWARDS,047,17047,SOUTHEAST,90,1989,1.0,37200,36900,1301000,35.5,2387.4092622243315,35407.3655,14932.9001898
ILLINOIS,17,EDWARDS,047,17047,SOUTHEAST,90,1990,1.0,38400,37600,1218900,32.5,2185.6563668250924,33172.972949999996,15216.1801392
ILLINOIS,17,EDWARDS,047,17047,SOUTHEAST,90,1991,1.0,39000,38600,1312400,34.0,2286.5328145247117,35717.6222,15620.8657812
ILLINOIS,17,EDWARDS,047,17047,SOUTHEAST,90,1992,1.0,40000,39800,1592000,40.0,2690.0386053231905,43327.076,16106.488551600001
ILLINOIS,17,EDWARDS,047,17047,SOUTHEAST,90,1993,1.0,41000,40000,1500000,37.5,2521.911192490491,40823.25,16187.42568
ILLINOIS,17,EDWARDS,047,17047,SOUTHEAST,90,1994,1.0,41000,40000,1480000,37.0,2488.285709923951,40278.94,16187.42568
ILLINOIS,17,EDWARDS,047,17047,SOUTHEAST,90,1995,1.0,45000,44800,1545600,34.5,2320.158297091252,42064.2768,18129.9167616
ILLINOIS,17,EDWARDS,047,17047,SOUTHEAST,90,1996,1.0,49000,48900,2151600,44.0,2959.0424658555094,58556.8698,19789.1278938
ILLINOIS,17,EDWARDS,047,17047,SOUTHEAST,90,1997,1.0,41000,40600,1522500,37.5,2521.911192490491,41435.59875,16430.2370652
ILLINOIS,17,EDWARDS,047,17047,SOUTHEAST,90,1998,1.0,51000,50600,1796300,35.5,2387.4092622243315,48887.20265,20477.0934852
ILLINOIS,17,EDWARDS,047,17047,SOUTHEAST,90,1999,1.0,44000,43500,1348500,31.0,2084.7799191254726,36700.10175,17603.825427
ILLINOIS,17,EDWARDS,047,17047,SOUTHEAST,90,2000,1.0,39000,38900,1711600,44.0,2959.0424658555094,46582.04979999999,15742.271473800001
ILLINOIS,17,EDWARDS,047,17047,SOUTHEAST,90,2001,1.0,41000,40700,1587300,39.0,2622.787640190111,43199.16315,16470.7056294
ILLINOIS,17,EDWARDS,047,17047,SOUTHEAST,90,2002,1.0,41000,40600,1136800,28.0,1883.0270237262332,30938.5804,16430.2370652
ILLINOIS,17,EDWARDS,047,17047,SOUTHEAST,90,2003,1.0,43000,42800,1412400,33.0,2219.281849391632,38439.17219999999,17320.5454776
ILLINOIS,17,EDWARDS,047,17047,SOUTHEAST,90,2004,1.0,40000,39800,1910400,48.0,3228.0463263878282,51992.4912,16106.488551600001
ILLINOIS,17,EDWARDS,047,17047,SOUTHEAST,90,2005,1.0,39000,38900,1672700,43.0,2891.7915007224296,45523.36685,15742.271473800001
ILLINOIS,17,EDWARDS,047,17047,SOUTHEAST,90,2006,1.0,41000,40800,1836000,45.0,3026.293430988589,49967.658,16511.1741936
ILLINOIS,17,EDWARDS,047,17047,SOUTHEAST,90,2007,1.0,41000,40900,1145200,28.0,1883.0270237262332,31167.190599999998,16551.6427578
ILLINOIS,17,EDWARDS,047,17047,SOUTHEAST,90,2008,1.0,41000,40900,1717800,42.0,2824.54053558935,46750.785899999995,16551.6427578
ILLINOIS,17,EDWARDS,047,17047,SOUTHEAST,90,2009,1.0,44000,43900,1799900,41.0,2757.28957045627,48985.17844999999,17765.6996838
ILLINOIS,17,EDWARDS,047,17047,SOUTHEAST,90,2010,1.0,43000,42900,1939000,45.2,3039.743624015205,52770.8545,17361.0140418
ILLINOIS,17,EDWARDS,047,17047,SOUTHEAST,90,2011,1.0,46000,45200,1965000,43.5,2925.4169832889697,53478.4575,18291.7910184
ILLINOIS,17,EDWARDS,047,17047,SOUTHEAST,90,2012,1.0,45000,43600,1572000,36.1,2427.759841304179,42782.766,17644.2939912
ILLINOIS,17,EDWARDS,047,17047,SOUTHEAST,90,2013,1.0,47200,46200,2017000,43.7,2938.8671763155858,54893.6635,18696.4766604
ILLINOIS,17,EDWARDS,047,17047,SOUTHEAST,90,2014,1.0,45800,45600,2418000,53.0,3564.3011520532273,65807.079,18453.6652752
ILLINOIS,17,EDWARDS,047,17047,SOUTHEAST,90,2016,1.0,48000,47500,2268000,47.7,3207.8710368479046,61724.754,19222.567995
ILLINOIS,17,EDWARDS,047,17047,SOUTHEAST,90,2017,1.0,47800,47600,2646000,55.6,3739.153661399235,72012.213,19263.0365592
ILLINOIS,17,EDWARDS,047,17047,SOUTHEAST,90,2018,1.0,52000,49900,2203000,44.1,2965.7675623688174,59955.7465,20193.8135358
ILLINOIS,17,EDWARDS,047,17047,SOUTHEAST,90,2020,1.0,50800,50400,2757000,54.7,3678.627792779463,75033.1335,20396.156356800002
ILLINOIS,17,EDWARDS,047,17047,SOUTHEAST,90,2021,1.0,50300,50000,3155000,63.1,4243.535899897333,85864.9025,20234.2821
ILLINOIS,17,EDWARDS,047,17047,SOUTHEAST,90,2022,1.0,53100,51100,2734000,53.5,3597.9266346197674,74407.177,20679.4363062
ILLINOIS,17,EDWARDS,047,17047,SOUTHEAST,90,2023,1.0,50200,50000,2785000,55.7,3745.878757912543,75795.1675,20234.2821
ILLINOIS,17,EFFINGHAM,049,17049,EAST SOUTHEAST,70,1980,1.0,92400,92000,2878600,31.5,2118.405401692012,78342.5383,37231.079064
ILLINOIS,17,EFFINGHAM,049,17049,EAST SOUTHEAST,70,1981,1.0,94200,93500,3139700,33.5,2252.907331958172,85448.50534999999,37838.107527
ILLINOIS,17,EFFINGHAM,049,17049,EAST SOUTHEAST,70,1982,1.0,90800,90000,3154100,35.0,2353.7837796577915,85840.40855,36421.707780000004
ILLINOIS,17,EFFINGHAM,049,17049,EAST SOUTHEAST,70,1983,1.0,88900,88000,1311900,15.0,1008.7644769961964,35704.014449999995,35612.336496
ILLINOIS,17,EFFINGHAM,049,17049,EAST SOUTHEAST,70,1984,1.0,98400,95000,2061100,21.5,1445.8957503612148,56093.86704999999,38445.13599
ILLINOIS,17,EFFINGHAM,049,17049,EAST SOUTHEAST,70,1985,1.0,96800,96000,3767100,39.0,2622.787640190111,102523.51005,38849.821632
ILLINOIS,17,EFFINGHAM,049,17049,EAST SOUTHEAST,70,1986,1.0,93100,91300,3647400,40.0,2690.0386053231905,99265.81469999999,36947.7991146
ILLINOIS,17,EFFINGHAM,049,17049,EAST SOUTHEAST,70,1987,1.0,88600,87600,2930100,33.5,2252.907331958172,79744.13655,35450.4622392
ILLINOIS,17,EFFINGHAM,049,17049,EAST SOUTHEAST,70,1988,1.0,83000,81800,1809800,22.0,1479.5212329277547,49254.611899999996,33103.2855156
ILLINOIS,17,EFFINGHAM,049,17049,EAST SOUTHEAST,70,1989,1.0,85300,84900,2824800,33.5,2252.907331958172,76878.34439999999,34357.8110058
ILLINOIS,17,EFFINGHAM,049,17049,EAST SOUTHEAST,70,1990,1.0,87500,86800,2771200,32.0,2152.0308842585523,75419.5936,35126.7137256
ILLINOIS,17,EFFINGHAM,049,17049,EAST SOUTHEAST,70,1991,1.0,88000,87200,2964800,34.0,2286.5328145247117,80688.51439999999,35288.5879824
ILLINOIS,17,EFFINGHAM,049,17049,EAST SOUTHEAST,70,1992,1.0,90000,89300,3304100,37.0,2488.285709923951,89922.73354999999,36138.4278306
ILLINOIS,17,EFFINGHAM,049,17049,EAST SOUTHEAST,70,1993,1.0,90000,89000,3248500,36.5,2454.6602273574113,88409.55175,36017.022138
ILLINOIS,17,EFFINGHAM,049,17049,EAST SOUTHEAST,70,1994,1.0,91000,90700,3491950,38.5,2589.1621576235707,95035.16522499999,36704.9877294
ILLINOIS,17,EFFINGHAM,049,17049,EAST SOUTHEAST,70,1995,1.0,95000,94500,3354750,35.5,2387.4092622243315,91301.198625,38242.793169000004
ILLINOIS,17,EFFINGHAM,049,17049,EAST SOUTHEAST,70,1996,1.0,95000,94500,3260250,34.5,2320.158297091252,88729.333875,38242.793169000004
ILLINOIS,17,EFFINGHAM,049,17049,EAST SOUTHEAST,70,1997,1.0,97000,96600,3525900,36.5,2454.6602273574113,95959.13144999999,39092.6330172
ILLINOIS,17,EFFINGHAM,049,17049,EAST SOUTHEAST,70,1998,1.0,100000,99500,3930250,39.5,2656.4131227566504,106963.718875,40266.221379
ILLINOIS,17,EFFINGHAM,049,17049,EAST SOUTHEAST,70,1999,1.0,101000,100600,3420400,34.0,2286.5328145247117,93087.89619999999,40711.3755852
ILLINOIS,17,EFFINGHAM,049,17049,EAST SOUTHEAST,70,2000,1.0,98000,97100,3884000,40.0,2690.0386053231905,105705.002,39294.9758382
ILLINOIS,17,EFFINGHAM,049,17049,EAST SOUTHEAST,70,2001,1.0,104000,102900,4424700,43.0,2891.7915007224296,120420.42284999999,41642.1525618
ILLINOIS,17,EFFINGHAM,049,17049,EAST SOUTHEAST,70,2002,1.0,103000,102700,3389100,33.0,2219.281849391632,92236.05105,41561.2154334
ILLINOIS,17,EFFINGHAM,049,17049,EAST SOUTHEAST,70,2003,1.0,104000,103800,4152000,40.0,2690.0386053231905,112998.756,42006.3696396
ILLINOIS,17,EFFINGHAM,049,17049,EAST SOUTHEAST,70,2004,1.0,100000,99700,4985000,50.0,3362.548256653988,135669.2675,40347.1585074
ILLINOIS,17,EFFINGHAM,049,17049,EAST SOUTHEAST,70,2005,1.0,98000,97400,3798600,39.0,2622.787640190111,103380.7983,39416.3815308
ILLINOIS,17,EFFINGHAM,049,17049,EAST SOUTHEAST,70,2006,1.0,104000,103200,4953600,48.0,3228.0463263878282,134814.7008,41763.5582544
ILLINOIS,17,EFFINGHAM,049,17049,EAST SOUTHEAST,70,2007,1.0,91000,90900,3272400,36.0,2421.034744790871,89060.0022,36785.924857800004
ILLINOIS,17,EFFINGHAM,049,17049,EAST SOUTHEAST,70,2008,1.0,101000,100800,4636800,46.0,3093.544396121669,126192.83039999999,40792.312713600004
ILLINOIS,17,EFFINGHAM,049,17049,EAST SOUTHEAST,70,2009,1.0,108000,107800,4204200,39.0,2622.787640190111,114419.40509999999,43625.1122076
ILLINOIS,17,EFFINGHAM,049,17049,EAST SOUTHEAST,70,2010,1.0,91000,90500,4510000,49.8,3349.0980636273716,122741.905,36624.050601
ILLINOIS,17,EFFINGHAM,049,17049,EAST SOUTHEAST,70,2011,1.0,95000,94600,4139000,43.8,2945.5922728288933,112644.9545,38283.2617332
ILLINOIS,17,EFFINGHAM,049,17049,EAST SOUTHEAST,70,2012,1.0,88000,87300,3669000,42.0,2824.54053558935,99853.6695,35329.056546600004
ILLINOIS,17,EFFINGHAM,049,17049,EAST SOUTHEAST,70,2013,1.0,91500,91400,4202000,46.0,3093.544396121669,114359.531,36988.2676788
ILLINOIS,17,EFFINGHAM,049,17049,EAST SOUTHEAST,70,2014,1.0,96600,96400,5664000,58.8,3954.3567498250895,154148.592,39011.6958888
ILLINOIS,17,EFFINGHAM,049,17049,EAST SOUTHEAST,70,2015,1.0,93200,92900,4908000,52.8,3550.8509590266112,133573.674,37595.2961418
ILLINOIS,17,EFFINGHAM,049,17049,EAST SOUTHEAST,70,2016,1.0,100500,100100,5821000,58.2,3914.0061707452423,158421.4255,40509.032764200005
ILLINOIS,17,EFFINGHAM,049,17049,EAST SOUTHEAST,70,2017,1.0,102000,101500,5617000,55.3,3718.9783718593103,152869.4635,41075.592663
ILLINOIS,17,EFFINGHAM,049,17049,EAST SOUTHEAST,70,2018,1.0,101000,98500,7105000,72.1,4848.79458609505,193366.1275,39861.535737
ILLINOIS,17,EFFINGHAM,049,17049,EAST SOUTHEAST,70,2019,1.0,97800,97500,5019000,51.5,3463.4247043536075,136594.5945,39456.850095
ILLINOIS,17,EFFINGHAM,049,17049,EAST SOUTHEAST,70,2020,1.0,97600,96900,5611000,57.9,3893.830881205318,152706.1705,39214.0387098
ILLINOIS,17,EFFINGHAM,049,17049,EAST SOUTHEAST,70,2021,1.0,95300,94600,6121000,64.7,4351.137444110261,166586.0755,38283.2617332
ILLINOIS,17,EFFINGHAM,049,17049,EAST SOUTHEAST,70,2022,1.0,98600,98000,5870000,59.9,4028.3328114714777,159754.985,39659.192916
ILLINOIS,17,EFFINGHAM,049,17049,EAST SOUTHEAST,70,2023,1.0,94300,93800,5562000,59.3,3987.9822323916296,151372.611,37959.5132196
ILLINOIS,17,EFFINGHAM,049,17049,EAST SOUTHEAST,70,2024,1.0,97100,96600,5381000,55.7,3745.878757912543,146446.6055,39092.6330172
ILLINOIS,17,EFFINGHAM,049,17049,EAST SOUTHEAST,70,2025,1.0,93400,92800,5048000,54.4,3658.4525032395386,137383.844,37554.8275776
ILLINOIS,17,FAYETTE,051,17051,EAST SOUTHEAST,70,1980,1.0,131600,131000,3305500,25.0,1681.274128326994,89960.83525,53013.819102
ILLINOIS,17,FAYETTE,051,17051,EAST SOUTHEAST,70,1981,1.0,121800,120000,4029600,33.5,2252.907331958172,109667.5788,48562.27704
ILLINOIS,17,FAYETTE,051,17051,EAST SOUTHEAST,70,1982,1.0,131500,130000,4295600,33.0,2219.281849391632,116906.90179999999,52609.133460000005
ILLINOIS,17,FAYETTE,051,17051,EAST SOUTHEAST,70,1983,1.0,130900,130000,1804300,14.0,941.5135118631166,49104.92665,52609.133460000005
ILLINOIS,17,FAYETTE,051,17051,EAST SOUTHEAST,70,1984,1.0,123700,117000,2707600,23.0,1546.7721980608344,73688.6878,47348.220114
ILLINOIS,17,FAYETTE,051,17051,EAST SOUTHEAST,70,1985,1.0,125700,124000,4054800,32.5,2185.6563668250924,110353.40939999999,50181.019608
ILLINOIS,17,FAYETTE,051,17051,EAST SOUTHEAST,70,1986,1.0,121000,119500,3998200,33.5,2252.907331958172,108813.01209999999,48359.934219
ILLINOIS,17,FAYETTE,051,17051,EAST SOUTHEAST,70,1987,1.0,114600,113400,3396800,30.0,2017.5289539923929,92445.61039999999,45891.3518028
ILLINOIS,17,FAYETTE,051,17051,EAST SOUTHEAST,70,1988,1.0,102700,100900,2130900,21.0,1412.270267794675,57993.508949999996,40832.7812778
ILLINOIS,17,FAYETTE,051,17051,EAST SOUTHEAST,70,1989,1.0,99500,99200,3152800,32.0,2152.0308842585523,85805.0284,40144.815686400005
ILLINOIS,17,FAYETTE,051,17051,EAST SOUTHEAST,70,1990,1.0,120700,119300,3281400,27.5,1849.4015411596934,89304.9417,48278.9970906
ILLINOIS,17,FAYETTE,051,17051,EAST SOUTHEAST,70,1991,1.0,116000,115200,3571200,31.0,2084.7799191254726,97191.99359999999,46619.7859584
ILLINOIS,17,FAYETTE,051,17051,EAST SOUTHEAST,70,1992,1.0,116000,115000,4140000,36.0,2421.034744790871,112672.17,46538.84883
ILLINOIS,17,FAYETTE,051,17051,EAST SOUTHEAST,70,1993,1.0,114000,112000,4256000,38.0,2555.536675057031,115829.168,45324.791904
ILLINOIS,17,FAYETTE,051,17051,EAST SOUTHEAST,70,1994,1.0,119000,117600,3939600,33.5,2252.907331958172,107218.1838,47591.0314992
ILLINOIS,17,FAYETTE,051,17051,EAST SOUTHEAST,70,1995,1.0,128000,127000,3683000,29.0,1950.277988859313,100234.6865,51395.076534
ILLINOIS,17,FAYETTE,051,17051,EAST SOUTHEAST,70,1996,1.0,121000,120800,3684400,30.5,2051.1544365589325,100272.78819999998,48886.025553600004
ILLINOIS,17,FAYETTE,051,17051,EAST SOUTHEAST,70,1997,1.0,128000,127500,4462500,35.0,2353.7837796577915,121449.16875,51597.419355
ILLINOIS,17,FAYETTE,051,17051,EAST SOUTHEAST,70,1998,1.0,139000,138300,5186250,37.5,2521.911192490491,141146.386875,55968.024288600005
ILLINOIS,17,FAYETTE,051,17051,EAST SOUTHEAST,70,1999,1.0,141000,140600,5061600,36.0,2421.034744790871,137753.9748,56898.8012652
ILLINOIS,17,FAYETTE,051,17051,EAST SOUTHEAST,70,2000,1.0,132000,128500,5268500,41.0,2757.28957045627,143384.86175,52002.104997
ILLINOIS,17,FAYETTE,051,17051,EAST SOUTHEAST,70,2001,1.0,144000,142500,5700000,40.0,2690.0386053231905,155128.35,57667.703985
ILLINOIS,17,FAYETTE,051,17051,EAST SOUTHEAST,70,2002,1.0,147000,146600,4544600,31.0,2084.7799191254726,123683.5613,59326.9151172
ILLINOIS,17,FAYETTE,051,17051,EAST SOUTHEAST,70,2003,1.0,143000,142500,4702500,33.0,2219.281849391632,127980.88875,57667.703985
ILLINOIS,17,FAYETTE,051,17051,EAST SOUTHEAST,70,2004,1.0,136000,135600,6373200,47.0,3160.7953612547485,173449.8246,54875.373055200005
ILLINOIS,17,FAYETTE,051,17051,EAST SOUTHEAST,70,2005,1.0,135000,134200,5233800,39.0,2622.787640190111,142440.4839,54308.8131564
ILLINOIS,17,FAYETTE,051,17051,EAST SOUTHEAST,70,2006,1.0,144000,143400,5736000,40.0,2690.0386053231905,156108.108,58031.9210628
ILLINOIS,17,FAYETTE,051,17051,EAST SOUTHEAST,70,2007,1.0,132000,131900,3825100,29.0,1950.277988859313,104102.00905,53378.0361798
ILLINOIS,17,FAYETTE,051,17051,EAST SOUTHEAST,70,2008,1.0,145000,144800,6660800,46.0,3093.544396121669,181277.0024,58598.4809616
ILLINOIS,17,FAYETTE,051,17051,EAST SOUTHEAST,70,2009,1.0,166000,164900,5606600,34.0,2286.5328145247117,152586.42229999998,66732.6623658
ILLINOIS,17,FAYETTE,051,17051,EAST SOUTHEAST,70,2010,1.0,124000,123500,6139000,49.7,3342.372967114064,167075.9545,49978.676787000004
ILLINOIS,17,FAYETTE,051,17051,EAST SOUTHEAST,70,2011,1.0,145000,143800,5888000,40.9,2750.564473942962,160244.864,58193.7953196
ILLINOIS,17,FAYETTE,051,17051,EAST SOUTHEAST,70,2012,1.0,131000,130000,4630000,35.6,2394.1343587376396,126007.765,52609.133460000005
ILLINOIS,17,FAYETTE,051,17051,EAST SOUTHEAST,70,2013,1.0,145500,145400,6435000,44.3,2979.217755395433,175131.7425,58841.2923468
ILLINOIS,17,FAYETTE,051,17051,EAST SOUTHEAST,70,2014,1.0,138500,138200,6876000,49.8,3349.0980636273716,187133.778,55927.5557244
ILLINOIS,17,FAYETTE,051,17051,EAST SOUTHEAST,70,2015,1.0,138500,137200,6916000,50.4,3389.4486427072197,188222.398,55522.870082400004
ILLINOIS,17,FAYETTE,051,17051,EAST SOUTHEAST,70,2016,1.0,144500,144000,8003000,55.6,3739.153661399235,217805.6465,58274.732448
ILLINOIS,17,FAYETTE,051,17051,EAST SOUTHEAST,70,2017,1.0,151500,150800,8061000,53.5,3597.9266346197674,219384.1455,61026.5948136
ILLINOIS,17,FAYETTE,051,17051,EAST SOUTHEAST,70,2018,1.0,156000,151500,9018000,59.5,4001.4324254182457,245429.379,61309.874763
ILLINOIS,17,FAYETTE,051,17051,EAST SOUTHEAST,70,2019,1.0,152000,149000,7286000,48.9,3288.5721950076,198292.133,60298.160658
ILLINOIS,17,FAYETTE,051,17051,EAST SOUTHEAST,70,2020,1.0,148000,146900,7991000,54.4,3658.4525032395386,217479.0605,59448.3208098
ILLINOIS,17,FAYETTE,051,17051,EAST SOUTHEAST,70,2021,1.0,149500,148400,9423000,63.5,4270.4362859505645,256451.6565,60055.3492728
ILLINOIS,17,FAYETTE,051,17051,EAST SOUTHEAST,70,2023,1.0,139500,138900,7778000,56.0,3766.0540474524664,211682.159,56210.8356738
ILLINOIS,17,FAYETTE,051,17051,EAST SOUTHEAST,70,2024,1.0,149500,148800,8005000,53.8,3618.101924159691,217860.0775,60217.2235296
ILLINOIS,17,FORD,053,17053,EAST,50,1980,1.0,139600,139000,4735900,34.0,2286.5328145247117,128889.88644999999,56251.304238000004
ILLINOIS,17,FORD,053,17053,EAST,50,1981,1.0,128900,128000,4778100,37.5,2521.911192490491,130038.38055,51799.762176000004
ILLINOIS,17,FORD,053,17053,EAST,50,1982,1.0,126800,126500,5414500,43.0,2891.7915007224296,147358.32475,51192.733713
ILLINOIS,17,FORD,053,17053,EAST,50,1983,1.0,127700,127500,4376700,34.5,2320.158297091252,119114.07884999999,51597.419355
ILLINOIS,17,FORD,053,17053,EAST,50,1984,1.0,128700,127000,4027000,31.5,2118.405401692012,109596.8185,51395.076534
ILLINOIS,17,FORD,053,17053,EAST,50,1985,1.0,124700,122000,5949400,49.0,3295.2972915209084,161915.8957,49371.648324
ILLINOIS,17,FORD,053,17053,EAST,50,1986,1.0,124100,123900,4578500,37.0,2488.285709923951,124606.16675,50140.5510438
ILLINOIS,17,FORD,053,17053,EAST,50,1987,1.0,126000,125000,5366700,43.0,2891.7915007224296,146057.42385,50585.70525
ILLINOIS,17,FORD,053,17053,EAST,50,1988,1.0,128200,128100,2383200,18.5,1244.1428549619754,64859.97959999999,51840.2307402
ILLINOIS,17,FORD,053,17053,EAST,50,1989,1.0,121900,121700,5499700,45.0,3026.293430988589,149677.08535,49250.242631400004
ILLINOIS,17,FORD,053,17053,EAST,50,1990,1.0,126500,125800,5437400,43.0,2891.7915007224296,147981.55969999998,50909.4537636
ILLINOIS,17,FORD,053,17053,EAST,50,1991,1.0,129000,128000,3520000,27.5,1849.4015411596934,95798.56,51799.762176000004
ILLINOIS,17,FORD,053,17053,EAST,50,1992,1.0,133000,132100,6142650,46.5,3127.169878688209,167175.291075,53458.9733082
ILLINOIS,17,FORD,053,17053,EAST,50,1993,1.0,125000,124000,5456000,44.0,2959.0424658555094,148487.768,50181.019608
ILLINOIS,17,FORD,053,17053,EAST,50,1994,1.0,123000,122600,6068700,49.5,3328.922774087448,165162.70484999998,49614.459709200004
ILLINOIS,17,FORD,053,17053,EAST,50,1995,1.0,132000,131400,5650200,43.0,2891.7915007224296,153773.0181,53175.6933588
ILLINOIS,17,FORD,053,17053,EAST,50,1996,1.0,139000,138900,5972700,43.0,2891.7915007224296,162550.01684999999,56210.8356738
ILLINOIS,17,FORD,053,17053,EAST,50,1997,1.0,138000,137600,6467200,47.0,3160.7953612547485,176008.0816,55684.7443392
ILLINOIS,17,FORD,053,17053,EAST,50,1998,1.0,136000,135500,5284500,39.0,2622.787640190111,143820.30975,54834.904491
ILLINOIS,17,FORD,053,17053,EAST,50,1999,1.0,140000,139500,6417000,46.0,3093.544396121669,174641.8635,56453.647059
ILLINOIS,17,FORD,053,17053,EAST,50,2000,1.0,135000,134900,5665800,42.0,2824.54053558935,154197.5799,54592.0931058
ILLINOIS,17,FORD,053,17053,EAST,50,2001,1.0,135000,134200,6039000,45.0,3026.293430988589,164354.4045,54308.8131564
ILLINOIS,17,FORD,053,17053,EAST,50,2002,1.0,136000,135600,6915600,51.0,3429.799221787068,188211.51179999998,54875.373055200005
ILLINOIS,17,FORD,053,17053,EAST,50,2003,1.0,134000,133700,4144700,31.0,2084.7799191254726,112800.08284999999,54106.4703354
ILLINOIS,17,FORD,053,17053,EAST,50,2004,1.0,126000,125700,6159300,49.0,3295.2972915209084,167628.42915,50868.9851994
ILLINOIS,17,FORD,053,17053,EAST,50,2005,1.0,123000,122400,6120000,50.0,3362.548256653988,166558.86,49533.5225808
ILLINOIS,17,FORD,053,17053,EAST,50,2006,1.0,127000,126500,6325000,50.0,3362.548256653988,172138.0375,51192.733713
ILLINOIS,17,FORD,053,17053,EAST,50,2007,1.0,110000,109900,5934600,54.0,3631.552117186307,161513.10629999998,44474.9520558
ILLINOIS,17,FORD,053,17053,EAST,50,2008,1.0,118000,117800,5301000,45.0,3026.293430988589,144269.3655,47671.9686276
ILLINOIS,17,FORD,053,17053,EAST,50,2009,1.0,114000,113800,6145200,54.0,3631.552117186307,167244.6906,46053.2260596
ILLINOIS,17,FORD,053,17053,EAST,50,2010,1.0,123000,122600,5760000,47.0,3160.7953612547485,156761.28,49614.459709200004
ILLINOIS,17,FORD,053,17053,EAST,50,2011,1.0,118000,117800,5199000,44.1,2965.7675623688174,141493.3845,47671.9686276
ILLINOIS,17,FORD,053,17053,EAST,50,2012,1.0,123000,120700,4983000,41.3,2777.464859996194,135614.8365,48845.5569894
ILLINOIS,17,FORD,053,17053,EAST,50,2013,1.0,126500,126300,6153000,48.7,3275.1220019809844,167456.9715,51111.7965846
ILLINOIS,17,FORD,053,17053,EAST,50,2014,1.0,131000,130500,7602000,58.3,3920.73126725855,206892.231,52811.476281
ILLINOIS,17,FORD,053,17053,EAST,50,2015,1.0,135000,134300,7873000,58.6,3940.906556798474,214267.6315,54349.2817206
ILLINOIS,17,FORD,053,17053,EAST,50,2016,1.0,130500,130000,7869000,60.5,4068.6833905513254,214158.7695,52609.133460000005
ILLINOIS,17,FORD,053,17053,EAST,50,2017,1.0,133000,132500,8268000,62.4,4196.460224304177,225017.754,53620.847565000004
ILLINOIS,17,FORD,053,17053,EAST,50,2018,1.0,134000,130400,7911000,60.7,4082.1335835779414,215301.8205,52771.0077168
ILLINOIS,17,FORD,053,17053,EAST,50,2019,1.0,133000,132800,6987000,52.6,3537.4007659999957,190154.6985,53742.2532576
ILLINOIS,17,FORD,053,17053,EAST,50,2020,1.0,134500,133900,7539000,56.3,3786.2293369923905,205177.6545,54187.4074638
ILLINOIS,17,FORD,053,17053,EAST,50,2021,1.0,135500,134300,8958000,66.7,4485.63937437642,243796.449,54349.2817206
ILLINOIS,17,FORD,053,17053,EAST,50,2022,1.0,134500,134100,8944000,66.7,4485.63937437642,243415.432,54268.3445922
ILLINOIS,17,FORD,053,17053,EAST,50,2023,1.0,133000,132400,9361000,70.7,4754.643234908739,254764.2955,53580.3790008
ILLINOIS,17,FRANKLIN,055,17055,SOUTHEAST,90,1980,1.0,85100,84000,1674000,20.0,1345.0193026615952,45558.747,33993.593928
ILLINOIS,17,FRANKLIN,055,17055,SOUTHEAST,90,1981,1.0,57500,56500,1573000,28.0,1883.0270237262332,42809.9815,22864.738773
ILLINOIS,17,FRANKLIN,055,17055,SOUTHEAST,90,1982,1.0,64300,63500,1727600,27.0,1815.7760585931535,47017.4978,25697.538267
ILLINOIS,17,FRANKLIN,055,17055,SOUTHEAST,90,1983,1.0,52600,51000,678000,13.5,907.8880292965767,18452.109,20638.967742
ILLINOIS,17,FRANKLIN,055,17055,SOUTHEAST,90,1984,1.0,49200,48000,1104400,23.0,1546.7721980608344,30056.798199999997,19424.910816
ILLINOIS,17,FRANKLIN,055,17055,SOUTHEAST,90,1985,1.0,52400,52000,1541100,29.5,1983.903471425853,41941.807049999996,21043.653384
ILLINOIS,17,FRANKLIN,055,17055,SOUTHEAST,90,1986,1.0,53100,52800,1661100,31.5,2118.405401692012,45207.66705,21367.4018976
ILLINOIS,17,FRANKLIN,055,17055,SOUTHEAST,90,1987,1.0,51300,50700,1341500,26.5,1782.1505760266136,36509.59325,20517.5620494
ILLINOIS,17,FRANKLIN,055,17055,SOUTHEAST,90,1988,1.0,56700,56400,1446300,25.5,1714.899610893534,39361.777649999996,22824.2702088
ILLINOIS,17,FRANKLIN,055,17055,SOUTHEAST,90,1989,1.0,56800,56700,1661300,29.5,1983.903471425853,45213.11015,22945.6759014
ILLINOIS,17,FRANKLIN,055,17055,SOUTHEAST,90,1990,1.0,61500,61500,1782200,29.0,1950.277988859313,48503.4641,24888.166983
ILLINOIS,17,FRANKLIN,055,17055,SOUTHEAST,90,1991,1.0,61000,60600,1757400,29.0,1950.277988859313,47828.5197,24523.9499052
ILLINOIS,17,FRANKLIN,055,17055,SOUTHEAST,90,1992,1.0,58000,57400,1922900,33.5,2252.907331958172,52332.684949999995,23228.9558508
ILLINOIS,17,FRANKLIN,055,17055,SOUTHEAST,90,1993,1.0,63000,62500,2093750,33.5,2252.907331958172,56982.453125,25292.852625
ILLINOIS,17,FRANKLIN,055,17055,SOUTHEAST,90,1994,1.0,64000,62500,2187500,35.0,2353.7837796577915,59533.90625,25292.852625
ILLINOIS,17,FRANKLIN,055,17055,SOUTHEAST,90,1995,1.0,64000,63700,1815450,28.5,1916.652506292773,49408.379474999994,25778.4753954
ILLINOIS,17,FRANKLIN,055,17055,SOUTHEAST,90,1996,1.0,70000,69800,2268500,32.5,2185.6563668250924,61738.36175,28247.0578116
ILLINOIS,17,FRANKLIN,055,17055,SOUTHEAST,90,1997,1.0,65000,64800,2365200,36.5,2454.6602273574113,64370.10059999999,26223.6296016
ILLINOIS,17,FRANKLIN,055,17055,SOUTHEAST,90,1998,1.0,81000,80900,2386550,29.5,1983.903471425853,64951.151525,32739.0684378
ILLINOIS,17,FRANKLIN,055,17055,SOUTHEAST,90,1999,1.0,76000,75700,1589700,21.0,1412.270267794675,43264.48035,30634.7030994
ILLINOIS,17,FRANKLIN,055,17055,SOUTHEAST,90,2000,1.0,70000,69500,2502000,36.0,2421.034744790871,68093.181,28125.652119000002
ILLINOIS,17,FRANKLIN,055,17055,SOUTHEAST,90,2001,1.0,72000,71500,2860000,40.0,2690.0386053231905,77836.33,28935.023403
ILLINOIS,17,FRANKLIN,055,17055,SOUTHEAST,90,2002,1.0,75000,74700,1568700,21.0,1412.270267794675,42692.95485,30230.0174574
ILLINOIS,17,FRANKLIN,055,17055,SOUTHEAST,90,2003,1.0,74000,73700,2063600,28.0,1883.0270237262332,56161.9058,29825.3318154
ILLINOIS,17,FRANKLIN,055,17055,SOUTHEAST,90,2004,1.0,77000,76800,3225600,42.0,2824.54053558935,87786.3168,31079.857305600002
ILLINOIS,17,FRANKLIN,055,17055,SOUTHEAST,90,2005,1.0,72000,71700,3011400,42.0,2824.54053558935,81956.7567,29015.9605314
ILLINOIS,17,FRANKLIN,055,17055,SOUTHEAST,90,2006,1.0,84000,83100,3490200,42.0,2824.54053558935,94987.53809999999,33629.3768502
ILLINOIS,17,FRANKLIN,055,17055,SOUTHEAST,90,2007,1.0,57000,56900,1422500,25.0,1681.274128326994,38714.04875,23026.6130298
ILLINOIS,17,FRANKLIN,055,17055,SOUTHEAST,90,2008,1.0,80000,79800,3192000,40.0,2690.0386053231905,86871.876,32293.9142316
ILLINOIS,17,FRANKLIN,055,17055,SOUTHEAST,90,2009,1.0,82000,81100,3162900,39.0,2622.787640190111,86079.90495,32820.0055662
ILLINOIS,17,FRANKLIN,055,17055,SOUTHEAST,90,2010,1.0,67000,66800,2448000,36.6,2461.3853238707193,66623.544,27033.000885600002
ILLINOIS,17,FRANKLIN,055,17055,SOUTHEAST,90,2011,1.0,71000,70600,2245000,31.8,2138.5806912319363,61098.7975,28570.8063252
ILLINOIS,17,FRANKLIN,055,17055,SOUTHEAST,90,2012,1.0,64000,62700,1751000,27.9,1876.3019272129252,47654.3405,25373.7897534
ILLINOIS,17,FRANKLIN,055,17055,SOUTHEAST,90,2013,1.0,76500,76400,3165000,41.4,2784.189956509502,86137.0575,30917.9830488
ILLINOIS,17,FRANKLIN,055,17055,SOUTHEAST,90,2014,1.0,76400,76200,3383000,44.4,2985.9428519087414,92070.0365,30837.0459204
ILLINOIS,17,FRANKLIN,055,17055,SOUTHEAST,90,2015,1.0,69200,69000,3168000,45.9,3086.819299608361,86218.704,27923.309298
ILLINOIS,17,FRANKLIN,055,17055,SOUTHEAST,90,2016,1.0,85700,85000,3843000,45.2,3039.743624015205,104589.1665,34398.27957
ILLINOIS,17,FRANKLIN,055,17055,SOUTHEAST,90,2017,1.0,84500,84100,3906000,46.4,3120.444782174901,106303.743,34034.0624922
ILLINOIS,17,FRANKLIN,055,17055,SOUTHEAST,90,2018,1.0,88000,85700,4072000,47.5,3194.4208438212886,110821.516,34681.5595194
ILLINOIS,17,FRANKLIN,055,17055,SOUTHEAST,90,2019,1.0,80000,79800,3104000,38.9,2616.0625436768028,84476.912,32293.9142316
ILLINOIS,17,FRANKLIN,055,17055,SOUTHEAST,90,2020,1.0,80900,80600,4127000,51.2,3443.249414813684,112318.3685,32617.6627452
ILLINOIS,17,FRANKLIN,055,17055,SOUTHEAST,90,2021,1.0,82300,81600,4349000,53.3,3584.476441593151,118360.2095,33022.3483872
ILLINOIS,17,FRANKLIN,055,17055,SOUTHEAST,90,2022,1.0,86200,85900,4037000,47.0,3160.7953612547485,109868.9735,34762.4966478
ILLINOIS,17,FRANKLIN,055,17055,SOUTHEAST,90,2023,1.0,78100,77700,3893000,50.1,3369.273353167296,105949.9415,31444.074383400002
ILLINOIS,17,FRANKLIN,055,17055,SOUTHEAST,90,2024,1.0,85500,85100,4008000,47.1,3167.520457768057,109079.724,34438.7481342
ILLINOIS,17,FRANKLIN,055,17055,SOUTHEAST,90,2025,1.0,83100,82100,3580000,43.6,2932.1420798022777,97431.49,33224.6912082
ILLINOIS,17,FULTON,057,17057,WEST,30,1980,1.0,105700,105000,3548200,34.0,2286.5328145247117,96566.03709999999,42491.99241
ILLINOIS,17,FULTON,057,17057,WEST,30,1981,1.0,102000,101000,3790200,37.5,2521.911192490491,103152.1881,40873.249842000005
ILLINOIS,17,FULTON,057,17057,WEST,30,1982,1.0,98400,98000,3806800,39.0,2622.787640190111,103603.96539999999,39659.192916
ILLINOIS,17,FULTON,057,17057,WEST,30,1983,1.0,95700,95000,2596000,27.5,1849.4015411596934,70651.438,38445.13599
ILLINOIS,17,FULTON,057,17057,WEST,30,1984,1.0,94000,93000,3116000,33.5,2252.907331958172,84803.498,37635.764706
ILLINOIS,17,FULTON,057,17057,WEST,30,1985,1.0,99500,98000,4033200,41.0,2757.28957045627,109765.55459999999,39659.192916
ILLINOIS,17,FULTON,057,17057,WEST,30,1986,1.0,111900,111000,4767000,43.0,2891.7915007224296,129736.2885,44920.106262
ILLINOIS,17,FULTON,057,17057,WEST,30,1987,1.0,114900,114100,4101300,36.0,2421.034744790871,111618.93014999999,46174.6317522
ILLINOIS,17,FULTON,057,17057,WEST,30,1988,1.0,111900,111400,3192800,28.5,1916.652506292773,86893.64839999999,45081.9805188
ILLINOIS,17,FULTON,057,17057,WEST,30,1989,1.0,114000,113700,4460600,39.0,2622.787640190111,121397.4593,46012.7574954
ILLINOIS,17,FULTON,057,17057,WEST,30,1990,1.0,112300,108100,4566200,42.0,2824.54053558935,124271.41609999999,43746.5179002
ILLINOIS,17,FULTON,057,17057,WEST,30,1991,1.0,119000,117700,5237650,44.5,2992.6679484220494,142545.263575,47631.5000634
ILLINOIS,17,FULTON,057,17057,WEST,30,1992,1.0,118000,117700,5164400,44.0,2959.0424658555094,140551.72819999998,47631.5000634
ILLINOIS,17,FULTON,057,17057,WEST,30,1993,1.0,116000,112000,4816000,43.0,2891.7915007224296,131069.848,45324.791904
ILLINOIS,17,FULTON,057,17057,WEST,30,1994,1.0,115000,114200,5253200,46.0,3093.544396121669,142968.4646,46215.1003164
ILLINOIS,17,FULTON,057,17057,WEST,30,1995,1.0,118000,117500,4406250,37.5,2521.911192490491,119918.296875,47550.562935
ILLINOIS,17,FULTON,057,17057,WEST,30,1996,1.0,114000,113700,4718550,41.5,2790.91505302281,128417.697525,46012.7574954
ILLINOIS,17,FULTON,057,17057,WEST,30,1997,1.0,125000,124600,5482400,44.0,2959.0424658555094,149206.2572,50423.830993200005
ILLINOIS,17,FULTON,057,17057,WEST,30,1998,1.0,152000,151600,6897800,45.5,3059.918913555129,187727.07589999997,61350.343327200004
ILLINOIS,17,FULTON,057,17057,WEST,30,1999,1.0,132000,131400,5913000,45.0,3026.293430988589,160925.2515,53175.6933588
ILLINOIS,17,FULTON,057,17057,WEST,30,2000,1.0,125000,124800,5366400,43.0,2891.7915007224296,146049.2592,50504.7681216
ILLINOIS,17,FULTON,057,17057,WEST,30,2001,1.0,131000,130100,5984600,46.0,3093.544396121669,162873.88129999998,52649.6020242
ILLINOIS,17,FULTON,057,17057,WEST,30,2002,1.0,127000,126700,5321400,42.0,2824.54053558935,144824.5617,51273.6708414
ILLINOIS,17,FULTON,057,17057,WEST,30,2003,1.0,120000,119700,4907700,41.0,2757.28957045627,133565.50935,48440.8713474
ILLINOIS,17,FULTON,057,17057,WEST,30,2004,1.0,122000,121700,6206700,51.0,3429.799221787068,168918.44384999998,49250.242631400004
ILLINOIS,17,FULTON,057,17057,WEST,30,2005,1.0,111000,110500,4972500,45.0,3026.293430988589,135329.07375,44717.763441
ILLINOIS,17,FULTON,057,17057,WEST,30,2006,1.0,123000,122500,5880000,48.0,3228.0463263878282,160027.14,49573.991145
ILLINOIS,17,FULTON,057,17057,WEST,30,2007,1.0,101000,100900,4237800,42.0,2824.54053558935,115333.84589999999,40832.7812778
ILLINOIS,17,FULTON,057,17057,WEST,30,2008,1.0,97000,96800,4936800,51.0,3429.799221787068,134357.4804,39173.5701456
ILLINOIS,17,FULTON,057,17057,WEST,30,2009,1.0,107000,105600,4540800,43.0,2891.7915007224296,123580.1424,42734.8037952
ILLINOIS,17,FULTON,057,17057,WEST,30,2010,1.0,104000,103500,5083000,49.1,3302.0223880342164,138336.3865,41884.963947000004
ILLINOIS,17,FULTON,057,17057,WEST,30,2011,1.0,105000,104400,5218000,50.0,3362.548256653988,142010.479,42249.181024800004
ILLINOIS,17,FULTON,057,17057,WEST,30,2012,1.0,105000,104000,4762000,45.8,3080.0942030950528,129600.211,42087.306768
ILLINOIS,17,FULTON,057,17057,WEST,30,2013,1.0,113500,113400,5826000,51.4,3456.6996078402994,158557.503,45891.3518028
ILLINOIS,17,FULTON,057,17057,WEST,30,2014,1.0,111000,110800,5822000,52.5,3530.675669486687,158448.641,44839.1691336
ILLINOIS,17,FULTON,057,17057,WEST,30,2015,1.0,105500,104600,5853000,56.0,3766.0540474524664,159292.3215,42330.118153200005
ILLINOIS,17,FULTON,057,17057,WEST,30,2016,1.0,110500,110000,6204000,56.4,3792.9544335056985,168844.962,44515.420620000004
ILLINOIS,17,FULTON,057,17057,WEST,30,2017,1.0,120000,119700,7190000,60.1,4041.7830044980938,195679.445,48440.8713474
ILLINOIS,17,FULTON,057,17057,WEST,30,2018,1.0,128000,124800,7791000,62.4,4196.460224304177,212035.9605,50504.7681216
ILLINOIS,17,FULTON,057,17057,WEST,30,2019,1.0,120000,119000,6420000,53.9,3624.827020672999,174723.51,48157.591398000004
ILLINOIS,17,FULTON,057,17057,WEST,30,2020,1.0,126000,125400,7323000,58.4,3927.456363771858,199299.1065,50747.5795068
ILLINOIS,17,FULTON,057,17057,WEST,30,2021,1.0,128000,127000,8319000,65.5,4404.938216216724,226405.7445,51395.076534
ILLINOIS,17,FULTON,057,17057,WEST,30,2022,1.0,128000,127600,7975000,62.5,4203.185320817485,217043.6125,51637.8879192
ILLINOIS,17,FULTON,057,17057,WEST,30,2023,1.0,125000,124400,7837000,63.0,4236.810803384024,213287.8735,50342.893864800004
ILLINOIS,17,FULTON,057,17057,WEST,30,2024,1.0,127000,126300,7881000,62.4,4196.460224304177,214485.3555,51111.7965846
ILLINOIS,17,FULTON,057,17057,WEST,30,2025,1.0,123500,122800,7700000,62.7,4216.635513844101,209559.35,49695.396837600005
ILLINOIS,17,GALLATIN,059,17059,SOUTHEAST,90,1980,1.0,61800,61000,1701900,28.0,1883.0270237262332,46318.05944999999,24685.824162
ILLINOIS,17,GALLATIN,059,17059,SOUTHEAST,90,1981,1.0,70000,67000,1967100,29.5,1983.903471425853,53535.610049999996,27113.938014
ILLINOIS,17,GALLATIN,059,17059,SOUTHEAST,90,1982,1.0,62200,62000,2061600,33.5,2252.907331958172,56107.474799999996,25090.509804
ILLINOIS,17,GALLATIN,059,17059,SOUTHEAST,90,1983,1.0,55500,55000,1321800,24.0,1614.0231631939141,35973.4479,22257.710310000002
ILLINOIS,17,GALLATIN,059,17059,SOUTHEAST,90,1984,1.0,54900,53000,1625900,30.5,2051.1544365589325,44249.68145,21448.339026
ILLINOIS,17,GALLATIN,059,17059,SOUTHEAST,90,1985,1.0,54500,54000,2088600,38.5,2589.1621576235707,56842.2933,21853.024668000002
ILLINOIS,17,GALLATIN,059,17059,SOUTHEAST,90,1986,1.0,53200,53000,1932100,36.5,2454.6602273574113,52583.06755,21448.339026
ILLINOIS,17,GALLATIN,059,17059,SOUTHEAST,90,1987,1.0,52700,52000,1713400,33.0,2219.281849391632,46631.03769999999,21043.653384
ILLINOIS,17,GALLATIN,059,17059,SOUTHEAST,90,1988,1.0,53200,52600,1586900,30.0,2017.5289539923929,43188.27694999999,21286.4647692
ILLINOIS,17,GALLATIN,059,17059,SOUTHEAST,90,1989,1.0,59800,59700,1838100,31.0,2084.7799191254726,50024.810549999995,24159.7328274
ILLINOIS,17,GALLATIN,059,17059,SOUTHEAST,90,1990,1.0,66700,66500,2155700,32.5,2185.6563668250924,58668.453349999996,26911.595193
ILLINOIS,17,GALLATIN,059,17059,SOUTHEAST,90,1991,1.0,69000,68600,2435300,35.5,2387.4092622243315,66277.90715,27761.435041200002
ILLINOIS,17,GALLATIN,059,17059,SOUTHEAST,90,1992,1.0,62000,61500,2583000,42.0,2824.54053558935,70297.6365,24888.166983
ILLINOIS,17,GALLATIN,059,17059,SOUTHEAST,90,1993,1.0,63000,62500,2187500,35.0,2353.7837796577915,59533.90625,25292.852625
ILLINOIS,17,GALLATIN,059,17059,SOUTHEAST,90,1994,1.0,63000,62400,2371200,38.0,2555.536675057031,64533.393599999996,25252.3840608
ILLINOIS,17,GALLATIN,059,17059,SOUTHEAST,90,1995,1.0,61000,60700,2124500,35.0,2353.7837796577915,57819.32975,24564.4184694
ILLINOIS,17,GALLATIN,059,17059,SOUTHEAST,90,1996,1.0,69000,68700,2885400,42.0,2824.54053558935,78527.6037,27801.903605400003
ILLINOIS,17,GALLATIN,059,17059,SOUTHEAST,90,1997,1.0,73000,72100,2884000,40.0,2690.0386053231905,78489.502,29177.8347882
ILLINOIS,17,GALLATIN,059,17059,SOUTHEAST,90,1998,1.0,76000,75700,2271000,30.0,2017.5289539923929,61806.4005,30634.7030994
ILLINOIS,17,GALLATIN,059,17059,SOUTHEAST,90,1999,1.0,68000,67700,1760200,26.0,1748.5250934600738,47904.723099999996,27397.217963400002
ILLINOIS,17,GALLATIN,059,17059,SOUTHEAST,90,2000,1.0,64000,63900,2619900,41.0,2757.28957045627,71301.88845,25859.4125238
ILLINOIS,17,GALLATIN,059,17059,SOUTHEAST,90,2001,1.0,73000,72500,3117500,43.0,2891.7915007224296,84844.32125,29339.709045
ILLINOIS,17,GALLATIN,059,17059,SOUTHEAST,90,2002,1.0,68000,67500,1822500,27.0,1815.7760585931535,49600.24875,27316.280835
ILLINOIS,17,GALLATIN,059,17059,SOUTHEAST,90,2003,1.0,63000,62700,2382600,38.0,2555.536675057031,64843.650299999994,25373.7897534
ILLINOIS,17,GALLATIN,059,17059,SOUTHEAST,90,2004,1.0,77000,74300,3046300,41.0,2757.28957045627,82906.57764999999,30068.1432006
ILLINOIS,17,GALLATIN,059,17059,SOUTHEAST,90,2005,1.0,56000,55800,2566800,46.0,3093.544396121669,69856.74539999999,22581.4588236
ILLINOIS,17,GALLATIN,059,17059,SOUTHEAST,90,2006,1.0,71000,70700,3181500,45.0,3026.293430988589,86586.11325,28611.2748894
ILLINOIS,17,GALLATIN,059,17059,SOUTHEAST,90,2007,1.0,56000,55900,1956500,35.0,2353.7837796577915,53247.12575,22621.927387800002
ILLINOIS,17,GALLATIN,059,17059,SOUTHEAST,90,2008,1.0,70000,69800,2861800,41.0,2757.28957045627,77885.3179,28247.0578116
ILLINOIS,17,GALLATIN,059,17059,SOUTHEAST,90,2009,1.0,73000,72700,3489600,48.0,3228.0463263878282,94971.2088,29420.6461734
ILLINOIS,17,GALLATIN,059,17059,SOUTHEAST,90,2010,1.0,63000,62900,2542000,40.4,2716.938991376422,69181.801,25454.7268818
ILLINOIS,17,GALLATIN,059,17059,SOUTHEAST,90,2011,1.0,64000,63200,2655000,42.0,2824.54053558935,72257.1525,25576.132574400002
ILLINOIS,17,GALLATIN,059,17059,SOUTHEAST,90,2012,1.0,53000,52300,1872000,35.8,2407.584551764255,50947.416,21165.059076600002
ILLINOIS,17,GALLATIN,059,17059,SOUTHEAST,90,2013,1.0,65300,64800,3112000,48.0,3228.0463263878282,84694.636,26223.6296016
ILLINOIS,17,GALLATIN,059,17059,SOUTHEAST,90,2014,1.0,72300,72200,3600000,49.9,3355.82316014068,97975.8,29218.303352400002
ILLINOIS,17,GALLATIN,059,17059,SOUTHEAST,90,2015,1.0,78000,71300,3680000,51.6,3470.1498008669155,100153.04,28854.086274600002
ILLINOIS,17,GALLATIN,059,17059,SOUTHEAST,90,2016,1.0,76800,76600,3708000,48.4,3254.9467124410603,100915.074,30998.9201772
ILLINOIS,17,GALLATIN,059,17059,SOUTHEAST,90,2017,1.0,85500,84200,4592000,54.5,3665.177599752847,124973.576,34074.5310564
ILLINOIS,17,GALLATIN,059,17059,SOUTHEAST,90,2018,1.0,79000,76300,3816000,50.0,3362.548256653988,103854.348,30877.5144846
ILLINOIS,17,GALLATIN,059,17059,SOUTHEAST,90,2019,1.0,69700,63200,3001000,47.5,3194.4208438212886,81673.7155,25576.132574400002
ILLINOIS,17,GALLATIN,059,17059,SOUTHEAST,90,2020,1.0,71000,70700,4072000,57.6,3873.6555916653942,110821.516,28611.2748894
ILLINOIS,17,GALLATIN,059,17059,SOUTHEAST,90,2021,1.0,74100,73500,4594000,62.5,4203.185320817485,125028.007,29744.394687
ILLINOIS,17,GALLATIN,059,17059,SOUTHEAST,90,2022,1.0,79300,79000,4369000,55.3,3718.9783718593103,118904.5195,31970.165718
ILLINOIS,17,GREENE,061,17061,WEST SOUTHWEST,60,1980,1.0,90400,90000,2816200,31.5,2118.405401692012,76644.29109999999,36421.707780000004
ILLINOIS,17,GREENE,061,17061,WEST SOUTHWEST,60,1981,1.0,84000,82000,3237400,39.5,2656.4131227566504,88107.4597,33184.222644
ILLINOIS,17,GREENE,061,17061,WEST SOUTHWEST,60,1982,1.0,88500,87000,3345400,38.5,2589.1621576235707,91046.7337,35207.650854
ILLINOIS,17,GREENE,061,17061,WEST SOUTHWEST,60,1983,1.0,84300,84000,2016200,24.0,1614.0231631939141,54871.89109999999,33993.593928
ILLINOIS,17,GREENE,061,17061,WEST SOUTHWEST,60,1984,1.0,86000,84500,2815800,33.5,2252.907331958172,76633.4049,34195.936749
ILLINOIS,17,GREENE,061,17061,WEST SOUTHWEST,60,1985,1.0,88100,87000,3540200,40.5,2723.66408788973,96348.3131,35207.650854
ILLINOIS,17,GREENE,061,17061,WEST SOUTHWEST,60,1986,1.0,93400,93100,3533300,38.0,2555.536675057031,96160.52614999999,37676.2332702
ILLINOIS,17,GREENE,061,17061,WEST SOUTHWEST,60,1987,1.0,89600,87500,3319900,38.0,2555.536675057031,90352.73845,35409.993675
ILLINOIS,17,GREENE,061,17061,WEST SOUTHWEST,60,1988,1.0,88900,88300,2619600,29.5,1983.903471425853,71293.72379999999,35733.7421886
ILLINOIS,17,GREENE,061,17061,WEST SOUTHWEST,60,1989,1.0,79400,78400,2958900,37.5,2521.911192490491,80527.94295,31727.3543328
ILLINOIS,17,GREENE,061,17061,WEST SOUTHWEST,60,1990,1.0,80700,80500,3005000,37.5,2521.911192490491,81782.5775,32577.194181000003
ILLINOIS,17,GREENE,061,17061,WEST SOUTHWEST,60,1991,1.0,82000,81500,3667500,45.0,3026.293430988589,99812.84625,32981.879823
ILLINOIS,17,GREENE,061,17061,WEST SOUTHWEST,60,1992,1.0,83000,82300,3456600,42.0,2824.54053558935,94073.0973,33305.6283366
ILLINOIS,17,GREENE,061,17061,WEST SOUTHWEST,60,1993,1.0,82000,66000,2838000,43.0,2891.7915007224296,77237.589,26709.252372
ILLINOIS,17,GREENE,061,17061,WEST SOUTHWEST,60,1994,1.0,90000,89100,4054050,45.5,3059.918913555129,110332.997775,36057.490702200004
ILLINOIS,17,GREENE,061,17061,WEST SOUTHWEST,60,1995,1.0,91000,90500,3755750,41.5,2790.91505302281,102214.614125,36624.050601
ILLINOIS,17,GREENE,061,17061,WEST SOUTHWEST,60,1996,1.0,90000,89900,3820750,42.5,2858.1660181558896,103983.621625,36381.2392158
ILLINOIS,17,GREENE,061,17061,WEST SOUTHWEST,60,1997,1.0,99000,98700,4293450,43.5,2925.4169832889697,116848.388475,39942.4728654
ILLINOIS,17,GREENE,061,17061,WEST SOUTHWEST,60,1998,1.0,103000,101800,4428300,43.5,2925.4169832889697,120518.39864999999,41196.9983556
ILLINOIS,17,GREENE,061,17061,WEST SOUTHWEST,60,1999,1.0,102000,101600,4165600,41.0,2757.28957045627,113368.8868,41116.0612272
ILLINOIS,17,GREENE,061,17061,WEST SOUTHWEST,60,2000,1.0,106000,105800,5078400,48.0,3228.0463263878282,138211.1952,42815.7409236
ILLINOIS,17,GREENE,061,17061,WEST SOUTHWEST,60,2001,1.0,98000,97400,4577800,47.0,3160.7953612547485,124587.11589999999,39416.3815308
ILLINOIS,17,GREENE,061,17061,WEST SOUTHWEST,60,2002,1.0,99000,98700,4935000,50.0,3362.548256653988,134308.4925,39942.4728654
ILLINOIS,17,GREENE,061,17061,WEST SOUTHWEST,60,2003,1.0,105000,104800,4716000,45.0,3026.293430988589,128348.298,42411.0552816
ILLINOIS,17,GREENE,061,17061,WEST SOUTHWEST,60,2004,1.0,94000,93700,4872400,52.0,3497.0501869201476,132604.80219999998,37919.0446554
ILLINOIS,17,GREENE,061,17061,WEST SOUTHWEST,60,2005,1.0,87000,86500,3719500,43.0,2891.7915007224296,101228.05225,35005.308033
ILLINOIS,17,GREENE,061,17061,WEST SOUTHWEST,60,2006,1.0,95000,94600,4257000,45.0,3026.293430988589,115856.3835,38283.2617332
ILLINOIS,17,GREENE,061,17061,WEST SOUTHWEST,60,2007,1.0,75000,74700,2913300,39.0,2622.787640190111,79286.91614999999,30230.0174574
ILLINOIS,17,GREENE,061,17061,WEST SOUTHWEST,60,2008,1.0,87000,85000,3825000,45.0,3026.293430988589,104099.2875,34398.27957
ILLINOIS,17,GREENE,061,17061,WEST SOUTHWEST,60,2009,1.0,85000,84100,4120900,49.0,3295.2972915209084,112152.35394999999,34034.0624922
ILLINOIS,17,GREENE,061,17061,WEST SOUTHWEST,60,2010,1.0,91000,90600,4888000,54.0,3631.552117186307,133029.364,36664.5191652
ILLINOIS,17,GREENE,061,17061,WEST SOUTHWEST,60,2011,1.0,82000,80600,3894000,48.3,3248.2216159277523,105977.157,32617.6627452
ILLINOIS,17,GREENE,061,17061,WEST SOUTHWEST,60,2012,1.0,90000,89500,4371000,48.8,3281.847098494292,118958.9505,36219.364959
ILLINOIS,17,GREENE,061,17061,WEST SOUTHWEST,60,2013,1.0,99400,99300,4911000,49.5,3328.922774087448,133655.3205,40185.2842506
ILLINOIS,17,GREENE,061,17061,WEST SOUTHWEST,60,2014,1.0,95500,95000,5103000,53.7,3611.3768276463834,138880.6965,38445.13599
ILLINOIS,17,GREENE,061,17061,WEST SOUTHWEST,60,2015,1.0,91900,91500,5116000,55.9,3759.3289509391584,139234.498,37028.736243
ILLINOIS,17,GREENE,061,17061,WEST SOUTHWEST,60,2016,1.0,96600,96300,6021000,62.5,4203.185320817485,163864.5255,38971.227324600004
ILLINOIS,17,GREENE,061,17061,WEST SOUTHWEST,60,2017,1.0,99600,99300,6347000,63.9,4297.336672003797,172736.7785,40185.2842506
ILLINOIS,17,GREENE,061,17061,WEST SOUTHWEST,60,2018,1.0,107000,104000,7292000,70.1,4714.292655828891,198455.426,42087.306768
ILLINOIS,17,GREENE,061,17061,WEST SOUTHWEST,60,2019,1.0,97100,95600,5803000,60.7,4082.1335835779414,157931.5465,38687.9473752
ILLINOIS,17,GREENE,061,17061,WEST SOUTHWEST,60,2020,1.0,104000,103500,6748000,65.2,4384.762926676801,183650.194,41884.963947000004
ILLINOIS,17,GREENE,061,17061,WEST SOUTHWEST,60,2022,1.0,113000,112600,7499000,66.6,4478.914277863111,204089.0345,45567.6032892
ILLINOIS,17,GREENE,061,17061,WEST SOUTHWEST,60,2023,1.0,106000,105500,7005000,66.4,4465.464084836496,190644.5775,42694.335231000005
ILLINOIS,17,GREENE,061,17061,WEST SOUTHWEST,60,2024,1.0,110500,110100,7760000,70.5,4741.193041882123,211192.28,44555.8891842
ILLINOIS,17,GREENE,061,17061,WEST SOUTHWEST,60,2025,1.0,103500,102700,7045000,68.6,4613.416208129271,191733.1975,41561.2154334
ILLINOIS,17,GRUNDY,063,17063,NORTHEAST,20,1980,1.0,80400,80000,2858900,35.5,2387.4092622243315,77806.39295000001,32374.85136
ILLINOIS,17,GRUNDY,063,17063,NORTHEAST,20,1981,1.0,88600,88000,3650300,41.5,2790.91505302281,99344.73964999999,35612.336496
ILLINOIS,17,GRUNDY,063,17063,NORTHEAST,20,1982,1.0,88800,88500,3506200,39.5,2656.4131227566504,95422.9861,35814.679317
ILLINOIS,17,GRUNDY,063,17063,NORTHEAST,20,1983,1.0,83600,83500,2946800,35.5,2387.4092622243315,80198.63539999998,33791.251107000004
ILLINOIS,17,GRUNDY,063,17063,NORTHEAST,20,1984,1.0,87400,86500,2577200,30.0,2017.5289539923929,70139.78659999999,35005.308033
ILLINOIS,17,GRUNDY,063,17063,NORTHEAST,20,1985,1.0,85500,85000,3552200,42.0,2824.54053558935,96674.8991,34398.27957
ILLINOIS,17,GRUNDY,063,17063,NORTHEAST,20,1986,1.0,90300,88300,3527600,40.0,2690.0386053231905,96005.39779999999,35733.7421886
ILLINOIS,17,GRUNDY,063,17063,NORTHEAST,20,1987,1.0,86100,85300,3236400,38.0,2555.536675057031,88080.2442,34519.6852626
ILLINOIS,17,GRUNDY,063,17063,NORTHEAST,20,1988,1.0,85500,85200,2013500,23.5,1580.3976806273743,54798.40925,34479.2166984
ILLINOIS,17,GRUNDY,063,17063,NORTHEAST,20,1989,1.0,88500,88100,4025000,45.5,3059.918913555129,109542.3875,35652.8050602
ILLINOIS,17,GRUNDY,063,17063,NORTHEAST,20,1990,1.0,85200,85000,3799200,44.5,2992.6679484220494,103397.12759999999,34398.27957
ILLINOIS,17,GRUNDY,063,17063,NORTHEAST,20,1991,1.0,87000,86800,2170000,25.0,1681.274128326994,59057.635,35126.7137256
ILLINOIS,17,GRUNDY,063,17063,NORTHEAST,20,1992,1.0,94000,93600,4212000,45.0,3026.293430988589,114631.686,37878.576091200004
ILLINOIS,17,GRUNDY,063,17063,NORTHEAST,20,1993,1.0,92000,91600,4122000,45.0,3026.293430988589,112182.291,37069.2048072
ILLINOIS,17,GRUNDY,063,17063,NORTHEAST,20,1994,1.0,91000,90500,4479750,49.5,3328.922774087448,121918.636125,36624.050601
ILLINOIS,17,GRUNDY,063,17063,NORTHEAST,20,1995,1.0,92000,91900,3813850,41.5,2790.91505302281,103795.83467499999,37190.6104998
ILLINOIS,17,GRUNDY,063,17063,NORTHEAST,20,1996,1.0,96000,95800,3544600,37.0,2488.285709923951,96468.0613,38768.8845036
ILLINOIS,17,GRUNDY,063,17063,NORTHEAST,20,1997,1.0,86000,85700,3856500,45.0,3026.293430988589,104956.57575,34681.5595194
ILLINOIS,17,GRUNDY,063,17063,NORTHEAST,20,1998,1.0,95000,94900,4365400,46.0,3093.544396121669,118806.5437,38404.6674258
ILLINOIS,17,GRUNDY,063,17063,NORTHEAST,20,1999,1.0,95000,94600,3973200,42.0,2824.54053558935,108132.6246,38283.2617332
ILLINOIS,17,GRUNDY,063,17063,NORTHEAST,20,2000,1.0,96000,95700,4306500,45.0,3026.293430988589,117203.55075,38728.4159394
ILLINOIS,17,GRUNDY,063,17063,NORTHEAST,20,2001,1.0,98000,97300,4281200,44.0,2959.0424658555094,116514.99859999999,39375.9129666
ILLINOIS,17,GRUNDY,063,17063,NORTHEAST,20,2002,1.0,94000,93400,3829400,41.0,2757.28957045627,104219.0357,37797.6389628
ILLINOIS,17,GRUNDY,063,17063,NORTHEAST,20,2003,1.0,92000,91900,3400300,37.0,2488.285709923951,92540.86464999999,37190.6104998
ILLINOIS,17,GRUNDY,063,17063,NORTHEAST,20,2004,1.0,89000,88800,4351200,49.0,3295.2972915209084,118420.0836,35936.0850096
ILLINOIS,17,GRUNDY,063,17063,NORTHEAST,20,2005,1.0,84000,83600,3762000,45.0,3026.293430988589,102384.711,33831.7196712
ILLINOIS,17,GRUNDY,063,17063,NORTHEAST,20,2006,1.0,90000,89600,4390400,49.0,3295.2972915209084,119486.93119999999,36259.8335232
ILLINOIS,17,GRUNDY,063,17063,NORTHEAST,20,2007,1.0,68000,67800,3186600,47.0,3160.7953612547485,86724.9123,27437.686527600003
ILLINOIS,17,GRUNDY,063,17063,NORTHEAST,20,2008,1.0,76000,75400,3543800,47.0,3160.7953612547485,96446.28889999999,30513.2974068
ILLINOIS,17,GRUNDY,063,17063,NORTHEAST,20,2009,1.0,87000,86900,4171200,48.0,3228.0463263878282,113521.29359999999,35167.1822898
ILLINOIS,17,GRUNDY,063,17063,NORTHEAST,20,2010,1.0,85000,84800,4023000,47.4,3187.6957473079806,109487.9565,34317.3424416
ILLINOIS,17,GRUNDY,063,17063,NORTHEAST,20,2011,1.0,79000,78900,3926000,49.8,3349.0980636273716,106848.053,31929.6971538
ILLINOIS,17,GRUNDY,063,17063,NORTHEAST,20,2012,1.0,84000,83700,3671000,43.9,2952.3173693422013,99908.1005,33872.188235400004
ILLINOIS,17,GRUNDY,063,17063,NORTHEAST,20,2013,1.0,84500,84400,4853000,57.5,3866.930495152086,132076.8215,34155.468184800004
ILLINOIS,17,GRUNDY,063,17063,NORTHEAST,20,2014,1.0,91200,91000,5309000,58.3,3920.73126725855,144487.0895,36826.393422
ILLINOIS,17,GRUNDY,063,17063,NORTHEAST,20,2015,1.0,88900,88500,4704000,53.2,3577.7513450798433,128021.712,35814.679317
ILLINOIS,17,GRUNDY,063,17063,NORTHEAST,20,2016,1.0,93500,93400,5416000,58.0,3900.555977718626,147399.148,37797.6389628
ILLINOIS,17,GRUNDY,063,17063,NORTHEAST,20,2017,1.0,96000,95700,5485000,57.3,3853.48030212547,149277.0175,38728.4159394
ILLINOIS,17,GRUNDY,063,17063,NORTHEAST,20,2018,1.0,93000,90700,5304000,58.5,3934.181460285166,144351.012,36704.9877294
ILLINOIS,17,GRUNDY,063,17063,NORTHEAST,20,2019,1.0,81800,81600,3995000,49.0,3295.2972915209084,108725.9225,33022.3483872
ILLINOIS,17,GRUNDY,063,17063,NORTHEAST,20,2020,1.0,91300,90800,5103000,56.2,3779.5042404790825,138880.6965,36745.4562936
ILLINOIS,17,GRUNDY,063,17063,NORTHEAST,20,2021,1.0,89700,89000,5296000,59.5,4001.4324254182457,144133.288,36017.022138
ILLINOIS,17,GRUNDY,063,17063,NORTHEAST,20,2022,1.0,97300,97000,6121000,63.1,4243.535899897333,166586.0755,39254.507274
ILLINOIS,17,GRUNDY,063,17063,NORTHEAST,20,2023,1.0,87800,87400,5296000,60.6,4075.4084870646334,144133.288,35369.5251108
ILLINOIS,17,HAMILTON,065,17065,SOUTHEAST,90,1980,1.0,91100,90000,2152200,24.0,1614.0231631939141,58573.19909999999,36421.707780000004
ILLINOIS,17,HAMILTON,065,17065,SOUTHEAST,90,1981,1.0,80200,79500,2293800,29.0,1950.277988859313,62426.9139,32172.508539000002
ILLINOIS,17,HAMILTON,065,17065,SOUTHEAST,90,1982,1.0,78300,78000,2122000,27.0,1815.7760585931535,57751.291,31565.480076
ILLINOIS,17,HAMILTON,065,17065,SOUTHEAST,90,1983,1.0,78400,77500,1030300,13.5,907.8880292965767,28040.12965,31363.137255
ILLINOIS,17,HAMILTON,065,17065,SOUTHEAST,90,1984,1.0,80000,78000,1607700,20.5,1378.644785228135,43754.35935,31565.480076
ILLINOIS,17,HAMILTON,065,17065,SOUTHEAST,90,1985,1.0,69500,69000,2114200,30.5,2051.1544365589325,57539.01009999999,27923.309298
ILLINOIS,17,HAMILTON,065,17065,SOUTHEAST,90,1986,1.0,68700,68600,2329500,34.0,2286.5328145247117,63398.50725,27761.435041200002
ILLINOIS,17,HAMILTON,065,17065,SOUTHEAST,90,1987,1.0,65700,64900,1846800,28.5,1916.652506292773,50261.585399999996,26264.098165800002
ILLINOIS,17,HAMILTON,065,17065,SOUTHEAST,90,1988,1.0,55900,55600,1397800,25.0,1681.274128326994,38041.825899999996,22500.5216952
ILLINOIS,17,HAMILTON,065,17065,SOUTHEAST,90,1989,1.0,57900,57800,1664800,29.0,1950.277988859313,45308.3644,23390.8301076
ILLINOIS,17,HAMILTON,065,17065,SOUTHEAST,90,1990,1.0,76700,76400,2176500,28.5,1916.652506292773,59234.53575,30917.9830488
ILLINOIS,17,HAMILTON,065,17065,SOUTHEAST,90,1991,1.0,75000,74600,2163400,29.0,1950.277988859313,58878.01269999999,30189.5488932
ILLINOIS,17,HAMILTON,065,17065,SOUTHEAST,90,1992,1.0,65000,64500,2386500,37.0,2488.285709923951,64949.79075,26102.223909
ILLINOIS,17,HAMILTON,065,17065,SOUTHEAST,90,1993,1.0,72000,71500,2609750,36.5,2454.6602273574113,71025.651125,28935.023403
ILLINOIS,17,HAMILTON,065,17065,SOUTHEAST,90,1994,1.0,68000,67300,2456450,36.5,2454.6602273574113,66853.514975,27235.3437066
ILLINOIS,17,HAMILTON,065,17065,SOUTHEAST,90,1995,1.0,82000,80900,2507900,31.0,2084.7799191254726,68253.75245,32739.0684378
ILLINOIS,17,HAMILTON,065,17065,SOUTHEAST,90,1996,1.0,81000,80700,3187650,39.5,2656.4131227566504,86753.488575,32658.1313094
ILLINOIS,17,HAMILTON,065,17065,SOUTHEAST,90,1997,1.0,77000,76700,2837900,37.0,2488.285709923951,77234.86745,31039.388741400002
ILLINOIS,17,HAMILTON,065,17065,SOUTHEAST,90,1998,1.0,93000,92500,2963500,32.0,2152.0308842585523,80653.13425,37433.421885
ILLINOIS,17,HAMILTON,065,17065,SOUTHEAST,90,1999,1.0,88000,87500,2362500,27.0,1815.7760585931535,64296.61875,35409.993675
ILLINOIS,17,HAMILTON,065,17065,SOUTHEAST,90,2000,1.0,80000,79200,3009600,38.0,2555.536675057031,81907.76879999999,32051.1028464
ILLINOIS,17,HAMILTON,065,17065,SOUTHEAST,90,2001,1.0,87000,86500,3546500,41.0,2757.28957045627,96519.77075,35005.308033
ILLINOIS,17,HAMILTON,065,17065,SOUTHEAST,90,2002,1.0,89000,88100,2466800,28.0,1883.0270237262332,67135.1954,35652.8050602
ILLINOIS,17,HAMILTON,065,17065,SOUTHEAST,90,2003,1.0,79000,78800,2048800,26.0,1748.5250934600738,55759.1164,31889.2285896
ILLINOIS,17,HAMILTON,065,17065,SOUTHEAST,90,2004,1.0,84000,83800,3771000,45.0,3026.293430988589,102629.6505,33912.6567996
ILLINOIS,17,HAMILTON,065,17065,SOUTHEAST,90,2005,1.0,79000,78700,3462800,44.0,2959.0424658555094,94241.83339999999,31848.760025400003
ILLINOIS,17,HAMILTON,065,17065,SOUTHEAST,90,2006,1.0,90000,89600,3673600,41.0,2757.28957045627,99978.8608,36259.8335232
ILLINOIS,17,HAMILTON,065,17065,SOUTHEAST,90,2007,1.0,77000,76800,1920000,25.0,1681.274128326994,52253.76,31079.857305600002
ILLINOIS,17,HAMILTON,065,17065,SOUTHEAST,90,2008,1.0,98000,97800,3912000,40.0,2690.0386053231905,106467.036,39578.2557876
ILLINOIS,17,HAMILTON,065,17065,SOUTHEAST,90,2009,1.0,90000,89400,3844200,43.0,2891.7915007224296,104621.82509999999,36178.8963948
ILLINOIS,17,HAMILTON,065,17065,SOUTHEAST,90,2010,1.0,82000,81800,3037000,37.1,2495.0108064372594,82653.4735,33103.2855156
ILLINOIS,17,HAMILTON,065,17065,SOUTHEAST,90,2011,1.0,85000,82500,2711000,32.9,2212.556752878324,73781.2205,33386.565465
ILLINOIS,17,HAMILTON,065,17065,SOUTHEAST,90,2012,1.0,83000,81700,2302000,28.2,1896.4772167528492,62650.081,33062.816951400004
ILLINOIS,17,HAMILTON,065,17065,SOUTHEAST,90,2013,1.0,101500,99000,4183000,42.3,2844.7158251292735,113842.4365,40063.878558000004
ILLINOIS,17,HAMILTON,065,17065,SOUTHEAST,90,2014,1.0,97800,96500,4442000,46.0,3093.544396121669,120891.251,39052.164453
ILLINOIS,17,HAMILTON,065,17065,SOUTHEAST,90,2016,1.0,110500,108700,5016000,46.1,3100.269492634977,136512.948,43989.3292854
ILLINOIS,17,HAMILTON,065,17065,SOUTHEAST,90,2017,1.0,101000,100300,5146000,51.3,3449.9745113269914,140050.963,40589.9698926
ILLINOIS,17,HAMILTON,065,17065,SOUTHEAST,90,2018,1.0,99000,94300,4830000,51.2,3443.249414813684,131450.865,38161.8560406
ILLINOIS,17,HAMILTON,065,17065,SOUTHEAST,90,2020,1.0,95100,94700,4905000,51.8,3483.5999938935315,133492.0275,38323.7302974
ILLINOIS,17,HAMILTON,065,17065,SOUTHEAST,90,2022,1.0,99800,99500,4995000,50.2,3375.998449680604,135941.4225,40266.221379
ILLINOIS,17,HANCOCK,067,17067,WEST,30,1980,1.0,151000,150000,5292300,35.5,2387.4092622243315,144032.59065,60702.846300000005
ILLINOIS,17,HANCOCK,067,17067,WEST,30,1981,1.0,142200,141000,5291300,37.5,2521.911192490491,144005.37515,57060.675522000005
ILLINOIS,17,HANCOCK,067,17067,WEST,30,1982,1.0,142400,142000,5516100,39.0,2622.787640190111,150123.41955,57465.361164
ILLINOIS,17,HANCOCK,067,17067,WEST,30,1983,1.0,139200,139000,4013400,29.0,1950.277988859313,109226.6877,56251.304238000004
ILLINOIS,17,HANCOCK,067,17067,WEST,30,1984,1.0,152500,151000,4770000,31.5,2118.405401692012,129817.935,61107.531942
ILLINOIS,17,HANCOCK,067,17067,WEST,30,1985,1.0,144400,143000,5885000,41.0,2757.28957045627,160163.2175,57870.046806
ILLINOIS,17,HANCOCK,067,17067,WEST,30,1986,1.0,152500,152000,5920500,39.0,2622.787640190111,161129.36775,61512.217584000005
ILLINOIS,17,HANCOCK,067,17067,WEST,30,1987,1.0,148500,147500,5080900,34.5,2320.158297091252,138279.23395,59691.132195
ILLINOIS,17,HANCOCK,067,17067,WEST,30,1988,1.0,150600,147700,3936100,26.5,1782.1505760266136,107122.92955,59772.0693234
ILLINOIS,17,HANCOCK,067,17067,WEST,30,1989,1.0,143000,142600,4248900,30.0,2017.5289539923929,115635.93794999999,57708.172549200004
ILLINOIS,17,HANCOCK,067,17067,WEST,30,1990,1.0,159400,159300,5633500,35.5,2387.4092622243315,153318.51925,64466.4227706
ILLINOIS,17,HANCOCK,067,17067,WEST,30,1991,1.0,146000,144700,5859100,40.5,2723.66408788973,159458.33604999998,58558.0123974
ILLINOIS,17,HANCOCK,067,17067,WEST,30,1992,1.0,153000,152500,7091250,46.5,3127.169878688209,192991.914375,61714.560405000004
ILLINOIS,17,HANCOCK,067,17067,WEST,30,1993,1.0,150000,139000,5977000,43.0,2891.7915007224296,162667.0435,56251.304238000004
ILLINOIS,17,HANCOCK,067,17067,WEST,30,1994,1.0,154000,153300,7358400,48.0,3228.0463263878282,200262.53519999998,62038.3089186
ILLINOIS,17,HANCOCK,067,17067,WEST,30,1995,1.0,160000,159400,6216600,39.0,2622.787640190111,169187.8773,64506.8913348
ILLINOIS,17,HANCOCK,067,17067,WEST,30,1996,1.0,143000,142600,6203100,43.5,2925.4169832889697,168820.46805,57708.172549200004
ILLINOIS,17,HANCOCK,067,17067,WEST,30,1997,1.0,154000,153000,7267500,47.5,3194.4208438212886,197788.64625,61916.903226
ILLINOIS,17,HANCOCK,067,17067,WEST,30,1998,1.0,165000,164700,7246800,44.0,2959.0424658555094,197225.28539999996,66651.72523740001
ILLINOIS,17,HANCOCK,067,17067,WEST,30,1999,1.0,168000,166900,6509100,39.0,2622.787640190111,177148.41105,67542.0336498
ILLINOIS,17,HANCOCK,067,17067,WEST,30,2000,1.0,154000,153700,7070200,46.0,3093.544396121669,192419.0281,62200.1831754
ILLINOIS,17,HANCOCK,067,17067,WEST,30,2001,1.0,155000,153700,7070200,46.0,3093.544396121669,192419.0281,62200.1831754
ILLINOIS,17,HANCOCK,067,17067,WEST,30,2002,1.0,153000,152700,7176900,47.0,3160.7953612547485,195322.92195,61795.497533400005
ILLINOIS,17,HANCOCK,067,17067,WEST,30,2003,1.0,153000,152700,6566100,43.0,2891.7915007224296,178699.69455,61795.497533400005
ILLINOIS,17,HANCOCK,067,17067,WEST,30,2004,1.0,150000,149600,7779200,52.0,3497.0501869201476,211714.81759999998,60540.9720432
ILLINOIS,17,HANCOCK,067,17067,WEST,30,2005,1.0,148000,147400,6780400,46.0,3093.544396121669,184531.97619999998,59650.6636308
ILLINOIS,17,HANCOCK,067,17067,WEST,30,2006,1.0,152000,151400,6661600,44.0,2959.0424658555094,181298.77479999998,61269.4061988
ILLINOIS,17,HANCOCK,067,17067,WEST,30,2007,1.0,130000,129700,5966200,46.0,3093.544396121669,162373.11609999998,52487.7277674
ILLINOIS,17,HANCOCK,067,17067,WEST,30,2008,1.0,133000,127500,6375000,50.0,3362.548256653988,173498.8125,51597.419355
ILLINOIS,17,HANCOCK,067,17067,WEST,30,2009,1.0,140000,139700,6985000,50.0,3362.548256653988,190100.2675,56534.5841874
ILLINOIS,17,HANCOCK,067,17067,WEST,30,2010,1.0,137000,136400,6756000,49.5,3328.922774087448,183867.918,55199.1215688
ILLINOIS,17,HANCOCK,067,17067,WEST,30,2011,1.0,145000,144600,6579000,45.5,3059.918913555129,179050.7745,58517.543833200005
ILLINOIS,17,HANCOCK,067,17067,WEST,30,2012,1.0,142000,141200,6883000,48.7,3275.1220019809844,187324.2865,57141.6126504
ILLINOIS,17,HANCOCK,067,17067,WEST,30,2013,1.0,149000,148900,7107000,47.7,3207.8710368479046,193420.5585,60257.692093800004
ILLINOIS,17,HANCOCK,067,17067,WEST,30,2014,1.0,147500,147300,7677000,52.1,3503.7752834334556,208933.3935,59610.195066600005
ILLINOIS,17,HANCOCK,067,17067,WEST,30,2015,1.0,147000,146900,8254000,56.2,3779.5042404790825,224636.737,59448.3208098
ILLINOIS,17,HANCOCK,067,17067,WEST,30,2016,1.0,144500,144000,9176000,63.7,4283.886478977181,249729.428,58274.732448
ILLINOIS,17,HANCOCK,067,17067,WEST,30,2017,1.0,157500,157100,10377000,66.1,4445.288795296572,282415.2435,63576.1143582
ILLINOIS,17,HANCOCK,067,17067,WEST,30,2018,1.0,151000,147500,10298000,69.8,4694.117366288967,280265.219,59691.132195
ILLINOIS,17,HANCOCK,067,17067,WEST,30,2020,1.0,155500,154800,10310000,66.6,4478.914277863111,280591.805,62645.3373816
ILLINOIS,17,HANCOCK,067,17067,WEST,30,2021,1.0,159000,157600,10606000,67.3,4525.989953456267,288647.593,63778.4571792
ILLINOIS,17,HANCOCK,067,17067,WEST,30,2022,1.0,157500,157000,10613000,67.6,4546.165242996191,288838.1015,63535.645794000004
ILLINOIS,17,HANCOCK,067,17067,WEST,30,2023,1.0,159500,158700,10316000,65.0,4371.312733650185,280755.098,64223.6113854
ILLINOIS,17,HANCOCK,067,17067,WEST,30,2024,1.0,159000,158300,10179000,64.3,4324.237058057029,277026.5745,64061.737128600005
ILLINOIS,17,HARDIN,069,17069,SOUTHEAST,90,1980,1.0,2000,2000,43800,22.0,1479.5212329277547,1192.0389,809.3712840000001
ILLINOIS,17,HARDIN,069,17069,SOUTHEAST,90,1981,1.0,2100,2000,48600,24.5,1647.6486457604542,1322.6733000000002,809.3712840000001
ILLINOIS,17,HARDIN,069,17069,SOUTHEAST,90,1982,1.0,2500,2500,73100,29.0,1950.277988859313,1989.4530499999998,1011.714105
ILLINOIS,17,HARDIN,069,17069,SOUTHEAST,90,1983,1.0,2000,2000,43000,21.5,1445.8957503612148,1170.2665,809.3712840000001
ILLINOIS,17,HARDIN,069,17069,SOUTHEAST,90,1984,1.0,3100,3000,77700,26.0,1748.5250934600738,2114.64435,1214.056926
ILLINOIS,17,HARDIN,069,17069,SOUTHEAST,90,1985,1.0,3000,3000,78400,26.0,1748.5250934600738,2133.6951999999997,1214.056926
ILLINOIS,17,HARDIN,069,17069,SOUTHEAST,90,1986,1.0,2200,2200,56000,25.5,1714.899610893534,1524.068,890.3084124000001
ILLINOIS,17,HARDIN,069,17069,SOUTHEAST,90,1987,1.0,1400,1400,28000,20.0,1345.0193026615952,762.034,566.5598988
ILLINOIS,17,HARDIN,069,17069,SOUTHEAST,90,1988,1.0,1100,800,17700,22.0,1479.5212329277547,481.71434999999997,323.7485136
ILLINOIS,17,HARDIN,069,17069,SOUTHEAST,90,1989,1.0,1800,1700,57400,34.0,2286.5328145247117,1562.1697,687.9655914
ILLINOIS,17,HARDIN,069,17069,SOUTHEAST,90,1990,1.0,2100,2100,64000,30.5,2051.1544365589325,1741.792,849.8398482
ILLINOIS,17,HARDIN,069,17069,SOUTHEAST,90,1991,1.0,2000,1900,49400,26.0,1748.5250934600738,1344.4457,768.9027198
ILLINOIS,17,HARDIN,069,17069,SOUTHEAST,90,1992,1.0,2000,1900,62700,33.0,2219.281849391632,1706.41185,768.9027198
ILLINOIS,17,HARDIN,069,17069,SOUTHEAST,90,1993,1.0,2000,1500,46500,31.0,2084.7799191254726,1265.52075,607.028463
ILLINOIS,17,HARDIN,069,17069,SOUTHEAST,90,1994,1.0,3000,2900,104400,36.0,2421.034744790871,2841.2981999999997,1173.5883618
ILLINOIS,17,HARDIN,069,17069,SOUTHEAST,90,1995,1.0,3000,2900,100050,34.5,2320.158297091252,2722.910775,1173.5883618
ILLINOIS,17,HARDIN,069,17069,SOUTHEAST,90,1996,1.0,5000,4900,144550,29.5,1983.903471425853,3934.000525,1982.9596458
ILLINOIS,17,HARDIN,069,17069,SOUTHEAST,90,1997,1.0,3000,2900,81150,28.0,1883.0270237262332,2208.537825,1173.5883618
ILLINOIS,17,HARDIN,069,17069,SOUTHEAST,90,1998,1.0,3000,2900,75400,26.0,1748.5250934600738,2052.0487,1173.5883618
ILLINOIS,17,HARDIN,069,17069,SOUTHEAST,90,1999,1.0,3000,2900,84100,29.0,1950.277988859313,2288.8235499999996,1173.5883618
ILLINOIS,17,HARDIN,069,17069,SOUTHEAST,90,2000,1.0,4000,3900,163800,42.0,2824.54053558935,4457.898899999999,1578.2740038
ILLINOIS,17,HARDIN,069,17069,SOUTHEAST,90,2001,1.0,5000,4900,156800,32.0,2152.0308842585523,4267.390399999999,1982.9596458
ILLINOIS,17,HARDIN,069,17069,SOUTHEAST,90,2002,1.0,4000,3800,110400,29.0,1950.277988859313,3004.5912,1537.8054396
ILLINOIS,17,HARDIN,069,17069,SOUTHEAST,90,2003,1.0,7000,6800,265200,39.0,2622.787640190111,7217.5506,2751.8623656
ILLINOIS,17,HARDIN,069,17069,SOUTHEAST,90,2004,1.0,5000,4900,186200,38.0,2555.536675057031,5067.5261,1982.9596458
ILLINOIS,17,HARDIN,069,17069,SOUTHEAST,90,2005,1.0,5000,4400,162800,37.0,2488.285709923951,4430.6834,1780.6168248000001
ILLINOIS,17,HARDIN,069,17069,SOUTHEAST,90,2006,1.0,6000,5900,277300,47.0,3160.7953612547485,7546.858149999999,2387.6452878
ILLINOIS,17,HARDIN,069,17069,SOUTHEAST,90,2007,1.0,4000,2700,72700,27.0,1815.7760585931535,1978.56685,1092.6512334000001
ILLINOIS,17,HARDIN,069,17069,SOUTHEAST,90,2010,1.0,6000,5900,124000,21.0,1412.270267794675,3374.722,2387.6452878
ILLINOIS,17,HARDIN,069,17069,SOUTHEAST,90,2015,1.0,6200,6100,264000,43.3,2911.9667902623532,7184.892,2468.5824162
ILLINOIS,17,HARDIN,069,17069,SOUTHEAST,90,2016,1.0,6100,6000,239000,39.8,2676.5884122965745,6504.5045,2428.113852
ILLINOIS,17,HARDIN,069,17069,SOUTHEAST,90,2018,1.0,6000,5800,251000,43.3,2911.9667902623532,6831.0905,2347.1767236
ILLINOIS,17,HARDIN,069,17069,SOUTHEAST,90,2019,1.0,3700,3300,148000,44.8,3012.843237961973,4027.894,1335.4626186
ILLINOIS,17,HARDIN,069,17069,SOUTHEAST,90,2020,1.0,5900,5750,292000,50.8,3416.349028760452,7946.926,2326.9424415
ILLINOIS,17,HARDIN,069,17069,SOUTHEAST,90,2021,1.0,7400,7370,373000,50.6,3402.8988357338358,10151.3815,2982.53318154
ILLINOIS,17,HENDERSON,071,17071,WEST,30,1980,1.0,40800,40500,1429000,35.5,2387.4092622243315,38890.9495,16389.768501000002
ILLINOIS,17,HENDERSON,071,17071,WEST,30,1981,1.0,37400,37000,1444800,39.0,2622.787640190111,39320.954399999995,14973.368754000001
ILLINOIS,17,HENDERSON,071,17071,WEST,30,1982,1.0,38200,37200,1482100,40.0,2690.0386053231905,40336.092549999994,15054.3058824
ILLINOIS,17,HENDERSON,071,17071,WEST,30,1983,1.0,40100,40000,1340500,33.5,2252.907331958172,36482.37775,16187.42568
ILLINOIS,17,HENDERSON,071,17071,WEST,30,1984,1.0,36900,36500,1310300,36.0,2421.034744790871,35660.46965,14771.025933
ILLINOIS,17,HENDERSON,071,17071,WEST,30,1985,1.0,37200,37000,1559900,42.0,2824.54053558935,42453.45845,14973.368754000001
ILLINOIS,17,HENDERSON,071,17071,WEST,30,1986,1.0,39200,38900,1670600,43.0,2891.7915007224296,45466.2143,15742.271473800001
ILLINOIS,17,HENDERSON,071,17071,WEST,30,1987,1.0,40700,40500,1617500,40.0,2690.0386053231905,44021.07125,16389.768501000002
ILLINOIS,17,HENDERSON,071,17071,WEST,30,1988,1.0,39200,38700,1264900,32.5,2185.6563668250924,34424.885949999996,15661.3343454
ILLINOIS,17,HENDERSON,071,17071,WEST,30,1989,1.0,42800,42700,1526700,36.0,2421.034744790871,41549.90385,17280.0769134
ILLINOIS,17,HENDERSON,071,17071,WEST,30,1990,1.0,47700,46900,2050200,43.5,2925.4169832889697,55797.21809999999,18979.7566098
ILLINOIS,17,HENDERSON,071,17071,WEST,30,1991,1.0,47000,46500,2325000,50.0,3362.548256653988,63276.0375,18817.882353
ILLINOIS,17,HENDERSON,071,17071,WEST,30,1992,1.0,47000,46700,2101500,45.0,3026.293430988589,57193.37325,18898.8194814
ILLINOIS,17,HENDERSON,071,17071,WEST,30,1993,1.0,49000,44000,2002000,45.5,3059.918913555129,54485.431,17806.168248
ILLINOIS,17,HENDERSON,071,17071,WEST,30,1994,1.0,52000,51500,2806750,54.5,3665.177599752847,76387.104625,20841.310563
ILLINOIS,17,HENDERSON,071,17071,WEST,30,1995,1.0,51000,50600,2125200,42.0,2824.54053558935,57838.3806,20477.0934852
ILLINOIS,17,HENDERSON,071,17071,WEST,30,1996,1.0,52000,51800,2538200,49.0,3295.2972915209084,69078.38209999999,20962.7162556
ILLINOIS,17,HENDERSON,071,17071,WEST,30,1997,1.0,55000,54800,2822200,51.5,3463.4247043536075,76807.5841,22176.7731816
ILLINOIS,17,HENDERSON,071,17071,WEST,30,1998,1.0,62000,61900,3218800,52.0,3497.0501869201476,87601.2514,25050.0412398
ILLINOIS,17,HENDERSON,071,17071,WEST,30,1999,1.0,65000,64700,2911500,45.0,3026.293430988589,79237.92825,26183.1610374
ILLINOIS,17,HENDERSON,071,17071,WEST,30,2000,1.0,65000,64800,2980800,46.0,3093.544396121669,81123.96239999999,26223.6296016
ILLINOIS,17,HENDERSON,071,17071,WEST,30,2001,1.0,71000,70500,3525000,50.0,3362.548256653988,95934.6375,28530.337761000003
ILLINOIS,17,HENDERSON,071,17071,WEST,30,2002,1.0,67000,66700,3268300,49.0,3295.2972915209084,88948.41864999999,26992.532321400002
ILLINOIS,17,HENDERSON,071,17071,WEST,30,2003,1.0,63000,62900,2390200,38.0,2555.536675057031,65050.488099999995,25454.7268818
ILLINOIS,17,HENDERSON,071,17071,WEST,30,2004,1.0,63000,61600,3141600,51.0,3429.799221787068,85500.2148,24928.6355472
ILLINOIS,17,HENDERSON,071,17071,WEST,30,2005,1.0,60000,59700,2746200,46.0,3093.544396121669,74739.2061,24159.7328274
ILLINOIS,17,HENDERSON,071,17071,WEST,30,2006,1.0,65000,64600,3230000,50.0,3362.548256653988,87906.065,26142.6924732
ILLINOIS,17,HENDERSON,071,17071,WEST,30,2007,1.0,58000,57900,2837100,49.0,3295.2972915209084,77213.09505,23431.2986718
ILLINOIS,17,HENDERSON,071,17071,WEST,30,2008,1.0,55000,49500,2524500,51.0,3429.799221787068,68705.52975,20031.939279000002
ILLINOIS,17,HENDERSON,071,17071,WEST,30,2009,1.0,55000,54300,2606400,48.0,3228.0463263878282,70934.4792,21974.4303606
ILLINOIS,17,HENDERSON,071,17071,WEST,30,2010,1.0,53000,51800,2556000,49.3,3315.472581060832,69562.818,20962.7162556
ILLINOIS,17,HENDERSON,071,17071,WEST,30,2011,1.0,53000,52900,2928000,55.3,3718.9783718593103,79686.984,21407.8704618
ILLINOIS,17,HENDERSON,071,17071,WEST,30,2012,1.0,58000,57600,3193000,55.4,3725.7034683726188,86899.0915,23309.8929792
ILLINOIS,17,HENDERSON,071,17071,WEST,30,2013,1.0,58400,58100,3013000,51.9,3490.3250904068395,82000.3015,23512.2358002
ILLINOIS,17,HENDERSON,071,17071,WEST,30,2014,1.0,60500,60100,3167000,52.7,3544.1258625133037,86191.4885,24321.6070842
ILLINOIS,17,HENDERSON,071,17071,WEST,30,2015,1.0,59900,59800,3424000,57.3,3853.48030212547,93185.872,24200.2013916
ILLINOIS,17,HENDERSON,071,17071,WEST,30,2016,1.0,56300,56000,3238000,57.8,3887.10578469201,88123.789,22662.395952
ILLINOIS,17,HENDERSON,071,17071,WEST,30,2017,1.0,60800,60500,3727000,61.6,4142.659452197713,101432.1685,24483.481341000002
ILLINOIS,17,HENDERSON,071,17071,WEST,30,2018,1.0,59000,57500,3464000,60.2,4048.508101011402,94274.492,23269.424415
ILLINOIS,17,HENDERSON,071,17071,WEST,30,2020,1.0,54300,54100,3360000,62.1,4176.284934764253,91444.08,21893.493232200002
ILLINOIS,17,HENDERSON,071,17071,WEST,30,2021,1.0,60900,60400,4023000,66.6,4478.914277863111,109487.9565,24443.012776800002
ILLINOIS,17,HENDERSON,071,17071,WEST,30,2022,1.0,60200,60000,4032000,67.2,4519.26485694296,109732.896,24281.13852
ILLINOIS,17,HENDERSON,071,17071,WEST,30,2023,1.0,59500,59200,3907000,66.0,4438.563698783264,106330.9585,23957.3900064
ILLINOIS,17,HENDERSON,071,17071,WEST,30,2025,1.0,59200,58800,4092000,69.6,4680.667173262351,111365.826,23795.5157496
ILLINOIS,17,HENRY,073,17073,NORTHWEST,10,1980,1.0,92300,92000,3772700,41.0,2757.28957045627,102675.91685,37231.079064
ILLINOIS,17,HENRY,073,17073,NORTHWEST,10,1981,1.0,86900,86000,3789300,44.0,2959.0424658555094,103127.69415,34802.965212
ILLINOIS,17,HENRY,073,17073,NORTHWEST,10,1982,1.0,85000,84200,3450000,41.0,2757.28957045627,93893.475,34074.5310564
ILLINOIS,17,HENRY,073,17073,NORTHWEST,10,1983,1.0,82900,82500,3132100,38.0,2555.536675057031,85241.66755,33386.565465
ILLINOIS,17,HENRY,073,17073,NORTHWEST,10,1984,1.0,82100,81000,3077200,38.0,2555.536675057031,83747.53659999999,32779.537002000005
ILLINOIS,17,HENRY,073,17073,NORTHWEST,10,1985,1.0,84600,84000,3804200,45.5,3059.918913555129,103533.20509999999,33993.593928
ILLINOIS,17,HENRY,073,17073,NORTHWEST,10,1986,1.0,92400,91200,4053300,44.5,2992.6679484220494,110312.58614999999,36907.3305504
ILLINOIS,17,HENRY,073,17073,NORTHWEST,10,1987,1.0,87600,86900,3817700,44.0,2959.0424658555094,103900.61434999999,35167.1822898
ILLINOIS,17,HENRY,073,17073,NORTHWEST,10,1988,1.0,97300,96800,2920400,30.0,2017.5289539923929,79480.1462,39173.5701456
ILLINOIS,17,HENRY,073,17073,NORTHWEST,10,1989,1.0,100000,98700,4362300,44.0,2959.0424658555094,118722.17564999999,39942.4728654
ILLINOIS,17,HENRY,073,17073,NORTHWEST,10,1990,1.0,99400,97000,4287900,44.0,2959.0424658555094,116697.34244999998,39254.507274
ILLINOIS,17,HENRY,073,17073,NORTHWEST,10,1991,1.0,109000,107900,4801550,44.5,2992.6679484220494,130676.58402499999,43665.5807718
ILLINOIS,17,HENRY,073,17073,NORTHWEST,10,1992,1.0,116000,114100,5256900,46.0,3093.544396121669,143069.16194999998,46174.6317522
ILLINOIS,17,HENRY,073,17073,NORTHWEST,10,1993,1.0,108000,105000,4725000,45.0,3026.293430988589,128593.2375,42491.99241
ILLINOIS,17,HENRY,073,17073,NORTHWEST,10,1994,1.0,119000,118200,6028200,51.0,3429.799221787068,164060.4771,47833.8428844
ILLINOIS,17,HENRY,073,17073,NORTHWEST,10,1995,1.0,132000,131200,5838400,44.5,2992.6679484220494,158894.9752,53094.7562304
ILLINOIS,17,HENRY,073,17073,NORTHWEST,10,1996,1.0,138000,137100,6375150,46.5,3127.169878688209,173502.894825,55482.4015182
ILLINOIS,17,HENRY,073,17073,NORTHWEST,10,1997,1.0,141000,140500,6884500,49.0,3295.2972915209084,187365.10975,56858.332701
ILLINOIS,17,HENRY,073,17073,NORTHWEST,10,1998,1.0,152000,151400,8175600,54.0,3631.552117186307,222503.04179999998,61269.4061988
ILLINOIS,17,HENRY,073,17073,NORTHWEST,10,1999,1.0,166000,165000,7590000,46.0,3093.544396121669,206565.645,66773.13093
ILLINOIS,17,HENRY,073,17073,NORTHWEST,10,2000,1.0,178000,177700,8529600,48.0,3228.0463263878282,232137.3288,71912.6385834
ILLINOIS,17,HENRY,073,17073,NORTHWEST,10,2001,1.0,180000,178200,8375400,47.0,3160.7953612547485,227940.69869999998,72114.98140440001
ILLINOIS,17,HENRY,073,17073,NORTHWEST,10,2002,1.0,180000,179500,9513500,53.0,3564.3011520532273,258914.65925,72641.072739
ILLINOIS,17,HENRY,073,17073,NORTHWEST,10,2003,1.0,174000,173300,5718900,33.0,2219.281849391632,155642.72295,70132.0217586
ILLINOIS,17,HENRY,073,17073,NORTHWEST,10,2004,1.0,166000,165500,8606000,52.0,3497.0501869201476,234216.593,66975.473751
ILLINOIS,17,HENRY,073,17073,NORTHWEST,10,2005,1.0,160000,159300,7327800,46.0,3093.544396121669,199429.74089999998,64466.4227706
ILLINOIS,17,HENRY,073,17073,NORTHWEST,10,2006,1.0,175000,174200,8710000,50.0,3362.548256653988,237047.005,70496.2388364
ILLINOIS,17,HENRY,073,17073,NORTHWEST,10,2007,1.0,142000,141700,7368400,52.0,3497.0501869201476,200534.69019999998,57343.955471400004
ILLINOIS,17,HENRY,073,17073,NORTHWEST,10,2008,1.0,154000,153700,7531300,49.0,3295.2972915209084,204968.09514999998,62200.1831754
ILLINOIS,17,HENRY,073,17073,NORTHWEST,10,2009,1.0,156000,154300,7252100,47.0,3160.7953612547485,197369.52754999997,62442.994560600004
ILLINOIS,17,HENRY,073,17073,NORTHWEST,10,2010,1.0,152000,151300,8561000,56.6,3806.4046265323145,232991.8955,61228.9376346
ILLINOIS,17,HENRY,073,17073,NORTHWEST,10,2011,1.0,146000,145700,8830000,60.6,4075.4084870646334,240312.865,58962.6980394
ILLINOIS,17,HENRY,073,17073,NORTHWEST,10,2012,1.0,150000,149400,7606000,50.9,3423.07412527376,207001.093,60460.0349148
ILLINOIS,17,HENRY,073,17073,NORTHWEST,10,2013,1.0,163000,162800,8993000,55.2,3712.2532753460027,244748.9915,65882.8225176
ILLINOIS,17,HENRY,073,17073,NORTHWEST,10,2014,1.0,169000,168500,9631000,57.2,3846.7552056121626,262112.4805,68189.530677
ILLINOIS,17,HENRY,073,17073,NORTHWEST,10,2015,1.0,174000,173900,10321000,59.4,3994.7073289049376,280891.1755,70374.8331438
ILLINOIS,17,HENRY,073,17073,NORTHWEST,10,2016,1.0,170000,169800,10420000,61.4,4129.209259171097,283585.51,68715.6220116
ILLINOIS,17,HENRY,073,17073,NORTHWEST,10,2017,1.0,177000,176500,10400000,58.9,3961.0818463383976,283041.2,71427.015813
ILLINOIS,17,HENRY,073,17073,NORTHWEST,10,2018,1.0,174000,169300,10700000,63.2,4250.260996410641,291205.85,68513.2791906
ILLINOIS,17,HENRY,073,17073,NORTHWEST,10,2019,1.0,150000,149500,7865000,52.6,3537.4007659999957,214049.9075,60500.503479
ILLINOIS,17,HENRY,073,17073,NORTHWEST,10,2020,1.0,171000,170300,10610000,62.3,4189.735127790869,288756.455,68917.9648326
ILLINOIS,17,HENRY,073,17073,NORTHWEST,10,2021,1.0,173000,171500,11679000,68.1,4579.7907255627315,317849.8245,69403.587603
ILLINOIS,17,HENRY,073,17073,NORTHWEST,10,2022,1.0,183500,182900,12218000,66.8,4492.364470889728,332518.979,74017.0039218
ILLINOIS,17,HENRY,073,17073,NORTHWEST,10,2023,1.0,172500,171600,11188000,65.2,4384.762926676801,304487.014,69444.0561672
ILLINOIS,17,IROQUOIS,075,17075,EAST,50,1980,1.0,283300,282000,9608200,34.0,2286.5328145247117,261491.96709999998,114121.35104400001
ILLINOIS,17,IROQUOIS,075,17075,EAST,50,1981,1.0,270900,268000,10274400,38.5,2589.1621576235707,279622.93319999997,108455.752056
ILLINOIS,17,IROQUOIS,075,17075,EAST,50,1982,1.0,278800,278000,11759000,42.5,2858.1660181558896,320027.0645,112502.60847600001
ILLINOIS,17,IROQUOIS,075,17075,EAST,50,1983,1.0,277900,277500,10378900,37.5,2521.911192490491,282466.95295,112300.26565500001
ILLINOIS,17,IROQUOIS,075,17075,EAST,50,1984,1.0,281900,279000,9516900,34.0,2286.5328145247117,259007.19194999998,112907.294118
ILLINOIS,17,IROQUOIS,075,17075,EAST,50,1985,1.0,272300,270000,13438300,50.0,3362.548256653988,365730.05364999996,109265.12334
ILLINOIS,17,IROQUOIS,075,17075,EAST,50,1986,1.0,266300,266100,9434700,35.5,2387.4092622243315,256770.07785,107686.8493362
ILLINOIS,17,IROQUOIS,075,17075,EAST,50,1987,1.0,269000,267000,10930100,41.0,2757.28957045627,297468.13655,108051.066414
ILLINOIS,17,IROQUOIS,075,17075,EAST,50,1988,1.0,267100,266400,5759900,21.5,1445.8957503612148,156758.55844999998,107808.2550288
ILLINOIS,17,IROQUOIS,075,17075,EAST,50,1989,1.0,273000,272600,12048300,44.0,2959.0424658555094,327900.50865,110317.30600920001
ILLINOIS,17,IROQUOIS,075,17075,EAST,50,1990,1.0,279000,278500,12037600,43.0,2891.7915007224296,327609.3028,112704.951297
ILLINOIS,17,IROQUOIS,075,17075,EAST,50,1991,1.0,275000,271300,7732050,28.5,1916.652506292773,210431.60677499996,109791.2146746
ILLINOIS,17,IROQUOIS,075,17075,EAST,50,1992,1.0,285000,284300,12935650,45.5,3059.918913555129,352050.182575,115052.12802060001
ILLINOIS,17,IROQUOIS,075,17075,EAST,50,1993,1.0,274000,270000,10935000,40.5,2723.66408788973,297601.4925,109265.12334
ILLINOIS,17,IROQUOIS,075,17075,EAST,50,1994,1.0,276000,274600,13180800,48.0,3228.0463263878282,358722.0624,111126.6772932
ILLINOIS,17,IROQUOIS,075,17075,EAST,50,1995,1.0,278000,276600,10925700,39.5,2656.4131227566504,297348.38834999996,111936.04857720001
ILLINOIS,17,IROQUOIS,075,17075,EAST,50,1996,1.0,283000,281900,11980750,42.5,2858.1660181558896,326062.101625,114080.8824798
ILLINOIS,17,IROQUOIS,075,17075,EAST,50,1997,1.0,285000,284000,13206000,46.5,3127.169878688209,359407.893,114930.722328
ILLINOIS,17,IROQUOIS,075,17075,EAST,50,1998,1.0,299000,297600,12648000,42.5,2858.1660181558896,344221.644,120434.4470592
ILLINOIS,17,IROQUOIS,075,17075,EAST,50,1999,1.0,296000,294600,14435400,49.0,3295.2972915209084,392866.6287,119220.39013320001
ILLINOIS,17,IROQUOIS,075,17075,EAST,50,2000,1.0,288000,287300,12641200,44.0,2959.0424658555094,344036.57859999995,116266.1849466
ILLINOIS,17,IROQUOIS,075,17075,EAST,50,2001,1.0,292000,290100,14214900,49.0,3295.2972915209084,386865.61095,117399.30474420001
ILLINOIS,17,IROQUOIS,075,17075,EAST,50,2002,1.0,288000,286400,14892800,52.0,3497.0501869201476,405314.9984,115901.9678688
ILLINOIS,17,IROQUOIS,075,17075,EAST,50,2003,1.0,278000,277300,8319000,30.0,2017.5289539923929,226405.7445,112219.3285266
ILLINOIS,17,IROQUOIS,075,17075,EAST,50,2004,1.0,279000,277600,13602400,49.0,3295.2972915209084,370196.1172,112340.7342192
ILLINOIS,17,IROQUOIS,075,17075,EAST,50,2005,1.0,261000,259900,13254900,51.0,3429.799221787068,360738.73095,105177.7983558
ILLINOIS,17,IROQUOIS,075,17075,EAST,50,2006,1.0,273000,271800,13590000,50.0,3362.548256653988,369858.645,109993.5574956
ILLINOIS,17,IROQUOIS,075,17075,EAST,50,2007,1.0,218000,217900,11330800,52.0,3497.0501869201476,308373.38739999995,88181.0013918
ILLINOIS,17,IROQUOIS,075,17075,EAST,50,2008,1.0,244000,243000,11421000,47.0,3160.7953612547485,310828.2255,98338.611006
ILLINOIS,17,IROQUOIS,075,17075,EAST,50,2009,1.0,247000,245000,12495000,51.0,3429.799221787068,340057.6725,99147.98229
ILLINOIS,17,IROQUOIS,075,17075,EAST,50,2010,1.0,263000,262000,12071000,46.1,3100.269492634977,328518.3005,106027.638204
ILLINOIS,17,IROQUOIS,075,17075,EAST,50,2011,1.0,254000,253500,11416000,45.0,3026.293430988589,310692.148,102587.810247
ILLINOIS,17,IROQUOIS,075,17075,EAST,50,2012,1.0,251000,250000,11173000,44.7,3006.1181414486655,304078.7815,101171.4105
ILLINOIS,17,IROQUOIS,075,17075,EAST,50,2013,1.0,249500,249500,12285000,49.2,3308.7474845475244,334342.4175,100969.067679
ILLINOIS,17,IROQUOIS,075,17075,EAST,50,2014,1.0,273500,272500,15547000,57.1,3840.030109098854,423119.3785,110276.837445
ILLINOIS,17,IROQUOIS,075,17075,EAST,50,2015,1.0,274000,273500,14247000,52.1,3503.7752834334556,387739.2285,110681.52308700001
ILLINOIS,17,IROQUOIS,075,17075,EAST,50,2016,1.0,292000,290500,17182000,59.1,3974.532039365014,467616.721,117561.179001
ILLINOIS,17,IROQUOIS,075,17075,EAST,50,2017,1.0,290000,289000,16515000,57.1,3840.030109098854,449463.9825,116954.150538
ILLINOIS,17,IROQUOIS,075,17075,EAST,50,2018,1.0,297000,289500,16012000,55.3,3718.9783718593103,435774.586,117156.493359
ILLINOIS,17,IROQUOIS,075,17075,EAST,50,2019,1.0,274000,273500,12391000,45.3,3046.468720528513,337227.2605,110681.52308700001
ILLINOIS,17,IROQUOIS,075,17075,EAST,50,2020,1.0,290500,289500,17370000,60.0,4035.0579079847857,472733.235,117156.493359
ILLINOIS,17,IROQUOIS,075,17075,EAST,50,2021,1.0,291000,288500,16704000,57.9,3893.830881205318,454607.712,116751.807717
ILLINOIS,17,IROQUOIS,075,17075,EAST,50,2022,1.0,299500,298500,19044000,63.8,4290.611575490489,518291.982,120798.664137
ILLINOIS,17,IROQUOIS,075,17075,EAST,50,2023,1.0,289000,287500,18860000,65.6,4411.663312730032,513284.33,116347.122075
ILLINOIS,17,IROQUOIS,075,17075,EAST,50,2024,1.0,294500,293500,19166000,65.3,4391.488023190108,521612.273,118775.235927
ILLINOIS,17,IROQUOIS,075,17075,EAST,50,2025,1.0,286000,284000,19056000,67.1,4512.539760429651,518618.568,114930.722328
ILLINOIS,17,JACKSON,077,17077,SOUTHWEST,80,1980,1.0,81600,81000,1892400,23.5,1580.3976806273743,51502.612199999996,32779.537002000005
ILLINOIS,17,JACKSON,077,17077,SOUTHWEST,80,1981,1.0,75200,73000,2068100,28.5,1916.652506292773,56284.37555,29542.051866
ILLINOIS,17,JACKSON,077,17077,SOUTHWEST,80,1982,1.0,72200,72000,2313900,32.0,2152.0308842585523,62973.94544999999,29137.366224
ILLINOIS,17,JACKSON,077,17077,SOUTHWEST,80,1983,1.0,63700,63000,1317100,21.0,1412.270267794675,35845.53505,25495.195446
ILLINOIS,17,JACKSON,077,17077,SOUTHWEST,80,1984,1.0,59500,58000,1554700,27.0,1815.7760585931535,42311.93785,23471.767236
ILLINOIS,17,JACKSON,077,17077,SOUTHWEST,80,1985,1.0,64900,63000,1774400,28.0,1883.0270237262332,48291.18319999999,25495.195446
ILLINOIS,17,JACKSON,077,17077,SOUTHWEST,80,1986,1.0,62500,62100,2108700,34.0,2286.5328145247117,57389.32485,25130.9783682
ILLINOIS,17,JACKSON,077,17077,SOUTHWEST,80,1987,1.0,56000,55200,1736100,31.5,2118.405401692012,47248.829549999995,22338.6474384
ILLINOIS,17,JACKSON,077,17077,SOUTHWEST,80,1988,1.0,57500,56600,1479900,26.0,1748.5250934600738,40276.21844999999,22905.2073372
ILLINOIS,17,JACKSON,077,17077,SOUTHWEST,80,1989,1.0,54000,53100,1529400,29.0,1950.277988859313,41623.3857,21488.807590200002
ILLINOIS,17,JACKSON,077,17077,SOUTHWEST,80,1990,1.0,49100,48800,1558000,32.0,2152.0308842585523,42401.749,19748.6593296
ILLINOIS,17,JACKSON,077,17077,SOUTHWEST,80,1991,1.0,48000,46800,1380600,29.5,1983.903471425853,37573.7193,18939.288045600002
ILLINOIS,17,JACKSON,077,17077,SOUTHWEST,80,1992,1.0,56000,55400,1883600,34.0,2286.5328145247117,51263.1158,22419.5845668
ILLINOIS,17,JACKSON,077,17077,SOUTHWEST,80,1993,1.0,53000,48000,1680000,35.0,2353.7837796577915,45722.04,19424.910816
ILLINOIS,17,JACKSON,077,17077,SOUTHWEST,80,1994,1.0,61000,60500,2329250,38.5,2589.1621576235707,63391.703375,24483.481341000002
ILLINOIS,17,JACKSON,077,17077,SOUTHWEST,80,1995,1.0,63000,62700,1724250,27.5,1849.4015411596934,46926.325875,25373.7897534
ILLINOIS,17,JACKSON,077,17077,SOUTHWEST,80,1996,1.0,66000,65600,2033600,31.0,2084.7799191254726,55345.4408,26547.3781152
ILLINOIS,17,JACKSON,077,17077,SOUTHWEST,80,1997,1.0,73000,72500,2320000,32.0,2152.0308842585523,63139.96,29339.709045
ILLINOIS,17,JACKSON,077,17077,SOUTHWEST,80,1998,1.0,73000,71600,2291200,32.0,2152.0308842585523,62356.15359999999,28975.4919672
ILLINOIS,17,JACKSON,077,17077,SOUTHWEST,80,1999,1.0,81000,80700,2421000,30.0,2017.5289539923929,65888.7255,32658.1313094
ILLINOIS,17,JACKSON,077,17077,SOUTHWEST,80,2000,1.0,76000,75900,2960100,39.0,2622.787640190111,80560.60154999999,30715.640227800002
ILLINOIS,17,JACKSON,077,17077,SOUTHWEST,80,2001,1.0,74000,73000,3066000,42.0,2824.54053558935,83442.723,29542.051866
ILLINOIS,17,JACKSON,077,17077,SOUTHWEST,80,2002,1.0,86000,85500,2394000,28.0,1883.0270237262332,65153.907,34600.622391000004
ILLINOIS,17,JACKSON,077,17077,SOUTHWEST,80,2003,1.0,79000,78700,2754500,35.0,2353.7837796577915,74965.09475,31848.760025400003
ILLINOIS,17,JACKSON,077,17077,SOUTHWEST,80,2004,1.0,78000,77800,3267600,42.0,2824.54053558935,88929.36779999999,31484.542947600003
ILLINOIS,17,JACKSON,077,17077,SOUTHWEST,80,2005,1.0,78000,77600,3259200,42.0,2824.54053558935,88700.7576,31403.605819200002
ILLINOIS,17,JACKSON,077,17077,SOUTHWEST,80,2006,1.0,81000,80300,3292300,41.0,2757.28957045627,89601.59065,32496.2570526
ILLINOIS,17,JACKSON,077,17077,SOUTHWEST,80,2007,1.0,76000,75800,2501400,33.0,2219.281849391632,68076.8517,30675.171663600002
ILLINOIS,17,JACKSON,077,17077,SOUTHWEST,80,2008,1.0,74000,73400,3156200,43.0,2891.7915007224296,85897.56109999999,29703.9261228
ILLINOIS,17,JACKSON,077,17077,SOUTHWEST,80,2009,1.0,81000,79100,3480400,44.0,2959.0424658555094,94720.82619999998,32010.6342822
ILLINOIS,17,JACKSON,077,17077,SOUTHWEST,80,2010,1.0,79000,78600,3272000,41.6,2797.6401495361183,89049.116,31808.291461200002
ILLINOIS,17,JACKSON,077,17077,SOUTHWEST,80,2011,1.0,67000,64500,2231000,34.6,2326.88339360456,60717.7805,26102.223909
ILLINOIS,17,JACKSON,077,17077,SOUTHWEST,80,2012,1.0,73000,67700,2180000,32.2,2165.4810772851683,59329.79,27397.217963400002
ILLINOIS,17,JACKSON,077,17077,SOUTHWEST,80,2013,1.0,79600,79600,3147000,39.5,2656.4131227566504,85647.1785,32212.977103200003
ILLINOIS,17,JACKSON,077,17077,SOUTHWEST,80,2014,1.0,86600,85600,4014000,46.9,3154.0702647414405,109243.017,34641.0909552
ILLINOIS,17,JACKSON,077,17077,SOUTHWEST,80,2017,1.0,96900,96700,4849000,50.1,3369.273353167296,131967.9595,39133.1015814
ILLINOIS,17,JACKSON,077,17077,SOUTHWEST,80,2018,1.0,96000,92600,4525000,48.9,3288.5721950076,123150.1375,37473.8904492
ILLINOIS,17,JACKSON,077,17077,SOUTHWEST,80,2019,1.0,69500,68900,2725000,39.6,2663.1382192699584,74162.2375,27882.8407338
ILLINOIS,17,JACKSON,077,17077,SOUTHWEST,80,2020,1.0,86400,86000,4489000,52.2,3510.5003799467636,122170.3795,34802.965212
ILLINOIS,17,JACKSON,077,17077,SOUTHWEST,80,2021,1.0,88200,86900,4336000,49.9,3355.82316014068,118006.408,35167.1822898
ILLINOIS,17,JACKSON,077,17077,SOUTHWEST,80,2022,1.0,92100,91700,4686000,51.1,3436.524318300376,127531.833,37109.6733714
ILLINOIS,17,JACKSON,077,17077,SOUTHWEST,80,2024,1.0,90300,88900,4534000,51.0,3429.799221787068,123395.077,35976.5535738
ILLINOIS,17,JACKSON,077,17077,SOUTHWEST,80,2025,1.0,83500,82900,3407000,41.1,2764.0146669695782,92723.2085,33548.4397218
ILLINOIS,17,JASPER,079,17079,EAST SOUTHEAST,70,1980,1.0,121500,121000,4213400,35.0,2353.7837796577915,114669.78769999999,48966.962682000005
ILLINOIS,17,JASPER,079,17079,EAST SOUTHEAST,70,1981,1.0,119800,119000,4117100,34.5,2320.158297091252,112048.93505,48157.591398000004
ILLINOIS,17,JASPER,079,17079,EAST SOUTHEAST,70,1982,1.0,112900,112500,3998900,35.5,2387.4092622243315,108832.06294999999,45527.134725
ILLINOIS,17,JASPER,079,17079,EAST SOUTHEAST,70,1983,1.0,119600,118500,2132000,18.0,1210.5173723954356,58023.446,47955.248577
ILLINOIS,17,JASPER,079,17079,EAST SOUTHEAST,70,1984,1.0,125700,122000,3411500,28.0,1883.0270237262332,92845.67825,49371.648324
ILLINOIS,17,JASPER,079,17079,EAST SOUTHEAST,70,1985,1.0,114000,113000,4263600,37.5,2521.911192490491,116036.0058,45729.477546
ILLINOIS,17,JASPER,079,17079,EAST SOUTHEAST,70,1986,1.0,106900,105600,4218700,40.0,2690.0386053231905,114814.02984999999,42734.8037952
ILLINOIS,17,JASPER,079,17079,EAST SOUTHEAST,70,1987,1.0,108000,106900,3735800,35.0,2353.7837796577915,101671.66489999999,43260.8951298
ILLINOIS,17,JASPER,079,17079,EAST SOUTHEAST,70,1988,1.0,103200,102000,2667000,26.0,1748.5250934600738,72583.7385,41277.935484
ILLINOIS,17,JASPER,079,17079,EAST SOUTHEAST,70,1989,1.0,93500,92800,3225900,35.0,2353.7837796577915,87794.48145,37554.8275776
ILLINOIS,17,JASPER,079,17079,EAST SOUTHEAST,70,1990,1.0,104300,103900,3419200,33.0,2219.281849391632,93055.2376,42046.8382038
ILLINOIS,17,JASPER,079,17079,EAST SOUTHEAST,70,1991,1.0,103000,101800,3003100,29.5,1983.903471425853,81730.86804999999,41196.9983556
ILLINOIS,17,JASPER,079,17079,EAST SOUTHEAST,70,1992,1.0,109000,108100,4594250,42.5,2858.1660181558896,125034.810875,43746.5179002
ILLINOIS,17,JASPER,079,17079,EAST SOUTHEAST,70,1993,1.0,105000,104000,4056000,39.0,2622.787640190111,110386.068,42087.306768
ILLINOIS,17,JASPER,079,17079,EAST SOUTHEAST,70,1994,1.0,108000,107200,4395200,41.0,2757.28957045627,119617.56559999999,43382.3008224
ILLINOIS,17,JASPER,079,17079,EAST SOUTHEAST,70,1995,1.0,120000,119300,4175500,35.0,2353.7837796577915,113638.32025,48278.9970906
ILLINOIS,17,JASPER,079,17079,EAST SOUTHEAST,70,1996,1.0,124000,123800,4394900,35.5,2387.4092622243315,119609.40094999998,50100.0824796
ILLINOIS,17,JASPER,079,17079,EAST SOUTHEAST,70,1997,1.0,109000,107100,4337550,40.5,2723.66408788973,118048.59202499999,43341.832258200004
ILLINOIS,17,JASPER,079,17079,EAST SOUTHEAST,70,1998,1.0,113000,112800,4173600,37.0,2488.285709923951,113586.6108,45648.5404176
ILLINOIS,17,JASPER,079,17079,EAST SOUTHEAST,70,1999,1.0,111000,110600,3649800,33.0,2219.281849391632,99331.1319,44758.2320052
ILLINOIS,17,JASPER,079,17079,EAST SOUTHEAST,70,2000,1.0,120000,118500,5095500,43.0,2891.7915007224296,138676.58025,47955.248577
ILLINOIS,17,JASPER,079,17079,EAST SOUTHEAST,70,2001,1.0,123000,122300,5381200,44.0,2959.0424658555094,146452.04859999998,49493.0540166
ILLINOIS,17,JASPER,079,17079,EAST SOUTHEAST,70,2002,1.0,123000,122700,4171800,34.0,2286.5328145247117,113537.62289999999,49654.9282734
ILLINOIS,17,JASPER,079,17079,EAST SOUTHEAST,70,2003,1.0,116000,115900,4751900,41.0,2757.28957045627,129325.33445,46903.0659078
ILLINOIS,17,JASPER,079,17079,EAST SOUTHEAST,70,2004,1.0,117000,116500,5941500,51.0,3429.799221787068,161700.89325,47145.877293000005
ILLINOIS,17,JASPER,079,17079,EAST SOUTHEAST,70,2005,1.0,114000,113500,4880500,43.0,2891.7915007224296,132825.24775,45931.820367
ILLINOIS,17,JASPER,079,17079,EAST SOUTHEAST,70,2006,1.0,124000,123500,5928000,48.0,3228.0463263878282,161333.484,49978.676787000004
ILLINOIS,17,JASPER,079,17079,EAST SOUTHEAST,70,2007,1.0,108000,107800,4204200,39.0,2622.787640190111,114419.40509999999,43625.1122076
ILLINOIS,17,JASPER,079,17079,EAST SOUTHEAST,70,2008,1.0,125000,123600,5438400,44.0,2959.0424658555094,148008.77519999997,50019.1453512
ILLINOIS,17,JASPER,079,17079,EAST SOUTHEAST,70,2009,1.0,126000,125800,4403000,35.0,2353.7837796577915,119829.8465,50909.4537636
ILLINOIS,17,JASPER,079,17079,EAST SOUTHEAST,70,2010,1.0,114000,113300,5288000,46.7,3140.620071714825,143915.564,45850.8832386
ILLINOIS,17,JASPER,079,17079,EAST SOUTHEAST,70,2011,1.0,112000,111900,4685000,41.9,2817.815439076042,127504.6175,45284.3233398
ILLINOIS,17,JASPER,079,17079,EAST SOUTHEAST,70,2012,1.0,108000,107200,4209000,39.3,2642.9629297300344,114550.0395,43382.3008224
ILLINOIS,17,JASPER,079,17079,EAST SOUTHEAST,70,2013,1.0,109500,109400,4491000,41.1,2764.0146669695782,122224.8105,44272.6092348
ILLINOIS,17,JASPER,079,17079,EAST SOUTHEAST,70,2014,1.0,115000,114300,6326000,55.3,3718.9783718593103,172165.253,46255.5688806
ILLINOIS,17,JASPER,079,17079,EAST SOUTHEAST,70,2015,1.0,113000,112700,5989000,53.1,3571.0262485665353,162993.6295,45608.071853400004
ILLINOIS,17,JASPER,079,17079,EAST SOUTHEAST,70,2016,1.0,126000,125500,7290000,58.1,3907.2810742319343,198400.995,50788.048071000005
ILLINOIS,17,JASPER,079,17079,EAST SOUTHEAST,70,2017,1.0,117500,117000,6391000,54.6,3671.902696266155,173934.2605,47348.220114
ILLINOIS,17,JASPER,079,17079,EAST SOUTHEAST,70,2018,1.0,127000,123600,7508000,60.7,4082.1335835779414,204333.974,50019.1453512
ILLINOIS,17,JASPER,079,17079,EAST SOUTHEAST,70,2019,1.0,118000,117300,6321000,53.9,3624.827020672999,172029.1755,47469.6258066
ILLINOIS,17,JASPER,079,17079,EAST SOUTHEAST,70,2020,1.0,119000,118400,6453000,54.5,3665.177599752847,175621.6215,47914.7800128
ILLINOIS,17,JASPER,079,17079,EAST SOUTHEAST,70,2022,1.0,123000,122600,6841000,55.8,3752.6038544258504,186181.2355,49614.459709200004
ILLINOIS,17,JASPER,079,17079,EAST SOUTHEAST,70,2023,1.0,110500,110000,6787000,61.7,4149.384548711021,184711.5985,44515.420620000004
ILLINOIS,17,JASPER,079,17079,EAST SOUTHEAST,70,2025,1.0,117000,116200,6170000,53.1,3571.0262485665353,167919.635,47024.4716004
ILLINOIS,17,JEFFERSON,081,17081,SOUTHEAST,90,1980,1.0,87100,86000,1799500,21.0,1412.270267794675,48974.29225,34802.965212
ILLINOIS,17,JEFFERSON,081,17081,SOUTHEAST,90,1981,1.0,90600,89500,2401100,27.0,1815.7760585931535,65347.13705,36219.364959
ILLINOIS,17,JEFFERSON,081,17081,SOUTHEAST,90,1982,1.0,93200,92500,2563100,27.5,1849.4015411596934,69756.04805,37433.421885
ILLINOIS,17,JEFFERSON,081,17081,SOUTHEAST,90,1983,1.0,83500,82000,1132100,14.0,941.5135118631166,30810.66755,33184.222644
ILLINOIS,17,JEFFERSON,081,17081,SOUTHEAST,90,1984,1.0,85600,83000,1591400,19.0,1277.7683375285155,43310.746699999996,33588.908286
ILLINOIS,17,JEFFERSON,081,17081,SOUTHEAST,90,1985,1.0,80700,80000,2170000,27.0,1815.7760585931535,59057.635,32374.85136
ILLINOIS,17,JEFFERSON,081,17081,SOUTHEAST,90,1986,1.0,76900,76800,2262700,29.5,1983.903471425853,61580.511849999995,31079.857305600002
ILLINOIS,17,JEFFERSON,081,17081,SOUTHEAST,90,1987,1.0,71300,70500,2041400,29.0,1950.277988859313,55557.721699999995,28530.337761000003
ILLINOIS,17,JEFFERSON,081,17081,SOUTHEAST,90,1988,1.0,65300,64000,1480300,23.0,1546.7721980608344,40287.10465,25899.881088000002
ILLINOIS,17,JEFFERSON,081,17081,SOUTHEAST,90,1989,1.0,68700,68300,1797600,26.5,1782.1505760266136,48922.5828,27640.0293486
ILLINOIS,17,JEFFERSON,081,17081,SOUTHEAST,90,1990,1.0,71600,70900,1706400,24.0,1614.0231631939141,46440.5292,28692.2120178
ILLINOIS,17,JEFFERSON,081,17081,SOUTHEAST,90,1991,1.0,65000,64400,1835400,28.5,1916.652506292773,49951.3287,26061.7553448
ILLINOIS,17,JEFFERSON,081,17081,SOUTHEAST,90,1992,1.0,66000,65500,2030500,31.0,2084.7799191254726,55261.07275,26506.909551
ILLINOIS,17,JEFFERSON,081,17081,SOUTHEAST,90,1993,1.0,66000,65500,2292500,35.0,2353.7837796577915,62391.53375,26506.909551
ILLINOIS,17,JEFFERSON,081,17081,SOUTHEAST,90,1994,1.0,68000,67300,2389150,35.5,2387.4092622243315,65021.911824999996,27235.3437066
ILLINOIS,17,JEFFERSON,081,17081,SOUTHEAST,90,1995,1.0,75000,74600,2126100,28.5,1916.652506292773,57862.87455,30189.5488932
ILLINOIS,17,JEFFERSON,081,17081,SOUTHEAST,90,1996,1.0,72000,71700,2294400,32.0,2152.0308842585523,62443.2432,29015.9605314
ILLINOIS,17,JEFFERSON,081,17081,SOUTHEAST,90,1997,1.0,73000,72700,2762600,38.0,2555.536675057031,75185.5403,29420.6461734
ILLINOIS,17,JEFFERSON,081,17081,SOUTHEAST,90,1998,1.0,83000,82600,2725800,33.0,2219.281849391632,74184.00989999999,33427.034029200004
ILLINOIS,17,JEFFERSON,081,17081,SOUTHEAST,90,1999,1.0,82000,81600,2366400,29.0,1950.277988859313,64402.75919999999,33022.3483872
ILLINOIS,17,JEFFERSON,081,17081,SOUTHEAST,90,2000,1.0,82000,80500,3059000,38.0,2555.536675057031,83252.2145,32577.194181000003
ILLINOIS,17,JEFFERSON,081,17081,SOUTHEAST,90,2001,1.0,89000,88400,3447600,39.0,2622.787640190111,93828.1578,35774.2107528
ILLINOIS,17,JEFFERSON,081,17081,SOUTHEAST,90,2002,1.0,89000,88200,2116800,24.0,1614.0231631939141,57609.7704,35693.273624400004
ILLINOIS,17,JEFFERSON,081,17081,SOUTHEAST,90,2003,1.0,82000,81800,1963200,24.0,1614.0231631939141,53429.4696,33103.2855156
ILLINOIS,17,JEFFERSON,081,17081,SOUTHEAST,90,2004,1.0,86000,85000,3485000,41.0,2757.28957045627,94846.0175,34398.27957
ILLINOIS,17,JEFFERSON,081,17081,SOUTHEAST,90,2005,1.0,83000,82300,3292000,40.0,2690.0386053231905,89593.426,33305.6283366
ILLINOIS,17,JEFFERSON,081,17081,SOUTHEAST,90,2006,1.0,93000,92400,3511200,38.0,2555.536675057031,95559.0636,37392.9533208
ILLINOIS,17,JEFFERSON,081,17081,SOUTHEAST,90,2007,1.0,75000,74600,1492000,20.0,1345.0193026615952,40605.526,30189.5488932
ILLINOIS,17,JEFFERSON,081,17081,SOUTHEAST,90,2008,1.0,94000,93800,3752000,40.0,2690.0386053231905,102112.556,37959.5132196
ILLINOIS,17,JEFFERSON,081,17081,SOUTHEAST,90,2009,1.0,94000,93100,2979200,32.0,2152.0308842585523,81080.4176,37676.2332702
ILLINOIS,17,JEFFERSON,081,17081,SOUTHEAST,90,2010,1.0,81000,80800,3221000,39.9,2683.3135088098825,87661.1255,32698.5998736
ILLINOIS,17,JEFFERSON,081,17081,SOUTHEAST,90,2011,1.0,82000,81100,2350000,29.0,1950.277988859313,63956.425,32820.0055662
ILLINOIS,17,JEFFERSON,081,17081,SOUTHEAST,90,2012,1.0,86000,78300,2118000,27.0,1815.7760585931535,57642.429,31686.8857686
ILLINOIS,17,JEFFERSON,081,17081,SOUTHEAST,90,2013,1.0,94600,94400,3641000,38.6,2595.8872541368787,99091.6355,38202.3246048
ILLINOIS,17,JEFFERSON,081,17081,SOUTHEAST,90,2014,1.0,91200,90900,4132000,45.5,3059.918913555129,112454.446,36785.924857800004
ILLINOIS,17,JEFFERSON,081,17081,SOUTHEAST,90,2015,1.0,82900,82200,3457000,42.1,2831.265632102658,94083.9835,33265.1597724
ILLINOIS,17,JEFFERSON,081,17081,SOUTHEAST,90,2016,1.0,101500,101000,4884000,48.4,3254.9467124410603,132920.502,40873.249842000005
ILLINOIS,17,JEFFERSON,081,17081,SOUTHEAST,90,2017,1.0,100500,100000,4085000,40.9,2750.564473942962,111175.3175,40468.5642
ILLINOIS,17,JEFFERSON,081,17081,SOUTHEAST,90,2018,1.0,110000,107300,5511000,51.4,3456.6996078402994,149984.6205,43422.769386600005
ILLINOIS,17,JEFFERSON,081,17081,SOUTHEAST,90,2019,1.0,101000,100500,3756000,37.4,2515.186095977183,102221.418,40670.907021
ILLINOIS,17,JEFFERSON,081,17081,SOUTHEAST,90,2020,1.0,101000,100500,4784000,47.6,3201.1459403345966,130198.952,40670.907021
ILLINOIS,17,JEFFERSON,081,17081,SOUTHEAST,90,2021,1.0,103000,102100,4870000,47.7,3207.8710368479046,132539.485,41318.4040482
ILLINOIS,17,JEFFERSON,081,17081,SOUTHEAST,90,2022,1.0,106500,106100,5103000,48.1,3234.7714229011367,138880.6965,42937.1466162
ILLINOIS,17,JEFFERSON,081,17081,SOUTHEAST,90,2023,1.0,99300,98900,4797000,48.5,3261.6718089543683,130552.7535,40023.4099938
ILLINOIS,17,JEFFERSON,081,17081,SOUTHEAST,90,2024,1.0,112000,111100,5177000,46.6,3133.894975201517,140894.6435,44960.5748262
ILLINOIS,17,JEFFERSON,081,17081,SOUTHEAST,90,2025,1.0,102000,101000,4020000,39.8,2676.5884122965745,109406.31,40873.249842000005
ILLINOIS,17,JERSEY,083,17083,WEST SOUTHWEST,60,1980,1.0,57300,57000,1611000,28.5,1916.652506292773,43844.1705,23067.081594
ILLINOIS,17,JERSEY,083,17083,WEST SOUTHWEST,60,1981,1.0,50400,50000,1948700,39.0,2622.787640190111,53034.844849999994,20234.2821
ILLINOIS,17,JERSEY,083,17083,WEST SOUTHWEST,60,1982,1.0,55700,55500,2245000,40.5,2723.66408788973,61098.7975,22460.053131
ILLINOIS,17,JERSEY,083,17083,WEST SOUTHWEST,60,1983,1.0,55900,55500,1275400,23.0,1546.7721980608344,34710.6487,22460.053131
ILLINOIS,17,JERSEY,083,17083,WEST SOUTHWEST,60,1984,1.0,55300,53000,1356600,25.5,1714.899610893534,36920.5473,21448.339026
ILLINOIS,17,JERSEY,083,17083,WEST SOUTHWEST,60,1985,1.0,56400,56000,2278800,40.5,2723.66408788973,62018.6814,22662.395952
ILLINOIS,17,JERSEY,083,17083,WEST SOUTHWEST,60,1986,1.0,58100,57800,2135900,37.0,2488.285709923951,58129.586449999995,23390.8301076
ILLINOIS,17,JERSEY,083,17083,WEST SOUTHWEST,60,1987,1.0,53500,52300,1932100,37.0,2488.285709923951,52583.06755,21165.059076600002
ILLINOIS,17,JERSEY,083,17083,WEST SOUTHWEST,60,1988,1.0,52200,51000,1487300,29.0,1950.277988859313,40477.61315,20638.967742
ILLINOIS,17,JERSEY,083,17083,WEST SOUTHWEST,60,1989,1.0,50900,50000,1837400,36.5,2454.6602273574113,50005.759699999995,20234.2821
ILLINOIS,17,JERSEY,083,17083,WEST SOUTHWEST,60,1990,1.0,51500,51500,1796000,35.0,2353.7837796577915,48879.038,20841.310563
ILLINOIS,17,JERSEY,083,17083,WEST SOUTHWEST,60,1991,1.0,54000,53600,2090400,39.0,2622.787640190111,56891.2812,21691.1504112
ILLINOIS,17,JERSEY,083,17083,WEST SOUTHWEST,60,1992,1.0,51000,50700,2078700,41.0,2757.28957045627,56572.85984999999,20517.5620494
ILLINOIS,17,JERSEY,083,17083,WEST SOUTHWEST,60,1993,1.0,51000,47000,2044500,43.5,2925.4169832889697,55642.08975,19020.225174
ILLINOIS,17,JERSEY,083,17083,WEST SOUTHWEST,60,1994,1.0,55000,54400,2230400,41.0,2757.28957045627,60701.451199999996,22014.8989248
ILLINOIS,17,JERSEY,083,17083,WEST SOUTHWEST,60,1995,1.0,55000,54700,2105950,38.5,2589.1621576235707,57314.48222499999,22136.3046174
ILLINOIS,17,JERSEY,083,17083,WEST SOUTHWEST,60,1996,1.0,53000,52900,2248250,42.5,2858.1660181558896,61187.247875,21407.8704618
ILLINOIS,17,JERSEY,083,17083,WEST SOUTHWEST,60,1997,1.0,53000,51800,2046100,39.5,2656.4131227566504,55685.634549999995,20962.7162556
ILLINOIS,17,JERSEY,083,17083,WEST SOUTHWEST,60,1998,1.0,55000,54700,2406800,44.0,2959.0424658555094,65502.2654,22136.3046174
ILLINOIS,17,JERSEY,083,17083,WEST SOUTHWEST,60,1999,1.0,58000,57700,2250300,39.0,2622.787640190111,61243.03965,23350.361543400002
ILLINOIS,17,JERSEY,083,17083,WEST SOUTHWEST,60,2000,1.0,59000,58900,2768300,47.0,3160.7953612547485,75340.66864999999,23835.9843138
ILLINOIS,17,JERSEY,083,17083,WEST SOUTHWEST,60,2001,1.0,58000,57700,2481100,43.0,2891.7915007224296,67524.37705,23350.361543400002
ILLINOIS,17,JERSEY,083,17083,WEST SOUTHWEST,60,2002,1.0,59000,58700,2700200,46.0,3093.544396121669,73487.2931,23755.047185400002
ILLINOIS,17,JERSEY,083,17083,WEST SOUTHWEST,60,2003,1.0,56000,55900,2180100,39.0,2622.787640190111,59332.511549999996,22621.927387800002
ILLINOIS,17,JERSEY,083,17083,WEST SOUTHWEST,60,2004,1.0,56000,55700,2840700,51.0,3429.799221787068,77311.07084999999,22540.9902594
ILLINOIS,17,JERSEY,083,17083,WEST SOUTHWEST,60,2005,1.0,54000,53800,2259600,42.0,2824.54053558935,61496.1438,21772.0875396
ILLINOIS,17,JERSEY,083,17083,WEST SOUTHWEST,60,2006,1.0,57000,56600,2603600,46.0,3093.544396121669,70858.2758,22905.2073372
ILLINOIS,17,JERSEY,083,17083,WEST SOUTHWEST,60,2007,1.0,44000,43700,1660600,38.0,2555.536675057031,45194.05929999999,17684.7625554
ILLINOIS,17,JERSEY,083,17083,WEST SOUTHWEST,60,2008,1.0,54000,50700,2382900,47.0,3160.7953612547485,64851.81494999999,20517.5620494
ILLINOIS,17,JERSEY,083,17083,WEST SOUTHWEST,60,2009,1.0,52000,51500,2214500,43.0,2891.7915007224296,60268.72475,20841.310563
ILLINOIS,17,JERSEY,083,17083,WEST SOUTHWEST,60,2010,1.0,47000,46400,2420000,52.2,3510.5003799467636,65861.51,18777.4137888
ILLINOIS,17,JERSEY,083,17083,WEST SOUTHWEST,60,2011,1.0,44000,43900,2050000,46.7,3140.620071714825,55791.775,17765.6996838
ILLINOIS,17,JERSEY,083,17083,WEST SOUTHWEST,60,2012,1.0,46000,45800,2033000,44.4,2985.9428519087414,55329.1115,18534.6024036
ILLINOIS,17,JERSEY,083,17083,WEST SOUTHWEST,60,2013,1.0,49300,49300,2579000,52.3,3517.225476460071,70188.7745,19951.0021506
ILLINOIS,17,JERSEY,083,17083,WEST SOUTHWEST,60,2014,1.0,47900,47800,2424000,50.7,3409.623932247144,65970.372,19343.9736876
ILLINOIS,17,JERSEY,083,17083,WEST SOUTHWEST,60,2015,1.0,50300,50100,2691000,53.7,3611.3768276463834,73236.9105,20274.7506642
ILLINOIS,17,JERSEY,083,17083,WEST SOUTHWEST,60,2016,1.0,51500,51300,2835000,55.3,3718.9783718593103,77155.9425,20760.373434600002
ILLINOIS,17,JERSEY,083,17083,WEST SOUTHWEST,60,2017,1.0,55800,55200,3142000,56.9,3826.579916072238,85511.101,22338.6474384
ILLINOIS,17,JERSEY,083,17083,WEST SOUTHWEST,60,2019,1.0,52500,51000,3064000,60.1,4041.7830044980938,83388.292,20638.967742
ILLINOIS,17,JERSEY,083,17083,WEST SOUTHWEST,60,2020,1.0,56300,56100,3663000,65.3,4391.488023190108,99690.3765,22702.8645162
ILLINOIS,17,JERSEY,083,17083,WEST SOUTHWEST,60,2022,1.0,57800,57600,3640000,63.2,4250.260996410641,99064.42,23309.8929792
ILLINOIS,17,JERSEY,083,17083,WEST SOUTHWEST,60,2023,1.0,52300,52100,3334000,64.0,4304.061768517105,90736.477,21084.1219482
ILLINOIS,17,JERSEY,083,17083,WEST SOUTHWEST,60,2024,1.0,54500,54300,3459000,63.7,4283.886478977181,94138.4145,21974.4303606
ILLINOIS,17,JO DAVIESS,085,17085,NORTHWEST,10,1980,1.0,6000,6000,228000,38.0,2555.536675057031,6205.134,2428.113852
ILLINOIS,17,JO DAVIESS,085,17085,NORTHWEST,10,1981,1.0,6100,6100,222400,36.5,2454.6602273574113,6052.727199999999,2468.5824162
ILLINOIS,17,JO DAVIESS,085,17085,NORTHWEST,10,1982,1.0,5700,5600,212700,38.0,2555.536675057031,5788.736849999999,2266.2395952
ILLINOIS,17,JO DAVIESS,085,17085,NORTHWEST,10,1983,1.0,5300,5200,197400,38.0,2555.536675057031,5372.3397,2104.3653384
ILLINOIS,17,JO DAVIESS,085,17085,NORTHWEST,10,1984,1.0,8300,8000,269300,33.5,2252.907331958172,7329.13415,3237.4851360000002
ILLINOIS,17,JO DAVIESS,085,17085,NORTHWEST,10,1985,1.0,8000,8000,322000,40.5,2723.66408788973,8763.391,3237.4851360000002
ILLINOIS,17,JO DAVIESS,085,17085,NORTHWEST,10,1986,1.0,8400,8400,306200,36.5,2454.6602273574113,8333.3861,3399.3593928
ILLINOIS,17,JO DAVIESS,085,17085,NORTHWEST,10,1987,1.0,8900,8800,386600,44.0,2959.0424658555094,10521.512299999999,3561.2336496000003
ILLINOIS,17,JO DAVIESS,085,17085,NORTHWEST,10,1988,1.0,10600,10200,287200,28.0,1883.0270237262332,7816.2916,4127.7935484
ILLINOIS,17,JO DAVIESS,085,17085,NORTHWEST,10,1989,1.0,9100,9000,366500,40.5,2723.66408788973,9974.48075,3642.170778
ILLINOIS,17,JO DAVIESS,085,17085,NORTHWEST,10,1990,1.0,10000,9900,442500,44.5,2992.6679484220494,12042.85875,4006.3878558
ILLINOIS,17,JO DAVIESS,085,17085,NORTHWEST,10,1991,1.0,10000,9900,529650,53.5,3597.9266346197674,14414.689574999999,4006.3878558
ILLINOIS,17,JO DAVIESS,085,17085,NORTHWEST,10,1992,1.0,11000,10900,441450,40.5,2723.66408788973,12014.282475,4411.0734978
ILLINOIS,17,JO DAVIESS,085,17085,NORTHWEST,10,1993,1.0,13000,12000,414000,34.5,2320.158297091252,11267.217,4856.227704
ILLINOIS,17,JO DAVIESS,085,17085,NORTHWEST,10,1994,1.0,13000,12700,641350,50.5,3396.1737392205278,17454.660925,5139.5076534
ILLINOIS,17,JO DAVIESS,085,17085,NORTHWEST,10,1995,1.0,17000,16900,861900,51.0,3429.799221787068,23457.03945,6839.1873498
ILLINOIS,17,JO DAVIESS,085,17085,NORTHWEST,10,1996,1.0,22000,21500,999750,46.5,3127.169878688209,27208.696125,8700.741303
ILLINOIS,17,JO DAVIESS,085,17085,NORTHWEST,10,1997,1.0,20000,19900,985050,49.5,3328.922774087448,26808.628275,8053.244275800001
ILLINOIS,17,JO DAVIESS,085,17085,NORTHWEST,10,1998,1.0,33000,32900,1875300,57.0,3833.305012585546,51037.22715,13314.157621800001
ILLINOIS,17,JO DAVIESS,085,17085,NORTHWEST,10,1999,1.0,37000,36800,1950400,53.0,3564.3011520532273,53081.11119999999,14892.4316256
ILLINOIS,17,JO DAVIESS,085,17085,NORTHWEST,10,2000,1.0,38000,37900,1819200,48.0,3228.0463263878282,49510.4376,15337.585831800001
ILLINOIS,17,JO DAVIESS,085,17085,NORTHWEST,10,2001,1.0,44000,43700,2141300,49.0,3295.2972915209084,58276.550149999995,17684.7625554
ILLINOIS,17,JO DAVIESS,085,17085,NORTHWEST,10,2002,1.0,43000,42600,2257800,53.0,3564.3011520532273,61447.1559,17239.6083492
ILLINOIS,17,JO DAVIESS,085,17085,NORTHWEST,10,2003,1.0,46000,45900,1193400,26.0,1748.5250934600738,32478.9777,18575.070967800002
ILLINOIS,17,JO DAVIESS,085,17085,NORTHWEST,10,2004,1.0,45000,44900,2334800,52.0,3497.0501869201476,63542.7494,18170.3853258
ILLINOIS,17,JO DAVIESS,085,17085,NORTHWEST,10,2005,1.0,41000,40800,2162400,53.0,3564.3011520532273,58850.79719999999,16511.1741936
ILLINOIS,17,JO DAVIESS,085,17085,NORTHWEST,10,2006,1.0,44000,43800,2365200,54.0,3631.552117186307,64370.10059999999,17725.2311196
ILLINOIS,17,JO DAVIESS,085,17085,NORTHWEST,10,2007,1.0,30000,29800,1579400,53.0,3564.3011520532273,42984.16069999999,12059.632131600001
ILLINOIS,17,JO DAVIESS,085,17085,NORTHWEST,10,2008,1.0,37000,36600,1573800,43.0,2891.7915007224296,42831.753899999996,14811.494497200001
ILLINOIS,17,JO DAVIESS,085,17085,NORTHWEST,10,2009,1.0,38000,37400,1720400,46.0,3093.544396121669,46821.5462,15135.2430108
ILLINOIS,17,JO DAVIESS,085,17085,NORTHWEST,10,2010,1.0,33000,32600,1796000,55.1,3705.5281788326947,48879.038,13192.7519292
ILLINOIS,17,JO DAVIESS,085,17085,NORTHWEST,10,2011,1.0,31000,30900,1882000,60.9,4095.5837766045574,51219.571,12504.7863378
ILLINOIS,17,JO DAVIESS,085,17085,NORTHWEST,10,2012,1.0,34000,33700,1196000,35.5,2387.4092622243315,32549.738,13637.9061354
ILLINOIS,17,JO DAVIESS,085,17085,NORTHWEST,10,2013,1.0,36200,36200,1800000,49.7,3342.372967114064,48987.9,14649.6202404
ILLINOIS,17,JO DAVIESS,085,17085,NORTHWEST,10,2014,1.0,41000,40500,2261000,55.8,3752.6038544258504,61534.2455,16389.768501000002
ILLINOIS,17,JO DAVIESS,085,17085,NORTHWEST,10,2015,1.0,43800,43400,2400000,55.3,3718.9783718593103,65317.2,17563.3568628
ILLINOIS,17,JO DAVIESS,085,17085,NORTHWEST,10,2016,1.0,42900,42600,2580000,60.6,4075.4084870646334,70215.99,17239.6083492
ILLINOIS,17,JO DAVIESS,085,17085,NORTHWEST,10,2017,1.0,47200,46800,2500000,53.4,3591.201538106459,68038.75,18939.288045600002
ILLINOIS,17,JO DAVIESS,085,17085,NORTHWEST,10,2019,1.0,39600,39500,2197000,55.6,3739.153661399235,59792.4535,15985.082859
ILLINOIS,17,JO DAVIESS,085,17085,NORTHWEST,10,2020,1.0,37200,37000,2187000,59.1,3974.532039365014,59520.2985,14973.368754000001
ILLINOIS,17,JO DAVIESS,085,17085,NORTHWEST,10,2021,1.0,44900,44500,2610000,58.7,3947.631653311782,71032.455,18008.511069
ILLINOIS,17,JO DAVIESS,085,17085,NORTHWEST,10,2022,1.0,52300,52100,3260000,62.6,4209.910417330793,88722.53,21084.1219482
ILLINOIS,17,JO DAVIESS,085,17085,NORTHWEST,10,2023,1.0,47300,47100,2600000,55.2,3712.2532753460027,70760.3,19060.6937382
ILLINOIS,17,JO DAVIESS,085,17085,NORTHWEST,10,2024,1.0,46800,46700,2522000,54.0,3631.552117186307,68637.491,18898.8194814
ILLINOIS,17,JO DAVIESS,085,17085,NORTHWEST,10,2025,1.0,44400,44100,2805000,63.6,4277.1613824638725,76339.4775,17846.636812200002
ILLINOIS,17,JOHNSON,087,17087,SOUTHWEST,80,1980,1.0,13600,13500,241600,18.0,1210.5173723954356,6575.2648,5463.2561670000005
ILLINOIS,17,JOHNSON,087,17087,SOUTHWEST,80,1981,1.0,11700,11200,305800,27.5,1849.4015411596934,8322.499899999999,4532.4791904
ILLINOIS,17,JOHNSON,087,17087,SOUTHWEST,80,1982,1.0,12800,12500,351500,28.0,1883.0270237262332,9566.24825,5058.570525
ILLINOIS,17,JOHNSON,087,17087,SOUTHWEST,80,1983,1.0,11300,11000,179500,16.5,1109.640924695816,4885.18225,4451.542062
ILLINOIS,17,JOHNSON,087,17087,SOUTHWEST,80,1984,1.0,12000,11500,286200,25.0,1681.274128326994,7789.076099999999,4653.884883
ILLINOIS,17,JOHNSON,087,17087,SOUTHWEST,80,1985,1.0,12900,12000,386300,32.0,2152.0308842585523,10513.34765,4856.227704
ILLINOIS,17,JOHNSON,087,17087,SOUTHWEST,80,1986,1.0,13200,13100,405600,31.0,2084.7799191254726,11038.6068,5301.3819102
ILLINOIS,17,JOHNSON,087,17087,SOUTHWEST,80,1987,1.0,12300,12200,268000,22.0,1479.5212329277547,7293.754,4937.1648324
ILLINOIS,17,JOHNSON,087,17087,SOUTHWEST,80,1988,1.0,12700,12300,334000,27.0,1815.7760585931535,9089.977,4977.6333966
ILLINOIS,17,JOHNSON,087,17087,SOUTHWEST,80,1989,1.0,13000,12700,378400,30.0,2017.5289539923929,10298.3452,5139.5076534
ILLINOIS,17,JOHNSON,087,17087,SOUTHWEST,80,1990,1.0,12500,12300,350400,28.5,1916.652506292773,9536.3112,4977.6333966
ILLINOIS,17,JOHNSON,087,17087,SOUTHWEST,80,1991,1.0,9000,8800,184800,21.0,1412.270267794675,5029.4244,3561.2336496000003
ILLINOIS,17,JOHNSON,087,17087,SOUTHWEST,80,1992,1.0,11000,10800,361800,33.5,2252.907331958172,9846.5679,4370.604933600001
ILLINOIS,17,JOHNSON,087,17087,SOUTHWEST,80,1993,1.0,10000,9500,294500,31.0,2084.7799191254726,8014.96475,3844.5135990000003
ILLINOIS,17,JOHNSON,087,17087,SOUTHWEST,80,1994,1.0,10000,9700,334650,34.5,2320.158297091252,9107.667075,3925.4507274000002
ILLINOIS,17,JOHNSON,087,17087,SOUTHWEST,80,1995,1.0,10000,9900,287100,29.0,1950.277988859313,7813.57005,4006.3878558
ILLINOIS,17,JOHNSON,087,17087,SOUTHWEST,80,1996,1.0,15000,14900,454450,30.5,2051.1544365589325,12368.083975,6029.816065800001
ILLINOIS,17,JOHNSON,087,17087,SOUTHWEST,80,1997,1.0,15000,14900,514050,34.5,2320.158297091252,13990.127774999999,6029.816065800001
ILLINOIS,17,JOHNSON,087,17087,SOUTHWEST,80,1998,1.0,14000,13900,465650,33.5,2252.907331958172,12672.897574999999,5625.1304238
ILLINOIS,17,JOHNSON,087,17087,SOUTHWEST,80,1999,1.0,14000,13900,417000,30.0,2017.5289539923929,11348.8635,5625.1304238
ILLINOIS,17,JOHNSON,087,17087,SOUTHWEST,80,2000,1.0,15000,14900,536400,36.0,2421.034744790871,14598.394199999999,6029.816065800001
ILLINOIS,17,JOHNSON,087,17087,SOUTHWEST,80,2001,1.0,18000,17900,733900,41.0,2757.28957045627,19973.455449999998,7243.8729918
ILLINOIS,17,JOHNSON,087,17087,SOUTHWEST,80,2002,1.0,18000,17800,480600,27.0,1815.7760585931535,13079.769299999998,7203.4044276
ILLINOIS,17,JOHNSON,087,17087,SOUTHWEST,80,2003,1.0,14000,13900,597700,43.0,2891.7915007224296,16266.70435,5625.1304238
ILLINOIS,17,JOHNSON,087,17087,SOUTHWEST,80,2004,1.0,16000,15900,699600,44.0,2959.0424658555094,19039.9638,6434.5017078
ILLINOIS,17,JOHNSON,087,17087,SOUTHWEST,80,2005,1.0,15000,14900,566200,38.0,2555.536675057031,15409.4161,6029.816065800001
ILLINOIS,17,JOHNSON,087,17087,SOUTHWEST,80,2006,1.0,16000,15900,667800,42.0,2824.54053558935,18174.510899999997,6434.5017078
ILLINOIS,17,JOHNSON,087,17087,SOUTHWEST,80,2007,1.0,11000,10900,359700,33.0,2219.281849391632,9789.41535,4411.0734978
ILLINOIS,17,JOHNSON,087,17087,SOUTHWEST,80,2008,1.0,16000,15900,620100,39.0,2622.787640190111,16876.33155,6434.5017078
ILLINOIS,17,JOHNSON,087,17087,SOUTHWEST,80,2009,1.0,18000,17600,668800,38.0,2555.536675057031,18201.7264,7122.4672992000005
ILLINOIS,17,JOHNSON,087,17087,SOUTHWEST,80,2010,1.0,16000,15900,497000,31.3,2104.9552086653966,13526.1035,6434.5017078
ILLINOIS,17,JOHNSON,087,17087,SOUTHWEST,80,2011,1.0,18000,17900,662000,37.0,2488.285709923951,18016.661,7243.8729918
ILLINOIS,17,JOHNSON,087,17087,SOUTHWEST,80,2014,1.0,18600,18500,740000,40.0,2690.0386053231905,20139.47,7486.6843770000005
ILLINOIS,17,JOHNSON,087,17087,SOUTHWEST,80,2015,1.0,18600,18400,759000,41.3,2777.464859996194,20656.5645,7446.2158128
ILLINOIS,17,JOHNSON,087,17087,SOUTHWEST,80,2017,1.0,22600,22400,1076000,48.0,3228.0463263878282,29283.878,9064.9583808
ILLINOIS,17,JOHNSON,087,17087,SOUTHWEST,80,2020,1.0,22700,21800,998000,45.8,3080.0942030950528,27161.069,8822.1469956
ILLINOIS,17,JOHNSON,087,17087,SOUTHWEST,80,2021,1.0,23300,23100,1012000,43.8,2945.5922728288933,27542.086,9348.2383302
ILLINOIS,17,JOHNSON,087,17087,SOUTHWEST,80,2022,1.0,25200,25000,1128000,45.1,3033.018527501897,30699.084,10117.14105
ILLINOIS,17,JOHNSON,087,17087,SOUTHWEST,80,2025,1.0,18600,18200,619000,34.0,2286.5328145247117,16846.3945,7365.2786844
ILLINOIS,17,KANE,089,17089,NORTHEAST,20,1980,1.0,72300,72000,2862900,40.0,2690.0386053231905,77915.25495,29137.366224
ILLINOIS,17,KANE,089,17089,NORTHEAST,20,1981,1.0,65400,65000,2762000,42.5,2858.1660181558896,75169.211,26304.566730000002
ILLINOIS,17,KANE,089,17089,NORTHEAST,20,1982,1.0,68700,68500,2679500,39.0,2622.787640190111,72923.93225,27720.966477
ILLINOIS,17,KANE,089,17089,NORTHEAST,20,1983,1.0,65500,65000,2460100,38.0,2555.536675057031,66952.85154999999,26304.566730000002
ILLINOIS,17,KANE,089,17089,NORTHEAST,20,1984,1.0,67800,67000,2253800,33.5,2252.907331958172,61338.2939,27113.938014
ILLINOIS,17,KANE,089,17089,NORTHEAST,20,1985,1.0,59400,59000,2465700,42.0,2824.54053558935,67105.25834999999,23876.452878
ILLINOIS,17,KANE,089,17089,NORTHEAST,20,1986,1.0,55900,55500,2106300,38.0,2555.536675057031,57324.00765,22460.053131
ILLINOIS,17,KANE,089,17089,NORTHEAST,20,1987,1.0,52700,52200,2397500,46.0,3093.544396121669,65249.16125,21124.590512400002
ILLINOIS,17,KANE,089,17089,NORTHEAST,20,1988,1.0,50400,49400,1763600,35.5,2387.4092622243315,47997.2558,19991.4707148
ILLINOIS,17,KANE,089,17089,NORTHEAST,20,1989,1.0,53600,53300,2276300,42.5,2858.1660181558896,61950.64265,21569.7447186
ILLINOIS,17,KANE,089,17089,NORTHEAST,20,1990,1.0,48900,47000,2054600,43.5,2925.4169832889697,55916.9663,19020.225174
ILLINOIS,17,KANE,089,17089,NORTHEAST,20,1991,1.0,61000,60700,2579750,42.5,2858.1660181558896,70209.186125,24564.4184694
ILLINOIS,17,KANE,089,17089,NORTHEAST,20,1992,1.0,63000,62700,2633400,42.0,2824.54053558935,71669.29770000001,25373.7897534
ILLINOIS,17,KANE,089,17089,NORTHEAST,20,1993,1.0,65000,64000,2624000,41.0,2757.28957045627,71413.472,25899.881088000002
ILLINOIS,17,KANE,089,17089,NORTHEAST,20,1994,1.0,69000,68600,3498600,51.0,3429.799221787068,95216.1483,27761.435041200002
ILLINOIS,17,KANE,089,17089,NORTHEAST,20,1995,1.0,67000,66700,3101550,46.5,3127.169878688209,84410.234025,26992.532321400002
ILLINOIS,17,KANE,089,17089,NORTHEAST,20,1996,1.0,71000,69600,2436000,35.0,2353.7837796577915,66296.958,28166.120683200003
ILLINOIS,17,KANE,089,17089,NORTHEAST,20,1997,1.0,76000,75600,3477600,46.0,3093.544396121669,94644.6228,30594.2345352
ILLINOIS,17,KANE,089,17089,NORTHEAST,20,1998,1.0,82000,81900,4217850,51.5,3463.4247043536075,114790.896675,33143.754079800005
ILLINOIS,17,KANE,089,17089,NORTHEAST,20,1999,1.0,75000,74700,3585600,48.0,3228.0463263878282,97583.8968,30230.0174574
ILLINOIS,17,KANE,089,17089,NORTHEAST,20,2000,1.0,69000,68700,2679300,39.0,2622.787640190111,72918.48915,27801.903605400003
ILLINOIS,17,KANE,089,17089,NORTHEAST,20,2001,1.0,73000,72500,2972500,41.0,2757.28957045627,80898.07375,29339.709045
ILLINOIS,17,KANE,089,17089,NORTHEAST,20,2002,1.0,72000,71500,2931500,41.0,2757.28957045627,79782.23825,28935.023403
ILLINOIS,17,KANE,089,17089,NORTHEAST,20,2003,1.0,68000,67900,2444400,36.0,2421.034744790871,66525.5682,27478.1550918
ILLINOIS,17,KANE,089,17089,NORTHEAST,20,2004,1.0,57000,56400,2650800,47.0,3160.7953612547485,72142.84739999998,22824.2702088
ILLINOIS,17,KANE,089,17089,NORTHEAST,20,2005,1.0,55000,54800,2246800,41.0,2757.28957045627,61147.7854,22176.7731816
ILLINOIS,17,KANE,089,17089,NORTHEAST,20,2006,1.0,53000,52700,2793100,53.0,3564.3011520532273,76015.61305,21326.9333334
ILLINOIS,17,KANE,089,17089,NORTHEAST,20,2007,1.0,42000,41900,2095000,50.0,3362.548256653988,57016.4725,16956.3283998
ILLINOIS,17,KANE,089,17089,NORTHEAST,20,2008,1.0,44000,43800,1927200,44.0,2959.0424658555094,52449.711599999995,17725.2311196
ILLINOIS,17,KANE,089,17089,NORTHEAST,20,2009,1.0,48000,47800,2103200,44.0,2959.0424658555094,57239.639599999995,19343.9736876
ILLINOIS,17,KANE,089,17089,NORTHEAST,20,2010,1.0,48000,47700,2707000,56.8,3819.85481955893,73672.3585,19303.505123400002
ILLINOIS,17,KANE,089,17089,NORTHEAST,20,2011,1.0,43000,42900,2467000,57.5,3866.930495152086,67140.6385,17361.0140418
ILLINOIS,17,KANE,089,17089,NORTHEAST,20,2012,1.0,44000,43700,2032000,46.5,3127.169878688209,55301.896,17684.7625554
ILLINOIS,17,KANE,089,17089,NORTHEAST,20,2013,1.0,43200,43200,2462000,57.0,3833.305012585546,67004.561,17482.419734400002
ILLINOIS,17,KANE,089,17089,NORTHEAST,20,2014,1.0,50200,50100,2863000,57.1,3840.030109098854,77917.9765,20274.7506642
ILLINOIS,17,KANE,089,17089,NORTHEAST,20,2015,1.0,53400,53300,3059000,57.4,3860.205398638778,83252.2145,21569.7447186
ILLINOIS,17,KANE,089,17089,NORTHEAST,20,2016,1.0,57400,57200,3692000,64.5,4337.687251083645,100479.626,23148.0187224
ILLINOIS,17,KANE,089,17089,NORTHEAST,20,2017,1.0,59300,59000,3165000,53.6,3604.6517311330754,86137.0575,23876.452878
ILLINOIS,17,KANE,089,17089,NORTHEAST,20,2018,1.0,59000,57400,3378000,58.9,3961.0818463383976,91933.959,23228.9558508
ILLINOIS,17,KANE,089,17089,NORTHEAST,20,2019,1.0,49800,49700,2499000,50.3,3382.7235461939117,68011.5345,20112.8764074
ILLINOIS,17,KANE,089,17089,NORTHEAST,20,2020,1.0,54100,53900,3018000,56.0,3766.0540474524664,82136.379,21812.5561038
ILLINOIS,17,KANE,089,17089,NORTHEAST,20,2021,1.0,59200,58700,3974000,67.7,4552.8903395095,108154.397,23755.047185400002
ILLINOIS,17,KANE,089,17089,NORTHEAST,20,2022,1.0,59200,59000,3800000,64.4,4330.962154570337,103418.9,23876.452878
ILLINOIS,17,KANE,089,17089,NORTHEAST,20,2023,1.0,54900,54600,3320000,60.8,4088.858680091249,90355.46,22095.8360532
ILLINOIS,17,KANE,089,17089,NORTHEAST,20,2024,1.0,54500,54400,3465000,63.7,4283.886478977181,94301.7075,22014.8989248
ILLINOIS,17,KANE,089,17089,NORTHEAST,20,2025,1.0,52400,52100,3366000,64.6,4344.412347596952,91607.373,21084.1219482
ILLINOIS,17,KANKAKEE,091,17091,EAST,50,1980,1.0,150700,150000,5261000,35.0,2353.7837796577915,143180.7455,60702.846300000005
ILLINOIS,17,KANKAKEE,091,17091,EAST,50,1981,1.0,138100,137000,5459500,40.0,2690.0386053231905,148583.02225,55441.932954
ILLINOIS,17,KANKAKEE,091,17091,EAST,50,1982,1.0,144400,144000,5656000,39.5,2656.4131227566504,153930.868,58274.732448
ILLINOIS,17,KANKAKEE,091,17091,EAST,50,1983,1.0,140700,140500,5326900,38.0,2555.536675057031,144974.24695,56858.332701
ILLINOIS,17,KANKAKEE,091,17091,EAST,50,1984,1.0,145500,144000,4151000,29.0,1950.277988859313,112971.5405,58274.732448
ILLINOIS,17,KANKAKEE,091,17091,EAST,50,1985,1.0,138300,137000,6061100,44.0,2959.0424658555094,164955.86704999997,55441.932954
ILLINOIS,17,KANKAKEE,091,17091,EAST,50,1986,1.0,134100,133900,5014900,37.5,2521.911192490491,136483.01095,54187.4074638
ILLINOIS,17,KANKAKEE,091,17091,EAST,50,1987,1.0,134100,133200,5253300,39.5,2656.4131227566504,142971.18615,53904.1275144
ILLINOIS,17,KANKAKEE,091,17091,EAST,50,1988,1.0,132900,132200,2326600,17.5,1176.8918898288957,63319.582299999995,53499.4418724
ILLINOIS,17,KANKAKEE,091,17091,EAST,50,1989,1.0,136000,135600,5791100,42.5,2858.1660181558896,157607.68204999997,54875.373055200005
ILLINOIS,17,KANKAKEE,091,17091,EAST,50,1990,1.0,145400,144700,6254300,43.0,2891.7915007224296,170213.90165,58558.0123974
ILLINOIS,17,KANKAKEE,091,17091,EAST,50,1991,1.0,142000,140900,3663400,26.0,1748.5250934600738,99701.26269999999,57020.2069578
ILLINOIS,17,KANKAKEE,091,17091,EAST,50,1992,1.0,140000,139200,6055200,43.5,2925.4169832889697,164795.29559999998,56332.241366400005
ILLINOIS,17,KANKAKEE,091,17091,EAST,50,1993,1.0,130000,128000,5312000,41.5,2790.91505302281,144568.736,51799.762176000004
ILLINOIS,17,KANKAKEE,091,17091,EAST,50,1994,1.0,133000,132000,5874000,44.5,2992.6679484220494,159863.847,53418.504744
ILLINOIS,17,KANKAKEE,091,17091,EAST,50,1995,1.0,134000,133400,5135900,38.5,2589.1621576235707,139776.08645,53985.064642800004
ILLINOIS,17,KANKAKEE,091,17091,EAST,50,1996,1.0,142000,141800,5033900,35.5,2387.4092622243315,137000.10544999997,57384.4240356
ILLINOIS,17,KANKAKEE,091,17091,EAST,50,1997,1.0,136000,135500,6029750,44.5,2992.6679484220494,164102.661125,54834.904491
ILLINOIS,17,KANKAKEE,091,17091,EAST,50,1998,1.0,161000,160300,7213500,45.0,3026.293430988589,196319.00925,64871.1084126
ILLINOIS,17,KANKAKEE,091,17091,EAST,50,1999,1.0,152000,151500,5908500,39.0,2622.787640190111,160802.78175,61309.874763
ILLINOIS,17,KANKAKEE,091,17091,EAST,50,2000,1.0,148000,147800,6503200,44.0,2959.0424658555094,176987.8396,59812.5378876
ILLINOIS,17,KANKAKEE,091,17091,EAST,50,2001,1.0,149000,148100,6516400,44.0,2959.0424658555094,177347.08419999998,59933.9435802
ILLINOIS,17,KANKAKEE,091,17091,EAST,50,2002,1.0,150000,149600,6283200,42.0,2824.54053558935,171000.4296,60540.9720432
ILLINOIS,17,KANKAKEE,091,17091,EAST,50,2003,1.0,135000,134600,4441800,33.0,2219.281849391632,120885.80789999999,54470.6874132
ILLINOIS,17,KANKAKEE,091,17091,EAST,50,2004,1.0,135000,134600,6595400,49.0,3295.2972915209084,179497.10869999998,54470.6874132
ILLINOIS,17,KANKAKEE,091,17091,EAST,50,2005,1.0,124000,123200,5420800,44.0,2959.0424658555094,147529.7824,49857.2710944
ILLINOIS,17,KANKAKEE,091,17091,EAST,50,2006,1.0,137000,136400,6410800,47.0,3160.7953612547485,174473.1274,55199.1215688
ILLINOIS,17,KANKAKEE,091,17091,EAST,50,2007,1.0,103000,102900,5350800,52.0,3497.0501869201476,145624.6974,41642.1525618
ILLINOIS,17,KANKAKEE,091,17091,EAST,50,2008,1.0,116000,115700,5437900,47.0,3160.7953612547485,147995.16744999998,46822.1287794
ILLINOIS,17,KANKAKEE,091,17091,EAST,50,2009,1.0,113000,112800,5188800,46.0,3093.544396121669,141215.7864,45648.5404176
ILLINOIS,17,KANKAKEE,091,17091,EAST,50,2010,1.0,115000,114500,5162000,45.1,3033.018527501897,140486.411,46336.506009000004
ILLINOIS,17,KANKAKEE,091,17091,EAST,50,2011,1.0,112000,111700,5376000,48.1,3234.7714229011367,146310.528,45203.3862114
ILLINOIS,17,KANKAKEE,091,17091,EAST,50,2012,1.0,115000,114500,5018000,43.8,2945.5922728288933,136567.379,46336.506009000004
ILLINOIS,17,KANKAKEE,091,17091,EAST,50,2013,1.0,111500,111400,5240000,47.0,3160.7953612547485,142609.22,45081.9805188
ILLINOIS,17,KANKAKEE,091,17091,EAST,50,2014,1.0,122000,121800,6516000,53.5,3597.9266346197674,177336.198,49290.7111956
ILLINOIS,17,KANKAKEE,091,17091,EAST,50,2015,1.0,129000,128900,5876000,45.6,3066.644010068437,159918.278,52163.979253800004
ILLINOIS,17,KANKAKEE,091,17091,EAST,50,2016,1.0,139000,138500,7733000,55.8,3752.6038544258504,210457.4615,56048.961417
ILLINOIS,17,KANKAKEE,091,17091,EAST,50,2017,1.0,140000,139500,7277000,52.2,3510.5003799467636,198047.1935,56453.647059
ILLINOIS,17,KANKAKEE,091,17091,EAST,50,2018,1.0,141000,137000,7431000,54.2,3645.002310212923,202238.3805,55441.932954
ILLINOIS,17,KANKAKEE,091,17091,EAST,50,2019,1.0,121000,120400,6297000,52.3,3517.225476460071,171376.0035,48724.1512968
ILLINOIS,17,KANKAKEE,091,17091,EAST,50,2020,1.0,135500,134900,7393000,54.8,3685.3528892927707,201204.1915,54592.0931058
ILLINOIS,17,KANKAKEE,091,17091,EAST,50,2021,1.0,138500,137300,8471000,61.7,4149.384548711021,230542.5005,55563.3386466
ILLINOIS,17,KANKAKEE,091,17091,EAST,50,2022,1.0,139000,138500,8268000,59.7,4014.8826184448617,225017.754,56048.961417
ILLINOIS,17,KANKAKEE,091,17091,EAST,50,2023,1.0,138000,137300,8348000,60.8,4088.858680091249,227194.994,55563.3386466
ILLINOIS,17,KENDALL,093,17093,NORTHEAST,20,1980,1.0,63300,63000,2409900,38.5,2589.1621576235707,65586.63345,25495.195446
ILLINOIS,17,KENDALL,093,17093,NORTHEAST,20,1981,1.0,60900,60500,2540200,42.0,2824.54053558935,69132.8131,24483.481341000002
ILLINOIS,17,KENDALL,093,17093,NORTHEAST,20,1982,1.0,65000,64800,2534700,39.0,2622.787640190111,68983.12784999999,26223.6296016
ILLINOIS,17,KENDALL,093,17093,NORTHEAST,20,1983,1.0,61600,61500,2264800,37.0,2488.285709923951,61637.6644,24888.166983
ILLINOIS,17,KENDALL,093,17093,NORTHEAST,20,1984,1.0,64200,63500,1708900,27.0,1815.7760585931535,46508.56795,25697.538267
ILLINOIS,17,KENDALL,093,17093,NORTHEAST,20,1985,1.0,63600,63000,2537700,40.5,2723.66408788973,69064.77434999999,25495.195446
ILLINOIS,17,KENDALL,093,17093,NORTHEAST,20,1986,1.0,62100,61700,2310800,37.5,2521.911192490491,62889.5774,24969.1041114
ILLINOIS,17,KENDALL,093,17093,NORTHEAST,20,1987,1.0,58700,58100,2552500,44.0,2959.0424658555094,69467.56375,23512.2358002
ILLINOIS,17,KENDALL,093,17093,NORTHEAST,20,1988,1.0,60400,60200,1967500,32.5,2185.6563668250924,53546.49625,24362.0756484
ILLINOIS,17,KENDALL,093,17093,NORTHEAST,20,1989,1.0,60500,60300,2695000,44.5,2992.6679484220494,73345.7725,24402.5442126
ILLINOIS,17,KENDALL,093,17093,NORTHEAST,20,1990,1.0,55700,55400,2367300,42.5,2858.1660181558896,64427.25315,22419.5845668
ILLINOIS,17,KENDALL,093,17093,NORTHEAST,20,1991,1.0,60000,59900,1797000,30.0,2017.5289539923929,48906.2535,24240.6699558
ILLINOIS,17,KENDALL,093,17093,NORTHEAST,20,1992,1.0,64000,63300,2943450,46.5,3127.169878688209,80107.463475,25616.6011386
ILLINOIS,17,KENDALL,093,17093,NORTHEAST,20,1993,1.0,63000,62700,2946900,47.0,3160.7953612547485,80201.35695,25373.7897534
ILLINOIS,17,KENDALL,093,17093,NORTHEAST,20,1994,1.0,65000,64600,3262300,50.5,3396.1737392205278,88785.12564999999,26142.6924732
ILLINOIS,17,KENDALL,093,17093,NORTHEAST,20,1995,1.0,66000,65900,2701900,41.0,2757.28957045627,73533.55945,26668.783807800002
ILLINOIS,17,KENDALL,093,17093,NORTHEAST,20,1996,1.0,68000,66800,2304600,34.5,2320.158297091252,62720.8413,27033.000885600002
ILLINOIS,17,KENDALL,093,17093,NORTHEAST,20,1997,1.0,67000,66800,2705400,40.5,2723.66408788973,73628.8137,27033.000885600002
ILLINOIS,17,KENDALL,093,17093,NORTHEAST,20,1998,1.0,69000,68900,3582800,52.0,3497.0501869201476,97507.69339999999,27882.8407338
ILLINOIS,17,KENDALL,093,17093,NORTHEAST,20,1999,1.0,71000,70700,3181500,45.0,3026.293430988589,86586.11325,28611.2748894
ILLINOIS,17,KENDALL,093,17093,NORTHEAST,20,2000,1.0,72000,71800,2943800,41.0,2757.28957045627,80116.9889,29056.4290956
ILLINOIS,17,KENDALL,093,17093,NORTHEAST,20,2001,1.0,73000,72500,3045000,42.0,2824.54053558935,82871.1975,29339.709045
ILLINOIS,17,KENDALL,093,17093,NORTHEAST,20,2002,1.0,69000,68400,2599200,38.0,2555.536675057031,70738.5276,27680.4979128
ILLINOIS,17,KENDALL,093,17093,NORTHEAST,20,2003,1.0,69000,68100,2383500,35.0,2353.7837796577915,64868.14425,27559.0922202
ILLINOIS,17,KENDALL,093,17093,NORTHEAST,20,2004,1.0,62000,61800,3213600,52.0,3497.0501869201476,87459.73079999999,25009.5726756
ILLINOIS,17,KENDALL,093,17093,NORTHEAST,20,2005,1.0,61000,60700,2488700,41.0,2757.28957045627,67731.21484999999,24564.4184694
ILLINOIS,17,KENDALL,093,17093,NORTHEAST,20,2006,1.0,64000,63600,3370800,53.0,3564.3011520532273,91738.00739999999,25738.0068312
ILLINOIS,17,KENDALL,093,17093,NORTHEAST,20,2007,1.0,49000,48800,2440000,50.0,3362.548256653988,66405.82,19748.6593296
ILLINOIS,17,KENDALL,093,17093,NORTHEAST,20,2008,1.0,50000,49800,2340600,47.0,3160.7953612547485,63700.599299999994,20153.3449716
ILLINOIS,17,KENDALL,093,17093,NORTHEAST,20,2009,1.0,52000,51900,2439300,47.0,3160.7953612547485,66386.76915,21003.1848198
ILLINOIS,17,KENDALL,093,17093,NORTHEAST,20,2010,1.0,51000,50700,2622000,51.7,3476.874897380224,71359.041,20517.5620494
ILLINOIS,17,KENDALL,093,17093,NORTHEAST,20,2011,1.0,45000,44800,2437000,54.4,3658.4525032395386,66324.1735,18129.9167616
ILLINOIS,17,KENDALL,093,17093,NORTHEAST,20,2012,1.0,46000,45500,1979000,43.5,2925.4169832889697,53859.4745,18413.196711
ILLINOIS,17,KENDALL,093,17093,NORTHEAST,20,2013,1.0,51300,51200,2652000,51.8,3483.5999938935315,72175.506,20719.9048704
ILLINOIS,17,KENDALL,093,17093,NORTHEAST,20,2017,1.0,64500,64200,3780000,58.9,3961.0818463383976,102874.59,25980.8182164
ILLINOIS,17,KENDALL,093,17093,NORTHEAST,20,2018,1.0,61000,59400,3612000,60.8,4088.858680091249,98302.386,24038.3271348
ILLINOIS,17,KENDALL,093,17093,NORTHEAST,20,2019,1.0,51000,50800,2915000,57.4,3860.205398638778,79333.1825,20558.0306136
ILLINOIS,17,KENDALL,093,17093,NORTHEAST,20,2020,1.0,60300,60000,3450000,57.5,3866.930495152086,93893.475,24281.13852
ILLINOIS,17,KENDALL,093,17093,NORTHEAST,20,2021,1.0,62500,62000,4111000,66.3,4458.738988323188,111882.9205,25090.509804
ILLINOIS,17,KENDALL,093,17093,NORTHEAST,20,2023,1.0,58900,58600,3592000,61.3,4122.484162657789,97758.076,23714.578621200002
ILLINOIS,17,KNOX,095,17095,WEST,30,1980,1.0,79500,79000,3140700,40.0,2690.0386053231905,85475.72085,31970.165718
ILLINOIS,17,KNOX,095,17095,WEST,30,1981,1.0,84600,84000,3706000,44.0,2959.0424658555094,100860.643,33993.593928
ILLINOIS,17,KNOX,095,17095,WEST,30,1982,1.0,80400,80000,3426400,43.0,2891.7915007224296,93251.1892,32374.85136
ILLINOIS,17,KNOX,095,17095,WEST,30,1983,1.0,83200,83000,3209600,38.5,2589.1621576235707,87350.8688,33588.908286
ILLINOIS,17,KNOX,095,17095,WEST,30,1984,1.0,78300,77500,2930500,38.0,2555.536675057031,79755.02275,31363.137255
ILLINOIS,17,KNOX,095,17095,WEST,30,1985,1.0,86800,86000,3841500,44.5,2992.6679484220494,104548.34325,34802.965212
ILLINOIS,17,KNOX,095,17095,WEST,30,1986,1.0,85700,85500,4013400,47.0,3160.7953612547485,109226.6877,34600.622391000004
ILLINOIS,17,KNOX,095,17095,WEST,30,1987,1.0,84000,83500,3543300,42.5,2858.1660181558896,96432.68114999999,33791.251107000004
ILLINOIS,17,KNOX,095,17095,WEST,30,1988,1.0,85400,85200,2956000,34.5,2320.158297091252,80449.018,34479.2166984
ILLINOIS,17,KNOX,095,17095,WEST,30,1989,1.0,96000,95800,4186500,43.5,2925.4169832889697,113937.69075,38768.8845036
ILLINOIS,17,KNOX,095,17095,WEST,30,1990,1.0,100800,99300,4389600,44.0,2959.0424658555094,119465.15879999999,40185.2842506
ILLINOIS,17,KNOX,095,17095,WEST,30,1991,1.0,118000,116800,6132000,52.5,3530.675669486687,166885.446,47267.2829856
ILLINOIS,17,KNOX,095,17095,WEST,30,1992,1.0,127000,126000,5859000,46.5,3127.169878688209,159455.6145,50990.390892
ILLINOIS,17,KNOX,095,17095,WEST,30,1993,1.0,116000,113000,5254500,46.5,3127.169878688209,143003.84475,45729.477546
ILLINOIS,17,KNOX,095,17095,WEST,30,1994,1.0,116000,115100,5927650,51.5,3463.4247043536075,161323.958575,46579.3173942
ILLINOIS,17,KNOX,095,17095,WEST,30,1995,1.0,123000,122600,5333100,43.5,2925.4169832889697,145142.98304999998,49614.459709200004
ILLINOIS,17,KNOX,095,17095,WEST,30,1996,1.0,125000,124800,5928000,47.5,3194.4208438212886,161333.484,50504.7681216
ILLINOIS,17,KNOX,095,17095,WEST,30,1997,1.0,127000,126600,6519900,51.5,3463.4247043536075,177442.33844999998,51233.2022772
ILLINOIS,17,KNOX,095,17095,WEST,30,1998,1.0,133000,132900,7243050,54.5,3665.177599752847,197123.22727499998,53782.7218218
ILLINOIS,17,KNOX,095,17095,WEST,30,1999,1.0,135000,134400,6720000,50.0,3362.548256653988,182888.16,54389.7502848
ILLINOIS,17,KNOX,095,17095,WEST,30,2000,1.0,134000,133700,6417600,48.0,3228.0463263878282,174658.1928,54106.4703354
ILLINOIS,17,KNOX,095,17095,WEST,30,2001,1.0,136000,135200,6489600,48.0,3228.0463263878282,176617.7088,54713.4987984
ILLINOIS,17,KNOX,095,17095,WEST,30,2002,1.0,137000,136700,6971700,51.0,3429.799221787068,189738.30135,55320.5272614
ILLINOIS,17,KNOX,095,17095,WEST,30,2003,1.0,134000,133700,5214300,39.0,2622.787640190111,141909.78165000002,54106.4703354
ILLINOIS,17,KNOX,095,17095,WEST,30,2004,1.0,122000,121700,6693500,55.0,3698.8030823193867,182166.94925,49250.242631400004
ILLINOIS,17,KNOX,095,17095,WEST,30,2005,1.0,121000,120400,5418000,45.0,3026.293430988589,147453.579,48724.1512968
ILLINOIS,17,KNOX,095,17095,WEST,30,2006,1.0,126000,125500,6275000,50.0,3362.548256653988,170777.2625,50788.048071000005
ILLINOIS,17,KNOX,095,17095,WEST,30,2007,1.0,106000,105700,5390700,51.0,3429.799221787068,146710.59584999998,42775.2723594
ILLINOIS,17,KNOX,095,17095,WEST,30,2008,1.0,110000,109900,5824700,53.0,3564.3011520532273,158522.12284999999,44474.9520558
ILLINOIS,17,KNOX,095,17095,WEST,30,2009,1.0,114000,113800,5348600,47.0,3160.7953612547485,145564.8233,46053.2260596
ILLINOIS,17,KNOX,095,17095,WEST,30,2010,1.0,109000,108400,6362000,58.7,3947.631653311782,173145.011,43867.9235928
ILLINOIS,17,KNOX,095,17095,WEST,30,2011,1.0,109000,108900,6740000,61.9,4162.834741737637,183432.47,44070.266413800004
ILLINOIS,17,KNOX,095,17095,WEST,30,2012,1.0,117000,116400,6504000,55.9,3759.3289509391584,177009.612,47105.4087288
ILLINOIS,17,KNOX,095,17095,WEST,30,2013,1.0,122500,122300,6924000,56.6,3806.4046265323145,188440.122,49493.0540166
ILLINOIS,17,KNOX,095,17095,WEST,30,2014,1.0,128000,127900,7299000,57.1,3840.030109098854,198645.9345,51759.2936118
ILLINOIS,17,KNOX,095,17095,WEST,30,2015,1.0,125000,124900,7892000,63.2,4250.260996410641,214784.726,50545.2366858
ILLINOIS,17,KNOX,095,17095,WEST,30,2016,1.0,127000,126800,8064000,63.6,4277.1613824638725,219465.792,51314.1394056
ILLINOIS,17,KNOX,095,17095,WEST,30,2017,1.0,130500,130200,8292000,63.7,4283.886478977181,225670.926,52690.0705884
ILLINOIS,17,KNOX,095,17095,WEST,30,2018,1.0,128000,124800,8001000,64.1,4310.786865030413,217751.2155,50504.7681216
ILLINOIS,17,KNOX,095,17095,WEST,30,2019,1.0,128500,127500,7133000,55.9,3759.3289509391584,194128.1615,51597.419355
ILLINOIS,17,KNOX,095,17095,WEST,30,2020,1.0,130500,129900,8301000,63.9,4297.336672003797,225915.8655,52568.6648958
ILLINOIS,17,KNOX,095,17095,WEST,30,2021,1.0,129000,127900,8748000,68.4,4599.966015102656,238081.194,51759.2936118
ILLINOIS,17,KNOX,095,17095,WEST,30,2022,1.0,134000,133600,8951000,67.0,4505.814663916344,243605.9405,54066.001771200004
ILLINOIS,17,KNOX,095,17095,WEST,30,2023,1.0,130000,129400,8295000,64.1,4310.786865030413,225752.5725,52366.3220748
ILLINOIS,17,KNOX,095,17095,WEST,30,2024,1.0,134500,134000,9058000,67.6,4546.165242996191,246517.999,54227.876028
ILLINOIS,17,KNOX,095,17095,WEST,30,2025,1.0,127500,126700,8742000,69.0,4640.316594182504,237917.901,51273.6708414
ILLINOIS,17,LA SALLE,099,17099,NORTHEAST,20,1980,1.0,230100,229000,9105900,40.0,2690.0386053231905,247821.62144999998,92673.01201800001
ILLINOIS,17,LA SALLE,099,17099,NORTHEAST,20,1981,1.0,243800,242000,10528100,43.5,2925.4169832889697,286527.50555,97933.92536400001
ILLINOIS,17,LA SALLE,099,17099,NORTHEAST,20,1982,1.0,241500,240500,9648700,40.0,2690.0386053231905,262594.19484999997,97326.896901
ILLINOIS,17,LA SALLE,099,17099,NORTHEAST,20,1983,1.0,238300,238000,9494700,40.0,2690.0386053231905,258403.00785,96315.18279600001
ILLINOIS,17,LA SALLE,099,17099,NORTHEAST,20,1984,1.0,238600,236000,8959600,38.0,2555.536675057031,243839.9938,95505.811512
ILLINOIS,17,LA SALLE,099,17099,NORTHEAST,20,1985,1.0,231600,230000,10306700,45.0,3026.293430988589,280501.99384999997,93077.69766
ILLINOIS,17,LA SALLE,099,17099,NORTHEAST,20,1986,1.0,234800,233900,10161800,43.5,2925.4169832889697,276558.4679,94655.97166380001
ILLINOIS,17,LA SALLE,099,17099,NORTHEAST,20,1987,1.0,230600,228500,9924500,43.5,2925.4169832889697,270100.22975,92470.669197
ILLINOIS,17,LA SALLE,099,17099,NORTHEAST,20,1988,1.0,232400,231400,6283100,27.0,1815.7760585931535,170997.70805,93644.2575588
ILLINOIS,17,LA SALLE,099,17099,NORTHEAST,20,1989,1.0,243000,240800,10762400,44.5,2992.6679484220494,292904.09719999996,97448.3025936
ILLINOIS,17,LA SALLE,099,17099,NORTHEAST,20,1990,1.0,248600,232600,10167900,43.5,2925.4169832889697,276724.48245,94129.88032920001
ILLINOIS,17,LA SALLE,099,17099,NORTHEAST,20,1991,1.0,238000,235800,8488600,36.0,2421.034744790871,231021.49329999997,95424.8743836
ILLINOIS,17,LA SALLE,099,17099,NORTHEAST,20,1992,1.0,253000,252000,11342650,45.0,3026.293430988589,308695.891075,101980.781784
ILLINOIS,17,LA SALLE,099,17099,NORTHEAST,20,1993,1.0,252000,250000,11375000,45.5,3059.918913555129,309576.3125,101171.4105
ILLINOIS,17,LA SALLE,099,17099,NORTHEAST,20,1994,1.0,255000,253700,12938700,51.0,3429.799221787068,352133.18984999997,102668.74737540001
ILLINOIS,17,LA SALLE,099,17099,NORTHEAST,20,1995,1.0,251000,250900,10286900,41.0,2757.28957045627,279963.12695,101535.6275778
ILLINOIS,17,LA SALLE,099,17099,NORTHEAST,20,1996,1.0,251000,250300,10137150,40.5,2723.66408788973,275887.605825,101292.8161926
ILLINOIS,17,LA SALLE,099,17099,NORTHEAST,20,1997,1.0,258000,256900,11688950,45.5,3059.918913555129,318120.61872499995,103963.74142980001
ILLINOIS,17,LA SALLE,099,17099,NORTHEAST,20,1998,1.0,279000,278300,13219250,47.5,3194.4208438212886,359768.498375,112624.0141686
ILLINOIS,17,LA SALLE,099,17099,NORTHEAST,20,1999,1.0,260000,259000,11655000,45.0,3026.293430988589,317196.6525,104813.581278
ILLINOIS,17,LA SALLE,099,17099,NORTHEAST,20,2000,1.0,254000,253300,11398500,45.0,3026.293430988589,310215.87675,102506.87311860001
ILLINOIS,17,LA SALLE,099,17099,NORTHEAST,20,2001,1.0,263000,261200,12015200,46.0,3093.544396121669,326999.67559999996,105703.8896904
ILLINOIS,17,LA SALLE,099,17099,NORTHEAST,20,2002,1.0,250000,248300,11173500,45.0,3026.293430988589,304092.38925,100483.44490860001
ILLINOIS,17,LA SALLE,099,17099,NORTHEAST,20,2003,1.0,250000,247400,8411600,34.0,2286.5328145247117,228925.89979999998,100119.22783080001
ILLINOIS,17,LA SALLE,099,17099,NORTHEAST,20,2004,1.0,235000,234400,11954400,51.0,3429.799221787068,325344.9732,94858.31448480001
ILLINOIS,17,LA SALLE,099,17099,NORTHEAST,20,2005,1.0,226000,225100,10579700,47.0,3160.7953612547485,287931.82534999994,91094.7380142
ILLINOIS,17,LA SALLE,099,17099,NORTHEAST,20,2006,1.0,234000,233000,12349000,53.0,3564.3011520532273,336084.2095,94291.75458600001
ILLINOIS,17,LA SALLE,099,17099,NORTHEAST,20,2007,1.0,195000,194600,8951600,46.0,3093.544396121669,243622.26979999998,78751.8259332
ILLINOIS,17,LA SALLE,099,17099,NORTHEAST,20,2008,1.0,196000,194600,9340800,48.0,3228.0463263878282,254214.54239999998,78751.8259332
ILLINOIS,17,LA SALLE,099,17099,NORTHEAST,20,2009,1.0,218000,217500,10005000,46.0,3093.544396121669,272291.0775,88019.127135
ILLINOIS,17,LA SALLE,099,17099,NORTHEAST,20,2010,1.0,212000,211000,11000000,52.1,3503.7752834334556,299370.5,85388.67046200001
ILLINOIS,17,LA SALLE,099,17099,NORTHEAST,20,2011,1.0,207000,206000,12217000,59.3,3987.9822323916296,332491.7635,83365.242252
ILLINOIS,17,LA SALLE,099,17099,NORTHEAST,20,2012,1.0,216000,215000,10670000,49.6,3335.647870600756,290389.385,87007.41303
ILLINOIS,17,LA SALLE,099,17099,NORTHEAST,20,2013,1.0,231500,231000,12814000,55.5,3732.428564885927,348739.417,93482.383302
ILLINOIS,17,LA SALLE,099,17099,NORTHEAST,20,2014,1.0,241500,240500,14530000,60.4,4061.9582940380174,395441.215,97326.896901
ILLINOIS,17,LA SALLE,099,17099,NORTHEAST,20,2015,1.0,242000,241000,13999000,58.1,3907.2810742319343,380989.7845,97529.239722
ILLINOIS,17,LA SALLE,099,17099,NORTHEAST,20,2016,1.0,246500,245000,14999000,61.2,4115.759066144481,408205.2845,99147.98229
ILLINOIS,17,LA SALLE,099,17099,NORTHEAST,20,2017,1.0,252500,252000,15323000,60.8,4088.858680091249,417023.1065,101980.781784
ILLINOIS,17,LA SALLE,099,17099,NORTHEAST,20,2018,1.0,258000,251000,16835000,67.1,4512.539760429651,458172.9425,101576.09614200001
ILLINOIS,17,LA SALLE,099,17099,NORTHEAST,20,2019,1.0,242000,240500,13315000,55.4,3725.7034683726188,362374.3825,97326.896901
ILLINOIS,17,LA SALLE,099,17099,NORTHEAST,20,2020,1.0,253500,252500,14973000,59.3,3987.9822323916296,407497.6815,102183.124605
ILLINOIS,17,LA SALLE,099,17099,NORTHEAST,20,2022,1.0,261000,260000,17082000,65.7,4418.38840924334,464895.171,105218.26692000001
ILLINOIS,17,LA SALLE,099,17099,NORTHEAST,20,2023,1.0,259500,258000,16718000,64.8,4357.862540623568,454988.729,104408.895636
ILLINOIS,17,LA SALLE,099,17099,NORTHEAST,20,2024,1.0,258500,257500,17253000,67.0,4505.814663916344,469549.0215,104206.552815
ILLINOIS,17,LA SALLE,099,17099,NORTHEAST,20,2025,1.0,256000,254500,18070000,71.0,4774.818524448663,491784.085,102992.495889
ILLINOIS,17,LAKE,097,17097,NORTHEAST,20,1980,1.0,26100,26000,824400,31.5,2118.405401692012,22436.4582,10521.826692
ILLINOIS,17,LAKE,097,17097,NORTHEAST,20,1981,1.0,24800,24500,830400,34.0,2286.5328145247117,22599.7512,9914.798229
ILLINOIS,17,LAKE,097,17097,NORTHEAST,20,1982,1.0,26100,26000,821400,31.5,2118.405401692012,22354.8117,10521.826692
ILLINOIS,17,LAKE,097,17097,NORTHEAST,20,1983,1.0,20500,20500,639600,31.0,2084.7799191254726,17407.0338,8296.055661
ILLINOIS,17,LAKE,097,17097,NORTHEAST,20,1984,1.0,22300,22000,592000,27.0,1815.7760585931535,16111.576,8903.084124
ILLINOIS,17,LAKE,097,17097,NORTHEAST,20,1985,1.0,21200,21000,687300,32.5,2185.6563668250924,18705.21315,8498.398482
ILLINOIS,17,LAKE,097,17097,NORTHEAST,20,1986,1.0,21800,21700,650200,30.0,2017.5289539923929,17695.518099999998,8781.6784314
ILLINOIS,17,LAKE,097,17097,NORTHEAST,20,1987,1.0,20300,20100,662300,33.0,2219.281849391632,18024.82565,8134.1814042000005
ILLINOIS,17,LAKE,097,17097,NORTHEAST,20,1988,1.0,20400,20200,487500,24.0,1614.0231631939141,13267.55625,8174.6499684
ILLINOIS,17,LAKE,097,17097,NORTHEAST,20,1989,1.0,18800,18700,696500,37.0,2488.285709923951,18955.59575,7567.6215054
ILLINOIS,17,LAKE,097,17097,NORTHEAST,20,1990,1.0,17700,17300,603300,35.0,2353.7837796577915,16419.111149999997,7001.0616066
ILLINOIS,17,LAKE,097,17097,NORTHEAST,20,1991,1.0,22000,21800,468700,21.5,1445.8957503612148,12755.904849999999,8822.1469956
ILLINOIS,17,LAKE,097,17097,NORTHEAST,20,1992,1.0,24000,23300,699000,30.0,2017.5289539923929,19023.6345,9429.1754586
ILLINOIS,17,LAKE,097,17097,NORTHEAST,20,1993,1.0,21000,20800,728000,35.0,2353.7837796577915,19812.884,8417.4613536
ILLINOIS,17,LAKE,097,17097,NORTHEAST,20,1994,1.0,19000,18700,710600,38.0,2555.536675057031,19339.334300000002,7567.6215054
ILLINOIS,17,LAKE,097,17097,NORTHEAST,20,1995,1.0,19000,18200,609700,33.5,2252.907331958172,16593.29035,7365.2786844
ILLINOIS,17,LAKE,097,17097,NORTHEAST,20,1996,1.0,26000,25800,503100,19.5,1311.3938200950554,13692.11805,10440.8895636
ILLINOIS,17,LAKE,097,17097,NORTHEAST,20,1997,1.0,16000,15800,568800,36.0,2421.034744790871,15480.176399999998,6394.033143600001
ILLINOIS,17,LAKE,097,17097,NORTHEAST,20,1998,1.0,19000,18900,727650,38.5,2589.1621576235707,19803.358575,7648.5586338
ILLINOIS,17,LAKE,097,17097,NORTHEAST,20,1999,1.0,15000,14800,458800,31.0,2084.7799191254726,12486.471399999999,5989.3475016
ILLINOIS,17,LAKE,097,17097,NORTHEAST,20,2000,1.0,17000,16900,388700,23.0,1546.7721980608344,10578.66485,6839.1873498
ILLINOIS,17,LAKE,097,17097,NORTHEAST,20,2001,1.0,14000,13900,486500,35.0,2353.7837796577915,13240.34075,5625.1304238
ILLINOIS,17,LAKE,097,17097,NORTHEAST,20,2002,1.0,14000,13800,358800,26.0,1748.5250934600738,9764.921400000001,5584.6618596
ILLINOIS,17,LAKE,097,17097,NORTHEAST,20,2003,1.0,13000,12900,296700,23.0,1546.7721980608344,8074.838849999999,5220.4447818
ILLINOIS,17,LAKE,097,17097,NORTHEAST,20,2004,1.0,11000,10900,316100,29.0,1950.277988859313,8602.819549999998,4411.0734978
ILLINOIS,17,LAKE,097,17097,NORTHEAST,20,2005,1.0,10000,9900,287100,29.0,1950.277988859313,7813.57005,4006.3878558
ILLINOIS,17,LAKE,097,17097,NORTHEAST,20,2006,1.0,11000,10900,457800,42.0,2824.54053558935,12459.255899999998,4411.0734978
ILLINOIS,17,LAKE,097,17097,NORTHEAST,20,2007,1.0,9000,8900,409400,46.0,3093.544396121669,11142.0257,3601.7022138
ILLINOIS,17,LAKE,097,17097,NORTHEAST,20,2008,1.0,8000,7900,268600,34.0,2286.5328145247117,7310.0833,3197.0165718000003
ILLINOIS,17,LAKE,097,17097,NORTHEAST,20,2009,1.0,8000,7900,276500,35.0,2353.7837796577915,7525.08575,3197.0165718000003
ILLINOIS,17,LAKE,097,17097,NORTHEAST,20,2010,1.0,11000,10900,542000,49.7,3342.372967114064,14750.801,4411.0734978
ILLINOIS,17,LAKE,097,17097,NORTHEAST,20,2012,1.0,10000,10000,400000,40.0,2690.0386053231905,10886.2,4046.85642
ILLINOIS,17,LAKE,097,17097,NORTHEAST,20,2014,1.0,8500,8460,381000,45.0,3026.293430988589,10369.1055,3423.6405313200003
ILLINOIS,17,LAKE,097,17097,NORTHEAST,20,2015,1.0,8400,8400,370000,44.0,2959.0424658555094,10069.735,3399.3593928
ILLINOIS,17,LAKE,097,17097,NORTHEAST,20,2016,1.0,8900,8800,462000,52.5,3530.675669486687,12573.561,3561.2336496000003
ILLINOIS,17,LAKE,097,17097,NORTHEAST,20,2018,1.0,9000,8700,359000,41.3,2777.464859996194,9770.3645,3520.7650854000003
ILLINOIS,17,LAKE,097,17097,NORTHEAST,20,2019,1.0,7500,7300,352000,48.2,3241.4965194144447,9579.856,2954.2051866
ILLINOIS,17,LAKE,097,17097,NORTHEAST,20,2020,1.0,7600,7580,393000,51.8,3483.5999938935315,10695.6915,3067.51716636
ILLINOIS,17,LAKE,097,17097,NORTHEAST,20,2021,1.0,10500,10400,523000,50.3,3382.7235461939117,14233.7065,4208.7306768
ILLINOIS,17,LAKE,097,17097,NORTHEAST,20,2022,1.0,8900,8800,504000,57.3,3853.48030212547,13716.612,3561.2336496000003
ILLINOIS,17,LAKE,097,17097,NORTHEAST,20,2023,1.0,7600,7470,399000,53.4,3591.201538106459,10858.9845,3023.00174574
ILLINOIS,17,LAKE,097,17097,NORTHEAST,20,2024,1.0,8700,8650,444000,51.3,3449.9745113269914,12083.682,3500.5308033
ILLINOIS,17,LAKE,097,17097,NORTHEAST,20,2025,1.0,6600,6500,390000,60.0,4035.0579079847857,10614.045,2630.456673
ILLINOIS,17,LAWRENCE,101,17101,EAST SOUTHEAST,70,1980,1.0,50200,50000,1413000,28.5,1916.652506292773,38455.5015,20234.2821
ILLINOIS,17,LAWRENCE,101,17101,EAST SOUTHEAST,70,1981,1.0,50500,50000,1628100,32.5,2185.6563668250924,44309.55555,20234.2821
ILLINOIS,17,LAWRENCE,101,17101,EAST SOUTHEAST,70,1982,1.0,52600,52500,1734800,33.0,2219.281849391632,47213.4494,21245.996205
ILLINOIS,17,LAWRENCE,101,17101,EAST SOUTHEAST,70,1983,1.0,46600,46500,1027800,22.0,1479.5212329277547,27972.0909,18817.882353
ILLINOIS,17,LAWRENCE,101,17101,EAST SOUTHEAST,70,1984,1.0,57400,56000,1646900,29.5,1983.903471425853,44821.20694999999,22662.395952
ILLINOIS,17,LAWRENCE,101,17101,EAST SOUTHEAST,70,1985,1.0,53000,52000,1674200,32.0,2152.0308842585523,45564.1901,21043.653384
ILLINOIS,17,LAWRENCE,101,17101,EAST SOUTHEAST,70,1986,1.0,52000,51400,1796700,35.0,2353.7837796577915,48898.08884999999,20800.841998800002
ILLINOIS,17,LAWRENCE,101,17101,EAST SOUTHEAST,70,1987,1.0,48100,47600,1330800,28.0,1883.0270237262332,36218.3874,19263.0365592
ILLINOIS,17,LAWRENCE,101,17101,EAST SOUTHEAST,70,1988,1.0,51400,50200,1287300,25.5,1714.899610893534,35034.51315,20315.2192284
ILLINOIS,17,LAWRENCE,101,17101,EAST SOUTHEAST,70,1989,1.0,56300,55700,1825600,33.0,2219.281849391632,49684.616799999996,22540.9902594
ILLINOIS,17,LAWRENCE,101,17101,EAST SOUTHEAST,70,1990,1.0,59200,58500,1838900,31.5,2118.405401692012,50046.582949999996,23674.110057
ILLINOIS,17,LAWRENCE,101,17101,EAST SOUTHEAST,70,1991,1.0,65000,64500,1935000,30.0,2017.5289539923929,52661.9925,26102.223909
ILLINOIS,17,LAWRENCE,101,17101,EAST SOUTHEAST,70,1992,1.0,68000,67000,2646500,39.5,2656.4131227566504,72025.82075,27113.938014
ILLINOIS,17,LAWRENCE,101,17101,EAST SOUTHEAST,70,1993,1.0,65000,64000,2432000,38.0,2555.536675057031,66188.096,25899.881088000002
ILLINOIS,17,LAWRENCE,101,17101,EAST SOUTHEAST,70,1994,1.0,70000,69100,2764000,40.0,2690.0386053231905,75223.642,27963.7778622
ILLINOIS,17,LAWRENCE,101,17101,EAST SOUTHEAST,70,1995,1.0,72000,71600,2327000,32.5,2185.6563668250924,63330.4685,28975.4919672
ILLINOIS,17,LAWRENCE,101,17101,EAST SOUTHEAST,70,1996,1.0,84000,83800,3100600,37.0,2488.285709923951,84384.3793,33912.6567996
ILLINOIS,17,LAWRENCE,101,17101,EAST SOUTHEAST,70,1997,1.0,71000,70800,2442600,34.5,2320.158297091252,66476.5803,28651.7434536
ILLINOIS,17,LAWRENCE,101,17101,EAST SOUTHEAST,70,1998,1.0,87000,85800,3045900,35.5,2387.4092622243315,82895.69145,34722.0280836
ILLINOIS,17,LAWRENCE,101,17101,EAST SOUTHEAST,70,1999,1.0,77000,76700,2837900,37.0,2488.285709923951,77234.86745,31039.388741400002
ILLINOIS,17,LAWRENCE,101,17101,EAST SOUTHEAST,70,2000,1.0,78000,77700,3263400,42.0,2824.54053558935,88815.06270000001,31444.074383400002
ILLINOIS,17,LAWRENCE,101,17101,EAST SOUTHEAST,70,2001,1.0,83000,82200,3452400,42.0,2824.54053558935,93958.79219999998,33265.1597724
ILLINOIS,17,LAWRENCE,101,17101,EAST SOUTHEAST,70,2002,1.0,84000,83700,2845800,34.0,2286.5328145247117,77449.86989999999,33872.188235400004
ILLINOIS,17,LAWRENCE,101,17101,EAST SOUTHEAST,70,2003,1.0,86000,85400,3586800,42.0,2824.54053558935,97616.5554,34560.1538268
ILLINOIS,17,LAWRENCE,101,17101,EAST SOUTHEAST,70,2004,1.0,79000,78700,3620200,46.0,3093.544396121669,98525.55309999999,31848.760025400003
ILLINOIS,17,LAWRENCE,101,17101,EAST SOUTHEAST,70,2005,1.0,80000,79700,3506800,44.0,2959.0424658555094,95439.31539999999,32253.4456674
ILLINOIS,17,LAWRENCE,101,17101,EAST SOUTHEAST,70,2006,1.0,88000,87600,3942000,45.0,3026.293430988589,107283.501,35450.4622392
ILLINOIS,17,LAWRENCE,101,17101,EAST SOUTHEAST,70,2007,1.0,76000,75800,2728800,36.0,2421.034744790871,74265.65639999999,30675.171663600002
ILLINOIS,17,LAWRENCE,101,17101,EAST SOUTHEAST,70,2008,1.0,93000,91700,3759700,41.0,2757.28957045627,102322.11535,37109.6733714
ILLINOIS,17,LAWRENCE,101,17101,EAST SOUTHEAST,70,2009,1.0,90000,89400,3397200,38.0,2555.536675057031,92456.4966,36178.8963948
ILLINOIS,17,LAWRENCE,101,17101,EAST SOUTHEAST,70,2010,1.0,76000,75600,3380000,44.7,3006.1181414486655,91988.39,30594.2345352
ILLINOIS,17,LAWRENCE,101,17101,EAST SOUTHEAST,70,2011,1.0,80000,79700,3566000,44.7,3006.1181414486655,97050.473,32253.4456674
ILLINOIS,17,LAWRENCE,101,17101,EAST SOUTHEAST,70,2012,1.0,78000,77200,2672000,34.6,2326.88339360456,72719.816,31241.7315624
ILLINOIS,17,LAWRENCE,101,17101,EAST SOUTHEAST,70,2013,1.0,83400,83100,3474000,41.8,2811.090342562734,94546.647,33629.3768502
ILLINOIS,17,LAWRENCE,101,17101,EAST SOUTHEAST,70,2014,1.0,81400,80900,3652000,45.1,3033.018527501897,99391.006,32739.0684378
ILLINOIS,17,LAWRENCE,101,17101,EAST SOUTHEAST,70,2015,1.0,81900,80700,4103000,50.8,3416.349028760452,111665.1965,32658.1313094
ILLINOIS,17,LAWRENCE,101,17101,EAST SOUTHEAST,70,2017,1.0,84000,83600,4260000,51.0,3429.799221787068,115938.03,33831.7196712
ILLINOIS,17,LAWRENCE,101,17101,EAST SOUTHEAST,70,2018,1.0,91000,88800,4802000,54.1,3638.277213699615,130688.831,35936.0850096
ILLINOIS,17,LAWRENCE,101,17101,EAST SOUTHEAST,70,2019,1.0,80000,79300,3792000,47.8,3214.596133361212,103201.176,32091.5714106
ILLINOIS,17,LAWRENCE,101,17101,EAST SOUTHEAST,70,2020,1.0,85500,85100,4927000,57.9,3893.830881205318,134090.7685,34438.7481342
ILLINOIS,17,LAWRENCE,101,17101,EAST SOUTHEAST,70,2021,1.0,82800,82100,4959000,60.4,4061.9582940380174,134961.6645,33224.6912082
ILLINOIS,17,LAWRENCE,101,17101,EAST SOUTHEAST,70,2022,1.0,90300,90000,5220000,58.0,3900.555977718626,142064.91,36421.707780000004
ILLINOIS,17,LAWRENCE,101,17101,EAST SOUTHEAST,70,2023,1.0,80200,79900,4858000,60.8,4088.858680091249,132212.899,32334.3827958
ILLINOIS,17,LAWRENCE,101,17101,EAST SOUTHEAST,70,2024,1.0,90100,90000,5067000,56.3,3786.2293369923905,137900.9385,36421.707780000004
ILLINOIS,17,LAWRENCE,101,17101,EAST SOUTHEAST,70,2025,1.0,83500,83000,4540000,54.7,3678.627792779463,123558.37,33588.908286
ILLINOIS,17,LEE,103,17103,NORTHWEST,10,1980,1.0,111400,111000,4440800,40.0,2690.0386053231905,120858.5924,44920.106262
ILLINOIS,17,LEE,103,17103,NORTHWEST,10,1981,1.0,109200,108500,4780700,44.0,2959.0424658555094,130109.14085,43908.392157
ILLINOIS,17,LEE,103,17103,NORTHWEST,10,1982,1.0,113800,112800,4509100,40.0,2690.0386053231905,122717.41105,45648.5404176
ILLINOIS,17,LEE,103,17103,NORTHWEST,10,1983,1.0,112800,112500,4559700,40.5,2723.66408788973,124094.51534999999,45527.134725
ILLINOIS,17,LEE,103,17103,NORTHWEST,10,1984,1.0,111100,110000,4020200,36.5,2454.6602273574113,109411.75309999999,44515.420620000004
ILLINOIS,17,LEE,103,17103,NORTHWEST,10,1985,1.0,107400,106000,4693800,44.5,2992.6679484220494,127744.1139,42896.678052
ILLINOIS,17,LEE,103,17103,NORTHWEST,10,1986,1.0,107400,107100,4278600,40.0,2690.0386053231905,116444.2383,43341.832258200004
ILLINOIS,17,LEE,103,17103,NORTHWEST,10,1987,1.0,106000,105200,4464100,42.5,2858.1660181558896,121492.71355,42572.9295384
ILLINOIS,17,LEE,103,17103,NORTHWEST,10,1988,1.0,108300,106700,2950800,27.5,1849.4015411596934,80307.4974,43179.9580014
ILLINOIS,17,LEE,103,17103,NORTHWEST,10,1989,1.0,114500,113700,5025200,44.0,2959.0424658555094,136763.3306,46012.7574954
ILLINOIS,17,LEE,103,17103,NORTHWEST,10,1990,1.0,112700,112500,5083600,45.0,3026.293430988589,138352.71579999998,45527.134725
ILLINOIS,17,LEE,103,17103,NORTHWEST,10,1991,1.0,122000,120500,5362250,44.5,2992.6679484220494,145936.314875,48764.619861
ILLINOIS,17,LEE,103,17103,NORTHWEST,10,1992,1.0,125000,123000,5596500,45.5,3059.918913555129,152311.54575,49776.333966
ILLINOIS,17,LEE,103,17103,NORTHWEST,10,1993,1.0,121000,118000,5192000,44.0,2959.0424658555094,141302.876,47752.905756
ILLINOIS,17,LEE,103,17103,NORTHWEST,10,1994,1.0,125000,124300,6525750,52.5,3530.675669486687,177601.549125,50302.4253006
ILLINOIS,17,LEE,103,17103,NORTHWEST,10,1995,1.0,133000,132400,5891800,44.5,2992.6679484220494,160348.28290000002,53580.3790008
ILLINOIS,17,LEE,103,17103,NORTHWEST,10,1996,1.0,133000,132200,5816800,44.0,2959.0424658555094,158307.1204,53499.4418724
ILLINOIS,17,LEE,103,17103,NORTHWEST,10,1997,1.0,137000,136500,6415500,47.0,3160.7953612547485,174601.04025,55239.590133000005
ILLINOIS,17,LEE,103,17103,NORTHWEST,10,1998,1.0,142000,141700,7297550,51.5,3463.4247043536075,198606.47202499997,57343.955471400004
ILLINOIS,17,LEE,103,17103,NORTHWEST,10,1999,1.0,151000,150400,7068800,47.0,3160.7953612547485,192380.92639999997,60864.7205568
ILLINOIS,17,LEE,103,17103,NORTHWEST,10,2000,1.0,153000,152600,7019600,46.0,3093.544396121669,191041.9238,61755.0289692
ILLINOIS,17,LEE,103,17103,NORTHWEST,10,2001,1.0,150000,148100,6812600,46.0,3093.544396121669,185408.3153,59933.9435802
ILLINOIS,17,LEE,103,17103,NORTHWEST,10,2002,1.0,146000,145500,6693000,46.0,3093.544396121669,182153.3415,58881.760911000005
ILLINOIS,17,LEE,103,17103,NORTHWEST,10,2003,1.0,130000,129700,3891000,30.0,2017.5289539923929,105895.5105,52487.7277674
ILLINOIS,17,LEE,103,17103,NORTHWEST,10,2004,1.0,118000,117600,5762400,49.0,3295.2972915209084,156826.5972,47591.0314992
ILLINOIS,17,LEE,103,17103,NORTHWEST,10,2005,1.0,110000,109300,5137100,47.0,3160.7953612547485,139808.74504999997,44232.1406706
ILLINOIS,17,LEE,103,17103,NORTHWEST,10,2006,1.0,117000,116500,6174500,53.0,3564.3011520532273,168042.10475,47145.877293000005
ILLINOIS,17,LEE,103,17103,NORTHWEST,10,2007,1.0,82000,81800,4008200,49.0,3295.2972915209084,109085.16709999999,33103.2855156
ILLINOIS,17,LEE,103,17103,NORTHWEST,10,2008,1.0,87000,86300,3969800,46.0,3093.544396121669,108040.09189999998,34924.3709046
ILLINOIS,17,LEE,103,17103,NORTHWEST,10,2009,1.0,93000,92900,4180500,45.0,3026.293430988589,113774.39775,37595.2961418
ILLINOIS,17,LEE,103,17103,NORTHWEST,10,2010,1.0,92000,91600,5152000,56.2,3779.5042404790825,140214.256,37069.2048072
ILLINOIS,17,LEE,103,17103,NORTHWEST,10,2011,1.0,85000,84800,5055000,59.6,4008.1575219315537,137574.3525,34317.3424416
ILLINOIS,17,LEE,103,17103,NORTHWEST,10,2012,1.0,90000,89000,4676000,52.5,3530.675669486687,127259.678,36017.022138
ILLINOIS,17,LEE,103,17103,NORTHWEST,10,2013,1.0,92600,92600,4985000,53.8,3618.101924159691,135669.2675,37473.8904492
ILLINOIS,17,LEE,103,17103,NORTHWEST,10,2014,1.0,102500,102400,6050000,59.1,3974.532039365014,164653.775,41439.8097408
ILLINOIS,17,LEE,103,17103,NORTHWEST,10,2015,1.0,113500,113300,6856000,60.5,4068.6833905513254,186589.468,45850.8832386
ILLINOIS,17,LEE,103,17103,NORTHWEST,10,2016,1.0,113000,112800,6859000,60.8,4088.858680091249,186671.1145,45648.5404176
ILLINOIS,17,LEE,103,17103,NORTHWEST,10,2017,1.0,127500,127000,7550000,59.4,3994.7073289049376,205477.025,51395.076534
ILLINOIS,17,LEE,103,17103,NORTHWEST,10,2018,1.0,136000,132200,8427000,63.7,4283.886478977181,229345.0185,53499.4418724
ILLINOIS,17,LEE,103,17103,NORTHWEST,10,2019,1.0,126500,122500,7311000,59.7,4014.8826184448617,198972.5205,49573.991145
ILLINOIS,17,LEE,103,17103,NORTHWEST,10,2020,1.0,123000,122500,7926000,64.7,4351.137444110261,215710.053,49573.991145
ILLINOIS,17,LEE,103,17103,NORTHWEST,10,2021,1.0,141500,140300,9484000,67.6,4546.165242996191,258111.802,56777.3955726
ILLINOIS,17,LEE,103,17103,NORTHWEST,10,2022,1.0,141500,141000,9419000,66.8,4492.364470889728,256342.7945,57060.675522000005
ILLINOIS,17,LEE,103,17103,NORTHWEST,10,2023,1.0,135000,134300,8694000,64.7,4351.137444110261,236611.557,54349.2817206
ILLINOIS,17,LIVINGSTON,105,17105,EAST,50,1980,1.0,276200,275000,9369700,34.0,2286.5328145247117,255001.07035,111288.55155
ILLINOIS,17,LIVINGSTON,105,17105,EAST,50,1981,1.0,276000,274000,11057300,40.5,2723.66408788973,300929.94814999995,110883.865908
ILLINOIS,17,LIVINGSTON,105,17105,EAST,50,1982,1.0,278000,277000,11716800,42.5,2858.1660181558896,318878.57039999997,112097.922834
ILLINOIS,17,LIVINGSTON,105,17105,EAST,50,1983,1.0,280000,280000,9611700,34.5,2320.158297091252,261587.22135,113311.97976
ILLINOIS,17,LIVINGSTON,105,17105,EAST,50,1984,1.0,276100,273000,8131900,30.0,2017.5289539923929,221313.72444999998,110479.18026600001
ILLINOIS,17,LIVINGSTON,105,17105,EAST,50,1985,1.0,278700,275000,13410600,49.0,3295.2972915209084,364976.1843,111288.55155
ILLINOIS,17,LIVINGSTON,105,17105,EAST,50,1986,1.0,271400,270900,10822400,40.0,2690.0386053231905,294537.0272,109629.3404178
ILLINOIS,17,LIVINGSTON,105,17105,EAST,50,1987,1.0,273000,271000,10282200,38.0,2555.536675057031,279835.2141,109669.808982
ILLINOIS,17,LIVINGSTON,105,17105,EAST,50,1988,1.0,278000,277400,4742400,17.0,1143.2664072623559,129066.78719999999,112259.7970908
ILLINOIS,17,LIVINGSTON,105,17105,EAST,50,1989,1.0,276100,275500,12997300,47.0,3160.7953612547485,353728.01814999996,111490.894371
ILLINOIS,17,LIVINGSTON,105,17105,EAST,50,1990,1.0,279000,277400,12262500,44.0,2959.0424658555094,333730.06875,112259.7970908
ILLINOIS,17,LIVINGSTON,105,17105,EAST,50,1991,1.0,287000,284500,7823750,27.5,1849.4015411596934,212927.268125,115133.065149
ILLINOIS,17,LIVINGSTON,105,17105,EAST,50,1992,1.0,288000,287200,13063950,45.5,3059.918913555129,355541.93122499995,116225.7163824
ILLINOIS,17,LIVINGSTON,105,17105,EAST,50,1993,1.0,278000,274000,12604000,46.0,3093.544396121669,343024.162,110883.865908
ILLINOIS,17,LIVINGSTON,105,17105,EAST,50,1994,1.0,275000,272400,12939000,47.5,3194.4208438212886,352141.3545,110236.3688808
ILLINOIS,17,LIVINGSTON,105,17105,EAST,50,1995,1.0,290000,288700,12269750,42.5,2858.1660181558896,333927.381125,116832.7448454
ILLINOIS,17,LIVINGSTON,105,17105,EAST,50,1996,1.0,301000,300100,12754250,42.5,2858.1660181558896,347113.290875,121446.1611642
ILLINOIS,17,LIVINGSTON,105,17105,EAST,50,1997,1.0,286000,284800,12673600,44.5,2992.6679484220494,344918.3608,115254.4708416
ILLINOIS,17,LIVINGSTON,105,17105,EAST,50,1998,1.0,289000,287600,11504000,40.0,2690.0386053231905,313087.112,116387.5906392
ILLINOIS,17,LIVINGSTON,105,17105,EAST,50,1999,1.0,288000,287000,12628000,44.0,2959.0424658555094,343677.334,116144.77925400001
ILLINOIS,17,LIVINGSTON,105,17105,EAST,50,2000,1.0,293000,292600,12874400,44.0,2959.0424658555094,350383.2332,118411.0188492
ILLINOIS,17,LIVINGSTON,105,17105,EAST,50,2001,1.0,289000,285900,12865500,45.0,3026.293430988589,350141.01525,115699.6250478
ILLINOIS,17,LIVINGSTON,105,17105,EAST,50,2002,1.0,288000,287200,13785600,48.0,3228.0463263878282,375181.99679999996,116225.7163824
ILLINOIS,17,LIVINGSTON,105,17105,EAST,50,2003,1.0,280000,279100,8652100,31.0,2084.7799191254726,235471.22754999998,112947.7626822
ILLINOIS,17,LIVINGSTON,105,17105,EAST,50,2004,1.0,287000,286200,14596200,51.0,3429.799221787068,397242.88109999994,115821.0307404
ILLINOIS,17,LIVINGSTON,105,17105,EAST,50,2005,1.0,270000,268900,13445000,50.0,3362.548256653988,365912.3975,108819.9691338
ILLINOIS,17,LIVINGSTON,105,17105,EAST,50,2006,1.0,276000,274800,14289600,52.0,3497.0501869201476,388898.6087999999,111207.61442160001
ILLINOIS,17,LIVINGSTON,105,17105,EAST,50,2007,1.0,242000,241900,13062600,54.0,3631.552117186307,355505.1903,97893.4567998
ILLINOIS,17,LIVINGSTON,105,17105,EAST,50,2008,1.0,252000,251000,11797000,47.0,3160.7953612547485,321061.2535,101576.09614200001
ILLINOIS,17,LIVINGSTON,105,17105,EAST,50,2009,1.0,256000,254000,12954000,51.0,3429.799221787068,352549.587,102790.153068
ILLINOIS,17,LIVINGSTON,105,17105,EAST,50,2010,1.0,271000,270000,13787000,51.1,3436.524318300376,375220.0985,109265.12334
ILLINOIS,17,LIVINGSTON,105,17105,EAST,50,2011,1.0,259000,258500,13359000,51.7,3476.874897380224,363571.8645,104611.238457
ILLINOIS,17,LIVINGSTON,105,17105,EAST,50,2012,1.0,264000,262500,10826000,41.2,2770.7397634828862,294635.003,106229.981025
ILLINOIS,17,LIVINGSTON,105,17105,EAST,50,2013,1.0,268500,268000,15097000,56.3,3786.2293369923905,410872.4035,108455.752056
ILLINOIS,17,LIVINGSTON,105,17105,EAST,50,2014,1.0,277500,277000,16232000,58.6,3940.906556798474,441761.996,112097.922834
ILLINOIS,17,LIVINGSTON,105,17105,EAST,50,2015,1.0,279000,278500,16569000,59.5,4001.4324254182457,450933.6195,112704.951297
ILLINOIS,17,LIVINGSTON,105,17105,EAST,50,2016,1.0,276500,275500,16692000,60.6,4075.4084870646334,454281.126,111490.894371
ILLINOIS,17,LIVINGSTON,105,17105,EAST,50,2017,1.0,287000,286000,16813000,58.8,3954.3567498250895,457574.2015,115740.093612
ILLINOIS,17,LIVINGSTON,105,17105,EAST,50,2018,1.0,284000,276500,16856000,61.0,4102.308873117865,458744.468,111895.580013
ILLINOIS,17,LIVINGSTON,105,17105,EAST,50,2019,1.0,284000,283500,16121000,56.9,3826.579916072238,438741.0755,114728.379507
ILLINOIS,17,LIVINGSTON,105,17105,EAST,50,2020,1.0,283000,282000,15792000,56.0,3766.0540474524664,429787.176,114121.35104400001
ILLINOIS,17,LIVINGSTON,105,17105,EAST,50,2021,1.0,286000,284000,18744000,66.0,4438.563698783264,510127.332,114930.722328
ILLINOIS,17,LIVINGSTON,105,17105,EAST,50,2022,1.0,283000,282000,17907000,63.5,4270.4362859505645,487347.9585,114121.35104400001
ILLINOIS,17,LIVINGSTON,105,17105,EAST,50,2023,1.0,283000,282000,19091000,67.7,4552.8903395095,519571.1105,114121.35104400001
ILLINOIS,17,LIVINGSTON,105,17105,EAST,50,2024,1.0,282500,281500,19508000,69.3,4660.491883722427,530919.974,113919.008223
ILLINOIS,17,LIVINGSTON,105,17105,EAST,50,2025,1.0,283000,281000,19614000,69.8,4694.117366288967,533804.817,113716.665402
ILLINOIS,17,LOGAN,107,17107,CENTRAL,40,1980,1.0,148500,148000,5448300,37.0,2488.285709923951,148278.20865000002,59893.475016000004
ILLINOIS,17,LOGAN,107,17107,CENTRAL,40,1981,1.0,152300,150000,6225300,41.5,2790.91505302281,169424.65215,60702.846300000005
ILLINOIS,17,LOGAN,107,17107,CENTRAL,40,1982,1.0,146300,145500,6186600,42.5,2858.1660181558896,168371.4123,58881.760911000005
ILLINOIS,17,LOGAN,107,17107,CENTRAL,40,1983,1.0,153600,153500,5501300,36.0,2421.034744790871,149720.63015,62119.246047
ILLINOIS,17,LOGAN,107,17107,CENTRAL,40,1984,1.0,151600,150000,5755100,38.5,2589.1621576235707,156627.92404999997,60702.846300000005
ILLINOIS,17,LOGAN,107,17107,CENTRAL,40,1985,1.0,151100,149000,7424900,50.0,3362.548256653988,202072.36594999998,60298.160658
ILLINOIS,17,LOGAN,107,17107,CENTRAL,40,1986,1.0,143600,143500,6664400,46.5,3127.169878688209,181374.97819999998,58072.389627000004
ILLINOIS,17,LOGAN,107,17107,CENTRAL,40,1987,1.0,144000,143000,5711200,40.0,2690.0386053231905,155433.1636,57870.046806
ILLINOIS,17,LOGAN,107,17107,CENTRAL,40,1988,1.0,152900,152700,4376500,28.5,1916.652506292773,119108.63575,61795.497533400005
ILLINOIS,17,LOGAN,107,17107,CENTRAL,40,1989,1.0,154000,153700,7403700,48.0,3228.0463263878282,201495.39734999998,62200.1831754
ILLINOIS,17,LOGAN,107,17107,CENTRAL,40,1990,1.0,158400,156300,7216400,46.0,3093.544396121669,196397.9342,63252.365844600004
ILLINOIS,17,LOGAN,107,17107,CENTRAL,40,1991,1.0,155000,153200,7430200,48.5,3261.6718089543683,202216.60809999998,61997.8403544
ILLINOIS,17,LOGAN,107,17107,CENTRAL,40,1992,1.0,159000,156600,7281900,46.5,3127.169878688209,198180.54945,63373.7715372
ILLINOIS,17,LOGAN,107,17107,CENTRAL,40,1993,1.0,157000,154000,7007000,45.5,3059.918913555129,190699.0085,62321.588868
ILLINOIS,17,LOGAN,107,17107,CENTRAL,40,1994,1.0,157000,155700,7707150,49.5,3328.922774087448,209753.940825,63009.5544594
ILLINOIS,17,LOGAN,107,17107,CENTRAL,40,1995,1.0,159000,158400,6732000,42.5,2858.1660181558896,183214.746,64102.2056928
ILLINOIS,17,LOGAN,107,17107,CENTRAL,40,1996,1.0,155000,154900,7280300,47.0,3160.7953612547485,198137.00465,62685.8059458
ILLINOIS,17,LOGAN,107,17107,CENTRAL,40,1997,1.0,165000,164100,7302450,44.5,2992.6679484220494,198739.827975,66408.9138522
ILLINOIS,17,LOGAN,107,17107,CENTRAL,40,1998,1.0,173000,172400,8447600,49.0,3295.2972915209084,229905.6578,69767.8046808
ILLINOIS,17,LOGAN,107,17107,CENTRAL,40,1999,1.0,170000,169300,8465000,50.0,3362.548256653988,230379.2075,68513.2791906
ILLINOIS,17,LOGAN,107,17107,CENTRAL,40,2000,1.0,163000,162700,7646900,47.0,3160.7953612547485,208114.20695,65842.3539534
ILLINOIS,17,LOGAN,107,17107,CENTRAL,40,2001,1.0,165000,164100,7712700,47.0,3160.7953612547485,209904.98685,66408.9138522
ILLINOIS,17,LOGAN,107,17107,CENTRAL,40,2002,1.0,162000,161700,8408400,52.0,3497.0501869201476,228838.81019999998,65437.668311400004
ILLINOIS,17,LOGAN,107,17107,CENTRAL,40,2003,1.0,154000,153700,6301700,41.0,2757.28957045627,171503.91634999998,62200.1831754
ILLINOIS,17,LOGAN,107,17107,CENTRAL,40,2004,1.0,148000,147300,8248800,56.0,3766.0540474524664,224495.21639999998,59610.195066600005
ILLINOIS,17,LOGAN,107,17107,CENTRAL,40,2005,1.0,141000,140400,7441200,53.0,3564.3011520532273,202515.9786,56817.8641368
ILLINOIS,17,LOGAN,107,17107,CENTRAL,40,2006,1.0,150000,149400,7768800,52.0,3497.0501869201476,211431.77639999997,60460.0349148
ILLINOIS,17,LOGAN,107,17107,CENTRAL,40,2007,1.0,111000,110800,5540000,50.0,3362.548256653988,150773.87,44839.1691336
ILLINOIS,17,LOGAN,107,17107,CENTRAL,40,2008,1.0,122000,119300,5965000,50.0,3362.548256653988,162340.4575,48278.9970906
ILLINOIS,17,LOGAN,107,17107,CENTRAL,40,2009,1.0,120000,119300,6084300,51.0,3429.799221787068,165587.26665,48278.9970906
ILLINOIS,17,LOGAN,107,17107,CENTRAL,40,2010,1.0,126000,125400,7229000,57.6,3873.6555916653942,196740.8495,50747.5795068
ILLINOIS,17,LOGAN,107,17107,CENTRAL,40,2011,1.0,121000,120900,6671000,55.2,3712.2532753460027,181554.6005,48926.4941178
ILLINOIS,17,LOGAN,107,17107,CENTRAL,40,2012,1.0,119000,118300,5593000,47.3,3180.9706507946726,152216.2915,47874.311448600005
ILLINOIS,17,LOGAN,107,17107,CENTRAL,40,2013,1.0,127500,127500,7344000,57.6,3873.6555916653942,199870.632,51597.419355
ILLINOIS,17,LOGAN,107,17107,CENTRAL,40,2014,1.0,136500,135900,8673000,63.8,4290.611575490489,236040.0315,54996.7787478
ILLINOIS,17,LOGAN,107,17107,CENTRAL,40,2015,1.0,140500,140500,7955000,56.6,3806.4046265323145,216499.3025,56858.332701
ILLINOIS,17,LOGAN,107,17107,CENTRAL,40,2016,1.0,138000,137500,9156000,66.6,4478.914277863111,249185.118,55644.275775
ILLINOIS,17,LOGAN,107,17107,CENTRAL,40,2017,1.0,156500,155800,10087000,64.7,4351.137444110261,274522.7485,63050.0230236
ILLINOIS,17,LOGAN,107,17107,CENTRAL,40,2018,1.0,156000,152200,10663000,70.1,4714.292655828891,290198.8765,61593.1547124
ILLINOIS,17,LOGAN,107,17107,CENTRAL,40,2020,1.0,145000,144400,9920000,68.7,4620.14130464258,269977.76,58436.606704800004
ILLINOIS,17,LOGAN,107,17107,CENTRAL,40,2022,1.0,153000,152500,10950000,71.8,4828.619296555126,298009.725,61714.560405000004
ILLINOIS,17,LOGAN,107,17107,CENTRAL,40,2023,1.0,153000,152200,10410000,68.4,4599.966015102656,283313.355,61593.1547124
ILLINOIS,17,LOGAN,107,17107,CENTRAL,40,2024,1.0,157000,156500,11581000,74.0,4976.571419847902,315182.7055,63333.302973000005
ILLINOIS,17,MACON,115,17115,CENTRAL,40,1980,1.0,141500,141000,4835100,34.5,2320.158297091252,131589.66405,57060.675522000005
ILLINOIS,17,MACON,115,17115,CENTRAL,40,1981,1.0,140200,139000,5768800,41.5,2790.91505302281,157000.7764,56251.304238000004
ILLINOIS,17,MACON,115,17115,CENTRAL,40,1982,1.0,140400,140000,5812600,41.5,2790.91505302281,158192.8153,56655.98988
ILLINOIS,17,MACON,115,17115,CENTRAL,40,1983,1.0,140900,140000,4515700,32.5,2185.6563668250924,122897.03335,56655.98988
ILLINOIS,17,MACON,115,17115,CENTRAL,40,1984,1.0,137600,136000,4630900,34.0,2286.5328145247117,126032.25894999999,55037.247312
ILLINOIS,17,MACON,115,17115,CENTRAL,40,1985,1.0,135800,135000,6659300,49.5,3328.922774087448,181236.17915,54632.56167
ILLINOIS,17,MACON,115,17115,CENTRAL,40,1986,1.0,136100,135900,6175700,45.5,3059.918913555129,168074.76335,54996.7787478
ILLINOIS,17,MACON,115,17115,CENTRAL,40,1987,1.0,136600,135700,5758400,42.5,2858.1660181558896,156717.7352,54915.8416194
ILLINOIS,17,MACON,115,17115,CENTRAL,40,1988,1.0,137400,137300,4142300,30.0,2017.5289539923929,112734.76564999999,55563.3386466
ILLINOIS,17,MACON,115,17115,CENTRAL,40,1989,1.0,135400,135100,6038100,44.5,2992.6679484220494,164329.91054999997,54673.0302342
ILLINOIS,17,MACON,115,17115,CENTRAL,40,1990,1.0,136300,136000,5878300,43.0,2891.7915007224296,159980.87365,55037.247312
ILLINOIS,17,MACON,115,17115,CENTRAL,40,1991,1.0,138000,137000,6439000,47.0,3160.7953612547485,175240.6045,55441.932954
ILLINOIS,17,MACON,115,17115,CENTRAL,40,1992,1.0,139000,138200,6702700,48.5,3261.6718089543683,182417.33185,55927.5557244
ILLINOIS,17,MACON,115,17115,CENTRAL,40,1993,1.0,138000,135000,6480000,48.0,3228.0463263878282,176356.44,54632.56167
ILLINOIS,17,MACON,115,17115,CENTRAL,40,1994,1.0,138000,135600,6644400,49.0,3295.2972915209084,180830.6682,54875.373055200005
ILLINOIS,17,MACON,115,17115,CENTRAL,40,1995,1.0,138000,137200,5419400,39.5,2656.4131227566504,147491.6807,55522.870082400004
ILLINOIS,17,MACON,115,17115,CENTRAL,40,1996,1.0,136000,135700,6106500,45.0,3026.293430988589,166191.45075,54915.8416194
ILLINOIS,17,MACON,115,17115,CENTRAL,40,1997,1.0,142000,141400,6292300,44.5,2992.6679484220494,171248.09065,57222.5497788
ILLINOIS,17,MACON,115,17115,CENTRAL,40,1998,1.0,152000,151800,7362300,48.5,3261.6718089543683,200368.67565,61431.280455600005
ILLINOIS,17,MACON,115,17115,CENTRAL,40,1999,1.0,148000,147400,7517400,51.0,3429.799221787068,204589.79969999997,59650.6636308
ILLINOIS,17,MACON,115,17115,CENTRAL,40,2000,1.0,148000,147800,7242200,49.0,3295.2972915209084,197100.0941,59812.5378876
ILLINOIS,17,MACON,115,17115,CENTRAL,40,2001,1.0,141000,140300,6594100,47.0,3160.7953612547485,179461.72854999997,56777.3955726
ILLINOIS,17,MACON,115,17115,CENTRAL,40,2002,1.0,135000,134700,6600300,49.0,3295.2972915209084,179630.46465,54511.155977400005
ILLINOIS,17,MACON,115,17115,CENTRAL,40,2003,1.0,136000,135800,5975200,44.0,2959.0424658555094,162618.0556,54956.3101836
ILLINOIS,17,MACON,115,17115,CENTRAL,40,2004,1.0,131000,130300,7166500,55.0,3698.8030823193867,195039.88075,52730.5391526
ILLINOIS,17,MACON,115,17115,CENTRAL,40,2005,1.0,124000,123500,6669000,54.0,3631.552117186307,181500.1695,49978.676787000004
ILLINOIS,17,MACON,115,17115,CENTRAL,40,2006,1.0,123000,122500,6860000,56.0,3766.0540474524664,186698.33,49573.991145
ILLINOIS,17,MACON,115,17115,CENTRAL,40,2007,1.0,88000,87800,4653400,53.0,3564.3011520532273,126644.6077,35531.3993676
ILLINOIS,17,MACON,115,17115,CENTRAL,40,2008,1.0,103000,102500,5227500,51.0,3429.799221787068,142269.02625,41480.278305
ILLINOIS,17,MACON,115,17115,CENTRAL,40,2009,1.0,100000,99300,5461500,55.0,3698.8030823193867,148637.45325,40185.2842506
ILLINOIS,17,MACON,115,17115,CENTRAL,40,2010,1.0,109000,108200,6532000,60.4,4061.9582940380174,177771.646,43786.986464400004
ILLINOIS,17,MACON,115,17115,CENTRAL,40,2011,1.0,104000,103900,4855000,46.7,3140.620071714825,132131.2525,42046.8382038
ILLINOIS,17,MACON,115,17115,CENTRAL,40,2012,1.0,114000,112300,5031000,44.8,3012.843237961973,136921.1805,45446.1975966
ILLINOIS,17,MACON,115,17115,CENTRAL,40,2013,1.0,124500,124500,7031000,56.5,3799.6795300190065,191352.1805,50383.362429
ILLINOIS,17,MACON,115,17115,CENTRAL,40,2014,1.0,121500,121200,8163000,67.4,4532.715049969576,222160.1265,49047.8998104
ILLINOIS,17,MACON,115,17115,CENTRAL,40,2015,1.0,127000,127000,8564000,67.4,4532.715049969576,233073.542,51395.076534
ILLINOIS,17,MACON,115,17115,CENTRAL,40,2016,1.0,124500,123900,8453000,68.2,4586.5158220760395,230052.6215,50140.5510438
ILLINOIS,17,MACON,115,17115,CENTRAL,40,2017,1.0,138000,137300,9088000,66.2,4452.01389180988,247334.464,55563.3386466
ILLINOIS,17,MACON,115,17115,CENTRAL,40,2018,1.0,133000,129700,9753000,75.2,5057.272578007598,265432.7715,52487.7277674
ILLINOIS,17,MACON,115,17115,CENTRAL,40,2019,1.0,133500,133500,8518000,63.8,4290.611575490489,231821.629,54025.533207
ILLINOIS,17,MACON,115,17115,CENTRAL,40,2020,1.0,131500,130900,8666000,66.2,4452.01389180988,235849.523,52973.350537800005
ILLINOIS,17,MACON,115,17115,CENTRAL,40,2021,1.0,145500,144200,10728000,74.4,5003.471805901135,291967.884,58355.6695764
ILLINOIS,17,MACON,115,17115,CENTRAL,40,2022,1.0,136500,136100,10044000,73.8,4963.121226821286,273352.482,55077.7158762
ILLINOIS,17,MACON,115,17115,CENTRAL,40,2024,1.0,136000,135000,10500000,77.8,5232.1250873536055,285762.75,54632.56167
ILLINOIS,17,MACON,115,17115,CENTRAL,40,2025,1.0,137000,136200,10344000,75.9,5104.348253600754,281517.132,55118.1844404
ILLINOIS,17,MACOUPIN,117,17117,WEST SOUTHWEST,60,1980,1.0,184800,184000,5757500,31.5,2118.405401692012,156693.24125,74462.158128
ILLINOIS,17,MACOUPIN,117,17117,WEST SOUTHWEST,60,1981,1.0,162500,160000,6235800,39.0,2622.787640190111,169710.4149,64749.70272
ILLINOIS,17,MACOUPIN,117,17117,WEST SOUTHWEST,60,1982,1.0,161500,161000,6110600,38.0,2555.536675057031,166303.03429999997,65154.388362000005
ILLINOIS,17,MACOUPIN,117,17117,WEST SOUTHWEST,60,1983,1.0,166800,165000,3539000,21.5,1445.8957503612148,96315.6545,66773.13093
ILLINOIS,17,MACOUPIN,117,17117,WEST SOUTHWEST,60,1984,1.0,166700,163000,5195500,32.0,2152.0308842585523,141398.13025,65963.759646
ILLINOIS,17,MACOUPIN,117,17117,WEST SOUTHWEST,60,1985,1.0,173000,168000,7005100,41.5,2790.91505302281,190647.29904999997,67987.187856
ILLINOIS,17,MACOUPIN,117,17117,WEST SOUTHWEST,60,1986,1.0,166000,165500,6611700,40.0,2690.0386053231905,179940.72135,66975.473751
ILLINOIS,17,MACOUPIN,117,17117,WEST SOUTHWEST,60,1987,1.0,157500,153500,5211000,34.0,2286.5328145247117,141819.9705,62119.246047
ILLINOIS,17,MACOUPIN,117,17117,WEST SOUTHWEST,60,1988,1.0,169400,154300,4422400,28.5,1916.652506292773,120357.82719999999,62442.994560600004
ILLINOIS,17,MACOUPIN,117,17117,WEST SOUTHWEST,60,1989,1.0,155500,152900,6302200,41.0,2757.28957045627,171517.52409999998,61876.434661800005
ILLINOIS,17,MACOUPIN,117,17117,WEST SOUTHWEST,60,1990,1.0,159600,158900,5385200,34.0,2286.5328145247117,146560.9106,64304.5485138
ILLINOIS,17,MACOUPIN,117,17117,WEST SOUTHWEST,60,1991,1.0,152000,148600,6018300,40.5,2723.66408788973,163791.04365,60136.2864012
ILLINOIS,17,MACOUPIN,117,17117,WEST SOUTHWEST,60,1992,1.0,160000,159200,7084400,44.5,2992.6679484220494,192805.4882,64425.954206400005
ILLINOIS,17,MACOUPIN,117,17117,WEST SOUTHWEST,60,1993,1.0,161000,159000,6916500,43.5,2925.4169832889697,188236.00575,64345.017078000004
ILLINOIS,17,MACOUPIN,117,17117,WEST SOUTHWEST,60,1994,1.0,154000,152900,6804050,44.5,2992.6679484220494,185175.622775,61876.434661800005
ILLINOIS,17,MACOUPIN,117,17117,WEST SOUTHWEST,60,1995,1.0,165000,163600,6298600,38.5,2589.1621576235707,171419.5483,66206.5710312
ILLINOIS,17,MACOUPIN,117,17117,WEST SOUTHWEST,60,1996,1.0,148000,147800,6059800,41.0,2757.28957045627,164920.48690000002,59812.5378876
ILLINOIS,17,MACOUPIN,117,17117,WEST SOUTHWEST,60,1997,1.0,148000,147400,5896000,40.0,2690.0386053231905,160462.588,59650.6636308
ILLINOIS,17,MACOUPIN,117,17117,WEST SOUTHWEST,60,1998,1.0,158000,157300,6685250,42.5,2858.1660181558896,181942.421375,63657.0514866
ILLINOIS,17,MACOUPIN,117,17117,WEST SOUTHWEST,60,1999,1.0,158000,157200,5973600,38.0,2555.536675057031,162574.5108,63616.582922400004
ILLINOIS,17,MACOUPIN,117,17117,WEST SOUTHWEST,60,2000,1.0,159000,158100,7272600,46.0,3093.544396121669,197927.4453,63980.800000200004
ILLINOIS,17,MACOUPIN,117,17117,WEST SOUTHWEST,60,2001,1.0,158000,157000,6751000,43.0,2891.7915007224296,183731.8405,63535.645794000004
ILLINOIS,17,MACOUPIN,117,17117,WEST SOUTHWEST,60,2002,1.0,158000,157700,7727300,49.0,3295.2972915209084,210302.33314999996,63818.9257434
ILLINOIS,17,MACOUPIN,117,17117,WEST SOUTHWEST,60,2003,1.0,154000,153700,6609100,43.0,2891.7915007224296,179869.96104999998,62200.1831754
ILLINOIS,17,MACOUPIN,117,17117,WEST SOUTHWEST,60,2004,1.0,145000,144700,7235000,50.0,3362.548256653988,196904.1425,58558.0123974
ILLINOIS,17,MACOUPIN,117,17117,WEST SOUTHWEST,60,2005,1.0,134000,133000,5719000,43.0,2891.7915007224296,155645.4445,53823.190386
ILLINOIS,17,MACOUPIN,117,17117,WEST SOUTHWEST,60,2006,1.0,136000,135400,6363800,47.0,3160.7953612547485,173193.9989,54794.435926800004
ILLINOIS,17,MACOUPIN,117,17117,WEST SOUTHWEST,60,2007,1.0,108000,107800,3988600,37.0,2488.285709923951,108551.7433,43625.1122076
ILLINOIS,17,MACOUPIN,117,17117,WEST SOUTHWEST,60,2008,1.0,127000,125500,5773000,46.0,3093.544396121669,157115.0815,50788.048071000005
ILLINOIS,17,MACOUPIN,117,17117,WEST SOUTHWEST,60,2009,1.0,138000,137700,5783400,42.0,2824.54053558935,157398.12269999998,55725.2129034
ILLINOIS,17,MACOUPIN,117,17117,WEST SOUTHWEST,60,2010,1.0,124000,123600,6841000,55.3,3718.9783718593103,186181.2355,50019.1453512
ILLINOIS,17,MACOUPIN,117,17117,WEST SOUTHWEST,60,2011,1.0,128000,127800,5142000,40.2,2703.4887983498065,139942.101,51718.8250476
ILLINOIS,17,MACOUPIN,117,17117,WEST SOUTHWEST,60,2012,1.0,132000,130700,6017000,46.0,3093.544396121669,163755.6635,52892.413409400004
ILLINOIS,17,MACOUPIN,117,17117,WEST SOUTHWEST,60,2013,1.0,153000,152900,7514000,49.1,3302.0223880342164,204497.267,61876.434661800005
ILLINOIS,17,MACOUPIN,117,17117,WEST SOUTHWEST,60,2014,1.0,149500,149300,8653000,58.0,3900.555977718626,235495.7215,60419.5663506
ILLINOIS,17,MACOUPIN,117,17117,WEST SOUTHWEST,60,2015,1.0,149500,149300,8218000,55.0,3698.8030823193867,223656.979,60419.5663506
ILLINOIS,17,MACOUPIN,117,17117,WEST SOUTHWEST,60,2016,1.0,158000,157400,9976000,63.4,4263.7111894372565,271501.828,63697.520050800005
ILLINOIS,17,MACOUPIN,117,17117,WEST SOUTHWEST,60,2017,1.0,163000,162000,9928000,61.3,4122.484162657789,270195.484,65559.07400400001
ILLINOIS,17,MACOUPIN,117,17117,WEST SOUTHWEST,60,2018,1.0,176000,171500,11949000,69.7,4687.39226977566,325198.0095,69403.587603
ILLINOIS,17,MACOUPIN,117,17117,WEST SOUTHWEST,60,2019,1.0,165000,164600,9597000,58.3,3920.73126725855,261187.1535,66611.2566732
ILLINOIS,17,MACOUPIN,117,17117,WEST SOUTHWEST,60,2020,1.0,171000,170300,11478000,67.4,4532.715049969576,312379.509,68917.9648326
ILLINOIS,17,MACOUPIN,117,17117,WEST SOUTHWEST,60,2021,1.0,171500,170200,12050000,70.8,4761.368331422047,327946.775,68877.4962684
ILLINOIS,17,MACOUPIN,117,17117,WEST SOUTHWEST,60,2022,1.0,181500,180900,11777000,65.1,4378.037830163492,320516.9435,73207.63263780001
ILLINOIS,17,MACOUPIN,117,17117,WEST SOUTHWEST,60,2023,1.0,169500,168700,10746000,63.7,4283.886478977181,292457.763,68270.4678054
ILLINOIS,17,MACOUPIN,117,17117,WEST SOUTHWEST,60,2024,1.0,178000,177500,11555000,65.1,4378.037830163492,314475.1025,71831.701455
ILLINOIS,17,MACOUPIN,117,17117,WEST SOUTHWEST,60,2025,1.0,163000,162000,10481000,64.7,4351.137444110261,285245.6555,65559.07400400001
ILLINOIS,17,MADISON,119,17119,WEST SOUTHWEST,60,1980,1.0,127600,127000,3909900,31.0,2084.7799191254726,106409.88345,51395.076534
ILLINOIS,17,MADISON,119,17119,WEST SOUTHWEST,60,1981,1.0,135600,134000,5086800,38.0,2555.536675057031,138439.8054,54227.876028
ILLINOIS,17,MADISON,119,17119,WEST SOUTHWEST,60,1982,1.0,125100,124500,4414400,35.5,2387.4092622243315,120140.10319999998,50383.362429
ILLINOIS,17,MADISON,119,17119,WEST SOUTHWEST,60,1983,1.0,131900,130500,2932300,22.5,1513.1467154942945,79804.01065,52811.476281
ILLINOIS,17,MADISON,119,17119,WEST SOUTHWEST,60,1984,1.0,133700,128000,3461800,27.0,1815.7760585931535,94214.6179,51799.762176000004
ILLINOIS,17,MADISON,119,17119,WEST SOUTHWEST,60,1985,1.0,131700,130000,4375700,33.5,2252.907331958172,119086.86335,52609.133460000005
ILLINOIS,17,MADISON,119,17119,WEST SOUTHWEST,60,1986,1.0,124600,124400,4472800,36.0,2421.034744790871,121729.48839999999,50342.893864800004
ILLINOIS,17,MADISON,119,17119,WEST SOUTHWEST,60,1987,1.0,122900,120500,3669600,30.5,2051.1544365589325,99869.9988,48764.619861
ILLINOIS,17,MADISON,119,17119,WEST SOUTHWEST,60,1988,1.0,102300,100800,2635600,26.0,1748.5250934600738,71729.1718,40792.312713600004
ILLINOIS,17,MADISON,119,17119,WEST SOUTHWEST,60,1989,1.0,94700,93600,3207200,34.5,2320.158297091252,87285.55159999999,37878.576091200004
ILLINOIS,17,MADISON,119,17119,WEST SOUTHWEST,60,1990,1.0,95600,94500,2924200,31.0,2084.7799191254726,79583.56509999999,38242.793169000004
ILLINOIS,17,MADISON,119,17119,WEST SOUTHWEST,60,1991,1.0,107000,106300,3720500,35.0,2353.7837796577915,101255.26775,43018.0837446
ILLINOIS,17,MADISON,119,17119,WEST SOUTHWEST,60,1992,1.0,110000,109000,4142000,38.0,2555.536675057031,112726.601,44110.734978
ILLINOIS,17,MADISON,119,17119,WEST SOUTHWEST,60,1993,1.0,112000,108000,4266000,39.5,2656.4131227566504,116101.323,43706.049336000004
ILLINOIS,17,MADISON,119,17119,WEST SOUTHWEST,60,1994,1.0,105000,104800,3982400,38.0,2555.536675057031,108383.0072,42411.0552816
ILLINOIS,17,MADISON,119,17119,WEST SOUTHWEST,60,1995,1.0,123000,122000,3843000,31.5,2118.405401692012,104589.1665,49371.648324
ILLINOIS,17,MADISON,119,17119,WEST SOUTHWEST,60,1996,1.0,116000,115800,4400400,38.0,2555.536675057031,119759.08619999999,46862.5973436
ILLINOIS,17,MADISON,119,17119,WEST SOUTHWEST,60,1997,1.0,118000,117200,4395000,37.5,2521.911192490491,119612.1225,47429.157242400004
ILLINOIS,17,MADISON,119,17119,WEST SOUTHWEST,60,1998,1.0,121000,119900,4796000,40.0,2690.0386053231905,130525.538,48521.808475800004
ILLINOIS,17,MADISON,119,17119,WEST SOUTHWEST,60,1999,1.0,125000,124500,4357500,35.0,2353.7837796577915,118591.54125,50383.362429
ILLINOIS,17,MADISON,119,17119,WEST SOUTHWEST,60,2000,1.0,128000,126500,5060000,40.0,2690.0386053231905,137710.43,51192.733713
ILLINOIS,17,MADISON,119,17119,WEST SOUTHWEST,60,2001,1.0,128000,127200,5215200,41.0,2757.28957045627,141934.2756,51476.0136624
ILLINOIS,17,MADISON,119,17119,WEST SOUTHWEST,60,2002,1.0,128000,127000,5715000,45.0,3026.293430988589,155536.5825,51395.076534
ILLINOIS,17,MADISON,119,17119,WEST SOUTHWEST,60,2003,1.0,125000,124800,4617600,37.0,2488.285709923951,125670.2928,50504.7681216
ILLINOIS,17,MADISON,119,17119,WEST SOUTHWEST,60,2004,1.0,124000,123600,5685600,46.0,3093.544396121669,154736.44679999998,50019.1453512
ILLINOIS,17,MADISON,119,17119,WEST SOUTHWEST,60,2005,1.0,121000,120400,4936400,41.0,2757.28957045627,134346.5942,48724.1512968
ILLINOIS,17,MADISON,119,17119,WEST SOUTHWEST,60,2006,1.0,129000,128100,4227300,33.0,2219.281849391632,115048.08314999999,51840.2307402
ILLINOIS,17,MADISON,119,17119,WEST SOUTHWEST,60,2007,1.0,111000,110900,3437900,31.0,2084.7799191254726,93564.16745,44879.637697800004
ILLINOIS,17,MADISON,119,17119,WEST SOUTHWEST,60,2008,1.0,128000,126900,5964300,47.0,3160.7953612547485,162321.40665000002,51354.6079698
ILLINOIS,17,MADISON,119,17119,WEST SOUTHWEST,60,2009,1.0,129000,128700,5276700,41.0,2757.28957045627,143608.02885,52083.0421254
ILLINOIS,17,MADISON,119,17119,WEST SOUTHWEST,60,2010,1.0,113000,112400,5628000,50.1,3369.273353167296,153168.834,45486.6661608
ILLINOIS,17,MADISON,119,17119,WEST SOUTHWEST,60,2011,1.0,117000,116000,4041000,34.8,2340.3335866311754,109977.8355,46943.534472
ILLINOIS,17,MADISON,119,17119,WEST SOUTHWEST,60,2012,1.0,116000,113800,4139000,36.4,2447.9351308441032,112644.9545,46053.2260596
ILLINOIS,17,MADISON,119,17119,WEST SOUTHWEST,60,2013,1.0,115500,115200,4982000,43.2,2905.2416937490457,135587.621,46619.7859584
ILLINOIS,17,MADISON,119,17119,WEST SOUTHWEST,60,2014,1.0,116500,116300,6124000,52.7,3544.1258625133037,166667.722,47064.940164600004
ILLINOIS,17,MADISON,119,17119,WEST SOUTHWEST,60,2015,1.0,115500,115300,6352000,55.1,3705.5281788326947,172872.856,46660.2545226
ILLINOIS,17,MADISON,119,17119,WEST SOUTHWEST,60,2016,1.0,117500,117000,6404000,54.7,3678.627792779463,174288.062,47348.220114
ILLINOIS,17,MADISON,119,17119,WEST SOUTHWEST,60,2017,1.0,120000,119500,6781000,56.7,3813.1297230456225,184548.3055,48359.934219
ILLINOIS,17,MADISON,119,17119,WEST SOUTHWEST,60,2018,1.0,122000,118800,7425000,62.5,4203.185320817485,202075.0875,48076.6542696
ILLINOIS,17,MADISON,119,17119,WEST SOUTHWEST,60,2019,1.0,119000,118500,6707000,56.6,3806.4046265323145,182534.3585,47955.248577
ILLINOIS,17,MADISON,119,17119,WEST SOUTHWEST,60,2020,1.0,114000,113400,6634000,58.5,3934.181460285166,180547.627,45891.3518028
ILLINOIS,17,MADISON,119,17119,WEST SOUTHWEST,60,2021,1.0,116000,114700,6997000,61.0,4102.308873117865,190426.8535,46417.4431374
ILLINOIS,17,MADISON,119,17119,WEST SOUTHWEST,60,2022,1.0,118000,117500,7003000,59.6,4008.1575219315537,190590.1465,47550.562935
ILLINOIS,17,MADISON,119,17119,WEST SOUTHWEST,60,2023,1.0,112000,111400,6227000,55.9,3759.3289509391584,169470.9185,45081.9805188
ILLINOIS,17,MADISON,119,17119,WEST SOUTHWEST,60,2024,1.0,114000,113400,6112000,53.9,3624.827020672999,166341.136,45891.3518028
ILLINOIS,17,MADISON,119,17119,WEST SOUTHWEST,60,2025,1.0,108500,107700,6494000,60.3,4055.2331975247093,176737.457,43584.6436434
ILLINOIS,17,MARION,121,17121,EAST SOUTHEAST,70,1980,1.0,108500,108000,2507100,23.0,1546.7721980608344,68231.98005,43706.049336000004
ILLINOIS,17,MARION,121,17121,EAST SOUTHEAST,70,1981,1.0,109200,108000,3571700,33.0,2219.281849391632,97205.60135,43706.049336000004
ILLINOIS,17,MARION,121,17121,EAST SOUTHEAST,70,1982,1.0,114800,114500,3783400,33.0,2219.281849391632,102967.12269999999,46336.506009000004
ILLINOIS,17,MARION,121,17121,EAST SOUTHEAST,70,1983,1.0,105500,104500,1396700,13.5,907.8880292965767,38011.88885,42289.649589
ILLINOIS,17,MARION,121,17121,EAST SOUTHEAST,70,1984,1.0,112200,105000,2176800,20.5,1378.644785228135,59242.7004,42491.99241
ILLINOIS,17,MARION,121,17121,EAST SOUTHEAST,70,1985,1.0,99100,98000,3303200,33.5,2252.907331958172,89898.2396,39659.192916
ILLINOIS,17,MARION,121,17121,EAST SOUTHEAST,70,1986,1.0,98500,97200,3057900,31.5,2118.405401692012,83222.27745000001,39335.444402400004
ILLINOIS,17,MARION,121,17121,EAST SOUTHEAST,70,1987,1.0,91400,90500,2620500,29.0,1950.277988859313,71318.21775,36624.050601
ILLINOIS,17,MARION,121,17121,EAST SOUTHEAST,70,1988,1.0,83800,82300,2027700,24.5,1647.6486457604542,55184.86934999999,33305.6283366
ILLINOIS,17,MARION,121,17121,EAST SOUTHEAST,70,1989,1.0,89800,88800,2513600,28.5,1916.652506292773,68408.8808,35936.0850096
ILLINOIS,17,MARION,121,17121,EAST SOUTHEAST,70,1990,1.0,92800,92700,2367600,25.5,1714.899610893534,64435.417799999996,37514.359013400004
ILLINOIS,17,MARION,121,17121,EAST SOUTHEAST,70,1991,1.0,91000,89800,2469500,27.5,1849.4015411596934,67208.67725,36340.7706516
ILLINOIS,17,MARION,121,17121,EAST SOUTHEAST,70,1992,1.0,89000,88200,2910600,33.0,2219.281849391632,79213.4343,35693.273624400004
ILLINOIS,17,MARION,121,17121,EAST SOUTHEAST,70,1993,1.0,87000,85000,3102500,36.5,2454.6602273574113,84436.08875,34398.27957
ILLINOIS,17,MARION,121,17121,EAST SOUTHEAST,70,1994,1.0,93000,92600,3055800,33.0,2219.281849391632,83165.1249,37473.8904492
ILLINOIS,17,MARION,121,17121,EAST SOUTHEAST,70,1995,1.0,103000,102200,2861600,28.0,1883.0270237262332,77879.87479999999,41358.8726124
ILLINOIS,17,MARION,121,17121,EAST SOUTHEAST,70,1996,1.0,92000,91200,2462400,27.0,1815.7760585931535,67015.4472,36907.3305504
ILLINOIS,17,MARION,121,17121,EAST SOUTHEAST,70,1997,1.0,95000,94200,3297000,35.0,2353.7837796577915,89729.5035,38121.3874764
ILLINOIS,17,MARION,121,17121,EAST SOUTHEAST,70,1998,1.0,107000,106900,3794950,35.5,2387.4092622243315,103281.461725,43260.8951298
ILLINOIS,17,MARION,121,17121,EAST SOUTHEAST,70,1999,1.0,104000,103800,3840600,37.0,2488.285709923951,104523.8493,42006.3696396
ILLINOIS,17,MARION,121,17121,EAST SOUTHEAST,70,2000,1.0,100000,99200,4067200,41.0,2757.28957045627,110690.8816,40144.815686400005
ILLINOIS,17,MARION,121,17121,EAST SOUTHEAST,70,2001,1.0,102000,100400,4016000,40.0,2690.0386053231905,109297.448,40630.4384568
ILLINOIS,17,MARION,121,17121,EAST SOUTHEAST,70,2002,1.0,100000,99600,2788800,28.0,1883.0270237262332,75898.58639999999,40306.6899432
ILLINOIS,17,MARION,121,17121,EAST SOUTHEAST,70,2003,1.0,104000,103600,2900800,28.0,1883.0270237262332,78946.72239999998,41925.4325112
ILLINOIS,17,MARION,121,17121,EAST SOUTHEAST,70,2004,1.0,92000,90700,4172200,46.0,3093.544396121669,113548.5091,36704.9877294
ILLINOIS,17,MARION,121,17121,EAST SOUTHEAST,70,2005,1.0,93000,92300,3968900,43.0,2891.7915007224296,108015.59794999998,37352.4847566
ILLINOIS,17,MARION,121,17121,EAST SOUTHEAST,70,2006,1.0,102000,101600,3860800,38.0,2555.536675057031,105073.60239999999,41116.0612272
ILLINOIS,17,MARION,121,17121,EAST SOUTHEAST,70,2007,1.0,93000,92900,2601200,28.0,1883.0270237262332,70792.9586,37595.2961418
ILLINOIS,17,MARION,121,17121,EAST SOUTHEAST,70,2008,1.0,106000,105800,4761000,45.0,3026.293430988589,129572.9955,42815.7409236
ILLINOIS,17,MARION,121,17121,EAST SOUTHEAST,70,2009,1.0,105000,104800,3563200,34.0,2286.5328145247117,96974.2696,42411.0552816
ILLINOIS,17,MARION,121,17121,EAST SOUTHEAST,70,2010,1.0,87000,86700,4097000,47.3,3180.9706507946726,111501.9035,35086.2451614
ILLINOIS,17,MARION,121,17121,EAST SOUTHEAST,70,2011,1.0,91000,90800,3451000,38.0,2555.536675057031,93920.6905,36745.4562936
ILLINOIS,17,MARION,121,17121,EAST SOUTHEAST,70,2012,1.0,88000,84400,2342000,27.7,1862.8517341863094,63738.701,34155.468184800004
ILLINOIS,17,MARION,121,17121,EAST SOUTHEAST,70,2013,1.0,92500,92300,3921000,42.5,2858.1660181558896,106711.9755,37352.4847566
ILLINOIS,17,MARION,121,17121,EAST SOUTHEAST,70,2014,1.0,95000,94800,4800000,50.6,3402.8988357338358,130634.4,38364.1988616
ILLINOIS,17,MARION,121,17121,EAST SOUTHEAST,70,2015,1.0,81800,81600,3927000,48.1,3234.7714229011367,106875.2685,33022.3483872
ILLINOIS,17,MARION,121,17121,EAST SOUTHEAST,70,2016,1.0,108000,105700,5638000,53.3,3584.476441593151,153440.989,42775.2723594
ILLINOIS,17,MARION,121,17121,EAST SOUTHEAST,70,2017,1.0,104500,104000,4773000,45.9,3086.819299608361,129899.5815,42087.306768
ILLINOIS,17,MARION,121,17121,EAST SOUTHEAST,70,2018,1.0,120000,117000,7084000,60.5,4068.6833905513254,192794.602,47348.220114
ILLINOIS,17,MARION,121,17121,EAST SOUTHEAST,70,2019,1.0,96700,96200,4477000,46.5,3127.169878688209,121843.7935,38930.7587604
ILLINOIS,17,MARION,121,17121,EAST SOUTHEAST,70,2020,1.0,102000,101600,5578000,54.9,3692.0779858060787,151808.059,41116.0612272
ILLINOIS,17,MARION,121,17121,EAST SOUTHEAST,70,2021,1.0,101500,100600,6046000,60.1,4041.7830044980938,164544.913,40711.3755852
ILLINOIS,17,MARION,121,17121,EAST SOUTHEAST,70,2022,1.0,104000,103600,5625000,54.3,3651.7274067262306,153087.1875,41925.4325112
ILLINOIS,17,MARION,121,17121,EAST SOUTHEAST,70,2023,1.0,95500,95100,5468000,57.5,3866.930495152086,148814.354,38485.6045542
ILLINOIS,17,MARION,121,17121,EAST SOUTHEAST,70,2024,1.0,112500,111800,5814000,52.0,3497.0501869201476,158230.917,45243.854775600004
ILLINOIS,17,MARION,121,17121,EAST SOUTHEAST,70,2025,1.0,99700,98700,4264000,43.2,2905.2416937490457,116046.892,39942.4728654
ILLINOIS,17,MARSHALL,123,17123,CENTRAL,40,1980,1.0,65200,65000,2556700,39.5,2656.4131227566504,69581.86885,26304.566730000002
ILLINOIS,17,MARSHALL,123,17123,CENTRAL,40,1981,1.0,63500,63000,2646500,42.0,2824.54053558935,72025.82075,25495.195446
ILLINOIS,17,MARSHALL,123,17123,CENTRAL,40,1982,1.0,63700,63500,2604700,41.0,2757.28957045627,70888.21285,25697.538267
ILLINOIS,17,MARSHALL,123,17123,CENTRAL,40,1983,1.0,62000,62000,2285500,37.0,2488.285709923951,62201.02525,25090.509804
ILLINOIS,17,MARSHALL,123,17123,CENTRAL,40,1984,1.0,62700,62000,2259800,36.5,2454.6602273574113,61501.5869,25090.509804
ILLINOIS,17,MARSHALL,123,17123,CENTRAL,40,1985,1.0,64400,64000,3028200,47.5,3194.4208438212886,82413.97709999999,25899.881088000002
ILLINOIS,17,MARSHALL,123,17123,CENTRAL,40,1986,1.0,64000,63800,2771800,43.5,2925.4169832889697,75435.92289999999,25818.9439596
ILLINOIS,17,MARSHALL,123,17123,CENTRAL,40,1987,1.0,62800,62300,2674800,43.0,2891.7915007224296,72796.01939999999,25211.915496600002
ILLINOIS,17,MARSHALL,123,17123,CENTRAL,40,1988,1.0,62900,62700,1607900,25.5,1714.899610893534,43759.802449999996,25373.7897534
ILLINOIS,17,MARSHALL,123,17123,CENTRAL,40,1989,1.0,68800,68700,3104600,45.0,3026.293430988589,84493.2413,27801.903605400003
ILLINOIS,17,MARSHALL,123,17123,CENTRAL,40,1990,1.0,68000,67900,2968200,43.5,2925.4169832889697,80781.0471,27478.1550918
ILLINOIS,17,MARSHALL,123,17123,CENTRAL,40,1991,1.0,69000,68400,2736000,40.0,2690.0386053231905,74461.608,27680.4979128
ILLINOIS,17,MARSHALL,123,17123,CENTRAL,40,1992,1.0,76000,75500,3322000,44.0,2959.0424658555094,90409.891,30553.765971
ILLINOIS,17,MARSHALL,123,17123,CENTRAL,40,1993,1.0,69000,68000,3264000,48.0,3228.0463263878282,88831.392,27518.623656
ILLINOIS,17,MARSHALL,123,17123,CENTRAL,40,1994,1.0,71000,70900,3580450,50.5,3396.1737392205278,97443.73697499999,28692.2120178
ILLINOIS,17,MARSHALL,123,17123,CENTRAL,40,1995,1.0,77000,76500,3174750,41.5,2790.91505302281,86402.408625,30958.451613
ILLINOIS,17,MARSHALL,123,17123,CENTRAL,40,1996,1.0,76000,75900,3339600,44.0,2959.0424658555094,90888.8838,30715.640227800002
ILLINOIS,17,MARSHALL,123,17123,CENTRAL,40,1997,1.0,80000,79700,3825600,48.0,3228.0463263878282,104115.6168,32253.4456674
ILLINOIS,17,MARSHALL,123,17123,CENTRAL,40,1998,1.0,85000,84600,4060800,48.0,3228.0463263878282,110516.7024,34236.405313200004
ILLINOIS,17,MARSHALL,123,17123,CENTRAL,40,1999,1.0,81000,80700,3470100,43.0,2891.7915007224296,94440.50654999999,32658.1313094
ILLINOIS,17,MARSHALL,123,17123,CENTRAL,40,2000,1.0,81000,80800,3716800,46.0,3093.544396121669,101154.5704,32698.5998736
ILLINOIS,17,MARSHALL,123,17123,CENTRAL,40,2001,1.0,82000,81600,3835200,47.0,3160.7953612547485,104376.8856,33022.3483872
ILLINOIS,17,MARSHALL,123,17123,CENTRAL,40,2002,1.0,79000,78700,3698900,47.0,3160.7953612547485,100667.41294999998,31848.760025400003
ILLINOIS,17,MARSHALL,123,17123,CENTRAL,40,2003,1.0,77000,76900,2691500,35.0,2353.7837796577915,73250.51825,31120.325869800003
ILLINOIS,17,MARSHALL,123,17123,CENTRAL,40,2004,1.0,72000,71600,3794800,53.0,3564.3011520532273,103277.37939999999,28975.4919672
ILLINOIS,17,MARSHALL,123,17123,CENTRAL,40,2005,1.0,68000,67700,3385000,50.0,3362.548256653988,92124.4675,27397.217963400002
ILLINOIS,17,MARSHALL,123,17123,CENTRAL,40,2006,1.0,72000,71700,3728400,52.0,3497.0501869201476,101470.27019999998,29015.9605314
ILLINOIS,17,MARSHALL,123,17123,CENTRAL,40,2007,1.0,57000,56900,2845000,50.0,3362.548256653988,77428.0975,23026.6130298
ILLINOIS,17,MARSHALL,123,17123,CENTRAL,40,2008,1.0,63000,62700,3197700,51.0,3429.799221787068,87027.00434999999,25373.7897534
ILLINOIS,17,MARSHALL,123,17123,CENTRAL,40,2009,1.0,64000,63700,2930200,46.0,3093.544396121669,79746.8581,25778.4753954
ILLINOIS,17,MARSHALL,123,17123,CENTRAL,40,2010,1.0,67000,66800,3555000,53.2,3577.7513450798433,96751.1025,27033.000885600002
ILLINOIS,17,MARSHALL,123,17123,CENTRAL,40,2011,1.0,64000,63900,3570000,55.9,3759.3289509391584,97159.335,25859.4125238
ILLINOIS,17,MARSHALL,123,17123,CENTRAL,40,2012,1.0,66000,65500,2950000,45.0,3026.293430988589,80285.725,26506.909551
ILLINOIS,17,MARSHALL,123,17123,CENTRAL,40,2013,1.0,74400,74300,4015000,54.0,3631.552117186307,109270.2325,30068.1432006
ILLINOIS,17,MARSHALL,123,17123,CENTRAL,40,2014,1.0,76600,76400,4626000,60.5,4068.6833905513254,125898.903,30917.9830488
ILLINOIS,17,MARSHALL,123,17123,CENTRAL,40,2015,1.0,79800,79600,4786000,60.1,4041.7830044980938,130253.383,32212.977103200003
ILLINOIS,17,MARSHALL,123,17123,CENTRAL,40,2016,1.0,76800,76500,4843000,63.3,4256.9860929239485,131804.6665,30958.451613
ILLINOIS,17,MARSHALL,123,17123,CENTRAL,40,2017,1.0,81000,80600,4848000,60.1,4041.7830044980938,131940.744,32617.6627452
ILLINOIS,17,MARSHALL,123,17123,CENTRAL,40,2018,1.0,83000,80900,5301000,65.5,4404.938216216724,144269.3655,32739.0684378
ILLINOIS,17,MARSHALL,123,17123,CENTRAL,40,2019,1.0,77300,77200,4155000,53.8,3618.101924159691,113080.4025,31241.7315624
ILLINOIS,17,MARSHALL,123,17123,CENTRAL,40,2020,1.0,83300,82900,5231000,63.1,4243.535899897333,142364.2805,33548.4397218
ILLINOIS,17,MARSHALL,123,17123,CENTRAL,40,2022,1.0,86300,86000,5513000,64.1,4310.786865030413,150039.0515,34802.965212
ILLINOIS,17,MARSHALL,123,17123,CENTRAL,40,2023,1.0,80900,80500,5538000,68.8,4626.866401155888,150719.439,32577.194181000003
ILLINOIS,17,MARSHALL,123,17123,CENTRAL,40,2025,1.0,81600,81100,5961000,73.5,4942.945937281363,162231.5955,32820.0055662
ILLINOIS,17,MASON,125,17125,CENTRAL,40,1980,1.0,103400,103000,3428100,33.5,2252.907331958172,93297.45555,41682.621126
ILLINOIS,17,MASON,125,17125,CENTRAL,40,1981,1.0,110000,108000,4536900,42.0,2824.54053558935,123474.00194999999,43706.049336000004
ILLINOIS,17,MASON,125,17125,CENTRAL,40,1982,1.0,109100,108500,4287700,39.5,2656.4131227566504,116691.89934999999,43908.392157
ILLINOIS,17,MASON,125,17125,CENTRAL,40,1983,1.0,108700,108000,2764700,25.5,1714.899610893534,75242.69284999999,43706.049336000004
ILLINOIS,17,MASON,125,17125,CENTRAL,40,1984,1.0,104400,103000,3210900,31.0,2084.7799191254726,87386.24895000001,41682.621126
ILLINOIS,17,MASON,125,17125,CENTRAL,40,1985,1.0,102100,101000,4270400,42.5,2858.1660181558896,116221.07119999999,40873.249842000005
ILLINOIS,17,MASON,125,17125,CENTRAL,40,1986,1.0,104000,103600,3983600,38.5,2589.1621576235707,108415.6658,41925.4325112
ILLINOIS,17,MASON,125,17125,CENTRAL,40,1987,1.0,98200,97400,2966100,30.5,2051.1544365589325,80723.89455,39416.3815308
ILLINOIS,17,MASON,125,17125,CENTRAL,40,1988,1.0,93600,93300,2158000,23.0,1546.7721980608344,58731.049,37757.1703986
ILLINOIS,17,MASON,125,17125,CENTRAL,40,1989,1.0,84000,83900,2958200,35.5,2387.4092622243315,80508.8921,33953.1253638
ILLINOIS,17,MASON,125,17125,CENTRAL,40,1990,1.0,81400,80000,3182800,40.0,2690.0386053231905,86621.49339999999,32374.85136
ILLINOIS,17,MASON,125,17125,CENTRAL,40,1991,1.0,91000,88000,3168000,36.0,2421.034744790871,86218.704,35612.336496
ILLINOIS,17,MASON,125,17125,CENTRAL,40,1992,1.0,92000,91400,3884500,42.5,2858.1660181558896,105718.60975,36988.2676788
ILLINOIS,17,MASON,125,17125,CENTRAL,40,1993,1.0,82000,75000,3037500,40.5,2723.66408788973,82667.08125,30351.423150000002
ILLINOIS,17,MASON,125,17125,CENTRAL,40,1994,1.0,89000,88700,3902800,44.0,2959.0424658555094,106216.6534,35895.6164454
ILLINOIS,17,MASON,125,17125,CENTRAL,40,1995,1.0,75000,74300,2860550,38.5,2589.1621576235707,77851.29852499999,30068.1432006
ILLINOIS,17,MASON,125,17125,CENTRAL,40,1996,1.0,82000,81900,3071250,37.5,2521.911192490491,83585.604375,33143.754079800005
ILLINOIS,17,MASON,125,17125,CENTRAL,40,1997,1.0,86000,85700,3556550,41.5,2790.91505302281,96793.28652499999,34681.5595194
ILLINOIS,17,MASON,125,17125,CENTRAL,40,1998,1.0,97000,96200,4425200,46.0,3093.544396121669,120434.0306,38930.7587604
ILLINOIS,17,MASON,125,17125,CENTRAL,40,1999,1.0,96000,95000,4180000,44.0,2959.0424658555094,113760.79,38445.13599
ILLINOIS,17,MASON,125,17125,CENTRAL,40,2000,1.0,98000,97900,4307600,44.0,2959.0424658555094,117233.4878,39618.7243518
ILLINOIS,17,MASON,125,17125,CENTRAL,40,2001,1.0,105000,104200,4480600,43.0,2891.7915007224296,121941.7693,42168.2438964
ILLINOIS,17,MASON,125,17125,CENTRAL,40,2002,1.0,95000,94700,4450900,47.0,3160.7953612547485,121133.46895,38323.7302974
ILLINOIS,17,MASON,125,17125,CENTRAL,40,2003,1.0,95000,94900,3985800,42.0,2824.54053558935,108475.53989999999,38404.6674258
ILLINOIS,17,MASON,125,17125,CENTRAL,40,2004,1.0,89000,88600,4341400,49.0,3295.2972915209084,118153.37169999999,35855.1478812
ILLINOIS,17,MASON,125,17125,CENTRAL,40,2005,1.0,79000,78300,3053700,39.0,2622.787640190111,83107.97235,31686.8857686
ILLINOIS,17,MASON,125,17125,CENTRAL,40,2006,1.0,88000,87700,4121900,47.0,3160.7953612547485,112179.56944999998,35490.9308034
ILLINOIS,17,MASON,125,17125,CENTRAL,40,2007,1.0,66000,65800,2434600,37.0,2488.285709923951,66258.8563,26628.315243600002
ILLINOIS,17,MASON,125,17125,CENTRAL,40,2008,1.0,68000,65000,3185000,49.0,3295.2972915209084,86681.3675,26304.566730000002
ILLINOIS,17,MASON,125,17125,CENTRAL,40,2009,1.0,75000,73900,3399400,46.0,3093.544396121669,92516.3707,29906.2689438
ILLINOIS,17,MASON,125,17125,CENTRAL,40,2010,1.0,76000,75800,3692000,48.7,3275.1220019809844,100479.626,30675.171663600002
ILLINOIS,17,MASON,125,17125,CENTRAL,40,2011,1.0,81000,80400,3559000,44.3,2979.217755395433,96859.9645,32536.725616800002
ILLINOIS,17,MASON,125,17125,CENTRAL,40,2012,1.0,74000,73700,2709000,36.8,2474.835516897335,73726.7895,29825.3318154
ILLINOIS,17,MASON,125,17125,CENTRAL,40,2013,1.0,71400,71400,3601000,50.4,3389.4486427072197,98003.0155,28894.554838800002
ILLINOIS,17,MASON,125,17125,CENTRAL,40,2014,1.0,75300,75100,3997000,53.2,3577.7513450798433,108780.3535,30391.8917142
ILLINOIS,17,MASON,125,17125,CENTRAL,40,2015,1.0,75200,74900,3850000,51.4,3456.6996078402994,104779.675,30310.954585800002
ILLINOIS,17,MASON,125,17125,CENTRAL,40,2016,1.0,80500,80200,4750000,59.2,3981.257135878322,129273.625,32455.7884884
ILLINOIS,17,MASON,125,17125,CENTRAL,40,2017,1.0,96100,95500,5934000,62.1,4176.284934764253,161496.777,38647.478811
ILLINOIS,17,MASON,125,17125,CENTRAL,40,2019,1.0,85000,84900,4707000,55.4,3725.7034683726188,128103.3585,34357.8110058
ILLINOIS,17,MASON,125,17125,CENTRAL,40,2020,1.0,88000,87600,5361000,61.2,4115.759066144481,145902.2955,35450.4622392
ILLINOIS,17,MASON,125,17125,CENTRAL,40,2021,1.0,94400,93700,6062000,64.7,4351.137444110261,164980.361,37919.0446554
ILLINOIS,17,MASON,125,17125,CENTRAL,40,2022,1.0,99000,98700,6179000,62.6,4209.910417330793,168164.5745,39942.4728654
ILLINOIS,17,MASON,125,17125,CENTRAL,40,2023,1.0,89500,89100,6068000,68.1,4579.7907255627315,165143.654,36057.490702200004
ILLINOIS,17,MASON,125,17125,CENTRAL,40,2024,1.0,98900,98500,6600000,67.0,4505.814663916344,179622.3,39861.535737
ILLINOIS,17,MASON,125,17125,CENTRAL,40,2025,1.0,91100,90600,6206000,68.5,4606.691111615964,168899.393,36664.5191652
ILLINOIS,17,MASSAC,127,17127,SOUTHEAST,90,1980,1.0,27300,27000,497700,18.5,1244.1428549619754,13545.154349999999,10926.512334000001
ILLINOIS,17,MASSAC,127,17127,SOUTHEAST,90,1981,1.0,28200,28000,652000,23.5,1580.3976806273743,17744.506,11331.197976
ILLINOIS,17,MASSAC,127,17127,SOUTHEAST,90,1982,1.0,25600,25500,809400,31.5,2118.405401692012,22028.2257,10319.483871
ILLINOIS,17,MASSAC,127,17127,SOUTHEAST,90,1983,1.0,22400,22000,337500,15.5,1042.3899595627363,9185.23125,8903.084124
ILLINOIS,17,MASSAC,127,17127,SOUTHEAST,90,1984,1.0,24900,24000,667200,28.0,1883.0270237262332,18158.181599999996,9712.455408
ILLINOIS,17,MASSAC,127,17127,SOUTHEAST,90,1985,1.0,23800,23500,708300,30.0,2017.5289539923929,19276.73865,9510.112587
ILLINOIS,17,MASSAC,127,17127,SOUTHEAST,90,1986,1.0,24900,24800,705900,28.5,1916.652506292773,19211.421449999998,10036.203921600001
ILLINOIS,17,MASSAC,127,17127,SOUTHEAST,90,1987,1.0,22900,22600,575400,25.5,1714.899610893534,15659.7987,9145.8955092
ILLINOIS,17,MASSAC,127,17127,SOUTHEAST,90,1988,1.0,20100,18000,524900,29.0,1950.277988859313,14285.415949999999,7284.341556
ILLINOIS,17,MASSAC,127,17127,SOUTHEAST,90,1989,1.0,23500,23400,685600,29.5,1983.903471425853,18658.9468,9469.644022800001
ILLINOIS,17,MASSAC,127,17127,SOUTHEAST,90,1990,1.0,26300,25700,782600,30.5,2051.1544365589325,21298.850300000002,10400.420999400001
ILLINOIS,17,MASSAC,127,17127,SOUTHEAST,90,1991,1.0,26000,25800,722400,28.0,1883.0270237262332,19660.477199999998,10440.8895636
ILLINOIS,17,MASSAC,127,17127,SOUTHEAST,90,1992,1.0,29000,28800,1123200,39.0,2622.787640190111,30568.449599999996,11654.9464896
ILLINOIS,17,MASSAC,127,17127,SOUTHEAST,90,1993,1.0,27000,26000,780000,30.0,2017.5289539923929,21228.09,10521.826692
ILLINOIS,17,MASSAC,127,17127,SOUTHEAST,90,1994,1.0,31000,30100,1128750,37.5,2521.911192490491,30719.495625,12181.0378242
ILLINOIS,17,MASSAC,127,17127,SOUTHEAST,90,1995,1.0,31000,30100,993300,33.0,2219.281849391632,27033.15615,12181.0378242
ILLINOIS,17,MASSAC,127,17127,SOUTHEAST,90,1996,1.0,37000,36900,1236150,33.5,2252.907331958172,33642.440324999996,14932.9001898
ILLINOIS,17,MASSAC,127,17127,SOUTHEAST,90,1997,1.0,32000,31900,941050,29.5,1983.903471425853,25611.146275,12909.4719798
ILLINOIS,17,MASSAC,127,17127,SOUTHEAST,90,1998,1.0,42000,41900,1194150,28.5,1916.652506292773,32499.389325,16956.3283998
ILLINOIS,17,MASSAC,127,17127,SOUTHEAST,90,1999,1.0,39000,38800,814800,21.0,1412.270267794675,22175.1894,15701.802909600001
ILLINOIS,17,MASSAC,127,17127,SOUTHEAST,90,2000,1.0,36000,35800,1217200,34.0,2286.5328145247117,33126.7066,14487.7459836
ILLINOIS,17,MASSAC,127,17127,SOUTHEAST,90,2001,1.0,38000,37800,1436400,38.0,2555.536675057031,39092.34419999999,15297.1172676
ILLINOIS,17,MASSAC,127,17127,SOUTHEAST,90,2002,1.0,42000,41800,877800,21.0,1412.270267794675,23889.7659,16915.8598356
ILLINOIS,17,MASSAC,127,17127,SOUTHEAST,90,2003,1.0,39000,38900,1594900,41.0,2757.28957045627,43406.000949999994,15742.271473800001
ILLINOIS,17,MASSAC,127,17127,SOUTHEAST,90,2004,1.0,39000,38900,1400400,36.0,2421.034744790871,38112.5862,15742.271473800001
ILLINOIS,17,MASSAC,127,17127,SOUTHEAST,90,2005,1.0,37000,35700,1428000,40.0,2690.0386053231905,38863.734,14447.277419400001
ILLINOIS,17,MASSAC,127,17127,SOUTHEAST,90,2006,1.0,34000,33800,1318200,39.0,2622.787640190111,35875.4721,13678.3746996
ILLINOIS,17,MASSAC,127,17127,SOUTHEAST,90,2007,1.0,25000,24800,595200,24.0,1614.0231631939141,16198.6656,10036.203921600001
ILLINOIS,17,MASSAC,127,17127,SOUTHEAST,90,2008,1.0,35000,34900,1396000,40.0,2690.0386053231905,37992.838,14123.5289058
ILLINOIS,17,MASSAC,127,17127,SOUTHEAST,90,2009,1.0,40000,39700,1746800,44.0,2959.0424658555094,47540.0354,16066.0199874
ILLINOIS,17,MASSAC,127,17127,SOUTHEAST,90,2010,1.0,32000,31900,1062000,33.3,2239.4571389315556,28902.861,12909.4719798
ILLINOIS,17,MASSAC,127,17127,SOUTHEAST,90,2011,1.0,33000,32900,1292000,39.3,2642.9629297300344,35162.426,13314.157621800001
ILLINOIS,17,MASSAC,127,17127,SOUTHEAST,90,2012,1.0,31000,30400,953000,31.3,2104.9552086653966,25936.3715,12302.4435168
ILLINOIS,17,MASSAC,127,17127,SOUTHEAST,90,2013,1.0,36200,36200,1824000,50.4,3389.4486427072197,49641.072,14649.6202404
ILLINOIS,17,MASSAC,127,17127,SOUTHEAST,90,2014,1.0,34400,34300,1553000,45.3,3046.468720528513,42265.6715,13880.717520600001
ILLINOIS,17,MASSAC,127,17127,SOUTHEAST,90,2015,1.0,34900,34800,1746000,50.2,3375.998449680604,47518.263,14083.060341600001
ILLINOIS,17,MASSAC,127,17127,SOUTHEAST,90,2016,1.0,36000,35900,1707000,47.5,3194.4208438212886,46456.8585,14528.2145478
ILLINOIS,17,MASSAC,127,17127,SOUTHEAST,90,2019,1.0,31400,30000,1306000,43.5,2925.4169832889697,35543.443,12140.56926
ILLINOIS,17,MASSAC,127,17127,SOUTHEAST,90,2020,1.0,35700,35500,1832000,51.6,3470.1498008669155,49858.796,14366.340291
ILLINOIS,17,MASSAC,127,17127,SOUTHEAST,90,2021,1.0,35600,35300,1853000,52.5,3530.675669486687,50430.3215,14285.4031626
ILLINOIS,17,MASSAC,127,17127,SOUTHEAST,90,2022,1.0,36700,36300,1815000,50.0,3362.548256653988,49396.1325,14690.0888046
ILLINOIS,17,MASSAC,127,17127,SOUTHEAST,90,2023,1.0,35600,35400,1781000,50.3,3382.7235461939117,48470.8055,14325.8717268
ILLINOIS,17,MASSAC,127,17127,SOUTHEAST,90,2024,1.0,38000,37800,1871000,49.5,3328.922774087448,50920.2005,15297.1172676
ILLINOIS,17,MASSAC,127,17127,SOUTHEAST,90,2025,1.0,33300,33000,1630000,49.4,3322.19767757414,44361.265,13354.626186
ILLINOIS,17,MCDONOUGH,109,17109,WEST,30,1980,1.0,116800,116000,4381000,38.0,2555.536675057031,119231.1055,46943.534472
ILLINOIS,17,MCDONOUGH,109,17109,WEST,30,1981,1.0,113500,112000,4487000,40.0,2690.0386053231905,122115.9485,45324.791904
ILLINOIS,17,MCDONOUGH,109,17109,WEST,30,1982,1.0,110700,110500,4567600,41.5,2790.91505302281,124309.5178,44717.763441
ILLINOIS,17,MCDONOUGH,109,17109,WEST,30,1983,1.0,112900,112500,3654300,32.5,2185.6563668250924,99453.60165,45527.134725
ILLINOIS,17,MCDONOUGH,109,17109,WEST,30,1984,1.0,109200,108000,3825300,35.5,2387.4092622243315,104107.45215,43706.049336000004
ILLINOIS,17,MCDONOUGH,109,17109,WEST,30,1985,1.0,106700,106000,4415600,41.5,2790.91505302281,120172.7618,42896.678052
ILLINOIS,17,MCDONOUGH,109,17109,WEST,30,1986,1.0,109900,109400,4862200,44.5,2992.6679484220494,132327.2041,44272.6092348
ILLINOIS,17,MCDONOUGH,109,17109,WEST,30,1987,1.0,110500,109800,4001500,36.5,2454.6602273574113,108902.82325,44434.4834916
ILLINOIS,17,MCDONOUGH,109,17109,WEST,30,1988,1.0,122700,122500,4188500,34.0,2286.5328145247117,113992.12175,49573.991145
ILLINOIS,17,MCDONOUGH,109,17109,WEST,30,1989,1.0,119000,118800,4424700,37.0,2488.285709923951,120420.42284999999,48076.6542696
ILLINOIS,17,MCDONOUGH,109,17109,WEST,30,1990,1.0,122600,120000,5363600,44.5,2992.6679484220494,145973.05579999997,48562.27704
ILLINOIS,17,MCDONOUGH,109,17109,WEST,30,1991,1.0,124000,121900,5790250,47.5,3194.4208438212886,157584.548875,49331.179759800005
ILLINOIS,17,MCDONOUGH,109,17109,WEST,30,1992,1.0,128000,127600,5805800,45.5,3059.918913555129,158007.7499,51637.8879192
ILLINOIS,17,MCDONOUGH,109,17109,WEST,30,1993,1.0,122000,120000,5460000,45.5,3059.918913555129,148596.63,48562.27704
ILLINOIS,17,MCDONOUGH,109,17109,WEST,30,1994,1.0,120000,119200,6079200,51.0,3429.799221787068,165448.4676,48238.528526400005
ILLINOIS,17,MCDONOUGH,109,17109,WEST,30,1995,1.0,123000,122600,4904000,40.0,2690.0386053231905,133464.812,49614.459709200004
ILLINOIS,17,MCDONOUGH,109,17109,WEST,30,1996,1.0,125000,124800,5803200,46.5,3127.169878688209,157936.9896,50504.7681216
ILLINOIS,17,MCDONOUGH,109,17109,WEST,30,1997,1.0,130000,129300,6141750,47.5,3194.4208438212886,167150.797125,52325.8535106
ILLINOIS,17,MCDONOUGH,109,17109,WEST,30,1998,1.0,132000,131600,6777400,51.5,3463.4247043536075,184450.3297,53256.630487200004
ILLINOIS,17,MCDONOUGH,109,17109,WEST,30,1999,1.0,136000,135400,6363800,47.0,3160.7953612547485,173193.9989,54794.435926800004
ILLINOIS,17,MCDONOUGH,109,17109,WEST,30,2000,1.0,128000,127700,5746500,45.0,3026.293430988589,156393.87075,51678.3564834
ILLINOIS,17,MCDONOUGH,109,17109,WEST,30,2001,1.0,126000,125200,6009600,48.0,3228.0463263878282,163554.2688,50666.6423784
ILLINOIS,17,MCDONOUGH,109,17109,WEST,30,2002,1.0,124000,123700,6308700,51.0,3429.799221787068,171694.42484999998,50059.613915400005
ILLINOIS,17,MCDONOUGH,109,17109,WEST,30,2003,1.0,119000,118800,5227200,44.0,2959.0424658555094,142260.8616,48076.6542696
ILLINOIS,17,MCDONOUGH,109,17109,WEST,30,2004,1.0,124000,123700,6432400,52.0,3497.0501869201476,175060.9822,50059.613915400005
ILLINOIS,17,MCDONOUGH,109,17109,WEST,30,2005,1.0,118000,117500,5757500,49.0,3295.2972915209084,156693.24125,47550.562935
ILLINOIS,17,MCDONOUGH,109,17109,WEST,30,2006,1.0,120000,119500,5855500,49.0,3295.2972915209084,159360.36025,48359.934219
ILLINOIS,17,MCDONOUGH,109,17109,WEST,30,2007,1.0,103000,102900,5042100,49.0,3295.2972915209084,137223.27255,41642.1525618
ILLINOIS,17,MCDONOUGH,109,17109,WEST,30,2008,1.0,105000,104800,5659200,54.0,3631.552117186307,154017.9576,42411.0552816
ILLINOIS,17,MCDONOUGH,109,17109,WEST,30,2009,1.0,109000,108800,5657600,52.0,3497.0501869201476,153974.4128,44029.7978496
ILLINOIS,17,MCDONOUGH,109,17109,WEST,30,2010,1.0,108000,107400,5707000,53.1,3571.0262485665353,155318.8585,43463.2379508
ILLINOIS,17,MCDONOUGH,109,17109,WEST,30,2011,1.0,102000,101800,5956000,58.5,3934.181460285166,162095.518,41196.9983556
ILLINOIS,17,MCDONOUGH,109,17109,WEST,30,2012,1.0,102000,101500,5070000,50.0,3362.548256653988,137982.585,41075.592663
ILLINOIS,17,MCDONOUGH,109,17109,WEST,30,2013,1.0,111500,111500,6077000,54.5,3665.177599752847,165388.5935,45122.449083
ILLINOIS,17,MCDONOUGH,109,17109,WEST,30,2014,1.0,113000,112900,6142000,54.4,3658.4525032395386,167157.601,45689.0089818
ILLINOIS,17,MCDONOUGH,109,17109,WEST,30,2015,1.0,110500,109800,6556000,59.7,4014.8826184448617,178424.818,44434.4834916
ILLINOIS,17,MCDONOUGH,109,17109,WEST,30,2016,1.0,116000,115700,7231000,62.5,4203.185320817485,196795.2805,46822.1287794
ILLINOIS,17,MCDONOUGH,109,17109,WEST,30,2017,1.0,121500,121200,7843000,64.7,4351.137444110261,213451.1665,49047.8998104
ILLINOIS,17,MCDONOUGH,109,17109,WEST,30,2018,1.0,123000,119900,8315000,69.3,4660.491883722427,226296.8825,48521.808475800004
ILLINOIS,17,MCDONOUGH,109,17109,WEST,30,2019,1.0,122000,121500,7312000,60.2,4048.508101011402,198999.736,49169.305503
ILLINOIS,17,MCDONOUGH,109,17109,WEST,30,2020,1.0,121000,120500,7845000,65.1,4378.037830163492,213505.5975,48764.619861
ILLINOIS,17,MCDONOUGH,109,17109,WEST,30,2022,1.0,123000,122600,8128000,66.3,4458.738988323188,221207.584,49614.459709200004
ILLINOIS,17,MCDONOUGH,109,17109,WEST,30,2023,1.0,128000,127500,8645000,67.8,4559.615436022807,235277.9975,51597.419355
ILLINOIS,17,MCHENRY,111,17111,NORTHEAST,20,1980,1.0,49200,49000,1800400,36.5,2454.6602273574113,48998.786199999995,19829.596458
ILLINOIS,17,MCHENRY,111,17111,NORTHEAST,20,1981,1.0,42900,42500,1655400,39.0,2622.787640190111,45052.5387,17199.139785
ILLINOIS,17,MCHENRY,111,17111,NORTHEAST,20,1982,1.0,45800,45500,1688500,37.0,2488.285709923951,45953.37175,18413.196711
ILLINOIS,17,MCHENRY,111,17111,NORTHEAST,20,1983,1.0,38600,38500,1378400,36.0,2421.034744790871,37513.845199999996,15580.397217
ILLINOIS,17,MCHENRY,111,17111,NORTHEAST,20,1984,1.0,41000,40000,1249500,31.0,2084.7799191254726,34005.76725,16187.42568
ILLINOIS,17,MCHENRY,111,17111,NORTHEAST,20,1985,1.0,38300,38000,1396700,37.0,2488.285709923951,38011.88885,15378.054396000001
ILLINOIS,17,MCHENRY,111,17111,NORTHEAST,20,1986,1.0,40400,40200,1385200,34.5,2320.158297091252,37698.9106,16268.362808400001
ILLINOIS,17,MCHENRY,111,17111,NORTHEAST,20,1987,1.0,38500,38200,1640100,43.0,2891.7915007224296,44636.14155,15458.9915244
ILLINOIS,17,MCHENRY,111,17111,NORTHEAST,20,1988,1.0,45500,44100,1130900,25.5,1714.899610893534,30778.00895,17846.636812200002
ILLINOIS,17,MCHENRY,111,17111,NORTHEAST,20,1989,1.0,45500,45200,1907900,42.0,2824.54053558935,51924.45245,18291.7910184
ILLINOIS,17,MCHENRY,111,17111,NORTHEAST,20,1990,1.0,45800,45600,1903800,42.0,2824.54053558935,51812.8689,18453.6652752
ILLINOIS,17,MCHENRY,111,17111,NORTHEAST,20,1991,1.0,52000,51900,1427250,27.5,1849.4015411596934,38843.322375,21003.1848198
ILLINOIS,17,MCHENRY,111,17111,NORTHEAST,20,1992,1.0,62000,61700,2529700,41.0,2757.28957045627,68847.05034999999,24969.1041114
ILLINOIS,17,MCHENRY,111,17111,NORTHEAST,20,1993,1.0,58000,56000,1960000,35.0,2353.7837796577915,53342.38,22662.395952
ILLINOIS,17,MCHENRY,111,17111,NORTHEAST,20,1994,1.0,60000,59600,2860800,48.0,3228.0463263878282,77858.10239999999,24119.264263200002
ILLINOIS,17,MCHENRY,111,17111,NORTHEAST,20,1995,1.0,64000,63900,2939400,46.0,3093.544396121669,79997.24070000001,25859.4125238
ILLINOIS,17,MCHENRY,111,17111,NORTHEAST,20,1996,1.0,75000,74400,2529600,34.0,2286.5328145247117,68844.3288,30108.6117648
ILLINOIS,17,MCHENRY,111,17111,NORTHEAST,20,1997,1.0,75000,74600,3319700,44.5,2992.6679484220494,90347.29535,30189.5488932
ILLINOIS,17,MCHENRY,111,17111,NORTHEAST,20,1998,1.0,78000,77800,3890000,50.0,3362.548256653988,105868.295,31484.542947600003
ILLINOIS,17,MCHENRY,111,17111,NORTHEAST,20,1999,1.0,82000,81400,3581600,44.0,2959.0424658555094,97475.0348,32941.4112588
ILLINOIS,17,MCHENRY,111,17111,NORTHEAST,20,2000,1.0,73000,72500,2175000,30.0,2017.5289539923929,59193.7125,29339.709045
ILLINOIS,17,MCHENRY,111,17111,NORTHEAST,20,2001,1.0,77000,76400,3285200,43.0,2891.7915007224296,89408.3606,30917.9830488
ILLINOIS,17,MCHENRY,111,17111,NORTHEAST,20,2002,1.0,70000,69500,2224000,32.0,2152.0308842585523,60527.272,28125.652119000002
ILLINOIS,17,MCHENRY,111,17111,NORTHEAST,20,2003,1.0,74000,73900,2143100,29.0,1950.277988859313,58325.538049999996,29906.2689438
ILLINOIS,17,MCHENRY,111,17111,NORTHEAST,20,2004,1.0,57000,56900,2446700,43.0,2891.7915007224296,66588.16385,23026.6130298
ILLINOIS,17,MCHENRY,111,17111,NORTHEAST,20,2005,1.0,63000,62700,2257200,36.0,2421.034744790871,61430.82659999999,25373.7897534
ILLINOIS,17,MCHENRY,111,17111,NORTHEAST,20,2006,1.0,62000,61700,2899900,47.0,3160.7953612547485,78922.22845000001,24969.1041114
ILLINOIS,17,MCHENRY,111,17111,NORTHEAST,20,2007,1.0,42000,41900,2011200,48.0,3228.0463263878282,54735.813599999994,16956.3283998
ILLINOIS,17,MCHENRY,111,17111,NORTHEAST,20,2008,1.0,47000,46700,1821300,39.0,2622.787640190111,49567.590149999996,18898.8194814
ILLINOIS,17,MCHENRY,111,17111,NORTHEAST,20,2009,1.0,50000,49900,2145700,43.0,2891.7915007224296,58396.29835,20193.8135358
ILLINOIS,17,MCHENRY,111,17111,NORTHEAST,20,2010,1.0,53000,52800,2982000,56.5,3799.6795300190065,81156.621,21367.4018976
ILLINOIS,17,MCHENRY,111,17111,NORTHEAST,20,2011,1.0,47000,46900,2374000,50.6,3402.8988357338358,64609.597,18979.7566098
ILLINOIS,17,MCHENRY,111,17111,NORTHEAST,20,2012,1.0,48000,47900,2022000,42.2,2837.990728615966,55029.741,19384.4422518
ILLINOIS,17,MCHENRY,111,17111,NORTHEAST,20,2013,1.0,49300,49200,2454000,49.9,3355.82316014068,66786.837,19910.5335864
ILLINOIS,17,MCHENRY,111,17111,NORTHEAST,20,2014,1.0,53800,53800,3013000,56.0,3766.0540474524664,82000.3015,21772.0875396
ILLINOIS,17,MCHENRY,111,17111,NORTHEAST,20,2015,1.0,59900,59900,3349000,55.9,3759.3289509391584,91144.7095,24240.6699558
ILLINOIS,17,MCHENRY,111,17111,NORTHEAST,20,2016,1.0,57700,57600,3407000,59.1,3974.532039365014,92723.2085,23309.8929792
ILLINOIS,17,MCHENRY,111,17111,NORTHEAST,20,2017,1.0,65000,64700,3057000,47.2,3174.245554281365,83197.7835,26183.1610374
ILLINOIS,17,MCHENRY,111,17111,NORTHEAST,20,2018,1.0,64000,62200,3663000,58.9,3961.0818463383976,99690.3765,25171.446932400002
ILLINOIS,17,MCHENRY,111,17111,NORTHEAST,20,2020,1.0,62400,62100,3260000,52.5,3530.675669486687,88722.53,25130.9783682
ILLINOIS,17,MCHENRY,111,17111,NORTHEAST,20,2025,1.0,55800,55500,3663000,66.0,4438.563698783264,99690.3765,22460.053131
ILLINOIS,17,MCLEAN,113,17113,CENTRAL,40,1980,1.0,283100,282000,10523400,37.5,2521.911192490491,286399.5927,114121.35104400001
ILLINOIS,17,MCLEAN,113,17113,CENTRAL,40,1981,1.0,295900,293000,11270300,38.5,2589.1621576235707,306726.84965,118572.893106
ILLINOIS,17,MCLEAN,113,17113,CENTRAL,40,1982,1.0,291600,290500,12642500,43.5,2925.4169832889697,344071.95875,117561.179001
ILLINOIS,17,MCLEAN,113,17113,CENTRAL,40,1983,1.0,289800,289500,10968100,38.0,2555.536675057031,298502.32555,117156.493359
ILLINOIS,17,MCLEAN,113,17113,CENTRAL,40,1984,1.0,299500,296000,10504900,35.5,2387.4092622243315,285896.10595,119786.95003200001
ILLINOIS,17,MCLEAN,113,17113,CENTRAL,40,1985,1.0,297800,294000,15390500,52.5,3530.675669486687,418860.15275,118977.578748
ILLINOIS,17,MCLEAN,113,17113,CENTRAL,40,1986,1.0,287700,286600,12880700,45.0,3026.293430988589,350554.69084999996,115982.9049972
ILLINOIS,17,MCLEAN,113,17113,CENTRAL,40,1987,1.0,287600,285500,12542600,44.0,2959.0424658555094,341353.1303,115537.750791
ILLINOIS,17,MCLEAN,113,17113,CENTRAL,40,1988,1.0,297300,296700,7608700,25.5,1714.899610893534,207074.57485,120070.2299814
ILLINOIS,17,MCLEAN,113,17113,CENTRAL,40,1989,1.0,294000,293600,14434400,49.0,3295.2972915209084,392839.4132,118815.7044912
ILLINOIS,17,MCLEAN,113,17113,CENTRAL,40,1990,1.0,305500,305400,14249700,46.5,3127.169878688209,387812.71034999995,123590.99506680001
ILLINOIS,17,MCLEAN,113,17113,CENTRAL,40,1991,1.0,300000,297300,11446150,38.5,2589.1621576235707,311512.695325,120313.04136660001
ILLINOIS,17,MCLEAN,113,17113,CENTRAL,40,1992,1.0,319000,316800,15048000,47.5,3194.4208438212886,409538.844,128204.4113856
ILLINOIS,17,MCLEAN,113,17113,CENTRAL,40,1993,1.0,300000,298000,14155000,47.5,3194.4208438212886,385235.4025,120596.321316
ILLINOIS,17,MCLEAN,113,17113,CENTRAL,40,1994,1.0,308000,305900,14530250,47.5,3194.4208438212886,395448.018875,123793.33788780001
ILLINOIS,17,MCLEAN,113,17113,CENTRAL,40,1995,1.0,298000,296500,13490750,45.5,3059.918913555129,367157.506625,119989.292853
ILLINOIS,17,MCLEAN,113,17113,CENTRAL,40,1996,1.0,308000,307800,14466600,47.0,3160.7953612547485,393715.75229999993,124562.2406076
ILLINOIS,17,MCLEAN,113,17113,CENTRAL,40,1997,1.0,316000,314200,14767400,47.0,3160.7953612547485,401902.1747,127152.2287164
ILLINOIS,17,MCLEAN,113,17113,CENTRAL,40,1998,1.0,329000,328400,15763200,48.0,3228.0463263878282,429003.3696,132898.7648328
ILLINOIS,17,MCLEAN,113,17113,CENTRAL,40,1999,1.0,323000,322100,16105000,50.0,3362.548256653988,438305.6275,130349.2452882
ILLINOIS,17,MCLEAN,113,17113,CENTRAL,40,2000,1.0,311000,310700,14602900,47.0,3160.7953612547485,397425.22495,125735.8289694
ILLINOIS,17,MCLEAN,113,17113,CENTRAL,40,2001,1.0,306000,304300,14910700,49.0,3295.2972915209084,405802.15585,123145.8408606
ILLINOIS,17,MCLEAN,113,17113,CENTRAL,40,2002,1.0,305000,304500,16443000,54.0,3631.552117186307,447504.4665,123226.77798900001
ILLINOIS,17,MCLEAN,113,17113,CENTRAL,40,2003,1.0,290000,289600,10425600,36.0,2421.034744790871,283737.9168,117196.9619232
ILLINOIS,17,MCLEAN,113,17113,CENTRAL,40,2004,1.0,268000,266700,14401800,54.0,3631.552117186307,391952.18789999996,107929.6607214
ILLINOIS,17,MCLEAN,113,17113,CENTRAL,40,2005,1.0,264000,262200,14158800,54.0,3631.552117186307,385338.82139999996,106108.5753324
ILLINOIS,17,MCLEAN,113,17113,CENTRAL,40,2006,1.0,276000,275100,14855400,54.0,3631.552117186307,404297.1387,111329.0201142
ILLINOIS,17,MCLEAN,113,17113,CENTRAL,40,2007,1.0,226000,225600,12182400,54.0,3631.552117186307,331550.10719999997,91297.0808352
ILLINOIS,17,MCLEAN,113,17113,CENTRAL,40,2008,1.0,243000,242000,12342000,51.0,3429.799221787068,335893.701,97933.92536400001
ILLINOIS,17,MCLEAN,113,17113,CENTRAL,40,2009,1.0,244000,241500,13041000,54.0,3631.552117186307,354917.3355,97731.582543
ILLINOIS,17,MCLEAN,113,17113,CENTRAL,40,2010,1.0,271000,270000,15805000,58.5,3934.181460285166,430140.9775,109265.12334
ILLINOIS,17,MCLEAN,113,17113,CENTRAL,40,2011,1.0,261000,260500,14581000,56.0,3766.0540474524664,396829.2055,105420.60974100001
ILLINOIS,17,MCLEAN,113,17113,CENTRAL,40,2012,1.0,282000,281000,14701000,52.3,3517.225476460071,400095.0655,113716.665402
ILLINOIS,17,MCLEAN,113,17113,CENTRAL,40,2013,1.0,287500,287000,16561000,57.7,3880.3806881787023,450715.8955,116144.77925400001
ILLINOIS,17,MCLEAN,113,17113,CENTRAL,40,2014,1.0,294500,294000,18584000,63.2,4250.260996410641,505772.852,118977.578748
ILLINOIS,17,MCLEAN,113,17113,CENTRAL,40,2015,1.0,300000,299500,19341000,64.6,4344.412347596952,526374.9855,121203.349779
ILLINOIS,17,MCLEAN,113,17113,CENTRAL,40,2016,1.0,297500,297000,18950000,63.8,4290.611575490489,515733.725,120191.635674
ILLINOIS,17,MCLEAN,113,17113,CENTRAL,40,2017,1.0,311500,310000,20699000,66.8,4492.364470889728,563333.6345,125452.54902
ILLINOIS,17,MCLEAN,113,17113,CENTRAL,40,2018,1.0,312000,304000,20531000,67.5,4539.440146482883,558761.4305,123024.43516800001
ILLINOIS,17,MCLEAN,113,17113,CENTRAL,40,2019,1.0,297500,297000,18123000,61.0,4102.308873117865,493226.5065,120191.635674
ILLINOIS,17,MCLEAN,113,17113,CENTRAL,40,2020,1.0,307500,306500,19592000,63.9,4297.336672003797,533206.076,124036.149273
ILLINOIS,17,MCLEAN,113,17113,CENTRAL,40,2021,1.0,306000,303500,20460000,67.4,4532.715049969576,556829.13,122822.092347
ILLINOIS,17,MCLEAN,113,17113,CENTRAL,40,2022,1.0,309000,308000,21186000,68.8,4626.866401155888,576587.583,124643.177736
ILLINOIS,17,MCLEAN,113,17113,CENTRAL,40,2023,1.0,302000,300500,21587000,71.8,4828.619296555126,587500.9985,121608.03542100001
ILLINOIS,17,MCLEAN,113,17113,CENTRAL,40,2024,1.0,306500,305000,22634000,74.2,4990.021612874519,615995.627,123429.12081000001
ILLINOIS,17,MCLEAN,113,17113,CENTRAL,40,2025,1.0,296000,294000,21742000,74.0,4976.571419847902,591719.401,118977.578748
ILLINOIS,17,MENARD,129,17129,CENTRAL,40,1980,1.0,68200,68000,2674700,39.5,2656.4131227566504,72793.29784999999,27518.623656
ILLINOIS,17,MENARD,129,17129,CENTRAL,40,1981,1.0,75700,75000,3150600,42.0,2824.54053558935,85745.1543,30351.423150000002
ILLINOIS,17,MENARD,129,17129,CENTRAL,40,1982,1.0,72800,72500,3046400,42.0,2824.54053558935,82909.29920000001,29339.709045
ILLINOIS,17,MENARD,129,17129,CENTRAL,40,1983,1.0,76100,76000,2373600,31.0,2084.7799191254726,64598.71079999999,30756.108792000003
ILLINOIS,17,MENARD,129,17129,CENTRAL,40,1984,1.0,73900,73000,2730800,37.5,2521.911192490491,74320.08739999999,29542.051866
ILLINOIS,17,MENARD,129,17129,CENTRAL,40,1985,1.0,74400,74000,3575800,48.5,3261.6718089543683,97317.1849,29946.737508000002
ILLINOIS,17,MENARD,129,17129,CENTRAL,40,1986,1.0,71400,70600,3067200,43.5,2925.4169832889697,83475.3816,28570.8063252
ILLINOIS,17,MENARD,129,17129,CENTRAL,40,1987,1.0,70200,69600,2501800,36.0,2421.034744790871,68087.7379,28166.120683200003
ILLINOIS,17,MENARD,129,17129,CENTRAL,40,1988,1.0,70000,69900,1898000,27.0,1815.7760585931535,51655.019,28287.5263758
ILLINOIS,17,MENARD,129,17129,CENTRAL,40,1989,1.0,69800,69700,3184400,45.5,3059.918913555129,86665.03820000001,28206.5892474
ILLINOIS,17,MENARD,129,17129,CENTRAL,40,1990,1.0,69700,69500,2969900,42.5,2858.1660181558896,80827.31345,28125.652119000002
ILLINOIS,17,MENARD,129,17129,CENTRAL,40,1991,1.0,70000,69400,3261800,47.0,3160.7953612547485,88771.51789999999,28085.1835548
ILLINOIS,17,MENARD,129,17129,CENTRAL,40,1992,1.0,71000,70600,3212300,45.5,3059.918913555129,87424.35065,28570.8063252
ILLINOIS,17,MENARD,129,17129,CENTRAL,40,1993,1.0,70000,69000,3139500,45.5,3059.918913555129,85443.06225,27923.309298
ILLINOIS,17,MENARD,129,17129,CENTRAL,40,1994,1.0,70000,69900,3320250,47.5,3194.4208438212886,90362.263875,28287.5263758
ILLINOIS,17,MENARD,129,17129,CENTRAL,40,1995,1.0,72000,71800,2907900,40.5,2723.66408788973,79139.95245,29056.4290956
ILLINOIS,17,MENARD,129,17129,CENTRAL,40,1996,1.0,60000,59800,2511600,42.0,2824.54053558935,68354.4498,24200.2013916
ILLINOIS,17,MENARD,129,17129,CENTRAL,40,1997,1.0,64000,63800,2807200,44.0,2959.0424658555094,76399.3516,25818.9439596
ILLINOIS,17,MENARD,129,17129,CENTRAL,40,1998,1.0,68000,67800,3220500,47.5,3194.4208438212886,87647.51775,27437.686527600003
ILLINOIS,17,MENARD,129,17129,CENTRAL,40,1999,1.0,75000,74600,3655400,49.0,3295.2972915209084,99483.53869999999,30189.5488932
ILLINOIS,17,MENARD,129,17129,CENTRAL,40,2000,1.0,76000,75900,3263700,43.0,2891.7915007224296,88823.22735,30715.640227800002
ILLINOIS,17,MENARD,129,17129,CENTRAL,40,2001,1.0,76000,75500,3624000,48.0,3228.0463263878282,98628.972,30553.765971
ILLINOIS,17,MENARD,129,17129,CENTRAL,40,2002,1.0,72000,71700,3441600,48.0,3228.0463263878282,93664.8648,29015.9605314
ILLINOIS,17,MENARD,129,17129,CENTRAL,40,2003,1.0,72000,71900,3163600,44.0,2959.0424658555094,86098.9558,29096.8976598
ILLINOIS,17,MENARD,129,17129,CENTRAL,40,2004,1.0,70000,69500,3614000,52.0,3497.0501869201476,98356.817,28125.652119000002
ILLINOIS,17,MENARD,129,17129,CENTRAL,40,2005,1.0,67000,66700,3068200,46.0,3093.544396121669,83502.5971,26992.532321400002
ILLINOIS,17,MENARD,129,17129,CENTRAL,40,2006,1.0,68000,67700,3317300,49.0,3295.2972915209084,90281.97815,27397.217963400002
ILLINOIS,17,MENARD,129,17129,CENTRAL,40,2007,1.0,54000,53900,2479400,46.0,3093.544396121669,67478.1107,21812.5561038
ILLINOIS,17,MENARD,129,17129,CENTRAL,40,2008,1.0,60000,59800,2870400,48.0,3228.0463263878282,78119.37120000001,24200.2013916
ILLINOIS,17,MENARD,129,17129,CENTRAL,40,2009,1.0,60000,59700,2985000,50.0,3362.548256653988,81238.2675,24159.7328274
ILLINOIS,17,MENARD,129,17129,CENTRAL,40,2010,1.0,62000,60000,3252000,54.2,3645.002310212923,88504.806,24281.13852
ILLINOIS,17,MENARD,129,17129,CENTRAL,40,2011,1.0,62000,61900,3170000,51.2,3443.249414813684,86273.135,25050.0412398
ILLINOIS,17,MENARD,129,17129,CENTRAL,40,2012,1.0,59000,58700,2413000,41.1,2764.0146669695782,65671.0015,23755.047185400002
ILLINOIS,17,MENARD,129,17129,CENTRAL,40,2014,1.0,59100,59000,3550000,60.2,4048.508101011402,96615.025,23876.452878
ILLINOIS,17,MENARD,129,17129,CENTRAL,40,2015,1.0,61600,61300,3680000,60.0,4035.0579079847857,100153.04,24807.229854600002
ILLINOIS,17,MENARD,129,17129,CENTRAL,40,2016,1.0,62100,61500,3910000,63.6,4277.1613824638725,106412.605,24888.166983
ILLINOIS,17,MENARD,129,17129,CENTRAL,40,2017,1.0,66700,66300,4235000,63.9,4297.336672003797,115257.6425,26830.6580646
ILLINOIS,17,MENARD,129,17129,CENTRAL,40,2018,1.0,71000,69100,4743000,68.6,4613.416208129271,129083.1165,27963.7778622
ILLINOIS,17,MENARD,129,17129,CENTRAL,40,2019,1.0,65200,59000,3657000,62.0,4169.559838250945,99527.0835,23876.452878
ILLINOIS,17,MENARD,129,17129,CENTRAL,40,2020,1.0,64100,63800,4294000,67.3,4525.989953456267,116863.357,25818.9439596
ILLINOIS,17,MENARD,129,17129,CENTRAL,40,2021,1.0,66300,65800,4369000,66.4,4465.464084836496,118904.5195,26628.315243600002
ILLINOIS,17,MENARD,129,17129,CENTRAL,40,2022,1.0,69500,69300,4705000,67.9,4566.340532536116,128048.9275,28044.7149906
ILLINOIS,17,MENARD,129,17129,CENTRAL,40,2023,1.0,64200,63900,4294000,67.2,4519.26485694296,116863.357,25859.4125238
ILLINOIS,17,MERCER,131,17131,NORTHWEST,10,1980,1.0,50700,50500,1995100,39.5,2656.4131227566504,54297.644049999995,20436.624921000002
ILLINOIS,17,MERCER,131,17131,NORTHWEST,10,1981,1.0,47800,47500,2044800,43.0,2891.7915007224296,55650.2544,19222.567995
ILLINOIS,17,MERCER,131,17131,NORTHWEST,10,1982,1.0,50300,49000,1909800,39.0,2622.787640190111,51976.1619,19829.596458
ILLINOIS,17,MERCER,131,17131,NORTHWEST,10,1983,1.0,47300,47000,1880800,40.0,2690.0386053231905,51186.9124,19020.225174
ILLINOIS,17,MERCER,131,17131,NORTHWEST,10,1984,1.0,51500,51000,1888400,37.0,2488.285709923951,51393.750199999995,20638.967742
ILLINOIS,17,MERCER,131,17131,NORTHWEST,10,1985,1.0,57400,57000,2495300,44.0,2959.0424658555094,67910.83714999999,23067.081594
ILLINOIS,17,MERCER,131,17131,NORTHWEST,10,1986,1.0,60600,60500,2658700,44.0,2959.0424658555094,72357.84985,24483.481341000002
ILLINOIS,17,MERCER,131,17131,NORTHWEST,10,1987,1.0,56800,56400,2365200,42.0,2824.54053558935,64370.10059999999,22824.2702088
ILLINOIS,17,MERCER,131,17131,NORTHWEST,10,1988,1.0,61100,60800,2109400,34.5,2320.158297091252,57408.3757,24604.8870336
ILLINOIS,17,MERCER,131,17131,NORTHWEST,10,1989,1.0,76500,76200,3065100,40.0,2690.0386053231905,83418.22905,30837.0459204
ILLINOIS,17,MERCER,131,17131,NORTHWEST,10,1990,1.0,76100,76100,3476100,45.5,3059.918913555129,94603.79955,30796.5773562
ILLINOIS,17,MERCER,131,17131,NORTHWEST,10,1991,1.0,80000,78800,3940000,50.0,3362.548256653988,107229.07,31889.2285896
ILLINOIS,17,MERCER,131,17131,NORTHWEST,10,1992,1.0,86000,85000,3697500,43.5,2925.4169832889697,100629.31125,34398.27957
ILLINOIS,17,MERCER,131,17131,NORTHWEST,10,1993,1.0,83000,79000,3436500,43.5,2925.4169832889697,93526.06575,31970.165718
ILLINOIS,17,MERCER,131,17131,NORTHWEST,10,1994,1.0,85000,84600,4483800,53.0,3564.3011520532273,122028.85889999999,34236.405313200004
ILLINOIS,17,MERCER,131,17131,NORTHWEST,10,1995,1.0,90000,89400,3978300,44.5,2992.6679484220494,108271.42365,36178.8963948
ILLINOIS,17,MERCER,131,17131,NORTHWEST,10,1996,1.0,104000,103700,4614650,44.5,2992.6679484220494,125590.00707499999,41965.901075400005
ILLINOIS,17,MERCER,131,17131,NORTHWEST,10,1997,1.0,100000,99400,4820900,48.5,3261.6718089543683,131203.20395,40225.7528148
ILLINOIS,17,MERCER,131,17131,NORTHWEST,10,1998,1.0,113000,112400,5957200,53.0,3564.3011520532273,162128.1766,45486.6661608
ILLINOIS,17,MERCER,131,17131,NORTHWEST,10,1999,1.0,109000,108000,5184000,48.0,3228.0463263878282,141085.152,43706.049336000004
ILLINOIS,17,MERCER,131,17131,NORTHWEST,10,2000,1.0,109000,108600,5212800,48.0,3228.0463263878282,141868.9584,43948.8607212
ILLINOIS,17,MERCER,131,17131,NORTHWEST,10,2001,1.0,112000,111400,5235800,47.0,3160.7953612547485,142494.9149,45081.9805188
ILLINOIS,17,MERCER,131,17131,NORTHWEST,10,2002,1.0,105000,104700,5653800,54.0,3631.552117186307,153870.9939,42370.5867174
ILLINOIS,17,MERCER,131,17131,NORTHWEST,10,2003,1.0,104000,103800,3633000,35.0,2353.7837796577915,98873.9115,42006.3696396
ILLINOIS,17,MERCER,131,17131,NORTHWEST,10,2004,1.0,104000,103700,5496100,53.0,3564.3011520532273,149579.10955,41965.901075400005
ILLINOIS,17,MERCER,131,17131,NORTHWEST,10,2005,1.0,106000,105600,5385600,51.0,3429.799221787068,146571.79679999998,42734.8037952
ILLINOIS,17,MERCER,131,17131,NORTHWEST,10,2006,1.0,109000,108400,5203200,48.0,3228.0463263878282,141607.68959999998,43867.9235928
ILLINOIS,17,MERCER,131,17131,NORTHWEST,10,2007,1.0,87000,86800,4426800,51.0,3429.799221787068,120477.57539999999,35126.7137256
ILLINOIS,17,MERCER,131,17131,NORTHWEST,10,2008,1.0,95000,94800,4550400,48.0,3228.0463263878282,123841.41119999999,38364.1988616
ILLINOIS,17,MERCER,131,17131,NORTHWEST,10,2009,1.0,95000,94300,4432100,47.0,3160.7953612547485,120621.81754999999,38161.8560406
ILLINOIS,17,MERCER,131,17131,NORTHWEST,10,2010,1.0,101000,100600,5320000,52.9,3557.5760555399193,144786.46,40711.3755852
ILLINOIS,17,MERCER,131,17131,NORTHWEST,10,2011,1.0,95000,94600,5005000,52.9,3557.5760555399193,136213.5775,38283.2617332
ILLINOIS,17,MERCER,131,17131,NORTHWEST,10,2012,1.0,100000,99600,5585000,56.1,3772.7791439657744,151998.5675,40306.6899432
ILLINOIS,17,MERCER,131,17131,NORTHWEST,10,2013,1.0,101500,101200,4885000,48.3,3248.2216159277523,132947.7175,40954.1869704
ILLINOIS,17,MERCER,131,17131,NORTHWEST,10,2014,1.0,107000,106500,6070000,57.0,3833.305012585546,165198.085,43099.020873
ILLINOIS,17,MERCER,131,17131,NORTHWEST,10,2015,1.0,110000,109900,6513000,59.3,3987.9822323916296,177254.5515,44474.9520558
ILLINOIS,17,MERCER,131,17131,NORTHWEST,10,2016,1.0,103500,103200,6186000,59.9,4028.3328114714777,168355.083,41763.5582544
ILLINOIS,17,MERCER,131,17131,NORTHWEST,10,2017,1.0,108000,107500,6450000,60.0,4035.0579079847857,175539.975,43503.706515
ILLINOIS,17,MERCER,131,17131,NORTHWEST,10,2018,1.0,105000,102100,6453000,63.2,4250.260996410641,175621.6215,41318.4040482
ILLINOIS,17,MERCER,131,17131,NORTHWEST,10,2019,1.0,99700,98700,5125000,51.9,3490.3250904068395,139479.4375,39942.4728654
ILLINOIS,17,MERCER,131,17131,NORTHWEST,10,2020,1.0,101000,100600,5976000,59.4,3994.7073289049376,162639.828,40711.3755852
ILLINOIS,17,MERCER,131,17131,NORTHWEST,10,2022,1.0,107500,107100,6962000,65.0,4371.312733650185,189474.311,43341.832258200004
ILLINOIS,17,MERCER,131,17131,NORTHWEST,10,2023,1.0,106500,106000,6900000,65.1,4378.037830163492,187786.95,42896.678052
ILLINOIS,17,MONROE,133,17133,SOUTHWEST,80,1980,1.0,55400,55000,1613000,29.5,1983.903471425853,43898.6015,22257.710310000002
ILLINOIS,17,MONROE,133,17133,SOUTHWEST,80,1981,1.0,57500,56500,1949900,34.5,2320.158297091252,53067.50345,22864.738773
ILLINOIS,17,MONROE,133,17133,SOUTHWEST,80,1982,1.0,59800,59500,2211000,37.0,2488.285709923951,60173.4705,24078.795699000002
ILLINOIS,17,MONROE,133,17133,SOUTHWEST,80,1983,1.0,57700,57500,1554000,27.0,1815.7760585931535,42292.887,23269.424415
ILLINOIS,17,MONROE,133,17133,SOUTHWEST,80,1984,1.0,54900,53000,1471400,28.0,1883.0270237262332,40044.886699999995,21448.339026
ILLINOIS,17,MONROE,133,17133,SOUTHWEST,80,1985,1.0,60500,60000,1991700,33.0,2219.281849391632,54205.11134999999,24281.13852
ILLINOIS,17,MONROE,133,17133,SOUTHWEST,80,1986,1.0,59300,56600,1893700,33.5,2252.907331958172,51537.99234999999,22905.2073372
ILLINOIS,17,MONROE,133,17133,SOUTHWEST,80,1987,1.0,54700,53900,1776000,33.0,2219.281849391632,48334.728,21812.5561038
ILLINOIS,17,MONROE,133,17133,SOUTHWEST,80,1988,1.0,58100,54100,1251300,23.0,1546.7721980608344,34054.75515,21893.493232200002
ILLINOIS,17,MONROE,133,17133,SOUTHWEST,80,1989,1.0,59100,59000,2109600,36.0,2421.034744790871,57413.818799999994,23876.452878
ILLINOIS,17,MONROE,133,17133,SOUTHWEST,80,1990,1.0,57500,56500,1887100,33.5,2252.907331958172,51358.37005,22864.738773
ILLINOIS,17,MONROE,133,17133,SOUTHWEST,80,1991,1.0,57000,55700,2144450,38.5,2589.1621576235707,58362.278974999994,22540.9902594
ILLINOIS,17,MONROE,133,17133,SOUTHWEST,80,1992,1.0,59000,58700,2025150,34.5,2320.158297091252,55115.46982499999,23755.047185400002
ILLINOIS,17,MONROE,133,17133,SOUTHWEST,80,1993,1.0,52000,34200,1280000,37.5,2521.911192490491,34835.84,13840.2489564
ILLINOIS,17,MONROE,133,17133,SOUTHWEST,80,1994,1.0,62000,61600,2340800,38.0,2555.536675057031,63706.0424,24928.6355472
ILLINOIS,17,MONROE,133,17133,SOUTHWEST,80,1995,1.0,56000,55700,1754550,31.5,2118.405401692012,47750.955525,22540.9902594
ILLINOIS,17,MONROE,133,17133,SOUTHWEST,80,1996,1.0,59000,58100,2236850,38.5,2589.1621576235707,60876.991174999996,23512.2358002
ILLINOIS,17,MONROE,133,17133,SOUTHWEST,80,1997,1.0,62000,61800,2224800,36.0,2421.034744790871,60549.0444,25009.5726756
ILLINOIS,17,MONROE,133,17133,SOUTHWEST,80,1998,1.0,61000,60500,2238500,37.0,2488.285709923951,60921.89675,24483.481341000002
ILLINOIS,17,MONROE,133,17133,SOUTHWEST,80,1999,1.0,70000,69700,2300100,33.0,2219.281849391632,62598.371549999996,28206.5892474
ILLINOIS,17,MONROE,133,17133,SOUTHWEST,80,2000,1.0,74000,73900,3029900,41.0,2757.28957045627,82460.24345000001,29906.2689438
ILLINOIS,17,MONROE,133,17133,SOUTHWEST,80,2001,1.0,76000,75400,3016000,40.0,2690.0386053231905,82081.948,30513.2974068
ILLINOIS,17,MONROE,133,17133,SOUTHWEST,80,2002,1.0,77000,76300,2289000,30.0,2017.5289539923929,62296.2795,30877.5144846
ILLINOIS,17,MONROE,133,17133,SOUTHWEST,80,2003,1.0,75000,74800,2618000,35.0,2353.7837796577915,71250.179,30270.4860216
ILLINOIS,17,MONROE,133,17133,SOUTHWEST,80,2004,1.0,76000,75800,3486800,46.0,3093.544396121669,94895.0054,30675.171663600002
ILLINOIS,17,MONROE,133,17133,SOUTHWEST,80,2005,1.0,72000,71700,2796300,39.0,2622.787640190111,76102.70264999999,29015.9605314
ILLINOIS,17,MONROE,133,17133,SOUTHWEST,80,2006,1.0,80000,79500,2544000,32.0,2152.0308842585523,69236.232,32172.508539000002
ILLINOIS,17,MONROE,133,17133,SOUTHWEST,80,2007,1.0,67000,66900,1806300,27.0,1815.7760585931535,49159.35765,27073.469449800003
ILLINOIS,17,MONROE,133,17133,SOUTHWEST,80,2008,1.0,71000,70200,3229200,46.0,3093.544396121669,87884.2926,28408.9320684
ILLINOIS,17,MONROE,133,17133,SOUTHWEST,80,2009,1.0,79000,78700,3305400,42.0,2824.54053558935,89958.1137,31848.760025400003
ILLINOIS,17,MONROE,133,17133,SOUTHWEST,80,2010,1.0,68000,67700,3054000,45.1,3033.018527501897,83116.137,27397.217963400002
ILLINOIS,17,MONROE,133,17133,SOUTHWEST,80,2011,1.0,68000,67500,2299000,34.1,2293.2579110380198,62568.4345,27316.280835
ILLINOIS,17,MONROE,133,17133,SOUTHWEST,80,2012,1.0,75000,74000,2920000,39.5,2656.4131227566504,79469.26,29946.737508000002
ILLINOIS,17,MONROE,133,17133,SOUTHWEST,80,2013,1.0,75400,75300,2517000,33.4,2246.182235444864,68501.4135,30472.8288426
ILLINOIS,17,MONROE,133,17133,SOUTHWEST,80,2014,1.0,76700,75900,3554000,46.8,3147.3451682281325,96723.887,30715.640227800002
ILLINOIS,17,MONROE,133,17133,SOUTHWEST,80,2015,1.0,74700,72800,3251000,44.7,3006.1181414486655,88477.5905,29461.1147376
ILLINOIS,17,MONROE,133,17133,SOUTHWEST,80,2016,1.0,79000,78800,3811000,48.4,3254.9467124410603,103718.2705,31889.2285896
ILLINOIS,17,MONROE,133,17133,SOUTHWEST,80,2017,1.0,84800,84400,3663000,43.4,2918.6918867756613,99690.3765,34155.468184800004
ILLINOIS,17,MONROE,133,17133,SOUTHWEST,80,2018,1.0,84000,81700,4421000,54.1,3638.277213699615,120319.7255,33062.816951400004
ILLINOIS,17,MONROE,133,17133,SOUTHWEST,80,2019,1.0,66500,66400,3135000,47.2,3174.245554281365,85320.5925,26871.1266288
ILLINOIS,17,MONROE,133,17133,SOUTHWEST,80,2020,1.0,76100,75800,4222000,55.7,3745.878757912543,114903.841,30675.171663600002
ILLINOIS,17,MONROE,133,17133,SOUTHWEST,80,2021,1.0,82600,81600,4594000,56.3,3786.2293369923905,125028.007,33022.3483872
ILLINOIS,17,MONROE,133,17133,SOUTHWEST,80,2022,1.0,87400,87100,4625000,53.1,3571.0262485665353,125871.6875,35248.1194182
ILLINOIS,17,MONROE,133,17133,SOUTHWEST,80,2023,1.0,83500,83100,3864000,46.5,3127.169878688209,105160.692,33629.3768502
ILLINOIS,17,MONROE,133,17133,SOUTHWEST,80,2024,1.0,83100,81700,4240000,51.9,3490.3250904068395,115393.72,33062.816951400004
ILLINOIS,17,MONROE,133,17133,SOUTHWEST,80,2025,1.0,83900,83400,3911000,46.9,3154.0702647414405,106439.8205,33750.7825428
ILLINOIS,17,MONTGOMERY,135,17135,WEST SOUTHWEST,60,1980,1.0,152700,152000,5216500,34.5,2320.158297091252,141969.65575,61512.217584000005
ILLINOIS,17,MONTGOMERY,135,17135,WEST SOUTHWEST,60,1981,1.0,158700,157000,6039400,38.5,2589.1621576235707,164365.29069999998,63535.645794000004
ILLINOIS,17,MONTGOMERY,135,17135,WEST SOUTHWEST,60,1982,1.0,154800,153500,5749200,37.5,2521.911192490491,156467.35259999998,62119.246047
ILLINOIS,17,MONTGOMERY,135,17135,WEST SOUTHWEST,60,1983,1.0,154200,153500,3605900,23.5,1580.3976806273743,98136.37144999999,62119.246047
ILLINOIS,17,MONTGOMERY,135,17135,WEST SOUTHWEST,60,1984,1.0,158100,155000,4641100,30.0,2017.5289539923929,126309.85704999999,62726.27451
ILLINOIS,17,MONTGOMERY,135,17135,WEST SOUTHWEST,60,1985,1.0,160100,158000,6111900,38.5,2589.1621576235707,166338.41444999998,63940.331436
ILLINOIS,17,MONTGOMERY,135,17135,WEST SOUTHWEST,60,1986,1.0,153300,153100,6192700,40.5,2723.66408788973,168537.42685,61957.3717902
ILLINOIS,17,MONTGOMERY,135,17135,WEST SOUTHWEST,60,1987,1.0,147700,144200,4895300,34.0,2286.5328145247117,133228.03715,58355.6695764
ILLINOIS,17,MONTGOMERY,135,17135,WEST SOUTHWEST,60,1988,1.0,145400,143300,3602700,25.0,1681.274128326994,98049.28185,57991.4524986
ILLINOIS,17,MONTGOMERY,135,17135,WEST SOUTHWEST,60,1989,1.0,141200,138800,5307400,38.0,2555.536675057031,144443.5447,56170.3671096
ILLINOIS,17,MONTGOMERY,135,17135,WEST SOUTHWEST,60,1990,1.0,143700,141900,4530300,32.0,2152.0308842585523,123294.37964999999,57424.892599800005
ILLINOIS,17,MONTGOMERY,135,17135,WEST SOUTHWEST,60,1991,1.0,140000,138800,5066200,36.5,2454.6602273574113,137879.1661,56170.3671096
ILLINOIS,17,MONTGOMERY,135,17135,WEST SOUTHWEST,60,1992,1.0,137000,135300,5817900,43.0,2891.7915007224296,158337.05745,54753.9673626
ILLINOIS,17,MONTGOMERY,135,17135,WEST SOUTHWEST,60,1993,1.0,134000,133000,5852000,44.0,2959.0424658555094,159265.106,53823.190386
ILLINOIS,17,MONTGOMERY,135,17135,WEST SOUTHWEST,60,1994,1.0,135000,134100,5565150,41.5,2790.91505302281,151458.33982499997,54268.3445922
ILLINOIS,17,MONTGOMERY,135,17135,WEST SOUTHWEST,60,1995,1.0,142000,141100,5150150,36.5,2454.6602273574113,140163.90732499998,57101.1440862
ILLINOIS,17,MONTGOMERY,135,17135,WEST SOUTHWEST,60,1996,1.0,141000,140700,5557650,39.5,2656.4131227566504,151254.22357499998,56939.2698294
ILLINOIS,17,MONTGOMERY,135,17135,WEST SOUTHWEST,60,1997,1.0,145000,144200,5623800,39.0,2622.787640190111,153054.5289,58355.6695764
ILLINOIS,17,MONTGOMERY,135,17135,WEST SOUTHWEST,60,1998,1.0,145000,144400,6281400,43.5,2925.4169832889697,170951.4417,58436.606704800004
ILLINOIS,17,MONTGOMERY,135,17135,WEST SOUTHWEST,60,1999,1.0,152000,151200,5140800,34.0,2286.5328145247117,139909.4424,61188.4690704
ILLINOIS,17,MONTGOMERY,135,17135,WEST SOUTHWEST,60,2000,1.0,156000,155300,6677900,43.0,2891.7915007224296,181742.38744999998,62847.6802026
ILLINOIS,17,MONTGOMERY,135,17135,WEST SOUTHWEST,60,2001,1.0,152000,150400,6617600,44.0,2959.0424658555094,180101.2928,60864.7205568
ILLINOIS,17,MONTGOMERY,135,17135,WEST SOUTHWEST,60,2002,1.0,154000,153700,6916500,45.0,3026.293430988589,188236.00575,62200.1831754
ILLINOIS,17,MONTGOMERY,135,17135,WEST SOUTHWEST,60,2003,1.0,148000,147200,5888000,40.0,2690.0386053231905,160244.864,59569.7265024
ILLINOIS,17,MONTGOMERY,135,17135,WEST SOUTHWEST,60,2004,1.0,149000,148600,7430000,50.0,3362.548256653988,202211.165,60136.2864012
ILLINOIS,17,MONTGOMERY,135,17135,WEST SOUTHWEST,60,2005,1.0,142000,141300,6358500,45.0,3026.293430988589,173049.75675,57182.0812146
ILLINOIS,17,MONTGOMERY,135,17135,WEST SOUTHWEST,60,2006,1.0,145000,143700,6753900,47.0,3160.7953612547485,183810.76544999998,58153.326755400005
ILLINOIS,17,MONTGOMERY,135,17135,WEST SOUTHWEST,60,2007,1.0,124000,123900,4584300,37.0,2488.285709923951,124764.01664999999,50140.5510438
ILLINOIS,17,MONTGOMERY,135,17135,WEST SOUTHWEST,60,2008,1.0,137000,136800,6703200,49.0,3295.2972915209084,182430.93959999998,55360.9958256
ILLINOIS,17,MONTGOMERY,135,17135,WEST SOUTHWEST,60,2009,1.0,139000,138700,6102800,44.0,2959.0424658555094,166090.75340000002,56129.8985454
ILLINOIS,17,MONTGOMERY,135,17135,WEST SOUTHWEST,60,2010,1.0,135000,134600,7476000,55.5,3732.428564885927,203463.078,54470.6874132
ILLINOIS,17,MONTGOMERY,135,17135,WEST SOUTHWEST,60,2011,1.0,141000,140900,6223000,44.2,2972.4926588821254,169362.0565,57020.2069578
ILLINOIS,17,MONTGOMERY,135,17135,WEST SOUTHWEST,60,2012,1.0,144000,142300,6044000,42.5,2858.1660181558896,164490.482,57586.7668566
ILLINOIS,17,MONTGOMERY,135,17135,WEST SOUTHWEST,60,2013,1.0,149000,149000,7446000,50.0,3362.548256653988,202646.613,60298.160658
ILLINOIS,17,MONTGOMERY,135,17135,WEST SOUTHWEST,60,2014,1.0,145500,145400,8347000,57.4,3860.205398638778,227167.7785,58841.2923468
ILLINOIS,17,MONTGOMERY,135,17135,WEST SOUTHWEST,60,2015,1.0,147500,147400,8348000,56.6,3806.4046265323145,227194.994,59650.6636308
ILLINOIS,17,MONTGOMERY,135,17135,WEST SOUTHWEST,60,2016,1.0,147000,146700,9020000,61.5,4135.934355684405,245483.81,59367.3836814
ILLINOIS,17,MONTGOMERY,135,17135,WEST SOUTHWEST,60,2017,1.0,156500,155900,9651000,61.9,4162.834741737637,262656.7905,63090.4915878
ILLINOIS,17,MONTGOMERY,135,17135,WEST SOUTHWEST,60,2018,1.0,161000,156800,11446000,73.0,4909.3204547148225,311508.613,63454.7086656
ILLINOIS,17,MONTGOMERY,135,17135,WEST SOUTHWEST,60,2019,1.0,159000,158300,9741000,61.5,4135.934355684405,265106.1855,64061.737128600005
ILLINOIS,17,MONTGOMERY,135,17135,WEST SOUTHWEST,60,2020,1.0,154000,153300,9689000,63.2,4250.260996410641,263690.9795,62038.3089186
ILLINOIS,17,MONTGOMERY,135,17135,WEST SOUTHWEST,60,2022,1.0,160000,159500,10942000,68.6,4613.416208129271,297792.001,64547.359899
ILLINOIS,17,MONTGOMERY,135,17135,WEST SOUTHWEST,60,2023,1.0,157500,156800,10176000,64.9,4364.587637136877,276944.928,63454.7086656
ILLINOIS,17,MONTGOMERY,135,17135,WEST SOUTHWEST,60,2024,1.0,154500,154000,9794000,63.6,4277.1613824638725,266548.607,62321.588868
ILLINOIS,17,MORGAN,137,17137,WEST SOUTHWEST,60,1980,1.0,104500,104000,3936600,38.0,2555.536675057031,107136.5373,42087.306768
ILLINOIS,17,MORGAN,137,17137,WEST SOUTHWEST,60,1981,1.0,109000,108000,4701200,43.5,2925.4169832889697,127945.5086,43706.049336000004
ILLINOIS,17,MORGAN,137,17137,WEST SOUTHWEST,60,1982,1.0,111000,110000,4724200,43.0,2891.7915007224296,128571.4651,44515.420620000004
ILLINOIS,17,MORGAN,137,17137,WEST SOUTHWEST,60,1983,1.0,109400,109000,3228500,29.5,1983.903471425853,87865.24175,44110.734978
ILLINOIS,17,MORGAN,137,17137,WEST SOUTHWEST,60,1984,1.0,104000,102000,3891600,38.0,2555.536675057031,105911.8398,41277.935484
ILLINOIS,17,MORGAN,137,17137,WEST SOUTHWEST,60,1985,1.0,107800,107000,5160400,48.0,3228.0463263878282,140442.8662,43301.363694
ILLINOIS,17,MORGAN,137,17137,WEST SOUTHWEST,60,1986,1.0,112700,112400,5163900,46.0,3093.544396121669,140538.12045,45486.6661608
ILLINOIS,17,MORGAN,137,17137,WEST SOUTHWEST,60,1987,1.0,111900,109300,4201600,38.5,2589.1621576235707,114348.6448,44232.1406706
ILLINOIS,17,MORGAN,137,17137,WEST SOUTHWEST,60,1988,1.0,112700,112300,3670400,32.5,2185.6563668250924,99891.77119999999,45446.1975966
ILLINOIS,17,MORGAN,137,17137,WEST SOUTHWEST,60,1989,1.0,110600,109400,5161200,47.0,3160.7953612547485,140464.6386,44272.6092348
ILLINOIS,17,MORGAN,137,17137,WEST SOUTHWEST,60,1990,1.0,113500,113400,4790100,42.0,2824.54053558935,130364.96655,45891.3518028
ILLINOIS,17,MORGAN,137,17137,WEST SOUTHWEST,60,1991,1.0,109000,108300,5198400,48.0,3228.0463263878282,141477.0552,43827.4550286
ILLINOIS,17,MORGAN,137,17137,WEST SOUTHWEST,60,1992,1.0,112000,110700,5036850,45.5,3059.918913555129,137080.39117499997,44798.7005694
ILLINOIS,17,MORGAN,137,17137,WEST SOUTHWEST,60,1993,1.0,114000,112000,5320000,47.5,3194.4208438212886,144786.46,45324.791904
ILLINOIS,17,MORGAN,137,17137,WEST SOUTHWEST,60,1994,1.0,118000,117500,5992500,51.0,3429.799221787068,163088.88375,47550.562935
ILLINOIS,17,MORGAN,137,17137,WEST SOUTHWEST,60,1995,1.0,114000,113300,4928550,43.5,2925.4169832889697,134132.952525,45850.8832386
ILLINOIS,17,MORGAN,137,17137,WEST SOUTHWEST,60,1996,1.0,118000,117700,5355350,45.5,3059.918913555129,145748.52792499997,47631.5000634
ILLINOIS,17,MORGAN,137,17137,WEST SOUTHWEST,60,1997,1.0,123000,122500,5512500,45.0,3026.293430988589,150025.44375,49573.991145
ILLINOIS,17,MORGAN,137,17137,WEST SOUTHWEST,60,1998,1.0,124000,123200,5790400,47.0,3160.7953612547485,157588.63119999997,49857.2710944
ILLINOIS,17,MORGAN,137,17137,WEST SOUTHWEST,60,1999,1.0,122000,121100,5570600,46.0,3093.544396121669,151606.66429999997,49007.4312462
ILLINOIS,17,MORGAN,137,17137,WEST SOUTHWEST,60,2000,1.0,122000,121800,5724600,47.0,3160.7953612547485,155797.85129999998,49290.7111956
ILLINOIS,17,MORGAN,137,17137,WEST SOUTHWEST,60,2001,1.0,122000,120700,5793600,48.0,3228.0463263878282,157675.72079999998,48845.5569894
ILLINOIS,17,MORGAN,137,17137,WEST SOUTHWEST,60,2002,1.0,119000,118700,6053700,51.0,3429.799221787068,164754.47235,48036.1857054
ILLINOIS,17,MORGAN,137,17137,WEST SOUTHWEST,60,2003,1.0,119000,118800,5702400,48.0,3228.0463263878282,155193.6672,48076.6542696
ILLINOIS,17,MORGAN,137,17137,WEST SOUTHWEST,60,2004,1.0,115000,114700,6308500,55.0,3698.8030823193867,171688.98175,46417.4431374
ILLINOIS,17,MORGAN,137,17137,WEST SOUTHWEST,60,2005,1.0,107000,106300,5208700,49.0,3295.2972915209084,141757.37485,43018.0837446
ILLINOIS,17,MORGAN,137,17137,WEST SOUTHWEST,60,2006,1.0,115000,114500,6068500,53.0,3564.3011520532273,165157.26175,46336.506009000004
ILLINOIS,17,MORGAN,137,17137,WEST SOUTHWEST,60,2007,1.0,91000,90900,4181400,46.0,3093.544396121669,113798.8917,36785.924857800004
ILLINOIS,17,MORGAN,137,17137,WEST SOUTHWEST,60,2008,1.0,103000,100800,5241600,52.0,3497.0501869201476,142652.76479999998,40792.312713600004
ILLINOIS,17,MORGAN,137,17137,WEST SOUTHWEST,60,2009,1.0,96000,95500,4966000,52.0,3497.0501869201476,135152.173,38647.478811
ILLINOIS,17,MORGAN,137,17137,WEST SOUTHWEST,60,2010,1.0,103000,102400,5544000,54.1,3638.277213699615,150882.732,41439.8097408
ILLINOIS,17,MORGAN,137,17137,WEST SOUTHWEST,60,2011,1.0,99000,98700,4992000,50.6,3402.8988357338358,135859.776,39942.4728654
ILLINOIS,17,MORGAN,137,17137,WEST SOUTHWEST,60,2012,1.0,100000,98800,4582000,46.4,3120.444782174901,124701.421,39982.9414296
ILLINOIS,17,MORGAN,137,17137,WEST SOUTHWEST,60,2013,1.0,102500,102500,5750000,56.1,3772.7791439657744,156489.125,41480.278305
ILLINOIS,17,MORGAN,137,17137,WEST SOUTHWEST,60,2014,1.0,108000,107800,6382000,59.2,3981.257135878322,173689.321,43625.1122076
ILLINOIS,17,MORGAN,137,17137,WEST SOUTHWEST,60,2015,1.0,108500,108300,6292000,58.1,3907.2810742319343,171239.926,43827.4550286
ILLINOIS,17,MORGAN,137,17137,WEST SOUTHWEST,60,2016,1.0,108000,107500,6496000,60.4,4061.9582940380174,176791.888,43503.706515
ILLINOIS,17,MORGAN,137,17137,WEST SOUTHWEST,60,2017,1.0,124500,124000,7469000,60.2,4048.508101011402,203272.5695,50181.019608
ILLINOIS,17,MORGAN,137,17137,WEST SOUTHWEST,60,2018,1.0,126000,122500,9770000,79.8,5366.627017619765,265895.435,49573.991145
ILLINOIS,17,MORGAN,137,17137,WEST SOUTHWEST,60,2019,1.0,120000,119800,7675000,64.1,4310.786865030413,208878.9625,48481.3399116
ILLINOIS,17,MORGAN,137,17137,WEST SOUTHWEST,60,2020,1.0,119000,118500,7454000,62.9,4230.085706870716,202864.337,47955.248577
ILLINOIS,17,MORGAN,137,17137,WEST SOUTHWEST,60,2022,1.0,123000,122500,8575000,70.0,4707.567559315583,233372.9125,49573.991145
ILLINOIS,17,MORGAN,137,17137,WEST SOUTHWEST,60,2023,1.0,119000,117500,7990000,68.0,4573.0656290494235,217451.845,47550.562935
ILLINOIS,17,MORGAN,137,17137,WEST SOUTHWEST,60,2024,1.0,124500,124000,9027000,72.8,4895.8702616882065,245674.3185,50181.019608
ILLINOIS,17,MOULTRIE,139,17139,EAST SOUTHEAST,70,1980,1.0,82400,82000,2979500,36.5,2454.6602273574113,81088.58225,33184.222644
ILLINOIS,17,MOULTRIE,139,17139,EAST SOUTHEAST,70,1981,1.0,78600,78000,3373300,43.0,2891.7915007224296,91806.04615,31565.480076
ILLINOIS,17,MOULTRIE,139,17139,EAST SOUTHEAST,70,1982,1.0,78200,78000,3319300,42.5,2858.1660181558896,90336.40914999999,31565.480076
ILLINOIS,17,MOULTRIE,139,17139,EAST SOUTHEAST,70,1983,1.0,80100,80000,2878700,36.0,2421.034744790871,78345.25984999999,32374.85136
ILLINOIS,17,MOULTRIE,139,17139,EAST SOUTHEAST,70,1984,1.0,83100,82000,2530200,31.0,2084.7799191254726,68860.6581,33184.222644
ILLINOIS,17,MOULTRIE,139,17139,EAST SOUTHEAST,70,1985,1.0,82600,82000,4042700,49.5,3328.922774087448,110024.10184999999,33184.222644
ILLINOIS,17,MOULTRIE,139,17139,EAST SOUTHEAST,70,1986,1.0,80400,80000,3875100,48.5,3261.6718089543683,105462.78405,32374.85136
ILLINOIS,17,MOULTRIE,139,17139,EAST SOUTHEAST,70,1987,1.0,78100,77300,3280200,42.5,2858.1660181558896,89272.2831,31282.2001266
ILLINOIS,17,MOULTRIE,139,17139,EAST SOUTHEAST,70,1988,1.0,78800,78700,2216000,28.0,1883.0270237262332,60309.548,31848.760025400003
ILLINOIS,17,MOULTRIE,139,17139,EAST SOUTHEAST,70,1989,1.0,76800,76400,3300800,43.0,2891.7915007224296,89832.9224,30917.9830488
ILLINOIS,17,MOULTRIE,139,17139,EAST SOUTHEAST,70,1990,1.0,97300,96800,4088900,42.0,2824.54053558935,111281.45794999998,39173.5701456
ILLINOIS,17,MOULTRIE,139,17139,EAST SOUTHEAST,70,1991,1.0,81000,80000,3040000,38.0,2555.536675057031,82735.12,32374.85136
ILLINOIS,17,MOULTRIE,139,17139,EAST SOUTHEAST,70,1992,1.0,86000,84800,4197600,49.5,3328.922774087448,114239.7828,34317.3424416
ILLINOIS,17,MOULTRIE,139,17139,EAST SOUTHEAST,70,1993,1.0,83000,82000,3895000,47.5,3194.4208438212886,106004.3725,33184.222644
ILLINOIS,17,MOULTRIE,139,17139,EAST SOUTHEAST,70,1994,1.0,79000,78900,3905550,49.5,3328.922774087448,106291.49602499999,31929.6971538
ILLINOIS,17,MOULTRIE,139,17139,EAST SOUTHEAST,70,1995,1.0,80000,79600,3263600,41.0,2757.28957045627,88820.5058,32212.977103200003
ILLINOIS,17,MOULTRIE,139,17139,EAST SOUTHEAST,70,1996,1.0,80000,79800,3271800,41.0,2757.28957045627,89043.67289999999,32293.9142316
ILLINOIS,17,MOULTRIE,139,17139,EAST SOUTHEAST,70,1997,1.0,83000,82700,3597450,43.5,2925.4169832889697,97906.40047499999,33467.5025934
ILLINOIS,17,MOULTRIE,139,17139,EAST SOUTHEAST,70,1998,1.0,87000,86900,3910500,45.0,3026.293430988589,106426.21275,35167.1822898
ILLINOIS,17,MOULTRIE,139,17139,EAST SOUTHEAST,70,1999,1.0,85000,84700,3811500,45.0,3026.293430988589,103731.87825,34276.8738774
ILLINOIS,17,MOULTRIE,139,17139,EAST SOUTHEAST,70,2000,1.0,85000,84900,4075200,48.0,3228.0463263878282,110908.6056,34357.8110058
ILLINOIS,17,MOULTRIE,139,17139,EAST SOUTHEAST,70,2001,1.0,84000,83500,4175000,50.0,3362.548256653988,113624.7125,33791.251107000004
ILLINOIS,17,MOULTRIE,139,17139,EAST SOUTHEAST,70,2002,1.0,84000,83700,3682800,44.0,2959.0424658555094,100229.24339999999,33872.188235400004
ILLINOIS,17,MOULTRIE,139,17139,EAST SOUTHEAST,70,2003,1.0,79000,78800,3624800,46.0,3093.544396121669,98650.7444,31889.2285896
ILLINOIS,17,MOULTRIE,139,17139,EAST SOUTHEAST,70,2004,1.0,78000,77800,4279000,55.0,3698.8030823193867,116455.1245,31484.542947600003
ILLINOIS,17,MOULTRIE,139,17139,EAST SOUTHEAST,70,2005,1.0,72000,71800,3805400,53.0,3564.3011520532273,103565.86369999999,29056.4290956
ILLINOIS,17,MOULTRIE,139,17139,EAST SOUTHEAST,70,2006,1.0,76000,75600,4158000,55.0,3698.8030823193867,113162.049,30594.2345352
ILLINOIS,17,MOULTRIE,139,17139,EAST SOUTHEAST,70,2007,1.0,61000,60900,3349500,55.0,3698.8030823193867,91158.31725,24645.3555978
ILLINOIS,17,MOULTRIE,139,17139,EAST SOUTHEAST,70,2008,1.0,68000,67400,3437400,51.0,3429.799221787068,93550.55969999998,27275.8122708
ILLINOIS,17,MOULTRIE,139,17139,EAST SOUTHEAST,70,2009,1.0,70000,69700,3833500,55.0,3698.8030823193867,104330.61925,28206.5892474
ILLINOIS,17,MOULTRIE,139,17139,EAST SOUTHEAST,70,2010,1.0,72000,71800,4507000,62.8,4223.360610357408,122660.2585,29056.4290956
ILLINOIS,17,MOULTRIE,139,17139,EAST SOUTHEAST,70,2011,1.0,70000,69900,3380000,48.4,3254.9467124410603,91988.39,28287.5263758
ILLINOIS,17,MOULTRIE,139,17139,EAST SOUTHEAST,70,2012,1.0,72000,71700,3264000,45.5,3059.918913555129,88831.392,29015.9605314
ILLINOIS,17,MOULTRIE,139,17139,EAST SOUTHEAST,70,2013,1.0,75300,75300,4290000,57.0,3833.305012585546,116754.495,30472.8288426
ILLINOIS,17,MOULTRIE,139,17139,EAST SOUTHEAST,70,2014,1.0,77100,77000,4895000,63.6,4277.1613824638725,133219.8725,31160.794434
ILLINOIS,17,MOULTRIE,139,17139,EAST SOUTHEAST,70,2015,1.0,78900,78800,5105000,64.8,4357.862540623568,138935.1275,31889.2285896
ILLINOIS,17,MOULTRIE,139,17139,EAST SOUTHEAST,70,2016,1.0,78800,78400,5372000,68.5,4606.691111615964,146201.666,31727.3543328
ILLINOIS,17,MOULTRIE,139,17139,EAST SOUTHEAST,70,2017,1.0,81500,81100,5384000,66.4,4465.464084836496,146528.252,32820.0055662
ILLINOIS,17,MOULTRIE,139,17139,EAST SOUTHEAST,70,2018,1.0,83000,81000,6150000,75.9,5104.348253600754,167375.325,32779.537002000005
ILLINOIS,17,MOULTRIE,139,17139,EAST SOUTHEAST,70,2019,1.0,81300,81200,4819000,59.3,3987.9822323916296,131151.4945,32860.4741304
ILLINOIS,17,MOULTRIE,139,17139,EAST SOUTHEAST,70,2020,1.0,81400,81100,5272000,65.0,4371.312733650185,143480.116,32820.0055662
ILLINOIS,17,MOULTRIE,139,17139,EAST SOUTHEAST,70,2021,1.0,85300,84600,6125000,72.4,4868.969875634975,166694.9375,34236.405313200004
ILLINOIS,17,MOULTRIE,139,17139,EAST SOUTHEAST,70,2022,1.0,81400,81100,5330000,65.7,4418.38840924334,145058.615,32820.0055662
ILLINOIS,17,MOULTRIE,139,17139,EAST SOUTHEAST,70,2023,1.0,81400,81000,5873000,72.5,4875.694972148282,159836.6315,32779.537002000005
ILLINOIS,17,MOULTRIE,139,17139,EAST SOUTHEAST,70,2025,1.0,81700,81200,5400000,66.5,4472.189181349804,146963.7,32860.4741304
ILLINOIS,17,OGLE,141,17141,NORTHWEST,10,1980,1.0,74300,74000,2960500,40.0,2690.0386053231905,80571.48775,29946.737508000002
ILLINOIS,17,OGLE,141,17141,NORTHWEST,10,1981,1.0,62000,61500,2709800,44.0,2959.0424658555094,73748.56189999999,24888.166983
ILLINOIS,17,OGLE,141,17141,NORTHWEST,10,1982,1.0,65800,65200,2606300,40.0,2690.0386053231905,70931.75764999999,26385.5038584
ILLINOIS,17,OGLE,141,17141,NORTHWEST,10,1983,1.0,61100,61000,2315900,38.0,2555.536675057031,63028.376449999996,24685.824162
ILLINOIS,17,OGLE,141,17141,NORTHWEST,10,1984,1.0,66400,65500,2425300,37.0,2488.285709923951,66005.75215,26506.909551
ILLINOIS,17,OGLE,141,17141,NORTHWEST,10,1985,1.0,65700,65000,2780200,43.0,2891.7915007224296,75664.5331,26304.566730000002
ILLINOIS,17,OGLE,141,17141,NORTHWEST,10,1986,1.0,66100,65900,2698500,41.0,2757.28957045627,73441.02675,26668.783807800002
ILLINOIS,17,OGLE,141,17141,NORTHWEST,10,1987,1.0,62500,62000,2909500,47.0,3160.7953612547485,79183.49725,25090.509804
ILLINOIS,17,OGLE,141,17141,NORTHWEST,10,1988,1.0,64600,63900,1895700,29.5,1983.903471425853,51592.42335,25859.4125238
ILLINOIS,17,OGLE,141,17141,NORTHWEST,10,1989,1.0,72000,71400,3226600,45.0,3026.293430988589,87813.53229999999,28894.554838800002
ILLINOIS,17,OGLE,141,17141,NORTHWEST,10,1990,1.0,67900,65300,3047000,46.5,3127.169878688209,82925.6285,26425.9724226
ILLINOIS,17,OGLE,141,17141,NORTHWEST,10,1991,1.0,72000,71200,3275200,46.0,3093.544396121669,89136.2056,28813.6177104
ILLINOIS,17,OGLE,141,17141,NORTHWEST,10,1992,1.0,79000,78200,3401700,43.5,2925.4169832889697,92578.96634999999,31646.4172044
ILLINOIS,17,OGLE,141,17141,NORTHWEST,10,1993,1.0,78000,76500,3268000,42.5,2858.1660181558896,88940.254,30958.451613
ILLINOIS,17,OGLE,141,17141,NORTHWEST,10,1994,1.0,83000,82600,4130000,50.0,3362.548256653988,112400.015,33427.034029200004
ILLINOIS,17,OGLE,141,17141,NORTHWEST,10,1995,1.0,88000,87800,4214400,48.0,3228.0463263878282,114697.00319999999,35531.3993676
ILLINOIS,17,OGLE,141,17141,NORTHWEST,10,1996,1.0,101000,98700,4145400,42.0,2824.54053558935,112819.13369999999,39942.4728654
ILLINOIS,17,OGLE,141,17141,NORTHWEST,10,1997,1.0,105000,104600,5020800,48.0,3228.0463263878282,136643.5824,42330.118153200005
ILLINOIS,17,OGLE,141,17141,NORTHWEST,10,1998,1.0,105000,104900,5717050,54.5,3665.177599752847,155592.374275,42451.5238458
ILLINOIS,17,OGLE,141,17141,NORTHWEST,10,1999,1.0,120000,119500,6094500,51.0,3429.799221787068,165864.86475,48359.934219
ILLINOIS,17,OGLE,141,17141,NORTHWEST,10,2000,1.0,121000,120500,5181500,43.0,2891.7915007224296,141017.11325,48764.619861
ILLINOIS,17,OGLE,141,17141,NORTHWEST,10,2001,1.0,126000,125100,5879700,47.0,3160.7953612547485,160018.97535,50626.1738142
ILLINOIS,17,OGLE,141,17141,NORTHWEST,10,2002,1.0,123000,122700,5153400,42.0,2824.54053558935,140252.3577,49654.9282734
ILLINOIS,17,OGLE,141,17141,NORTHWEST,10,2003,1.0,114000,112900,3048300,27.0,1815.7760585931535,82961.00864999999,45689.0089818
ILLINOIS,17,OGLE,141,17141,NORTHWEST,10,2004,1.0,106000,105800,5290000,50.0,3362.548256653988,143969.995,42815.7409236
ILLINOIS,17,OGLE,141,17141,NORTHWEST,10,2005,1.0,97000,96400,4434400,46.0,3093.544396121669,120684.41319999998,39011.6958888
ILLINOIS,17,OGLE,141,17141,NORTHWEST,10,2006,1.0,102000,101500,5481000,54.0,3631.552117186307,149168.1555,41075.592663
ILLINOIS,17,OGLE,141,17141,NORTHWEST,10,2007,1.0,74000,73800,3763800,51.0,3429.799221787068,102433.69889999999,29865.8003796
ILLINOIS,17,OGLE,141,17141,NORTHWEST,10,2008,1.0,73000,72900,3280500,45.0,3026.293430988589,89280.44775,29501.5833018
ILLINOIS,17,OGLE,141,17141,NORTHWEST,10,2009,1.0,87000,86900,3910500,45.0,3026.293430988589,106426.21275,35167.1822898
ILLINOIS,17,OGLE,141,17141,NORTHWEST,10,2010,1.0,86000,85400,4832000,56.6,3806.4046265323145,131505.296,34560.1538268
ILLINOIS,17,OGLE,141,17141,NORTHWEST,10,2011,1.0,76000,75900,4544000,59.9,4028.3328114714777,123667.232,30715.640227800002
ILLINOIS,17,OGLE,141,17141,NORTHWEST,10,2012,1.0,82000,81300,4130000,50.8,3416.349028760452,112400.015,32900.9426946
ILLINOIS,17,OGLE,141,17141,NORTHWEST,10,2013,1.0,76400,76400,4138000,54.2,3645.002310212923,112617.739,30917.9830488
ILLINOIS,17,OGLE,141,17141,NORTHWEST,10,2014,1.0,98900,98700,5943000,60.2,4048.508101011402,161741.7165,39942.4728654
ILLINOIS,17,OGLE,141,17141,NORTHWEST,10,2015,1.0,97500,97400,5867000,60.2,4048.508101011402,159673.3385,39416.3815308
ILLINOIS,17,OGLE,141,17141,NORTHWEST,10,2016,1.0,104000,103000,6759000,65.6,4411.663312730032,183949.5645,41682.621126
ILLINOIS,17,OGLE,141,17141,NORTHWEST,10,2017,1.0,110000,109500,6022000,55.0,3698.8030823193867,163891.741,44313.077799
ILLINOIS,17,OGLE,141,17141,NORTHWEST,10,2018,1.0,116000,112700,7241000,64.3,4324.237058057029,197067.4355,45608.071853400004
ILLINOIS,17,OGLE,141,17141,NORTHWEST,10,2019,1.0,99500,98600,5905000,59.9,4028.3328114714777,160707.5275,39902.0043012
ILLINOIS,17,OGLE,141,17141,NORTHWEST,10,2020,1.0,107500,106700,6605000,61.9,4162.834741737637,179758.3775,43179.9580014
ILLINOIS,17,OGLE,141,17141,NORTHWEST,10,2021,1.0,115000,114000,7045000,61.8,4156.109645224329,191733.1975,46134.163188
ILLINOIS,17,OGLE,141,17141,NORTHWEST,10,2022,1.0,130000,129600,8761000,67.6,4546.165242996191,238434.9955,52447.2592032
ILLINOIS,17,OGLE,141,17141,NORTHWEST,10,2023,1.0,113500,113000,6983000,61.8,4156.109645224329,190045.8365,45729.477546
ILLINOIS,17,PEORIA,143,17143,CENTRAL,40,1980,1.0,64200,64000,2452800,38.5,2589.1621576235707,66754.1784,25899.881088000002
ILLINOIS,17,PEORIA,143,17143,CENTRAL,40,1981,1.0,67600,67000,2848500,42.5,2858.1660181558896,77523.35175,27113.938014
ILLINOIS,17,PEORIA,143,17143,CENTRAL,40,1982,1.0,67800,67200,2790100,41.5,2790.91505302281,75933.96655,27194.8751424
ILLINOIS,17,PEORIA,143,17143,CENTRAL,40,1983,1.0,67100,67000,2298300,34.5,2320.158297091252,62549.383649999996,27113.938014
ILLINOIS,17,PEORIA,143,17143,CENTRAL,40,1984,1.0,64800,64000,2179300,34.0,2286.5328145247117,59310.73915,25899.881088000002
ILLINOIS,17,PEORIA,143,17143,CENTRAL,40,1985,1.0,67600,67000,3170100,47.5,3194.4208438212886,86275.85655,27113.938014
ILLINOIS,17,PEORIA,143,17143,CENTRAL,40,1986,1.0,70800,70400,3199200,45.5,3059.918913555129,87067.82759999999,28489.869196800002
ILLINOIS,17,PEORIA,143,17143,CENTRAL,40,1987,1.0,69200,68600,2739800,40.0,2690.0386053231905,74565.0269,27761.435041200002
ILLINOIS,17,PEORIA,143,17143,CENTRAL,40,1988,1.0,67100,66300,2033600,30.5,2051.1544365589325,55345.4408,26830.6580646
ILLINOIS,17,PEORIA,143,17143,CENTRAL,40,1989,1.0,73500,73400,3134700,42.5,2858.1660181558896,85312.42785,29703.9261228
ILLINOIS,17,PEORIA,143,17143,CENTRAL,40,1990,1.0,80500,80300,3431400,42.5,2858.1660181558896,93387.2667,32496.2570526
ILLINOIS,17,PEORIA,143,17143,CENTRAL,40,1991,1.0,82000,80700,3550800,44.0,2959.0424658555094,96636.7974,32658.1313094
ILLINOIS,17,PEORIA,143,17143,CENTRAL,40,1992,1.0,83000,82500,3588750,43.5,2925.4169832889697,97669.625625,33386.565465
ILLINOIS,17,PEORIA,143,17143,CENTRAL,40,1993,1.0,82000,80000,3760000,47.0,3160.7953612547485,102330.28,32374.85136
ILLINOIS,17,PEORIA,143,17143,CENTRAL,40,1994,1.0,84000,83900,4069150,48.5,3261.6718089543683,110743.95182499998,33953.1253638
ILLINOIS,17,PEORIA,143,17143,CENTRAL,40,1995,1.0,83000,82700,3514750,42.5,2858.1660181558896,95655.678625,33467.5025934
ILLINOIS,17,PEORIA,143,17143,CENTRAL,40,1996,1.0,84000,83600,3720200,44.5,2992.6679484220494,101247.1031,33831.7196712
ILLINOIS,17,PEORIA,143,17143,CENTRAL,40,1997,1.0,90000,89600,4256000,47.5,3194.4208438212886,115829.168,36259.8335232
ILLINOIS,17,PEORIA,143,17143,CENTRAL,40,1998,1.0,92000,91600,4763200,52.0,3497.0501869201476,129632.86959999999,37069.2048072
ILLINOIS,17,PEORIA,143,17143,CENTRAL,40,1999,1.0,90000,89600,4211200,47.0,3160.7953612547485,114609.9136,36259.8335232
ILLINOIS,17,PEORIA,143,17143,CENTRAL,40,2000,1.0,89000,88800,4084800,46.0,3093.544396121669,111169.87439999999,35936.0850096
ILLINOIS,17,PEORIA,143,17143,CENTRAL,40,2001,1.0,91000,90500,4163000,46.0,3093.544396121669,113298.1265,36624.050601
ILLINOIS,17,PEORIA,143,17143,CENTRAL,40,2002,1.0,91000,90100,4324800,48.0,3228.0463263878282,117701.59439999999,36462.1763442
ILLINOIS,17,PEORIA,143,17143,CENTRAL,40,2003,1.0,86000,85900,3350100,39.0,2622.787640190111,91174.64654999999,34762.4966478
ILLINOIS,17,PEORIA,143,17143,CENTRAL,40,2004,1.0,83000,82300,4526500,55.0,3698.8030823193867,123190.96075,33305.6283366
ILLINOIS,17,PEORIA,143,17143,CENTRAL,40,2005,1.0,80000,78500,3532500,45.0,3026.293430988589,96138.75375,31767.822897000002
ILLINOIS,17,PEORIA,143,17143,CENTRAL,40,2006,1.0,81000,80700,4196400,52.0,3497.0501869201476,114207.12419999999,32658.1313094
ILLINOIS,17,PEORIA,143,17143,CENTRAL,40,2007,1.0,67000,66900,3211200,48.0,3228.0463263878282,87394.4136,27073.469449800003
ILLINOIS,17,PEORIA,143,17143,CENTRAL,40,2008,1.0,69000,68800,3577600,52.0,3497.0501869201476,97366.1728,27842.3721696
ILLINOIS,17,PEORIA,143,17143,CENTRAL,40,2009,1.0,71000,70700,3181500,45.0,3026.293430988589,86586.11325,28611.2748894
ILLINOIS,17,PEORIA,143,17143,CENTRAL,40,2010,1.0,76000,75800,4153000,54.8,3685.3528892927707,113025.9715,30675.171663600002
ILLINOIS,17,PEORIA,143,17143,CENTRAL,40,2011,1.0,77000,76900,4458000,58.0,3900.555977718626,121326.699,31120.325869800003
ILLINOIS,17,PEORIA,143,17143,CENTRAL,40,2012,1.0,80000,79700,4308000,54.1,3638.277213699615,117244.374,32253.4456674
ILLINOIS,17,PEORIA,143,17143,CENTRAL,40,2013,1.0,83500,83400,4254000,51.0,3429.799221787068,115774.737,33750.7825428
ILLINOIS,17,PEORIA,143,17143,CENTRAL,40,2014,1.0,84400,84200,4827000,57.3,3853.48030212547,131369.2185,34074.5310564
ILLINOIS,17,PEORIA,143,17143,CENTRAL,40,2015,1.0,86600,86400,5248000,60.7,4082.1335835779414,142826.944,34964.839468800004
ILLINOIS,17,PEORIA,143,17143,CENTRAL,40,2016,1.0,84900,84300,5054000,60.0,4035.0579079847857,137547.137,34114.9996206
ILLINOIS,17,PEORIA,143,17143,CENTRAL,40,2017,1.0,87300,86800,5544000,63.9,4297.336672003797,150882.732,35126.7137256
ILLINOIS,17,PEORIA,143,17143,CENTRAL,40,2018,1.0,88000,85600,5697000,66.6,4478.914277863111,155046.7035,34641.0909552
ILLINOIS,17,PEORIA,143,17143,CENTRAL,40,2019,1.0,84500,82500,4568000,55.4,3725.7034683726188,124320.404,33386.565465
ILLINOIS,17,PEORIA,143,17143,CENTRAL,40,2020,1.0,83700,83300,5431000,65.2,4384.762926676801,147807.3805,33710.3139786
ILLINOIS,17,PEORIA,143,17143,CENTRAL,40,2021,1.0,86600,85900,5987000,69.7,4687.39226977566,162939.1985,34762.4966478
ILLINOIS,17,PEORIA,143,17143,CENTRAL,40,2022,1.0,87400,87100,5574000,64.0,4304.061768517105,151699.197,35248.1194182
ILLINOIS,17,PEORIA,143,17143,CENTRAL,40,2023,1.0,85600,85200,6024000,70.7,4754.643234908739,163946.172,34479.2166984
ILLINOIS,17,PEORIA,143,17143,CENTRAL,40,2024,1.0,89200,88900,6152000,69.2,4653.76678720912,167429.756,35976.5535738
ILLINOIS,17,PEORIA,143,17143,CENTRAL,40,2025,1.0,84000,83500,5979000,71.6,4815.16910352851,162721.4745,33791.251107000004
ILLINOIS,17,PERRY,145,17145,SOUTHWEST,80,1980,1.0,60500,60000,1580700,26.5,1782.1505760266136,43019.540850000005,24281.13852
ILLINOIS,17,PERRY,145,17145,SOUTHWEST,80,1981,1.0,64600,64000,1747200,27.5,1849.4015411596934,47550.921599999994,25899.881088000002
ILLINOIS,17,PERRY,145,17145,SOUTHWEST,80,1982,1.0,67700,67000,1951400,29.0,1950.277988859313,53108.3267,27113.938014
ILLINOIS,17,PERRY,145,17145,SOUTHWEST,80,1983,1.0,71700,71000,1158500,16.5,1109.640924695816,31529.15675,28732.680582
ILLINOIS,17,PERRY,145,17145,SOUTHWEST,80,1984,1.0,62600,61000,1284800,21.0,1412.270267794675,34966.4744,24685.824162
ILLINOIS,17,PERRY,145,17145,SOUTHWEST,80,1985,1.0,58900,58000,1721100,29.5,1983.903471425853,46840.59705,23471.767236
ILLINOIS,17,PERRY,145,17145,SOUTHWEST,80,1986,1.0,58900,56900,1875300,33.0,2219.281849391632,51037.22715,23026.6130298
ILLINOIS,17,PERRY,145,17145,SOUTHWEST,80,1987,1.0,53200,52400,1648100,31.5,2118.405401692012,44853.865549999995,21205.5276408
ILLINOIS,17,PERRY,145,17145,SOUTHWEST,80,1988,1.0,53800,52900,1330000,25.0,1681.274128326994,36196.615,21407.8704618
ILLINOIS,17,PERRY,145,17145,SOUTHWEST,80,1989,1.0,54100,53900,1311600,24.5,1647.6486457604542,35695.849799999996,21812.5561038
ILLINOIS,17,PERRY,145,17145,SOUTHWEST,80,1990,1.0,56500,55900,1565000,28.0,1883.0270237262332,42592.2575,22621.927387800002
ILLINOIS,17,PERRY,145,17145,SOUTHWEST,80,1991,1.0,55000,53900,1509200,28.0,1883.0270237262332,41073.632600000004,21812.5561038
ILLINOIS,17,PERRY,145,17145,SOUTHWEST,80,1992,1.0,58000,57600,1756800,30.5,2051.1544365589325,47812.1904,23309.8929792
ILLINOIS,17,PERRY,145,17145,SOUTHWEST,80,1993,1.0,56000,55000,2007500,36.5,2454.6602273574113,54635.11625,22257.710310000002
ILLINOIS,17,PERRY,145,17145,SOUTHWEST,80,1994,1.0,60000,59300,1956900,33.0,2219.281849391632,53258.01194999999,23997.8585706
ILLINOIS,17,PERRY,145,17145,SOUTHWEST,80,1995,1.0,65000,64700,1682200,26.0,1748.5250934600738,45781.9141,26183.1610374
ILLINOIS,17,PERRY,145,17145,SOUTHWEST,80,1996,1.0,56000,55100,1542800,28.0,1883.0270237262332,41988.0734,22298.1788742
ILLINOIS,17,PERRY,145,17145,SOUTHWEST,80,1997,1.0,61000,60800,2006400,33.0,2219.281849391632,54605.1792,24604.8870336
ILLINOIS,17,PERRY,145,17145,SOUTHWEST,80,1998,1.0,60000,59300,1719700,29.0,1950.277988859313,46802.49535,23997.8585706
ILLINOIS,17,PERRY,145,17145,SOUTHWEST,80,1999,1.0,70000,69800,1745000,25.0,1681.274128326994,47491.0475,28247.0578116
ILLINOIS,17,PERRY,145,17145,SOUTHWEST,80,2000,1.0,72000,71700,2437800,34.0,2286.5328145247117,66345.94589999999,29015.9605314
ILLINOIS,17,PERRY,145,17145,SOUTHWEST,80,2001,1.0,76000,75600,2948400,39.0,2622.787640190111,80242.1802,30594.2345352
ILLINOIS,17,PERRY,145,17145,SOUTHWEST,80,2002,1.0,85000,84700,1948100,23.0,1546.7721980608344,53018.51555,34276.8738774
ILLINOIS,17,PERRY,145,17145,SOUTHWEST,80,2003,1.0,91000,90900,2454300,27.0,1815.7760585931535,66795.00165,36785.924857800004
ILLINOIS,17,PERRY,145,17145,SOUTHWEST,80,2004,1.0,80000,79800,3351600,42.0,2824.54053558935,91215.46979999999,32293.9142316
ILLINOIS,17,PERRY,145,17145,SOUTHWEST,80,2005,1.0,77000,76700,3144700,41.0,2757.28957045627,85584.58284999999,31039.388741400002
ILLINOIS,17,PERRY,145,17145,SOUTHWEST,80,2006,1.0,90000,89600,3315200,37.0,2488.285709923951,90224.8256,36259.8335232
ILLINOIS,17,PERRY,145,17145,SOUTHWEST,80,2007,1.0,75000,74800,1570800,21.0,1412.270267794675,42750.1074,30270.4860216
ILLINOIS,17,PERRY,145,17145,SOUTHWEST,80,2008,1.0,87000,86300,3969800,46.0,3093.544396121669,108040.09189999998,34924.3709046
ILLINOIS,17,PERRY,145,17145,SOUTHWEST,80,2009,1.0,88000,85300,3070800,36.0,2421.034744790871,83573.3574,34519.6852626
ILLINOIS,17,PERRY,145,17145,SOUTHWEST,80,2010,1.0,80000,79700,3398000,42.6,2864.891114669198,92478.269,32253.4456674
ILLINOIS,17,PERRY,145,17145,SOUTHWEST,80,2011,1.0,77000,75800,2562000,33.8,2273.0826214980957,69726.111,30675.171663600002
ILLINOIS,17,PERRY,145,17145,SOUTHWEST,80,2012,1.0,82000,73400,1676000,22.8,1533.3220050342186,45613.178,29703.9261228
ILLINOIS,17,PERRY,145,17145,SOUTHWEST,80,2013,1.0,87600,87500,2971000,34.0,2286.5328145247117,80857.2505,35409.993675
ILLINOIS,17,PERRY,145,17145,SOUTHWEST,80,2014,1.0,86300,86100,3529000,41.0,2757.28957045627,96043.4995,34843.4337762
ILLINOIS,17,PERRY,145,17145,SOUTHWEST,80,2015,1.0,76200,76000,3258000,42.9,2885.0664042091216,88668.099,30756.108792000003
ILLINOIS,17,PERRY,145,17145,SOUTHWEST,80,2016,1.0,92000,91400,4386000,48.0,3228.0463263878282,119367.183,36988.2676788
ILLINOIS,17,PERRY,145,17145,SOUTHWEST,80,2017,1.0,94000,93700,4002000,42.7,2871.616211182506,108916.431,37919.0446554
ILLINOIS,17,PERRY,145,17145,SOUTHWEST,80,2018,1.0,97000,94400,4953000,52.5,3530.675669486687,134798.3715,38202.3246048
ILLINOIS,17,PERRY,145,17145,SOUTHWEST,80,2019,1.0,95100,95000,3380000,35.6,2394.1343587376396,91988.39,38445.13599
ILLINOIS,17,PERRY,145,17145,SOUTHWEST,80,2020,1.0,91100,90700,4372000,48.2,3241.4965194144447,118986.166,36704.9877294
ILLINOIS,17,PERRY,145,17145,SOUTHWEST,80,2021,1.0,91800,90900,4836000,53.2,3577.7513450798433,131614.158,36785.924857800004
ILLINOIS,17,PERRY,145,17145,SOUTHWEST,80,2022,1.0,96700,96300,4179000,43.4,2918.6918867756613,113733.5745,38971.227324600004
ILLINOIS,17,PERRY,145,17145,SOUTHWEST,80,2023,1.0,87300,86900,4197000,48.3,3248.2216159277523,114223.4535,35167.1822898
ILLINOIS,17,PERRY,145,17145,SOUTHWEST,80,2024,1.0,96600,95700,4890000,51.1,3436.524318300376,133083.795,38728.4159394
ILLINOIS,17,PERRY,145,17145,SOUTHWEST,80,2025,1.0,92700,91900,3217000,35.0,2353.7837796577915,87552.2635,37190.6104998
ILLINOIS,17,PIATT,147,17147,EAST,50,1980,1.0,110500,110000,4188800,38.0,2555.536675057031,114000.2864,44515.420620000004
ILLINOIS,17,PIATT,147,17147,EAST,50,1981,1.0,117000,116000,4622700,40.0,2690.0386053231905,125809.09185,46943.534472
ILLINOIS,17,PIATT,147,17147,EAST,50,1982,1.0,115500,115000,4980200,43.5,2925.4169832889697,135538.6331,46538.84883
ILLINOIS,17,PIATT,147,17147,EAST,50,1983,1.0,119300,119000,4328800,36.5,2454.6602273574113,117810.4564,48157.591398000004
ILLINOIS,17,PIATT,147,17147,EAST,50,1984,1.0,121300,120000,4208600,35.0,2353.7837796577915,114539.15329999999,48562.27704
ILLINOIS,17,PIATT,147,17147,EAST,50,1985,1.0,119900,119000,6042500,51.0,3429.799221787068,164449.65875,48157.591398000004
ILLINOIS,17,PIATT,147,17147,EAST,50,1986,1.0,114600,114400,5484300,48.0,3228.0463263878282,149257.96665000002,46296.0374448
ILLINOIS,17,PIATT,147,17147,EAST,50,1987,1.0,111800,110800,5254900,47.5,3194.4208438212886,143014.73095,44839.1691336
ILLINOIS,17,PIATT,147,17147,EAST,50,1988,1.0,110500,110200,3435500,31.0,2084.7799191254726,93498.85025,44596.3577484
ILLINOIS,17,PIATT,147,17147,EAST,50,1989,1.0,116000,115600,5224000,45.0,3026.293430988589,142173.772,46781.6602152
ILLINOIS,17,PIATT,147,17147,EAST,50,1990,1.0,118700,118600,5301000,44.5,2992.6679484220494,144269.3655,47995.7171412
ILLINOIS,17,PIATT,147,17147,EAST,50,1991,1.0,122000,121200,5514600,45.5,3059.918913555129,150082.59629999998,49047.8998104
ILLINOIS,17,PIATT,147,17147,EAST,50,1992,1.0,126000,125700,6159300,49.0,3295.2972915209084,167628.42915,50868.9851994
ILLINOIS,17,PIATT,147,17147,EAST,50,1993,1.0,125000,124000,6200000,50.0,3362.548256653988,168736.1,50181.019608
ILLINOIS,17,PIATT,147,17147,EAST,50,1994,1.0,120000,119600,6219200,52.0,3497.0501869201476,169258.6376,48400.4027832
ILLINOIS,17,PIATT,147,17147,EAST,50,1995,1.0,120000,119400,5134200,43.0,2891.7915007224296,139729.82009999998,48319.4656548
ILLINOIS,17,PIATT,147,17147,EAST,50,1996,1.0,115000,114900,5572650,48.5,3261.6718089543683,151662.456075,46498.3802658
ILLINOIS,17,PIATT,147,17147,EAST,50,1997,1.0,117000,116700,5426550,46.5,3127.169878688209,147686.27152500002,47226.8144214
ILLINOIS,17,PIATT,147,17147,EAST,50,1998,1.0,122000,120700,5612550,46.5,3127.169878688209,152748.354525,48845.5569894
ILLINOIS,17,PIATT,147,17147,EAST,50,1999,1.0,126000,125400,6897000,55.0,3698.8030823193867,187705.3035,50747.5795068
ILLINOIS,17,PIATT,147,17147,EAST,50,2000,1.0,120000,119800,5990000,50.0,3362.548256653988,163020.845,48481.3399116
ILLINOIS,17,PIATT,147,17147,EAST,50,2001,1.0,128000,126700,6081600,48.0,3228.0463263878282,165513.7848,51273.6708414
ILLINOIS,17,PIATT,147,17147,EAST,50,2002,1.0,122000,121700,6328400,52.0,3497.0501869201476,172230.5702,49250.242631400004
ILLINOIS,17,PIATT,147,17147,EAST,50,2003,1.0,123000,122400,5018400,41.0,2757.28957045627,136578.2652,49533.5225808
ILLINOIS,17,PIATT,147,17147,EAST,50,2004,1.0,116000,115600,6242400,54.0,3631.552117186307,169890.0372,46781.6602152
ILLINOIS,17,PIATT,147,17147,EAST,50,2005,1.0,114000,113500,6356000,56.0,3766.0540474524664,172981.718,45931.820367
ILLINOIS,17,PIATT,147,17147,EAST,50,2006,1.0,115000,114500,6297500,55.0,3698.8030823193867,171389.61125,46336.506009000004
ILLINOIS,17,PIATT,147,17147,EAST,50,2007,1.0,94000,93900,5352300,57.0,3833.305012585546,145665.52065000002,37999.9817838
ILLINOIS,17,PIATT,147,17147,EAST,50,2008,1.0,109000,108500,5425000,50.0,3362.548256653988,147644.0875,43908.392157
ILLINOIS,17,PIATT,147,17147,EAST,50,2009,1.0,111000,110800,6204800,56.0,3766.0540474524664,168866.73440000002,44839.1691336
ILLINOIS,17,PIATT,147,17147,EAST,50,2010,1.0,112000,111400,7052000,63.3,4256.9860929239485,191923.706,45081.9805188
ILLINOIS,17,PIATT,147,17147,EAST,50,2011,1.0,108000,107800,5715000,53.0,3564.3011520532273,155536.5825,43625.1122076
ILLINOIS,17,PIATT,147,17147,EAST,50,2012,1.0,116000,115100,5912000,51.4,3456.6996078402994,160898.036,46579.3173942
ILLINOIS,17,PIATT,147,17147,EAST,50,2013,1.0,108500,108500,6319000,58.2,3914.0061707452423,171974.7445,43908.392157
ILLINOIS,17,PIATT,147,17147,EAST,50,2014,1.0,122500,122200,8465000,69.3,4660.491883722427,230379.2075,49452.5854524
ILLINOIS,17,PIATT,147,17147,EAST,50,2015,1.0,120500,120300,8788000,73.1,4916.04555122813,239169.814,48683.6827326
ILLINOIS,17,PIATT,147,17147,EAST,50,2016,1.0,124500,124000,8837000,71.3,4794.993813988586,240503.3735,50181.019608
ILLINOIS,17,PIATT,147,17147,EAST,50,2017,1.0,132000,131500,9125000,69.4,4667.216980235736,248341.4375,53216.161923
ILLINOIS,17,PIATT,147,17147,EAST,50,2018,1.0,128000,124600,9647000,77.4,5205.224701300373,262547.9285,50423.830993200005
ILLINOIS,17,PIATT,147,17147,EAST,50,2020,1.0,122000,121400,8704000,71.7,4821.894200041819,236883.712,49128.8369388
ILLINOIS,17,PIATT,147,17147,EAST,50,2021,1.0,119500,118500,9160000,77.3,5198.499604787065,249293.98,47955.248577
ILLINOIS,17,PIATT,147,17147,EAST,50,2022,1.0,120500,120100,8911000,74.2,4990.021612874519,242517.3205,48602.745604200005
ILLINOIS,17,PIATT,147,17147,EAST,50,2023,1.0,118500,117900,8748000,74.2,4990.021612874519,238081.194,47712.4371918
ILLINOIS,17,PIATT,147,17147,EAST,50,2024,1.0,121000,120600,9355000,77.6,5218.674894326989,254601.0025,48805.0884252
ILLINOIS,17,PIATT,147,17147,EAST,50,2025,1.0,117000,116300,8478000,72.9,4902.5953582015145,230733.009,47064.940164600004
ILLINOIS,17,PIKE,149,17149,WEST SOUTHWEST,60,1980,1.0,107500,107000,3510100,33.0,2219.281849391632,95529.12655,43301.363694
ILLINOIS,17,PIKE,149,17149,WEST SOUTHWEST,60,1981,1.0,106100,105000,3773400,36.0,2421.034744790871,102694.9677,42491.99241
ILLINOIS,17,PIKE,149,17149,WEST SOUTHWEST,60,1982,1.0,108100,107500,3972700,37.0,2488.285709923951,108119.01685,43503.706515
ILLINOIS,17,PIKE,149,17149,WEST SOUTHWEST,60,1983,1.0,110300,108000,2702500,25.0,1681.274128326994,73549.88875,43706.049336000004
ILLINOIS,17,PIKE,149,17149,WEST SOUTHWEST,60,1984,1.0,101600,100000,2897700,29.0,1950.277988859313,78862.35435,40468.5642
ILLINOIS,17,PIKE,149,17149,WEST SOUTHWEST,60,1985,1.0,109400,108000,4015000,37.0,2488.285709923951,109270.2325,43706.049336000004
ILLINOIS,17,PIKE,149,17149,WEST SOUTHWEST,60,1986,1.0,109600,108900,4078600,37.5,2521.911192490491,111001.13829999999,44070.266413800004
ILLINOIS,17,PIKE,149,17149,WEST SOUTHWEST,60,1987,1.0,103100,100700,3468800,34.5,2320.158297091252,94405.1264,40751.8441494
ILLINOIS,17,PIKE,149,17149,WEST SOUTHWEST,60,1988,1.0,103300,103000,3314600,32.0,2152.0308842585523,90208.4963,41682.621126
ILLINOIS,17,PIKE,149,17149,WEST SOUTHWEST,60,1989,1.0,96500,95100,3589200,37.5,2521.911192490491,97681.87259999999,38485.6045542
ILLINOIS,17,PIKE,149,17149,WEST SOUTHWEST,60,1990,1.0,94000,93700,3359600,36.0,2421.034744790871,91433.1938,37919.0446554
ILLINOIS,17,PIKE,149,17149,WEST SOUTHWEST,60,1991,1.0,103000,102700,4210700,41.0,2757.28957045627,114596.30584999999,41561.2154334
ILLINOIS,17,PIKE,149,17149,WEST SOUTHWEST,60,1992,1.0,97000,96000,3744000,39.0,2622.787640190111,101894.832,38849.821632
ILLINOIS,17,PIKE,149,17149,WEST SOUTHWEST,60,1993,1.0,87000,65000,2567500,39.5,2656.4131227566504,69875.79625,26304.566730000002
ILLINOIS,17,PIKE,149,17149,WEST SOUTHWEST,60,1994,1.0,99000,97900,4062850,41.5,2790.91505302281,110572.494175,39618.7243518
ILLINOIS,17,PIKE,149,17149,WEST SOUTHWEST,60,1995,1.0,98000,97200,3888000,40.0,2690.0386053231905,105813.864,39335.444402400004
ILLINOIS,17,PIKE,149,17149,WEST SOUTHWEST,60,1996,1.0,104000,103800,4152000,40.0,2690.0386053231905,112998.756,42006.3696396
ILLINOIS,17,PIKE,149,17149,WEST SOUTHWEST,60,1997,1.0,108000,107500,4837500,45.0,3026.293430988589,131654.98125,43503.706515
ILLINOIS,17,PIKE,149,17149,WEST SOUTHWEST,60,1998,1.0,119000,118600,5040500,42.5,2858.1660181558896,137179.72775,47995.7171412
ILLINOIS,17,PIKE,149,17149,WEST SOUTHWEST,60,1999,1.0,108000,107600,3766000,35.0,2353.7837796577915,102493.573,43544.1750792
ILLINOIS,17,PIKE,149,17149,WEST SOUTHWEST,60,2000,1.0,109000,108900,4682700,43.0,2891.7915007224296,127442.02184999999,44070.266413800004
ILLINOIS,17,PIKE,149,17149,WEST SOUTHWEST,60,2001,1.0,105000,103500,4761000,46.0,3093.544396121669,129572.9955,41884.963947000004
ILLINOIS,17,PIKE,149,17149,WEST SOUTHWEST,60,2002,1.0,97000,96700,4158100,43.0,2891.7915007224296,113164.77055,39133.1015814
ILLINOIS,17,PIKE,149,17149,WEST SOUTHWEST,60,2003,1.0,105000,104800,4506400,43.0,2891.7915007224296,122643.92919999998,42411.0552816
ILLINOIS,17,PIKE,149,17149,WEST SOUTHWEST,60,2004,1.0,100000,99300,4965000,50.0,3362.548256653988,135124.9575,40185.2842506
ILLINOIS,17,PIKE,149,17149,WEST SOUTHWEST,60,2005,1.0,93000,92100,4144500,45.0,3026.293430988589,112794.63975,37271.5476282
ILLINOIS,17,PIKE,149,17149,WEST SOUTHWEST,60,2006,1.0,104000,103200,5056800,49.0,3295.2972915209084,137623.34040000002,41763.5582544
ILLINOIS,17,PIKE,149,17149,WEST SOUTHWEST,60,2007,1.0,71000,70900,2694200,38.0,2555.536675057031,73324.00009999999,28692.2120178
ILLINOIS,17,PIKE,149,17149,WEST SOUTHWEST,60,2008,1.0,89000,86400,3542400,41.0,2757.28957045627,96408.18719999999,34964.839468800004
ILLINOIS,17,PIKE,149,17149,WEST SOUTHWEST,60,2009,1.0,92000,91800,4406400,48.0,3228.0463263878282,119922.37919999998,37150.141935600004
ILLINOIS,17,PIKE,149,17149,WEST SOUTHWEST,60,2010,1.0,99000,98000,5187000,52.9,3557.5760555399193,141166.7985,39659.192916
ILLINOIS,17,PIKE,149,17149,WEST SOUTHWEST,60,2011,1.0,96000,95900,4267000,44.5,2992.6679484220494,116128.5385,38809.3530678
ILLINOIS,17,PIKE,149,17149,WEST SOUTHWEST,60,2012,1.0,93000,92500,4107000,44.4,2985.9428519087414,111774.0585,37433.421885
ILLINOIS,17,PIKE,149,17149,WEST SOUTHWEST,60,2013,1.0,110500,110300,5002000,45.3,3046.468720528513,136131.931,44636.8263126
ILLINOIS,17,PIKE,149,17149,WEST SOUTHWEST,60,2014,1.0,108500,108200,5452000,50.4,3389.4486427072197,148378.906,43786.986464400004
ILLINOIS,17,PIKE,149,17149,WEST SOUTHWEST,60,2015,1.0,102000,100900,4816000,47.7,3207.8710368479046,131069.848,40832.7812778
ILLINOIS,17,PIKE,149,17149,WEST SOUTHWEST,60,2016,1.0,108000,107500,6241000,58.1,3907.2810742319343,169851.9355,43503.706515
ILLINOIS,17,PIKE,149,17149,WEST SOUTHWEST,60,2017,1.0,131000,130500,7526000,57.7,3880.3806881787023,204823.853,52811.476281
ILLINOIS,17,PIKE,149,17149,WEST SOUTHWEST,60,2018,1.0,130000,126300,7734000,61.2,4115.759066144481,210484.677,51111.7965846
ILLINOIS,17,PIKE,149,17149,WEST SOUTHWEST,60,2020,1.0,124500,123900,7694000,62.1,4176.284934764253,209396.057,50140.5510438
ILLINOIS,17,PIKE,149,17149,WEST SOUTHWEST,60,2023,1.0,130000,129500,7757000,59.9,4028.3328114714777,211110.6335,52406.790639
ILLINOIS,17,PIKE,149,17149,WEST SOUTHWEST,60,2024,1.0,132500,131900,8415000,63.8,4290.611575490489,229018.4325,53378.0361798
ILLINOIS,17,POPE,151,17151,SOUTHEAST,90,1980,1.0,11100,11000,202800,18.5,1244.1428549619754,5519.3034,4451.542062
ILLINOIS,17,POPE,151,17151,SOUTHEAST,90,1981,1.0,15400,15000,379600,25.5,1714.899610893534,10331.003799999999,6070.28463
ILLINOIS,17,POPE,151,17151,SOUTHEAST,90,1982,1.0,13500,13500,367300,27.0,1815.7760585931535,9996.25315,5463.2561670000005
ILLINOIS,17,POPE,151,17151,SOUTHEAST,90,1983,1.0,13500,13000,199400,15.5,1042.3899595627363,5426.7707,5260.913346
ILLINOIS,17,POPE,151,17151,SOUTHEAST,90,1984,1.0,20500,20000,517700,26.0,1748.5250934600738,14089.46435,8093.71284
ILLINOIS,17,POPE,151,17151,SOUTHEAST,90,1985,1.0,20600,18500,539000,29.0,1950.277988859313,14669.1545,7486.6843770000005
ILLINOIS,17,POPE,151,17151,SOUTHEAST,90,1986,1.0,15400,15300,420200,27.5,1849.4015411596934,11435.953099999999,6191.6903226
ILLINOIS,17,POPE,151,17151,SOUTHEAST,90,1987,1.0,10000,9900,232300,23.5,1580.3976806273743,6322.16065,4006.3878558
ILLINOIS,17,POPE,151,17151,SOUTHEAST,90,1988,1.0,10600,10500,211200,20.0,1345.0193026615952,5747.9136,4249.199241
ILLINOIS,17,POPE,151,17151,SOUTHEAST,90,1989,1.0,11000,10700,366600,34.5,2320.158297091252,9977.202299999999,4330.1363694
ILLINOIS,17,POPE,151,17151,SOUTHEAST,90,1990,1.0,9300,9300,251200,27.0,1815.7760585931535,6836.5336,3763.5764706
ILLINOIS,17,POPE,151,17151,SOUTHEAST,90,1991,1.0,9000,8400,180600,21.5,1445.8957503612148,4915.119299999999,3399.3593928
ILLINOIS,17,POPE,151,17151,SOUTHEAST,90,1992,1.0,8000,7900,252800,32.0,2152.0308842585523,6880.078399999999,3197.0165718000003
ILLINOIS,17,POPE,151,17151,SOUTHEAST,90,1993,1.0,7000,6900,179400,26.0,1748.5250934600738,4882.4607000000005,2792.3309298
ILLINOIS,17,POPE,151,17151,SOUTHEAST,90,1994,1.0,8000,7700,265650,34.5,2320.158297091252,7229.797575,3116.0794434
ILLINOIS,17,POPE,151,17151,SOUTHEAST,90,1995,1.0,9000,8900,298150,33.5,2252.907331958172,8114.301324999999,3601.7022138
ILLINOIS,17,POPE,151,17151,SOUTHEAST,90,1996,1.0,11000,10900,305200,28.0,1883.0270237262332,8306.1706,4411.0734978
ILLINOIS,17,POPE,151,17151,SOUTHEAST,90,1997,1.0,10000,9900,262350,26.5,1782.1505760266136,7139.986425,4006.3878558
ILLINOIS,17,POPE,151,17151,SOUTHEAST,90,1998,1.0,11000,10900,316100,29.0,1950.277988859313,8602.819549999998,4411.0734978
ILLINOIS,17,POPE,151,17151,SOUTHEAST,90,1999,1.0,11000,10900,163500,15.0,1008.7644769961964,4449.73425,4411.0734978
ILLINOIS,17,POPE,151,17151,SOUTHEAST,90,2000,1.0,9000,8900,240300,27.0,1815.7760585931535,6539.884649999999,3601.7022138
ILLINOIS,17,POPE,151,17151,SOUTHEAST,90,2001,1.0,12000,11900,368900,31.0,2084.7799191254726,10039.79795,4815.7591398
ILLINOIS,17,POPE,151,17151,SOUTHEAST,90,2002,1.0,12000,11500,264500,23.0,1546.7721980608344,7198.49975,4653.884883
ILLINOIS,17,POPE,151,17151,SOUTHEAST,90,2003,1.0,11000,10300,329600,32.0,2152.0308842585523,8970.228799999999,4168.2621126
ILLINOIS,17,POPE,151,17151,SOUTHEAST,90,2004,1.0,11000,10900,403300,37.0,2488.285709923951,10976.01115,4411.0734978
ILLINOIS,17,POPE,151,17151,SOUTHEAST,90,2005,1.0,11000,10900,425100,39.0,2622.787640190111,11569.309049999998,4411.0734978
ILLINOIS,17,POPE,151,17151,SOUTHEAST,90,2006,1.0,12000,11600,475600,41.0,2757.28957045627,12943.691799999999,4694.3534472
ILLINOIS,17,POPE,151,17151,SOUTHEAST,90,2007,1.0,13000,12400,235600,19.0,1277.7683375285155,6411.9718,5018.101960800001
ILLINOIS,17,POPE,151,17151,SOUTHEAST,90,2010,1.0,12000,11900,323000,27.1,1822.5011551064615,8790.6065,4815.7591398
ILLINOIS,17,POPE,151,17151,SOUTHEAST,90,2015,1.0,14300,14100,680000,48.2,3241.4965194144447,18506.54,5706.0675522
ILLINOIS,17,POPE,151,17151,SOUTHEAST,90,2016,1.0,14600,14400,505000,35.1,2360.5088761710995,13743.8275,5827.4732448
ILLINOIS,17,POPE,151,17151,SOUTHEAST,90,2017,1.0,15700,15300,683000,44.6,2999.3930449353575,18588.1865,6191.6903226
ILLINOIS,17,POPE,151,17151,SOUTHEAST,90,2020,1.0,16000,15900,844000,53.1,3571.0262485665353,22969.882,6434.5017078
ILLINOIS,17,POPE,151,17151,SOUTHEAST,90,2024,1.0,18000,17700,848000,47.9,3221.32122987452,23078.744,7162.9358634
ILLINOIS,17,POPE,151,17151,SOUTHEAST,90,2025,1.0,15000,14700,528000,35.9,2414.309648277563,14369.784,5948.8789374
ILLINOIS,17,PULASKI,153,17153,SOUTHWEST,80,1980,1.0,32200,32000,763500,24.0,1614.0231631939141,20779.03425,12949.940544000001
ILLINOIS,17,PULASKI,153,17153,SOUTHWEST,80,1981,1.0,34300,34000,910700,27.0,1815.7760585931535,24785.15585,13759.311828
ILLINOIS,17,PULASKI,153,17153,SOUTHWEST,80,1982,1.0,38100,38000,1221200,32.0,2152.0308842585523,33235.5686,15378.054396000001
ILLINOIS,17,PULASKI,153,17153,SOUTHWEST,80,1983,1.0,33300,33000,639400,19.5,1311.3938200950554,17401.5907,13354.626186
ILLINOIS,17,PULASKI,153,17153,SOUTHWEST,80,1984,1.0,34900,34000,1041600,30.5,2051.1544365589325,28347.6648,13759.311828
ILLINOIS,17,PULASKI,153,17153,SOUTHWEST,80,1985,1.0,32300,32000,965700,30.0,2017.5289539923929,26282.008349999996,12949.940544000001
ILLINOIS,17,PULASKI,153,17153,SOUTHWEST,80,1986,1.0,33000,32900,985800,30.0,2017.5289539923929,26829.0399,13314.157621800001
ILLINOIS,17,PULASKI,153,17153,SOUTHWEST,80,1987,1.0,29900,29400,821900,28.0,1883.0270237262332,22368.419449999998,11897.7578748
ILLINOIS,17,PULASKI,153,17153,SOUTHWEST,80,1988,1.0,26900,26300,740600,28.0,1883.0270237262332,20155.799300000002,10643.2323846
ILLINOIS,17,PULASKI,153,17153,SOUTHWEST,80,1989,1.0,29700,29600,793800,27.0,1815.7760585931535,21603.6639,11978.6950032
ILLINOIS,17,PULASKI,153,17153,SOUTHWEST,80,1990,1.0,31500,31300,1060800,34.0,2286.5328145247117,28870.2024,12666.6605946
ILLINOIS,17,PULASKI,153,17153,SOUTHWEST,80,1991,1.0,31000,30400,805600,26.5,1782.1505760266136,21924.806800000002,12302.4435168
ILLINOIS,17,PULASKI,153,17153,SOUTHWEST,80,1992,1.0,31000,30800,1124200,36.5,2454.6602273574113,30595.6651,12464.3177736
ILLINOIS,17,PULASKI,153,17153,SOUTHWEST,80,1993,1.0,32000,31500,1134000,36.0,2421.034744790871,30862.377,12747.597723
ILLINOIS,17,PULASKI,153,17153,SOUTHWEST,80,1994,1.0,35000,34400,1307200,38.0,2555.536675057031,35576.1016,13921.1860848
ILLINOIS,17,PULASKI,153,17153,SOUTHWEST,80,1995,1.0,30000,29900,882050,29.5,1983.903471425853,24005.431774999997,12100.1006958
ILLINOIS,17,PULASKI,153,17153,SOUTHWEST,80,1996,1.0,33000,32900,1102150,33.5,2252.907331958172,29995.563325,13314.157621800001
ILLINOIS,17,PULASKI,153,17153,SOUTHWEST,80,1997,1.0,36000,35900,1184700,33.0,2219.281849391632,32242.202849999998,14528.2145478
ILLINOIS,17,PULASKI,153,17153,SOUTHWEST,80,1998,1.0,36000,35700,1231650,34.5,2320.158297091252,33519.970575,14447.277419400001
ILLINOIS,17,PULASKI,153,17153,SOUTHWEST,80,1999,1.0,36000,35700,999600,28.0,1883.0270237262332,27204.613799999996,14447.277419400001
ILLINOIS,17,PULASKI,153,17153,SOUTHWEST,80,2000,1.0,33000,32900,1085700,33.0,2219.281849391632,29547.868349999997,13314.157621800001
ILLINOIS,17,PULASKI,153,17153,SOUTHWEST,80,2001,1.0,35000,34800,1357200,39.0,2622.787640190111,36936.8766,14083.060341600001
ILLINOIS,17,PULASKI,153,17153,SOUTHWEST,80,2002,1.0,37000,36800,1140800,31.0,2084.7799191254726,31047.4424,14892.4316256
ILLINOIS,17,PULASKI,153,17153,SOUTHWEST,80,2003,1.0,34000,33900,1220400,36.0,2421.034744790871,33213.7962,13718.843263800001
ILLINOIS,17,PULASKI,153,17153,SOUTHWEST,80,2004,1.0,34000,33900,1457700,43.0,2891.7915007224296,39672.03435,13718.843263800001
ILLINOIS,17,PULASKI,153,17153,SOUTHWEST,80,2005,1.0,33000,32900,1414700,43.0,2891.7915007224296,38501.767850000004,13314.157621800001
ILLINOIS,17,PULASKI,153,17153,SOUTHWEST,80,2006,1.0,36000,35700,1535100,43.0,2891.7915007224296,41778.51405,14447.277419400001
ILLINOIS,17,PULASKI,153,17153,SOUTHWEST,80,2007,1.0,30000,29900,1076400,36.0,2421.034744790871,29294.764199999998,12100.1006958
ILLINOIS,17,PULASKI,153,17153,SOUTHWEST,80,2008,1.0,35000,34800,1461600,42.0,2824.54053558935,39778.17479999999,14083.060341600001
ILLINOIS,17,PULASKI,153,17153,SOUTHWEST,80,2009,1.0,37000,36900,1660500,45.0,3026.293430988589,45191.33775,14932.9001898
ILLINOIS,17,PULASKI,153,17153,SOUTHWEST,80,2010,1.0,34000,33900,1326000,39.1,2629.512736703419,36087.753,13718.843263800001
ILLINOIS,17,PULASKI,153,17153,SOUTHWEST,80,2011,1.0,37000,36800,1487000,40.4,2716.938991376422,40469.4485,14892.4316256
ILLINOIS,17,PULASKI,153,17153,SOUTHWEST,80,2012,1.0,34000,33600,1244000,37.0,2488.285709923951,33856.082,13597.4375712
ILLINOIS,17,PULASKI,153,17153,SOUTHWEST,80,2013,1.0,36200,36100,1627000,45.1,3033.018527501897,44279.6185,14609.151676200001
ILLINOIS,17,PULASKI,153,17153,SOUTHWEST,80,2014,1.0,36600,36500,1700000,46.6,3133.894975201517,46266.35,14771.025933
ILLINOIS,17,PULASKI,153,17153,SOUTHWEST,80,2015,1.0,38000,36800,1695000,46.1,3100.269492634977,46130.2725,14892.4316256
ILLINOIS,17,PULASKI,153,17153,SOUTHWEST,80,2016,1.0,39500,39400,1751000,44.4,2985.9428519087414,47654.3405,15944.6142948
ILLINOIS,17,PULASKI,153,17153,SOUTHWEST,80,2017,1.0,44100,44000,1956000,44.5,2992.6679484220494,53233.518,17806.168248
ILLINOIS,17,PULASKI,153,17153,SOUTHWEST,80,2018,1.0,47000,45700,2204000,48.2,3241.4965194144447,59982.962,18494.1338394
ILLINOIS,17,PULASKI,153,17153,SOUTHWEST,80,2019,1.0,37800,37500,1621000,43.2,2905.2416937490457,44116.3255,15175.711575000001
ILLINOIS,17,PULASKI,153,17153,SOUTHWEST,80,2020,1.0,43800,43600,2389000,54.8,3685.3528892927707,65017.8295,17644.2939912
ILLINOIS,17,PULASKI,153,17153,SOUTHWEST,80,2021,1.0,43000,42600,2420000,56.8,3819.85481955893,65861.51,17239.6083492
ILLINOIS,17,PULASKI,153,17153,SOUTHWEST,80,2022,1.0,45000,44900,2402000,53.5,3597.9266346197674,65371.631,18170.3853258
ILLINOIS,17,PULASKI,153,17153,SOUTHWEST,80,2023,1.0,43200,43000,2167000,50.4,3389.4486427072197,58975.9885,17401.482606
ILLINOIS,17,PULASKI,153,17153,SOUTHWEST,80,2025,1.0,40200,39700,1727000,43.5,2925.4169832889697,47001.1685,16066.0199874
ILLINOIS,17,PUTNAM,155,17155,NORTHWEST,10,1980,1.0,24100,24000,960200,40.0,2690.0386053231905,26132.323099999998,9712.455408
ILLINOIS,17,PUTNAM,155,17155,NORTHWEST,10,1981,1.0,22300,22100,962600,43.5,2925.4169832889697,26197.640299999995,8943.5526882
ILLINOIS,17,PUTNAM,155,17155,NORTHWEST,10,1982,1.0,22300,22200,876300,39.5,2656.4131227566504,23848.942649999997,8984.0212524
ILLINOIS,17,PUTNAM,155,17155,NORTHWEST,10,1983,1.0,21500,21500,860400,40.0,2690.0386053231905,23416.2162,8700.741303
ILLINOIS,17,PUTNAM,155,17155,NORTHWEST,10,1984,1.0,22700,22500,843900,37.5,2521.911192490491,22967.16045,9105.426945000001
ILLINOIS,17,PUTNAM,155,17155,NORTHWEST,10,1985,1.0,23200,23000,1064800,46.5,3127.169878688209,28979.0644,9307.769766
ILLINOIS,17,PUTNAM,155,17155,NORTHWEST,10,1986,1.0,24900,24700,1085400,44.0,2959.0424658555094,29539.7037,9995.7353574
ILLINOIS,17,PUTNAM,155,17155,NORTHWEST,10,1987,1.0,24400,24200,1087300,45.0,3026.293430988589,29591.41315,9793.3925364
ILLINOIS,17,PUTNAM,155,17155,NORTHWEST,10,1988,1.0,24900,24600,692700,28.0,1883.0270237262332,18852.176849999996,9955.2667932
ILLINOIS,17,PUTNAM,155,17155,NORTHWEST,10,1989,1.0,26700,26600,1122800,42.0,2824.54053558935,30557.5634,10764.638077200001
ILLINOIS,17,PUTNAM,155,17155,NORTHWEST,10,1990,1.0,25300,24400,1114600,45.5,3059.918913555129,30334.396299999997,9874.3296648
ILLINOIS,17,PUTNAM,155,17155,NORTHWEST,10,1991,1.0,27000,26900,1210500,45.0,3026.293430988589,32944.36275,10886.0437698
ILLINOIS,17,PUTNAM,155,17155,NORTHWEST,10,1992,1.0,28000,27700,1218800,44.0,2959.0424658555094,33170.2514,11209.7922834
ILLINOIS,17,PUTNAM,155,17155,NORTHWEST,10,1993,1.0,26000,25500,1235000,48.5,3261.6718089543683,33611.1425,10319.483871
ILLINOIS,17,PUTNAM,155,17155,NORTHWEST,10,1994,1.0,26000,25600,1305600,51.0,3429.799221787068,35532.5568,10359.9524352
ILLINOIS,17,PUTNAM,155,17155,NORTHWEST,10,1995,1.0,30000,29800,1326100,44.5,2992.6679484220494,36090.47455,12059.632131600001
ILLINOIS,17,PUTNAM,155,17155,NORTHWEST,10,1996,1.0,28000,27700,1329600,48.0,3228.0463263878282,36185.7288,11209.7922834
ILLINOIS,17,PUTNAM,155,17155,NORTHWEST,10,1997,1.0,28000,27700,1329600,48.0,3228.0463263878282,36185.7288,11209.7922834
ILLINOIS,17,PUTNAM,155,17155,NORTHWEST,10,1998,1.0,28000,27900,1395000,50.0,3362.548256653988,37965.6225,11290.7294118
ILLINOIS,17,PUTNAM,155,17155,NORTHWEST,10,1999,1.0,30000,29800,1400600,47.0,3160.7953612547485,38118.029299999995,12059.632131600001
ILLINOIS,17,PUTNAM,155,17155,NORTHWEST,10,2000,1.0,30000,29900,1435200,48.0,3228.0463263878282,39059.685600000004,12100.1006958
ILLINOIS,17,PUTNAM,155,17155,NORTHWEST,10,2001,1.0,31000,30800,1478400,48.0,3228.0463263878282,40235.3952,12464.3177736
ILLINOIS,17,PUTNAM,155,17155,NORTHWEST,10,2002,1.0,28000,27800,1362200,49.0,3295.2972915209084,37072.9541,11250.2608476
ILLINOIS,17,PUTNAM,155,17155,NORTHWEST,10,2003,1.0,27000,26900,968400,36.0,2421.034744790871,26355.4902,10886.0437698
ILLINOIS,17,PUTNAM,155,17155,NORTHWEST,10,2004,1.0,25000,24900,1319700,53.0,3564.3011520532273,35916.29535,10076.6724858
ILLINOIS,17,PUTNAM,155,17155,NORTHWEST,10,2005,1.0,24000,23900,1171100,49.0,3295.2972915209084,31872.072049999995,9671.9868438
ILLINOIS,17,PUTNAM,155,17155,NORTHWEST,10,2006,1.0,25000,24900,1294800,52.0,3497.0501869201476,35238.6294,10076.6724858
ILLINOIS,17,PUTNAM,155,17155,NORTHWEST,10,2007,1.0,17000,16900,794300,47.0,3160.7953612547485,21617.27165,6839.1873498
ILLINOIS,17,PUTNAM,155,17155,NORTHWEST,10,2008,1.0,21000,20900,1045000,50.0,3362.548256653988,28440.1975,8457.9299178
ILLINOIS,17,PUTNAM,155,17155,NORTHWEST,10,2009,1.0,22000,21900,1073100,49.0,3295.2972915209084,29204.953049999996,8862.6155598
ILLINOIS,17,PUTNAM,155,17155,NORTHWEST,10,2010,1.0,19000,18900,974000,51.5,3463.4247043536075,26507.897,7648.5586338
ILLINOIS,17,PUTNAM,155,17155,NORTHWEST,10,2011,1.0,20000,20000,1150000,57.5,3866.930495152086,31297.825,8093.71284
ILLINOIS,17,PUTNAM,155,17155,NORTHWEST,10,2012,1.0,20000,19900,1052000,52.9,3557.5760555399193,28630.706,8053.244275800001
ILLINOIS,17,PUTNAM,155,17155,NORTHWEST,10,2013,1.0,23100,23000,1294000,56.3,3786.2293369923905,35216.857,9307.769766
ILLINOIS,17,PUTNAM,155,17155,NORTHWEST,10,2014,1.0,23600,23500,1402000,59.7,4014.8826184448617,38156.131,9510.112587
ILLINOIS,17,PUTNAM,155,17155,NORTHWEST,10,2015,1.0,24500,24400,1463000,60.0,4035.0579079847857,39816.2765,9874.3296648
ILLINOIS,17,PUTNAM,155,17155,NORTHWEST,10,2016,1.0,24400,24100,1526000,63.3,4256.9860929239485,41530.853,9752.9239722
ILLINOIS,17,PUTNAM,155,17155,NORTHWEST,10,2017,1.0,27000,26800,1534000,57.2,3846.7552056121626,41748.577,10845.5752056
ILLINOIS,17,PUTNAM,155,17155,NORTHWEST,10,2020,1.0,25100,25000,1545000,61.8,4156.109645224329,42047.9475,10117.14105
ILLINOIS,17,PUTNAM,155,17155,NORTHWEST,10,2021,1.0,25700,25500,1586000,62.2,4183.010031277561,43163.783,10319.483871
ILLINOIS,17,PUTNAM,155,17155,NORTHWEST,10,2022,1.0,26000,25900,1673000,64.6,4344.412347596952,45531.5315,10481.3581278
ILLINOIS,17,PUTNAM,155,17155,NORTHWEST,10,2023,1.0,26100,26000,1680000,64.6,4344.412347596952,45722.04,10521.826692
ILLINOIS,17,PUTNAM,155,17155,NORTHWEST,10,2025,1.0,24500,24300,1567000,64.5,4337.687251083645,42646.6885,9833.861100600001
ILLINOIS,17,RANDOLPH,157,17157,SOUTHWEST,80,1980,1.0,61500,61000,1667700,27.5,1849.4015411596934,45387.28935,24685.824162
ILLINOIS,17,RANDOLPH,157,17157,SOUTHWEST,80,1981,1.0,70600,69500,2219600,32.0,2152.0308842585523,60407.523799999995,28125.652119000002
ILLINOIS,17,RANDOLPH,157,17157,SOUTHWEST,80,1982,1.0,74300,74000,2526800,34.0,2286.5328145247117,68768.12539999999,29946.737508000002
ILLINOIS,17,RANDOLPH,157,17157,SOUTHWEST,80,1983,1.0,72100,71000,1303400,18.5,1244.1428549619754,35472.6827,28732.680582
ILLINOIS,17,RANDOLPH,157,17157,SOUTHWEST,80,1984,1.0,67700,65000,1866800,28.5,1916.652506292773,50805.8954,26304.566730000002
ILLINOIS,17,RANDOLPH,157,17157,SOUTHWEST,80,1985,1.0,71700,71000,2142600,30.0,2017.5289539923929,58311.9303,28732.680582
ILLINOIS,17,RANDOLPH,157,17157,SOUTHWEST,80,1986,1.0,71800,71300,2207500,31.0,2084.7799191254726,60078.21625,28854.086274600002
ILLINOIS,17,RANDOLPH,157,17157,SOUTHWEST,80,1987,1.0,66200,65300,2119000,32.5,2185.6563668250924,57669.6445,26425.9724226
ILLINOIS,17,RANDOLPH,157,17157,SOUTHWEST,80,1988,1.0,74300,72500,1676900,23.0,1546.7721980608344,45637.671949999996,29339.709045
ILLINOIS,17,RANDOLPH,157,17157,SOUTHWEST,80,1989,1.0,69000,68800,2050000,30.0,2017.5289539923929,55791.775,27842.3721696
ILLINOIS,17,RANDOLPH,157,17157,SOUTHWEST,80,1990,1.0,83000,82100,2701800,33.0,2219.281849391632,73530.83789999998,33224.6912082
ILLINOIS,17,RANDOLPH,157,17157,SOUTHWEST,80,1991,1.0,71000,69500,2258750,32.5,2185.6563668250924,61473.010625,28125.652119000002
ILLINOIS,17,RANDOLPH,157,17157,SOUTHWEST,80,1992,1.0,74000,73200,2379000,32.5,2185.6563668250924,64745.6745,29622.988994400002
ILLINOIS,17,RANDOLPH,157,17157,SOUTHWEST,80,1993,1.0,65000,58000,2117000,36.5,2454.6602273574113,57615.2135,23471.767236
ILLINOIS,17,RANDOLPH,157,17157,SOUTHWEST,80,1994,1.0,75000,74500,2458500,33.0,2219.281849391632,66909.30675,30149.080329
ILLINOIS,17,RANDOLPH,157,17157,SOUTHWEST,80,1995,1.0,74000,73900,1995300,27.0,1815.7760585931535,54303.08715,29906.2689438
ILLINOIS,17,RANDOLPH,157,17157,SOUTHWEST,80,1996,1.0,80000,79200,2534400,32.0,2152.0308842585523,68974.9632,32051.1028464
ILLINOIS,17,RANDOLPH,157,17157,SOUTHWEST,80,1997,1.0,89000,88600,2879500,32.5,2185.6563668250924,78367.03225,35855.1478812
ILLINOIS,17,RANDOLPH,157,17157,SOUTHWEST,80,1998,1.0,89000,88200,2910600,33.0,2219.281849391632,79213.4343,35693.273624400004
ILLINOIS,17,RANDOLPH,157,17157,SOUTHWEST,80,1999,1.0,93000,92300,3045900,33.0,2219.281849391632,82895.69145,37352.4847566
ILLINOIS,17,RANDOLPH,157,17157,SOUTHWEST,80,2000,1.0,98000,97100,3592700,37.0,2488.285709923951,97777.12685,39294.9758382
ILLINOIS,17,RANDOLPH,157,17157,SOUTHWEST,80,2001,1.0,101000,100200,3707400,37.0,2488.285709923951,100898.74469999998,40549.5013284
ILLINOIS,17,RANDOLPH,157,17157,SOUTHWEST,80,2002,1.0,105000,103400,2895200,28.0,1883.0270237262332,78794.31559999999,41844.4953828
ILLINOIS,17,RANDOLPH,157,17157,SOUTHWEST,80,2003,1.0,104000,103600,3004400,29.0,1950.277988859313,81766.2482,41925.4325112
ILLINOIS,17,RANDOLPH,157,17157,SOUTHWEST,80,2004,1.0,107000,106400,4468800,42.0,2824.54053558935,121620.6264,43058.552308800005
ILLINOIS,17,RANDOLPH,157,17157,SOUTHWEST,80,2005,1.0,100000,99400,4075400,41.0,2757.28957045627,110914.04869999998,40225.7528148
ILLINOIS,17,RANDOLPH,157,17157,SOUTHWEST,80,2006,1.0,114000,113400,3742200,33.0,2219.281849391632,101845.84409999999,45891.3518028
ILLINOIS,17,RANDOLPH,157,17157,SOUTHWEST,80,2007,1.0,94000,93700,2623600,28.0,1883.0270237262332,71402.5858,37919.0446554
ILLINOIS,17,RANDOLPH,157,17157,SOUTHWEST,80,2008,1.0,107000,106500,4792500,45.0,3026.293430988589,130430.28375,43099.020873
ILLINOIS,17,RANDOLPH,157,17157,SOUTHWEST,80,2009,1.0,112000,110300,4301700,39.0,2622.787640190111,117072.91635,44636.8263126
ILLINOIS,17,RANDOLPH,157,17157,SOUTHWEST,80,2010,1.0,103000,102400,4427000,43.2,2905.2416937490457,120483.0185,41439.8097408
ILLINOIS,17,RANDOLPH,157,17157,SOUTHWEST,80,2011,1.0,106000,105700,3766000,35.6,2394.1343587376396,102493.573,42775.2723594
ILLINOIS,17,RANDOLPH,157,17157,SOUTHWEST,80,2012,1.0,107000,106100,3680000,34.7,2333.608490117868,100153.04,42937.1466162
ILLINOIS,17,RANDOLPH,157,17157,SOUTHWEST,80,2013,1.0,112500,112300,4427000,39.4,2649.6880262433424,120483.0185,45446.1975966
ILLINOIS,17,RANDOLPH,157,17157,SOUTHWEST,80,2014,1.0,110500,110000,4999000,45.4,3053.193817041821,136050.2845,44515.420620000004
ILLINOIS,17,RANDOLPH,157,17157,SOUTHWEST,80,2015,1.0,104000,102400,4272000,41.7,2804.3652460494263,116264.616,41439.8097408
ILLINOIS,17,RANDOLPH,157,17157,SOUTHWEST,80,2016,1.0,108500,108300,5414000,50.0,3362.548256653988,147344.717,43827.4550286
ILLINOIS,17,RANDOLPH,157,17157,SOUTHWEST,80,2017,1.0,114500,114300,5071000,44.4,2985.9428519087414,138009.8005,46255.5688806
ILLINOIS,17,RANDOLPH,157,17157,SOUTHWEST,80,2018,1.0,118000,113900,5935000,52.1,3503.7752834334556,161523.9925,46093.6946238
ILLINOIS,17,RANDOLPH,157,17157,SOUTHWEST,80,2019,1.0,96800,96000,3994000,41.6,2797.6401495361183,108698.707,38849.821632
ILLINOIS,17,RANDOLPH,157,17157,SOUTHWEST,80,2020,1.0,112500,112000,5981000,53.4,3591.201538106459,162775.9055,45324.791904
ILLINOIS,17,RANDOLPH,157,17157,SOUTHWEST,80,2021,1.0,113500,112500,6221000,55.3,3718.9783718593103,169307.6255,45527.134725
ILLINOIS,17,RANDOLPH,157,17157,SOUTHWEST,80,2022,1.0,120500,120100,6041000,50.3,3382.7235461939117,164408.8355,48602.745604200005
ILLINOIS,17,RANDOLPH,157,17157,SOUTHWEST,80,2023,1.0,114000,113500,5766000,50.8,3416.349028760452,156924.573,45931.820367
ILLINOIS,17,RANDOLPH,157,17157,SOUTHWEST,80,2024,1.0,117500,115700,5820000,50.3,3382.7235461939117,158394.21,46822.1287794
ILLINOIS,17,RANDOLPH,157,17157,SOUTHWEST,80,2025,1.0,112500,111800,4807000,43.0,2891.7915007224296,130824.9085,45243.854775600004
ILLINOIS,17,RICHLAND,159,17159,EAST SOUTHEAST,70,1980,1.0,74300,74000,1867200,25.0,1681.274128326994,50816.781599999995,29946.737508000002
ILLINOIS,17,RICHLAND,159,17159,EAST SOUTHEAST,70,1981,1.0,75400,74000,2560200,34.5,2320.158297091252,69677.1231,29946.737508000002
ILLINOIS,17,RICHLAND,159,17159,EAST SOUTHEAST,70,1982,1.0,79800,79500,2666700,33.5,2252.907331958172,72575.57385,32172.508539000002
ILLINOIS,17,RICHLAND,159,17159,EAST SOUTHEAST,70,1983,1.0,74200,73500,1246800,17.0,1143.2664072623559,33932.2854,29744.394687
ILLINOIS,17,RICHLAND,159,17159,EAST SOUTHEAST,70,1984,1.0,88600,86000,2156000,25.0,1681.274128326994,58676.618,34802.965212
ILLINOIS,17,RICHLAND,159,17159,EAST SOUTHEAST,70,1985,1.0,76600,76000,2599900,34.0,2286.5328145247117,70757.57845,30756.108792000003
ILLINOIS,17,RICHLAND,159,17159,EAST SOUTHEAST,70,1986,1.0,71600,71300,2492400,35.0,2353.7837796577915,67831.9122,28854.086274600002
ILLINOIS,17,RICHLAND,159,17159,EAST SOUTHEAST,70,1987,1.0,68500,67800,1929300,28.5,1916.652506292773,52506.86415,27437.686527600003
ILLINOIS,17,RICHLAND,159,17159,EAST SOUTHEAST,70,1988,1.0,65800,64600,1429200,22.0,1479.5212329277547,38896.3926,26142.6924732
ILLINOIS,17,RICHLAND,159,17159,EAST SOUTHEAST,70,1989,1.0,72000,71600,2417800,34.0,2286.5328145247117,65801.6359,28975.4919672
ILLINOIS,17,RICHLAND,159,17159,EAST SOUTHEAST,70,1990,1.0,82800,82300,2465800,30.0,2017.5289539923929,67107.9799,33305.6283366
ILLINOIS,17,RICHLAND,159,17159,EAST SOUTHEAST,70,1991,1.0,71000,70000,1610000,23.0,1546.7721980608344,43816.955,28327.99494
ILLINOIS,17,RICHLAND,159,17159,EAST SOUTHEAST,70,1992,1.0,79000,78400,2900800,37.0,2488.285709923951,78946.72239999998,31727.3543328
ILLINOIS,17,RICHLAND,159,17159,EAST SOUTHEAST,70,1993,1.0,74000,73000,2810500,38.5,2589.1621576235707,76489.16275,29542.051866
ILLINOIS,17,RICHLAND,159,17159,EAST SOUTHEAST,70,1994,1.0,77000,76900,2999100,39.0,2622.787640190111,81622.00605,31120.325869800003
ILLINOIS,17,RICHLAND,159,17159,EAST SOUTHEAST,70,1995,1.0,90000,88900,2711450,30.5,2051.1544365589325,73793.467475,35976.5535738
ILLINOIS,17,RICHLAND,159,17159,EAST SOUTHEAST,70,1996,1.0,90000,89900,2921750,32.5,2185.6563668250924,79516.887125,36381.2392158
ILLINOIS,17,RICHLAND,159,17159,EAST SOUTHEAST,70,1997,1.0,84000,83800,3100600,37.0,2488.285709923951,84384.3793,33912.6567996
ILLINOIS,17,RICHLAND,159,17159,EAST SOUTHEAST,70,1998,1.0,96000,95400,3482100,36.5,2454.6602273574113,94767.09255,38607.010246800004
ILLINOIS,17,RICHLAND,159,17159,EAST SOUTHEAST,70,1999,1.0,99000,98700,2961000,30.0,2017.5289539923929,80585.0955,39942.4728654
ILLINOIS,17,RICHLAND,159,17159,EAST SOUTHEAST,70,2000,1.0,98000,95000,3990000,42.0,2824.54053558935,108589.845,38445.13599
ILLINOIS,17,RICHLAND,159,17159,EAST SOUTHEAST,70,2001,1.0,96000,95400,3816000,40.0,2690.0386053231905,103854.348,38607.010246800004
ILLINOIS,17,RICHLAND,159,17159,EAST SOUTHEAST,70,2002,1.0,99000,98700,2961000,30.0,2017.5289539923929,80585.0955,39942.4728654
ILLINOIS,17,RICHLAND,159,17159,EAST SOUTHEAST,70,2003,1.0,111000,110700,4206600,38.0,2555.536675057031,114484.7223,44798.7005694
ILLINOIS,17,RICHLAND,159,17159,EAST SOUTHEAST,70,2004,1.0,95000,94500,4252500,45.0,3026.293430988589,115733.91375,38242.793169000004
ILLINOIS,17,RICHLAND,159,17159,EAST SOUTHEAST,70,2005,1.0,92000,91600,3480800,38.0,2555.536675057031,94731.71239999999,37069.2048072
ILLINOIS,17,RICHLAND,159,17159,EAST SOUTHEAST,70,2006,1.0,104000,103500,4450500,43.0,2891.7915007224296,121122.58275,41884.963947000004
ILLINOIS,17,RICHLAND,159,17159,EAST SOUTHEAST,70,2007,1.0,77000,76800,1996800,26.0,1748.5250934600738,54343.9104,31079.857305600002
ILLINOIS,17,RICHLAND,159,17159,EAST SOUTHEAST,70,2008,1.0,117000,116900,4792900,41.0,2757.28957045627,130441.16994999998,47307.7515498
ILLINOIS,17,RICHLAND,159,17159,EAST SOUTHEAST,70,2009,1.0,114000,113000,3842000,34.0,2286.5328145247117,104561.951,45729.477546
ILLINOIS,17,RICHLAND,159,17159,EAST SOUTHEAST,70,2010,1.0,78000,77700,3383000,43.5,2925.4169832889697,92070.0365,31444.074383400002
ILLINOIS,17,RICHLAND,159,17159,EAST SOUTHEAST,70,2011,1.0,86000,85600,3050000,35.6,2394.1343587376396,83007.275,34641.0909552
ILLINOIS,17,RICHLAND,159,17159,EAST SOUTHEAST,70,2012,1.0,76000,73600,1987000,27.0,1815.7760585931535,54077.1985,29784.8632512
ILLINOIS,17,RICHLAND,159,17159,EAST SOUTHEAST,70,2013,1.0,84500,84400,3137000,37.2,2501.7359029505674,85375.0235,34155.468184800004
ILLINOIS,17,RICHLAND,159,17159,EAST SOUTHEAST,70,2014,1.0,87500,87400,4540000,51.9,3490.3250904068395,123558.37,35369.5251108
ILLINOIS,17,RICHLAND,159,17159,EAST SOUTHEAST,70,2015,1.0,84100,83200,3997000,48.0,3228.0463263878282,108780.3535,33669.8454144
ILLINOIS,17,RICHLAND,159,17159,EAST SOUTHEAST,70,2016,1.0,94800,94000,4866000,51.8,3483.5999938935315,132430.623,38040.450348
ILLINOIS,17,RICHLAND,159,17159,EAST SOUTHEAST,70,2017,1.0,91500,91000,4440000,48.8,3281.847098494292,120836.82,36826.393422
ILLINOIS,17,RICHLAND,159,17159,EAST SOUTHEAST,70,2018,1.0,90000,87100,4904000,56.3,3786.2293369923905,133464.812,35248.1194182
ILLINOIS,17,RICHLAND,159,17159,EAST SOUTHEAST,70,2020,1.0,83400,82200,4439000,54.0,3631.552117186307,120809.6045,33265.1597724
ILLINOIS,17,RICHLAND,159,17159,EAST SOUTHEAST,70,2022,1.0,87300,85600,4802000,56.1,3772.7791439657744,130688.831,34641.0909552
ILLINOIS,17,RICHLAND,159,17159,EAST SOUTHEAST,70,2023,1.0,83100,82700,4854000,58.7,3947.631653311782,132104.037,33467.5025934
ILLINOIS,17,RICHLAND,159,17159,EAST SOUTHEAST,70,2024,1.0,94700,94300,5215000,55.3,3718.9783718593103,141928.8325,38161.8560406
ILLINOIS,17,RICHLAND,159,17159,EAST SOUTHEAST,70,2025,1.0,92000,91200,4131000,45.3,3046.468720528513,112427.2305,36907.3305504
ILLINOIS,17,ROCK ISLAND,161,17161,NORTHWEST,10,1980,1.0,24600,24500,931200,38.0,2555.536675057031,25343.073599999996,9914.798229
ILLINOIS,17,ROCK ISLAND,161,17161,NORTHWEST,10,1981,1.0,21300,21000,914700,43.5,2925.4169832889697,24894.017849999997,8498.398482
ILLINOIS,17,ROCK ISLAND,161,17161,NORTHWEST,10,1982,1.0,21200,21000,808000,38.5,2589.1621576235707,21990.124,8498.398482
ILLINOIS,17,ROCK ISLAND,161,17161,NORTHWEST,10,1983,1.0,21600,21500,849300,39.5,2656.4131227566504,23114.12415,8700.741303
ILLINOIS,17,ROCK ISLAND,161,17161,NORTHWEST,10,1984,1.0,21200,21000,747300,35.5,2387.4092622243315,20338.14315,8498.398482
ILLINOIS,17,ROCK ISLAND,161,17161,NORTHWEST,10,1985,1.0,22200,22000,929900,42.5,2858.1660181558896,25307.69345,8903.084124
ILLINOIS,17,ROCK ISLAND,161,17161,NORTHWEST,10,1986,1.0,26000,25800,1095100,42.5,2858.1660181558896,29803.69405,10440.8895636
ILLINOIS,17,ROCK ISLAND,161,17161,NORTHWEST,10,1987,1.0,27500,27300,1185700,43.5,2925.4169832889697,32269.418349999996,11047.9180266
ILLINOIS,17,ROCK ISLAND,161,17161,NORTHWEST,10,1988,1.0,29200,28600,934700,32.5,2185.6563668250924,25438.327849999998,11574.0093612
ILLINOIS,17,ROCK ISLAND,161,17161,NORTHWEST,10,1989,1.0,36500,36400,1608800,44.0,2959.0424658555094,43784.2964,14730.5573688
ILLINOIS,17,ROCK ISLAND,161,17161,NORTHWEST,10,1990,1.0,37000,35400,1564900,44.0,2959.0424658555094,42589.53595,14325.8717268
ILLINOIS,17,ROCK ISLAND,161,17161,NORTHWEST,10,1991,1.0,40000,39500,1757750,44.5,2992.6679484220494,47838.045125,15985.082859
ILLINOIS,17,ROCK ISLAND,161,17161,NORTHWEST,10,1992,1.0,45000,44500,1980250,44.5,2992.6679484220494,53893.493875,18008.511069
ILLINOIS,17,ROCK ISLAND,161,17161,NORTHWEST,10,1993,1.0,42000,39000,1638000,42.0,2824.54053558935,44578.989,15782.740038
ILLINOIS,17,ROCK ISLAND,161,17161,NORTHWEST,10,1994,1.0,46000,45600,2280000,50.0,3362.548256653988,62051.34,18453.6652752
ILLINOIS,17,ROCK ISLAND,161,17161,NORTHWEST,10,1995,1.0,47000,46800,2012400,43.0,2891.7915007224296,54768.4722,18939.288045600002
ILLINOIS,17,ROCK ISLAND,161,17161,NORTHWEST,10,1996,1.0,50000,49800,2315700,46.5,3127.169878688209,63022.93334999999,20153.3449716
ILLINOIS,17,ROCK ISLAND,161,17161,NORTHWEST,10,1997,1.0,49000,48800,2342400,48.0,3228.0463263878282,63749.587199999994,19748.6593296
ILLINOIS,17,ROCK ISLAND,161,17161,NORTHWEST,10,1998,1.0,53000,52700,2714050,51.5,3463.4247043536075,73864.22777499999,21326.9333334
ILLINOIS,17,ROCK ISLAND,161,17161,NORTHWEST,10,1999,1.0,51000,50800,2235200,44.0,2959.0424658555094,60832.08559999999,20558.0306136
ILLINOIS,17,ROCK ISLAND,161,17161,NORTHWEST,10,2000,1.0,55000,54700,2461500,45.0,3026.293430988589,66990.95325,22136.3046174
ILLINOIS,17,ROCK ISLAND,161,17161,NORTHWEST,10,2001,1.0,57000,56700,2664900,47.0,3160.7953612547485,72526.58595000001,22945.6759014
ILLINOIS,17,ROCK ISLAND,161,17161,NORTHWEST,10,2002,1.0,55000,54700,2899100,53.0,3564.3011520532273,78900.45605,22136.3046174
ILLINOIS,17,ROCK ISLAND,161,17161,NORTHWEST,10,2003,1.0,53000,52900,1904400,36.0,2421.034744790871,51829.1982,21407.8704618
ILLINOIS,17,ROCK ISLAND,161,17161,NORTHWEST,10,2004,1.0,50000,49900,2594800,52.0,3497.0501869201476,70618.77939999998,20193.8135358
ILLINOIS,17,ROCK ISLAND,161,17161,NORTHWEST,10,2005,1.0,47000,46700,2054800,44.0,2959.0424658555094,55922.4094,18898.8194814
ILLINOIS,17,ROCK ISLAND,161,17161,NORTHWEST,10,2006,1.0,51000,50800,2489200,49.0,3295.2972915209084,67744.8226,20558.0306136
ILLINOIS,17,ROCK ISLAND,161,17161,NORTHWEST,10,2007,1.0,39000,38900,2061700,53.0,3564.3011520532273,56110.19634999999,15742.271473800001
ILLINOIS,17,ROCK ISLAND,161,17161,NORTHWEST,10,2008,1.0,43000,42900,2059200,48.0,3228.0463263878282,56042.15759999999,17361.0140418
ILLINOIS,17,ROCK ISLAND,161,17161,NORTHWEST,10,2009,1.0,43000,42900,2059200,48.0,3228.0463263878282,56042.15759999999,17361.0140418
ILLINOIS,17,ROCK ISLAND,161,17161,NORTHWEST,10,2010,1.0,43000,42800,2134000,49.9,3355.82316014068,58077.877,17320.5454776
ILLINOIS,17,ROCK ISLAND,161,17161,NORTHWEST,10,2011,1.0,42000,42000,2495000,59.4,3994.7073289049376,67902.6725,16996.796964
ILLINOIS,17,ROCK ISLAND,161,17161,NORTHWEST,10,2012,1.0,44000,43800,2204000,50.3,3382.7235461939117,59982.962,17725.2311196
ILLINOIS,17,ROCK ISLAND,161,17161,NORTHWEST,10,2013,1.0,47300,47000,2193000,46.7,3140.620071714825,59683.5915,19020.225174
ILLINOIS,17,ROCK ISLAND,161,17161,NORTHWEST,10,2014,1.0,42900,41800,2311000,55.3,3718.9783718593103,62895.0205,16915.8598356
ILLINOIS,17,ROCK ISLAND,161,17161,NORTHWEST,10,2015,1.0,45700,45600,2653000,58.2,3914.0061707452423,72202.7215,18453.6652752
ILLINOIS,17,ROCK ISLAND,161,17161,NORTHWEST,10,2016,1.0,46700,46500,2696000,58.0,3900.555977718626,73372.988,18817.882353
ILLINOIS,17,ROCK ISLAND,161,17161,NORTHWEST,10,2017,1.0,45500,45200,2649000,58.6,3940.906556798474,72093.8595,18291.7910184
ILLINOIS,17,ROCK ISLAND,161,17161,NORTHWEST,10,2018,1.0,51000,49500,2993000,60.5,4068.6833905513254,81455.9915,20031.939279000002
ILLINOIS,17,ROCK ISLAND,161,17161,NORTHWEST,10,2020,1.0,48000,47800,2930000,61.3,4122.484162657789,79741.415,19343.9736876
ILLINOIS,17,ROCK ISLAND,161,17161,NORTHWEST,10,2021,1.0,50600,50200,3243000,64.6,4344.412347596952,88259.8665,20315.2192284
ILLINOIS,17,ROCK ISLAND,161,17161,NORTHWEST,10,2022,1.0,51500,51300,3401000,66.3,4458.738988323188,92559.9155,20760.373434600002
ILLINOIS,17,ROCK ISLAND,161,17161,NORTHWEST,10,2023,1.0,49900,49700,3156000,63.5,4270.4362859505645,85892.118,20112.8764074
ILLINOIS,17,ROCK ISLAND,161,17161,NORTHWEST,10,2025,1.0,47500,47200,3323000,70.4,4734.467945368816,90437.1065,19101.1623024
ILLINOIS,17,SALINE,165,17165,SOUTHEAST,90,1980,1.0,50600,50000,1046200,21.0,1412.270267794675,28472.856099999997,20234.2821
ILLINOIS,17,SALINE,165,17165,SOUTHEAST,90,1981,1.0,43700,43000,1044800,24.5,1647.6486457604542,28434.754399999998,17401.482606
ILLINOIS,17,SALINE,165,17165,SOUTHEAST,90,1982,1.0,46700,46500,1405600,30.0,2017.5289539923929,38254.106799999994,18817.882353
ILLINOIS,17,SALINE,165,17165,SOUTHEAST,90,1983,1.0,40900,40500,807700,20.0,1345.0193026615952,21981.959349999997,16389.768501000002
ILLINOIS,17,SALINE,165,17165,SOUTHEAST,90,1984,1.0,44100,43000,1195500,28.0,1883.0270237262332,32536.13025,17401.482606
ILLINOIS,17,SALINE,165,17165,SOUTHEAST,90,1985,1.0,44300,44000,1480800,33.5,2252.907331958172,40300.7124,17806.168248
ILLINOIS,17,SALINE,165,17165,SOUTHEAST,90,1986,1.0,45100,44900,1479800,33.0,2219.281849391632,40273.4969,18170.3853258
ILLINOIS,17,SALINE,165,17165,SOUTHEAST,90,1987,1.0,40700,40200,1204100,30.0,2017.5289539923929,32770.183549999994,16268.362808400001
ILLINOIS,17,SALINE,165,17165,SOUTHEAST,90,1988,1.0,38800,38000,1127300,29.5,1983.903471425853,30680.03315,15378.054396000001
ILLINOIS,17,SALINE,165,17165,SOUTHEAST,90,1989,1.0,37900,37800,1201400,32.0,2152.0308842585523,32696.701699999998,15297.1172676
ILLINOIS,17,SALINE,165,17165,SOUTHEAST,90,1990,1.0,44900,43600,1413400,32.5,2185.6563668250924,38466.38769999999,17644.2939912
ILLINOIS,17,SALINE,165,17165,SOUTHEAST,90,1991,1.0,43000,42800,1433800,33.5,2252.907331958172,39021.5839,17320.5454776
ILLINOIS,17,SALINE,165,17165,SOUTHEAST,90,1992,1.0,45000,44700,1810350,40.5,2723.66408788973,49269.580425,18089.4481974
ILLINOIS,17,SALINE,165,17165,SOUTHEAST,90,1993,1.0,45000,44800,1523200,34.0,2286.5328145247117,41454.649600000004,18129.9167616
ILLINOIS,17,SALINE,165,17165,SOUTHEAST,90,1994,1.0,45000,44600,1516400,34.0,2286.5328145247117,41269.5842,18048.9796332
ILLINOIS,17,SALINE,165,17165,SOUTHEAST,90,1995,1.0,43000,42700,1152900,27.0,1815.7760585931535,31376.749949999998,17280.0769134
ILLINOIS,17,SALINE,165,17165,SOUTHEAST,90,1996,1.0,54000,53900,1967350,36.5,2454.6602273574113,53542.41392499999,21812.5561038
ILLINOIS,17,SALINE,165,17165,SOUTHEAST,90,1997,1.0,47000,46000,1656000,36.0,2421.034744790871,45068.868,18615.539532
ILLINOIS,17,SALINE,165,17165,SOUTHEAST,90,1998,1.0,46000,45900,1445850,31.5,2118.405401692012,39349.530674999995,18575.070967800002
ILLINOIS,17,SALINE,165,17165,SOUTHEAST,90,1999,1.0,44000,43800,1226400,28.0,1883.0270237262332,33377.0892,17725.2311196
ILLINOIS,17,SALINE,165,17165,SOUTHEAST,90,2000,1.0,50000,49600,1984000,40.0,2690.0386053231905,53995.552,20072.407843200002
ILLINOIS,17,SALINE,165,17165,SOUTHEAST,90,2001,1.0,58000,57600,2592000,45.0,3026.293430988589,70542.576,23309.8929792
ILLINOIS,17,SALINE,165,17165,SOUTHEAST,90,2002,1.0,56000,55500,1332000,24.0,1614.0231631939141,36251.046,22460.053131
ILLINOIS,17,SALINE,165,17165,SOUTHEAST,90,2003,1.0,53000,52900,2010200,38.0,2555.536675057031,54708.598099999996,21407.8704618
ILLINOIS,17,SALINE,165,17165,SOUTHEAST,90,2004,1.0,53000,52800,2270400,43.0,2891.7915007224296,61790.0712,21367.4018976
ILLINOIS,17,SALINE,165,17165,SOUTHEAST,90,2005,1.0,54000,53800,2474800,46.0,3093.544396121669,67352.91939999998,21772.0875396
ILLINOIS,17,SALINE,165,17165,SOUTHEAST,90,2006,1.0,60000,59700,2686500,45.0,3026.293430988589,73114.44075,24159.7328274
ILLINOIS,17,SALINE,165,17165,SOUTHEAST,90,2007,1.0,49000,48300,1304100,27.0,1815.7760585931535,35491.73355,19546.3165086
ILLINOIS,17,SALINE,165,17165,SOUTHEAST,90,2008,1.0,60000,59900,2396000,40.0,2690.0386053231905,65208.338,24240.6699558
ILLINOIS,17,SALINE,165,17165,SOUTHEAST,90,2009,1.0,55000,54800,2466000,45.0,3026.293430988589,67113.423,22176.7731816
ILLINOIS,17,SALINE,165,17165,SOUTHEAST,90,2010,1.0,56000,55900,2186000,39.1,2629.512736703419,59493.083,22621.927387800002
ILLINOIS,17,SALINE,165,17165,SOUTHEAST,90,2011,1.0,56000,55900,2049000,36.7,2468.1104203840273,55764.5595,22621.927387800002
ILLINOIS,17,SALINE,165,17165,SOUTHEAST,90,2012,1.0,53000,52000,1555000,29.9,2010.8038574790846,42320.1025,21043.653384
ILLINOIS,17,SALINE,165,17165,SOUTHEAST,90,2013,1.0,51300,51000,2398000,47.0,3160.7953612547485,65262.769,20638.967742
ILLINOIS,17,SALINE,165,17165,SOUTHEAST,90,2014,1.0,52500,52400,2427000,46.3,3113.719685661593,66052.0185,21205.5276408
ILLINOIS,17,SALINE,165,17165,SOUTHEAST,90,2016,1.0,56300,56200,2629000,46.8,3147.3451682281325,71549.5495,22743.3330804
ILLINOIS,17,SALINE,165,17165,SOUTHEAST,90,2017,1.0,57100,56900,2839000,49.9,3355.82316014068,77264.8045,23026.6130298
ILLINOIS,17,SALINE,165,17165,SOUTHEAST,90,2018,1.0,67000,65100,3214000,49.4,3322.19767757414,87470.617,26345.0352942
ILLINOIS,17,SALINE,165,17165,SOUTHEAST,90,2020,1.0,58900,58600,3457000,59.0,3967.806942851706,94083.9835,23714.578621200002
ILLINOIS,17,SALINE,165,17165,SOUTHEAST,90,2021,1.0,57300,56800,3363000,59.2,3981.257135878322,91525.7265,22986.144465600002
ILLINOIS,17,SALINE,165,17165,SOUTHEAST,90,2022,1.0,63300,63100,3332000,52.8,3550.8509590266112,90682.046,25535.664010200002
ILLINOIS,17,SALINE,165,17165,SOUTHEAST,90,2023,1.0,55400,55100,3047000,55.3,3718.9783718593103,82925.6285,22298.1788742
ILLINOIS,17,SANGAMON,167,17167,WEST SOUTHWEST,60,1980,1.0,191700,191000,7326100,38.5,2589.1621576235707,199383.47454999998,77294.957622
ILLINOIS,17,SANGAMON,167,17167,WEST SOUTHWEST,60,1981,1.0,192200,189000,8322600,44.0,2959.0424658555094,226503.7203,76485.58633800001
ILLINOIS,17,SANGAMON,167,17167,WEST SOUTHWEST,60,1982,1.0,191200,190500,8466900,44.5,2992.6679484220494,230430.91694999998,77092.614801
ILLINOIS,17,SANGAMON,167,17167,WEST SOUTHWEST,60,1983,1.0,193100,192500,6390000,33.0,2219.281849391632,173907.045,77901.986085
ILLINOIS,17,SANGAMON,167,17167,WEST SOUTHWEST,60,1984,1.0,193900,190500,7268100,38.0,2555.536675057031,197804.97554999997,77092.614801
ILLINOIS,17,SANGAMON,167,17167,WEST SOUTHWEST,60,1985,1.0,195800,194000,9551200,49.0,3295.2972915209084,259940.6836,78509.014548
ILLINOIS,17,SANGAMON,167,17167,WEST SOUTHWEST,60,1986,1.0,204300,203600,9862200,48.5,3261.6718089543683,268404.7041,82393.9967112
ILLINOIS,17,SANGAMON,167,17167,WEST SOUTHWEST,60,1987,1.0,203400,198400,8221000,41.5,2790.91505302281,223738.6255,80289.63137280001
ILLINOIS,17,SANGAMON,167,17167,WEST SOUTHWEST,60,1988,1.0,204300,203600,6347300,31.0,2084.7799191254726,172744.94315,82393.9967112
ILLINOIS,17,SANGAMON,167,17167,WEST SOUTHWEST,60,1989,1.0,202000,199300,9600400,48.0,3228.0463263878282,261279.6862,80653.84845060001
ILLINOIS,17,SANGAMON,167,17167,WEST SOUTHWEST,60,1990,1.0,190700,190200,8594700,45.0,3026.293430988589,233909.05784999998,76971.2091084
ILLINOIS,17,SANGAMON,167,17167,WEST SOUTHWEST,60,1991,1.0,194000,193500,9384050,48.5,3261.6718089543683,255391.612775,78306.67172700001
ILLINOIS,17,SANGAMON,167,17167,WEST SOUTHWEST,60,1992,1.0,200000,199100,9657600,48.5,3261.6718089543683,262836.4128,80572.9113222
ILLINOIS,17,SANGAMON,167,17167,WEST SOUTHWEST,60,1993,1.0,207000,204000,9588000,47.0,3160.7953612547485,260942.214,82555.870968
ILLINOIS,17,SANGAMON,167,17167,WEST SOUTHWEST,60,1994,1.0,207000,205700,10182150,49.5,3328.922774087448,277112.303325,83243.8365594
ILLINOIS,17,SANGAMON,167,17167,WEST SOUTHWEST,60,1995,1.0,200000,198900,8353800,42.0,2824.54053558935,227352.84389999998,80491.97419380001
ILLINOIS,17,SANGAMON,167,17167,WEST SOUTHWEST,60,1996,1.0,198000,197700,9094200,46.0,3093.544396121669,247503.2001,80006.3514234
ILLINOIS,17,SANGAMON,167,17167,WEST SOUTHWEST,60,1997,1.0,199000,198300,8824350,44.5,2992.6679484220494,240159.09742499999,80249.1628086
ILLINOIS,17,SANGAMON,167,17167,WEST SOUTHWEST,60,1998,1.0,217000,215900,10687050,49.5,3328.922774087448,290853.409275,87371.6301078
ILLINOIS,17,SANGAMON,167,17167,WEST SOUTHWEST,60,1999,1.0,194000,193200,8887200,46.0,3093.544396121669,241869.59159999999,78185.2660344
ILLINOIS,17,SANGAMON,167,17167,WEST SOUTHWEST,60,2000,1.0,195000,194800,9350400,48.0,3228.0463263878282,254475.8112,78832.7630616
ILLINOIS,17,SANGAMON,167,17167,WEST SOUTHWEST,60,2001,1.0,187000,185900,8923200,48.0,3228.0463263878282,242849.3496,75231.0608478
ILLINOIS,17,SANGAMON,167,17167,WEST SOUTHWEST,60,2002,1.0,176000,175700,8960700,51.0,3429.799221787068,243869.93085,71103.2672994
ILLINOIS,17,SANGAMON,167,17167,WEST SOUTHWEST,60,2003,1.0,172000,171700,8241600,48.0,3228.0463263878282,224299.26479999998,69484.5247314
ILLINOIS,17,SANGAMON,167,17167,WEST SOUTHWEST,60,2004,1.0,158000,157600,8510400,54.0,3631.552117186307,231614.79119999998,63778.4571792
ILLINOIS,17,SANGAMON,167,17167,WEST SOUTHWEST,60,2005,1.0,143000,142400,7547200,53.0,3564.3011520532273,205400.8216,57627.2354208
ILLINOIS,17,SANGAMON,167,17167,WEST SOUTHWEST,60,2006,1.0,146000,145400,7851600,54.0,3631.552117186307,213685.2198,58841.2923468
ILLINOIS,17,SANGAMON,167,17167,WEST SOUTHWEST,60,2007,1.0,121000,120900,6165900,51.0,3429.799221787068,167808.05145,48926.4941178
ILLINOIS,17,SANGAMON,167,17167,WEST SOUTHWEST,60,2008,1.0,118000,117000,5967000,51.0,3429.799221787068,162394.8885,47348.220114
ILLINOIS,17,SANGAMON,167,17167,WEST SOUTHWEST,60,2009,1.0,119000,118300,6269900,53.0,3564.3011520532273,170638.46344999998,47874.311448600005
ILLINOIS,17,SANGAMON,167,17167,WEST SOUTHWEST,60,2010,1.0,136000,135200,8161000,60.4,4061.9582940380174,222105.6955,54713.4987984
ILLINOIS,17,SANGAMON,167,17167,WEST SOUTHWEST,60,2011,1.0,129000,128700,7217000,56.1,3772.7791439657744,196414.2635,52083.0421254
ILLINOIS,17,SANGAMON,167,17167,WEST SOUTHWEST,60,2012,1.0,134000,133500,6611000,49.5,3328.922774087448,179921.6705,54025.533207
ILLINOIS,17,SANGAMON,167,17167,WEST SOUTHWEST,60,2013,1.0,141000,141000,8033000,57.0,3833.305012585546,218622.1115,57060.675522000005
ILLINOIS,17,SANGAMON,167,17167,WEST SOUTHWEST,60,2014,1.0,153500,153200,9690000,63.3,4256.9860929239485,263718.195,61997.8403544
ILLINOIS,17,SANGAMON,167,17167,WEST SOUTHWEST,60,2015,1.0,151500,151200,9185000,60.7,4082.1335835779414,249974.3675,61188.4690704
ILLINOIS,17,SANGAMON,167,17167,WEST SOUTHWEST,60,2016,1.0,145500,143000,9472000,66.2,4452.01389180988,257785.216,57870.046806
ILLINOIS,17,SANGAMON,167,17167,WEST SOUTHWEST,60,2017,1.0,168500,167700,11795000,70.3,4727.742848855507,321006.8225,67865.7821634
ILLINOIS,17,SANGAMON,167,17167,WEST SOUTHWEST,60,2018,1.0,192000,187100,15052000,80.4,5406.977596699613,409647.706,75716.6836182
ILLINOIS,17,SANGAMON,167,17167,WEST SOUTHWEST,60,2019,1.0,166000,164400,10764000,65.5,4404.938216216724,292947.642,66530.3195448
ILLINOIS,17,SANGAMON,167,17167,WEST SOUTHWEST,60,2020,1.0,162500,161800,11132000,68.8,4626.866401155888,302962.946,65478.1368756
ILLINOIS,17,SANGAMON,167,17167,WEST SOUTHWEST,60,2021,1.0,183000,181700,13101000,72.1,4848.79458609505,356550.2655,73531.3811514
ILLINOIS,17,SANGAMON,167,17167,WEST SOUTHWEST,60,2022,1.0,184500,183700,13355000,72.7,4889.1451651748985,363463.0025,74340.7524354
ILLINOIS,17,SANGAMON,167,17167,WEST SOUTHWEST,60,2023,1.0,172000,171300,12351000,72.1,4848.79458609505,336138.6405,69322.6504746
ILLINOIS,17,SANGAMON,167,17167,WEST SOUTHWEST,60,2024,1.0,183000,182000,14061000,77.3,5198.499604787065,382677.1455,73652.786844
ILLINOIS,17,SANGAMON,167,17167,WEST SOUTHWEST,60,2025,1.0,162000,161000,11512000,71.5,4808.444007015203,313304.836,65154.388362000005
ILLINOIS,17,SCHUYLER,169,17169,WEST,30,1980,1.0,62400,62000,1971900,32.0,2152.0308842585523,53666.24445,25090.509804
ILLINOIS,17,SCHUYLER,169,17169,WEST,30,1981,1.0,53500,52500,1943500,37.0,2488.285709923951,52893.32425,21245.996205
ILLINOIS,17,SCHUYLER,169,17169,WEST,30,1982,1.0,55700,55500,2100600,38.0,2555.536675057031,57168.8793,22460.053131
ILLINOIS,17,SCHUYLER,169,17169,WEST,30,1983,1.0,54600,54500,1236400,22.5,1513.1467154942945,33649.244199999994,22055.367489
ILLINOIS,17,SCHUYLER,169,17169,WEST,30,1984,1.0,52600,52000,1493400,28.5,1916.652506292773,40643.6277,21043.653384
ILLINOIS,17,SCHUYLER,169,17169,WEST,30,1985,1.0,56500,56000,2023600,36.0,2421.034744790871,55073.2858,22662.395952
ILLINOIS,17,SCHUYLER,169,17169,WEST,30,1986,1.0,56900,56000,2181300,39.0,2622.787640190111,59365.17015,22662.395952
ILLINOIS,17,SCHUYLER,169,17169,WEST,30,1987,1.0,56400,56000,1845200,33.0,2219.281849391632,50218.04059999999,22662.395952
ILLINOIS,17,SCHUYLER,169,17169,WEST,30,1988,1.0,51700,51700,1481800,28.5,1916.652506292773,40327.927899999995,20922.2476914
ILLINOIS,17,SCHUYLER,169,17169,WEST,30,1989,1.0,51000,50900,1921000,37.5,2521.911192490491,52280.9755,20598.4991778
ILLINOIS,17,SCHUYLER,169,17169,WEST,30,1990,1.0,51700,51400,1792500,35.0,2353.7837796577915,48783.78375,20800.841998800002
ILLINOIS,17,SCHUYLER,169,17169,WEST,30,1991,1.0,60000,58700,2230600,38.0,2555.536675057031,60706.8943,23755.047185400002
ILLINOIS,17,SCHUYLER,169,17169,WEST,30,1992,1.0,62000,61700,2560550,41.5,2790.91505302281,69686.648525,24969.1041114
ILLINOIS,17,SCHUYLER,169,17169,WEST,30,1993,1.0,63000,62000,2728000,44.0,2959.0424658555094,74243.884,25090.509804
ILLINOIS,17,SCHUYLER,169,17169,WEST,30,1994,1.0,64000,63800,2934800,46.0,3093.544396121669,79872.04939999999,25818.9439596
ILLINOIS,17,SCHUYLER,169,17169,WEST,30,1995,1.0,63000,62400,2340000,37.5,2521.911192490491,63684.27,25252.3840608
ILLINOIS,17,SCHUYLER,169,17169,WEST,30,1996,1.0,60000,59800,2392000,40.0,2690.0386053231905,65099.476,24200.2013916
ILLINOIS,17,SCHUYLER,169,17169,WEST,30,1997,1.0,57000,56700,2239650,39.5,2656.4131227566504,60953.194574999994,22945.6759014
ILLINOIS,17,SCHUYLER,169,17169,WEST,30,1998,1.0,60000,59700,2686500,45.0,3026.293430988589,73114.44075,24159.7328274
ILLINOIS,17,SCHUYLER,169,17169,WEST,30,1999,1.0,56000,55700,2172300,39.0,2622.787640190111,59120.23065,22540.9902594
ILLINOIS,17,SCHUYLER,169,17169,WEST,30,2000,1.0,62000,61900,2785500,45.0,3026.293430988589,75808.77525,25050.0412398
ILLINOIS,17,SCHUYLER,169,17169,WEST,30,2001,1.0,60000,59600,2741600,46.0,3093.544396121669,74614.01479999999,24119.264263200002
ILLINOIS,17,SCHUYLER,169,17169,WEST,30,2002,1.0,62000,61700,2653100,43.0,2891.7915007224296,72205.44305,24969.1041114
ILLINOIS,17,SCHUYLER,169,17169,WEST,30,2003,1.0,56000,55900,2403700,43.0,2891.7915007224296,65417.89734999999,22621.927387800002
ILLINOIS,17,SCHUYLER,169,17169,WEST,30,2004,1.0,64000,63500,3302000,52.0,3497.0501869201476,89865.581,25697.538267
ILLINOIS,17,SCHUYLER,169,17169,WEST,30,2005,1.0,54000,53800,2367200,44.0,2959.0424658555094,64424.531599999995,21772.0875396
ILLINOIS,17,SCHUYLER,169,17169,WEST,30,2006,1.0,59000,58800,2410800,41.0,2757.28957045627,65611.1274,23795.5157496
ILLINOIS,17,SCHUYLER,169,17169,WEST,30,2007,1.0,41000,40800,1550400,38.0,2555.536675057031,42194.911199999995,16511.1741936
ILLINOIS,17,SCHUYLER,169,17169,WEST,30,2008,1.0,50000,49700,2286200,46.0,3093.544396121669,62220.07609999999,20112.8764074
ILLINOIS,17,SCHUYLER,169,17169,WEST,30,2009,1.0,56000,55400,2659200,48.0,3228.0463263878282,72371.4576,22419.5845668
ILLINOIS,17,SCHUYLER,169,17169,WEST,30,2010,1.0,50000,49600,2413000,48.6,3268.3969054676763,65671.0015,20072.407843200002
ILLINOIS,17,SCHUYLER,169,17169,WEST,30,2011,1.0,52000,51800,2337000,45.1,3033.018527501897,63602.6235,20962.7162556
ILLINOIS,17,SCHUYLER,169,17169,WEST,30,2012,1.0,49000,48500,1794000,37.0,2488.285709923951,48824.607,19627.253637
ILLINOIS,17,SCHUYLER,169,17169,WEST,30,2013,1.0,54400,54300,2704000,49.8,3349.0980636273716,73590.712,21974.4303606
ILLINOIS,17,SCHUYLER,169,17169,WEST,30,2014,1.0,55000,54800,2872000,52.4,3523.950572973379,78162.916,22176.7731816
ILLINOIS,17,SCHUYLER,169,17169,WEST,30,2015,1.0,54200,53900,2870000,53.2,3577.7513450798433,78108.485,21812.5561038
ILLINOIS,17,SCHUYLER,169,17169,WEST,30,2016,1.0,56700,56500,3216000,56.9,3826.579916072238,87525.048,22864.738773
ILLINOIS,17,SCHUYLER,169,17169,WEST,30,2017,1.0,63500,63200,3701000,58.6,3940.906556798474,100724.5655,25576.132574400002
ILLINOIS,17,SCHUYLER,169,17169,WEST,30,2018,1.0,59000,57500,3442000,59.9,4028.3328114714777,93675.751,23269.424415
ILLINOIS,17,SCHUYLER,169,17169,WEST,30,2020,1.0,59700,59400,3451000,58.1,3907.2810742319343,93920.6905,24038.3271348
ILLINOIS,17,SCHUYLER,169,17169,WEST,30,2021,1.0,61200,60700,3836000,63.2,4250.260996410641,104398.658,24564.4184694
ILLINOIS,17,SCHUYLER,169,17169,WEST,30,2022,1.0,62300,62100,3920000,63.1,4243.535899897333,106684.76,25130.9783682
ILLINOIS,17,SCHUYLER,169,17169,WEST,30,2023,1.0,58600,58300,3521000,60.4,4061.9582940380174,95825.7755,23593.1729286
ILLINOIS,17,SCOTT,171,17171,WEST SOUTHWEST,60,1980,1.0,38200,38000,1265800,33.5,2252.907331958172,34449.3799,15378.054396000001
ILLINOIS,17,SCOTT,171,17171,WEST SOUTHWEST,60,1981,1.0,42500,42000,1658200,39.5,2656.4131227566504,45128.7421,16996.796964
ILLINOIS,17,SCOTT,171,17171,WEST SOUTHWEST,60,1982,1.0,40700,40500,1557400,38.5,2589.1621576235707,42385.4197,16389.768501000002
ILLINOIS,17,SCOTT,171,17171,WEST SOUTHWEST,60,1983,1.0,38100,38000,931500,24.5,1647.6486457604542,25351.23825,15378.054396000001
ILLINOIS,17,SCOTT,171,17171,WEST SOUTHWEST,60,1984,1.0,42700,42000,1440100,34.5,2320.158297091252,39193.041549999994,16996.796964
ILLINOIS,17,SCOTT,171,17171,WEST SOUTHWEST,60,1985,1.0,43300,43000,1728200,40.0,2690.0386053231905,47033.827099999995,17401.482606
ILLINOIS,17,SCOTT,171,17171,WEST SOUTHWEST,60,1986,1.0,45400,45200,1873400,41.5,2790.91505302281,50985.5177,18291.7910184
ILLINOIS,17,SCOTT,171,17171,WEST SOUTHWEST,60,1987,1.0,44300,43100,1420100,33.0,2219.281849391632,38648.73155,17441.9511702
ILLINOIS,17,SCOTT,171,17171,WEST SOUTHWEST,60,1988,1.0,45000,44900,1354600,30.0,2017.5289539923929,36866.116299999994,18170.3853258
ILLINOIS,17,SCOTT,171,17171,WEST SOUTHWEST,60,1989,1.0,44400,44000,1726200,39.0,2622.787640190111,46979.39609999999,17806.168248
ILLINOIS,17,SCOTT,171,17171,WEST SOUTHWEST,60,1990,1.0,45300,45300,1757700,39.0,2622.787640190111,47836.684349999996,18332.2595826
ILLINOIS,17,SCOTT,171,17171,WEST SOUTHWEST,60,1991,1.0,47000,46800,2059200,44.0,2959.0424658555094,56042.15759999999,18939.288045600002
ILLINOIS,17,SCOTT,171,17171,WEST SOUTHWEST,60,1992,1.0,44000,43500,1761750,40.5,2723.66408788973,47946.907125,17603.825427
ILLINOIS,17,SCOTT,171,17171,WEST SOUTHWEST,60,1993,1.0,42000,39000,1677000,43.0,2891.7915007224296,45640.3935,15782.740038
ILLINOIS,17,SCOTT,171,17171,WEST SOUTHWEST,60,1994,1.0,42000,41800,1839200,44.0,2959.0424658555094,50054.747599999995,16915.8598356
ILLINOIS,17,SCOTT,171,17171,WEST SOUTHWEST,60,1995,1.0,40000,39600,1544400,39.0,2622.787640190111,42031.6182,16025.5514232
ILLINOIS,17,SCOTT,171,17171,WEST SOUTHWEST,60,1996,1.0,36000,35900,1525750,42.5,2858.1660181558896,41524.049125,14528.2145478
ILLINOIS,17,SCOTT,171,17171,WEST SOUTHWEST,60,1997,1.0,42000,41900,1759800,42.0,2824.54053558935,47893.8369,16956.3283998
ILLINOIS,17,SCOTT,171,17171,WEST SOUTHWEST,60,1998,1.0,50000,49600,2232000,45.0,3026.293430988589,60744.996,20072.407843200002
ILLINOIS,17,SCOTT,171,17171,WEST SOUTHWEST,60,1999,1.0,47000,46700,1727900,37.0,2488.285709923951,47025.662449999996,18898.8194814
ILLINOIS,17,SCOTT,171,17171,WEST SOUTHWEST,60,2000,1.0,45000,44900,2065400,46.0,3093.544396121669,56210.89369999999,18170.3853258
ILLINOIS,17,SCOTT,171,17171,WEST SOUTHWEST,60,2001,1.0,50000,49700,2087400,42.0,2824.54053558935,56809.634699999995,20112.8764074
ILLINOIS,17,SCOTT,171,17171,WEST SOUTHWEST,60,2002,1.0,46000,45500,2002000,44.0,2959.0424658555094,54485.431,18413.196711
ILLINOIS,17,SCOTT,171,17171,WEST SOUTHWEST,60,2003,1.0,45000,44900,2065400,46.0,3093.544396121669,56210.89369999999,18170.3853258
ILLINOIS,17,SCOTT,171,17171,WEST SOUTHWEST,60,2004,1.0,45000,44900,2334800,52.0,3497.0501869201476,63542.7494,18170.3853258
ILLINOIS,17,SCOTT,171,17171,WEST SOUTHWEST,60,2005,1.0,42000,41800,1964600,47.0,3160.7953612547485,53467.571299999996,16915.8598356
ILLINOIS,17,SCOTT,171,17171,WEST SOUTHWEST,60,2006,1.0,45000,44800,2150400,48.0,3228.0463263878282,58524.2112,18129.9167616
ILLINOIS,17,SCOTT,171,17171,WEST SOUTHWEST,60,2007,1.0,37000,36900,1476000,40.0,2690.0386053231905,40170.078,14932.9001898
ILLINOIS,17,SCOTT,171,17171,WEST SOUTHWEST,60,2008,1.0,39000,38500,1809500,47.0,3160.7953612547485,49246.44725,15580.397217
ILLINOIS,17,SCOTT,171,17171,WEST SOUTHWEST,60,2009,1.0,43000,42900,2187900,51.0,3429.799221787068,59544.79244999999,17361.0140418
ILLINOIS,17,SCOTT,171,17171,WEST SOUTHWEST,60,2010,1.0,41000,40800,2134000,52.3,3517.225476460071,58077.877,16511.1741936
ILLINOIS,17,SCOTT,171,17171,WEST SOUTHWEST,60,2011,1.0,42000,41400,1840000,44.4,2985.9428519087414,50076.52,16753.985578800002
ILLINOIS,17,SCOTT,171,17171,WEST SOUTHWEST,60,2012,1.0,41000,40800,1774000,43.5,2925.4169832889697,48280.297,16511.1741936
ILLINOIS,17,SCOTT,171,17171,WEST SOUTHWEST,60,2013,1.0,45200,45100,2402000,53.3,3584.476441593151,65371.631,18251.3224542
ILLINOIS,17,SCOTT,171,17171,WEST SOUTHWEST,60,2014,1.0,40100,39900,2177000,54.6,3671.902696266155,59248.1435,16146.9571158
ILLINOIS,17,SCOTT,171,17171,WEST SOUTHWEST,60,2015,1.0,44900,43600,2212000,50.7,3409.623932247144,60200.686,17644.2939912
ILLINOIS,17,SCOTT,171,17171,WEST SOUTHWEST,60,2016,1.0,41400,41100,2378000,57.9,3893.830881205318,64718.459,16632.5798862
ILLINOIS,17,SCOTT,171,17171,WEST SOUTHWEST,60,2017,1.0,48500,48200,3033000,62.9,4230.085706870716,82544.6115,19505.8479444
ILLINOIS,17,SCOTT,171,17171,WEST SOUTHWEST,60,2020,1.0,48200,48000,3125000,65.1,4378.037830163492,85048.4375,19424.910816
ILLINOIS,17,SCOTT,171,17171,WEST SOUTHWEST,60,2021,1.0,52900,52400,3401000,64.9,4364.587637136877,92559.9155,21205.5276408
ILLINOIS,17,SCOTT,171,17171,WEST SOUTHWEST,60,2022,1.0,52500,52300,3771000,72.1,4848.79458609505,102629.6505,21165.059076600002
ILLINOIS,17,SCOTT,171,17171,WEST SOUTHWEST,60,2023,1.0,52200,52000,3214000,61.8,4156.109645224329,87470.617,21043.653384
ILLINOIS,17,SHELBY,173,17173,EAST SOUTHEAST,70,1980,1.0,170900,170000,5748100,34.0,2286.5328145247117,156437.41554999998,68796.55914
ILLINOIS,17,SHELBY,173,17173,EAST SOUTHEAST,70,1981,1.0,159200,158000,6350800,40.0,2690.0386053231905,172840.1974,63940.331436
ILLINOIS,17,SHELBY,173,17173,EAST SOUTHEAST,70,1982,1.0,156300,156000,5857600,37.5,2521.911192490491,159417.51279999997,63130.960152
ILLINOIS,17,SHELBY,173,17173,EAST SOUTHEAST,70,1983,1.0,161100,160500,4455300,28.0,1883.0270237262332,121253.21715,64952.045541
ILLINOIS,17,SHELBY,173,17173,EAST SOUTHEAST,70,1984,1.0,162800,160000,4011200,25.0,1681.274128326994,109166.8136,64749.70272
ILLINOIS,17,SHELBY,173,17173,EAST SOUTHEAST,70,1985,1.0,158400,157000,6634800,42.5,2858.1660181558896,180569.3994,63535.645794000004
ILLINOIS,17,SHELBY,173,17173,EAST SOUTHEAST,70,1986,1.0,154300,154000,6306100,41.0,2757.28957045627,171623.66455,62321.588868
ILLINOIS,17,SHELBY,173,17173,EAST SOUTHEAST,70,1987,1.0,153500,152000,5539500,36.5,2454.6602273574113,150760.26225,61512.217584000005
ILLINOIS,17,SHELBY,173,17173,EAST SOUTHEAST,70,1988,1.0,152400,152100,4129900,27.0,1815.7760585931535,112397.29344999998,61552.6861482
ILLINOIS,17,SHELBY,173,17173,EAST SOUTHEAST,70,1989,1.0,146600,145700,5137200,35.5,2387.4092622243315,139811.46659999999,58962.6980394
ILLINOIS,17,SHELBY,173,17173,EAST SOUTHEAST,70,1990,1.0,150000,149500,5507200,37.0,2488.285709923951,149881.2016,60500.503479
ILLINOIS,17,SHELBY,173,17173,EAST SOUTHEAST,70,1991,1.0,147000,145300,5448750,37.5,2521.911192490491,148290.455625,58800.823782600004
ILLINOIS,17,SHELBY,173,17173,EAST SOUTHEAST,70,1992,1.0,149000,147700,6572650,44.5,2992.6679484220494,178877.956075,59772.0693234
ILLINOIS,17,SHELBY,173,17173,EAST SOUTHEAST,70,1993,1.0,148000,146000,6424000,44.0,2959.0424658555094,174832.372,59084.103732
ILLINOIS,17,SHELBY,173,17173,EAST SOUTHEAST,70,1994,1.0,146000,144700,6366800,44.0,2959.0424658555094,173275.6454,58558.0123974
ILLINOIS,17,SHELBY,173,17173,EAST SOUTHEAST,70,1995,1.0,153000,152300,5482800,36.0,2421.034744790871,149217.1434,61633.6232766
ILLINOIS,17,SHELBY,173,17173,EAST SOUTHEAST,70,1996,1.0,153000,151600,4927000,32.5,2185.6563668250924,134090.7685,61350.343327200004
ILLINOIS,17,SHELBY,173,17173,EAST SOUTHEAST,70,1997,1.0,152000,151600,5760800,38.0,2555.536675057031,156783.05240000002,61350.343327200004
ILLINOIS,17,SHELBY,173,17173,EAST SOUTHEAST,70,1998,1.0,165000,164900,6843350,41.5,2790.91505302281,186245.191925,66732.6623658
ILLINOIS,17,SHELBY,173,17173,EAST SOUTHEAST,70,1999,1.0,162000,160900,5953300,37.0,2488.285709923951,162022.03615,65113.9197978
ILLINOIS,17,SHELBY,173,17173,EAST SOUTHEAST,70,2000,1.0,166000,165700,7787900,47.0,3160.7953612547485,211951.59245,67056.4108794
ILLINOIS,17,SHELBY,173,17173,EAST SOUTHEAST,70,2001,1.0,167000,165800,6797800,41.0,2757.28957045627,185005.5259,67096.8794436
ILLINOIS,17,SHELBY,173,17173,EAST SOUTHEAST,70,2002,1.0,169000,168500,6403000,38.0,2555.536675057031,174260.8465,68189.530677
ILLINOIS,17,SHELBY,173,17173,EAST SOUTHEAST,70,2003,1.0,160000,159700,6707400,42.0,2824.54053558935,182545.24469999998,64628.2970274
ILLINOIS,17,SHELBY,173,17173,EAST SOUTHEAST,70,2004,1.0,160000,159600,7980000,50.0,3362.548256653988,217179.69,64587.8284632
ILLINOIS,17,SHELBY,173,17173,EAST SOUTHEAST,70,2005,1.0,151000,150200,6608800,44.0,2959.0424658555094,179861.7964,60783.7834284
ILLINOIS,17,SHELBY,173,17173,EAST SOUTHEAST,70,2006,1.0,158000,157300,7550400,48.0,3228.0463263878282,205487.9112,63657.0514866
ILLINOIS,17,SHELBY,173,17173,EAST SOUTHEAST,70,2007,1.0,137000,136900,6708100,49.0,3295.2972915209084,182564.29554999998,55401.4643898
ILLINOIS,17,SHELBY,173,17173,EAST SOUTHEAST,70,2008,1.0,151000,150800,7389200,49.0,3295.2972915209084,201100.7726,61026.5948136
ILLINOIS,17,SHELBY,173,17173,EAST SOUTHEAST,70,2009,1.0,153000,152700,7329600,48.0,3228.0463263878282,199478.72879999998,61795.497533400005
ILLINOIS,17,SHELBY,173,17173,EAST SOUTHEAST,70,2010,1.0,153000,152500,8444000,55.4,3725.7034683726188,229807.682,61714.560405000004
ILLINOIS,17,SHELBY,173,17173,EAST SOUTHEAST,70,2011,1.0,157000,156900,6863000,43.7,2938.8671763155858,186779.9765,63495.1772298
ILLINOIS,17,SHELBY,173,17173,EAST SOUTHEAST,70,2012,1.0,152000,150600,6943000,46.1,3100.269492634977,188957.2165,60945.6576852
ILLINOIS,17,SHELBY,173,17173,EAST SOUTHEAST,70,2013,1.0,162500,162300,7955000,49.0,3295.2972915209084,216499.3025,65680.4796966
ILLINOIS,17,SHELBY,173,17173,EAST SOUTHEAST,70,2014,1.0,161000,160700,9087000,56.5,3799.6795300190065,247307.2485,65032.9826694
ILLINOIS,17,SHELBY,173,17173,EAST SOUTHEAST,70,2015,1.0,167000,166800,9938000,59.6,4008.1575219315537,270467.639,67501.5650856
ILLINOIS,17,SHELBY,173,17173,EAST SOUTHEAST,70,2016,1.0,166500,165900,9545000,57.5,3866.930495152086,259771.9475,67137.3480078
ILLINOIS,17,SHELBY,173,17173,EAST SOUTHEAST,70,2017,1.0,177500,176800,10785000,61.0,4102.308873117865,293519.1675,71548.4215056
ILLINOIS,17,SHELBY,173,17173,EAST SOUTHEAST,70,2018,1.0,178000,173800,12240000,70.4,4734.467945368816,333117.72,70334.3645796
ILLINOIS,17,SHELBY,173,17173,EAST SOUTHEAST,70,2019,1.0,176500,175000,9833000,56.2,3779.5042404790825,267610.0115,70819.98735
ILLINOIS,17,SHELBY,173,17173,EAST SOUTHEAST,70,2020,1.0,170500,169700,10250000,60.4,4061.9582940380174,278958.875,68675.15344740001
ILLINOIS,17,SHELBY,173,17173,EAST SOUTHEAST,70,2021,1.0,180500,178900,12040000,67.3,4525.989953456267,327674.62,72398.2613538
ILLINOIS,17,SHELBY,173,17173,EAST SOUTHEAST,70,2022,1.0,174000,173400,11635000,67.1,4512.539760429651,316652.3425,70172.4903228
ILLINOIS,17,SHELBY,173,17173,EAST SOUTHEAST,70,2023,1.0,177500,176800,11174000,63.2,4250.260996410641,304105.997,71548.4215056
ILLINOIS,17,SHELBY,173,17173,EAST SOUTHEAST,70,2025,1.0,177000,175800,10179000,57.9,3893.830881205318,277026.5745,71143.7358636
ILLINOIS,17,ST CLAIR,163,17163,SOUTHWEST,80,1980,1.0,116900,116000,3171400,27.5,1849.4015411596934,86311.23670000001,46943.534472
ILLINOIS,17,ST CLAIR,163,17163,SOUTHWEST,80,1981,1.0,109400,108000,4005400,37.0,2488.285709923951,109008.9637,43706.049336000004
ILLINOIS,17,ST CLAIR,163,17163,SOUTHWEST,80,1982,1.0,115700,115000,4273400,37.0,2488.285709923951,116302.7177,46538.84883
ILLINOIS,17,ST CLAIR,163,17163,SOUTHWEST,80,1983,1.0,106500,106000,2864700,27.0,1815.7760585931535,77964.24285,42896.678052
ILLINOIS,17,ST CLAIR,163,17163,SOUTHWEST,80,1984,1.0,107200,105000,3216800,30.5,2051.1544365589325,87546.8204,42491.99241
ILLINOIS,17,ST CLAIR,163,17163,SOUTHWEST,80,1985,1.0,116200,115000,3932900,34.0,2286.5328145247117,107035.83995,46538.84883
ILLINOIS,17,ST CLAIR,163,17163,SOUTHWEST,80,1986,1.0,107900,105200,3729900,35.5,2387.4092622243315,101511.09344999999,42572.9295384
ILLINOIS,17,ST CLAIR,163,17163,SOUTHWEST,80,1987,1.0,102500,101100,3432100,34.0,2286.5328145247117,93406.31754999999,40913.7184062
ILLINOIS,17,ST CLAIR,163,17163,SOUTHWEST,80,1988,1.0,101000,100200,2821400,28.0,1883.0270237262332,76785.8117,40549.5013284
ILLINOIS,17,ST CLAIR,163,17163,SOUTHWEST,80,1989,1.0,113000,112000,3837700,34.5,2320.158297091252,104444.92435,45324.791904
ILLINOIS,17,ST CLAIR,163,17163,SOUTHWEST,80,1990,1.0,115600,114400,3540000,31.0,2084.7799191254726,96342.87,46296.0374448
ILLINOIS,17,ST CLAIR,163,17163,SOUTHWEST,80,1991,1.0,105000,102400,3633500,35.5,2387.4092622243315,98887.51925,41439.8097408
ILLINOIS,17,ST CLAIR,163,17163,SOUTHWEST,80,1992,1.0,108000,107400,4183150,39.0,2622.787640190111,113846.51882499999,43463.2379508
ILLINOIS,17,ST CLAIR,163,17163,SOUTHWEST,80,1993,1.0,100000,97000,3783000,39.0,2622.787640190111,102956.2365,39254.507274
ILLINOIS,17,ST CLAIR,163,17163,SOUTHWEST,80,1994,1.0,113000,112200,4263600,38.0,2555.536675057031,116036.0058,45405.7290324
ILLINOIS,17,ST CLAIR,163,17163,SOUTHWEST,80,1995,1.0,113000,112900,3217650,28.5,1916.652506292773,87569.953575,45689.0089818
ILLINOIS,17,ST CLAIR,163,17163,SOUTHWEST,80,1996,1.0,105000,104600,3974800,38.0,2555.536675057031,108176.16939999998,42330.118153200005
ILLINOIS,17,ST CLAIR,163,17163,SOUTHWEST,80,1997,1.0,107000,106600,4050800,38.0,2555.536675057031,110244.5474,43139.4894372
ILLINOIS,17,ST CLAIR,163,17163,SOUTHWEST,80,1998,1.0,116000,115600,4508400,39.0,2622.787640190111,122698.36019999998,46781.6602152
ILLINOIS,17,ST CLAIR,163,17163,SOUTHWEST,80,1999,1.0,118000,117500,4112500,35.0,2353.7837796577915,111923.74375,47550.562935
ILLINOIS,17,ST CLAIR,163,17163,SOUTHWEST,80,2000,1.0,119000,118900,4874900,41.0,2757.28957045627,132672.84094999998,48117.1228338
ILLINOIS,17,ST CLAIR,163,17163,SOUTHWEST,80,2001,1.0,118000,116700,4784700,41.0,2757.28957045627,130218.00284999999,47226.8144214
ILLINOIS,17,ST CLAIR,163,17163,SOUTHWEST,80,2002,1.0,121000,120400,3973200,33.0,2219.281849391632,108132.6246,48724.1512968
ILLINOIS,17,ST CLAIR,163,17163,SOUTHWEST,80,2003,1.0,118000,117200,3984800,34.0,2286.5328145247117,108448.3244,47429.157242400004
ILLINOIS,17,ST CLAIR,163,17163,SOUTHWEST,80,2004,1.0,117000,116700,5368200,46.0,3093.544396121669,146098.2471,47226.8144214
ILLINOIS,17,ST CLAIR,163,17163,SOUTHWEST,80,2005,1.0,113000,112500,4837500,43.0,2891.7915007224296,131654.98125,45527.134725
ILLINOIS,17,ST CLAIR,163,17163,SOUTHWEST,80,2006,1.0,117000,116500,4310500,37.0,2488.285709923951,117312.41275,47145.877293000005
ILLINOIS,17,ST CLAIR,163,17163,SOUTHWEST,80,2007,1.0,122000,121500,3888000,32.0,2152.0308842585523,105813.864,49169.305503
ILLINOIS,17,ST CLAIR,163,17163,SOUTHWEST,80,2008,1.0,116000,115100,5294600,46.0,3093.544396121669,144095.18629999997,46579.3173942
ILLINOIS,17,ST CLAIR,163,17163,SOUTHWEST,80,2009,1.0,126000,125400,5266800,42.0,2824.54053558935,143338.59540000002,50747.5795068
ILLINOIS,17,ST CLAIR,163,17163,SOUTHWEST,80,2010,1.0,106000,105600,5280000,50.0,3362.548256653988,143697.84,42734.8037952
ILLINOIS,17,ST CLAIR,163,17163,SOUTHWEST,80,2011,1.0,111000,110800,3972000,35.8,2407.584551764255,108099.966,44839.1691336
ILLINOIS,17,ST CLAIR,163,17163,SOUTHWEST,80,2012,1.0,106000,104300,3300000,31.6,2125.1304982053207,89811.15,42208.7124606
ILLINOIS,17,ST CLAIR,163,17163,SOUTHWEST,80,2013,1.0,110500,110500,4396000,39.8,2676.5884122965745,119639.338,44717.763441
ILLINOIS,17,ST CLAIR,163,17163,SOUTHWEST,80,2014,1.0,107000,106600,5245000,49.2,3308.7474845475244,142745.2975,43139.4894372
ILLINOIS,17,ST CLAIR,163,17163,SOUTHWEST,80,2015,1.0,104000,103500,4741000,45.8,3080.0942030950528,129028.6855,41884.963947000004
ILLINOIS,17,ST CLAIR,163,17163,SOUTHWEST,80,2016,1.0,104000,103800,5441000,52.4,3523.950572973379,148079.5355,42006.3696396
ILLINOIS,17,ST CLAIR,163,17163,SOUTHWEST,80,2017,1.0,113000,112800,5742000,50.9,3423.07412527376,156271.401,45648.5404176
ILLINOIS,17,ST CLAIR,163,17163,SOUTHWEST,80,2018,1.0,113000,110100,6167000,56.0,3766.0540474524664,167837.9885,44555.8891842
ILLINOIS,17,ST CLAIR,163,17163,SOUTHWEST,80,2019,1.0,112000,111800,5951000,53.2,3577.7513450798433,161959.4405,45243.854775600004
ILLINOIS,17,ST CLAIR,163,17163,SOUTHWEST,80,2020,1.0,107500,107000,5639000,52.7,3544.1258625133037,153468.2045,43301.363694
ILLINOIS,17,ST CLAIR,163,17163,SOUTHWEST,80,2021,1.0,112000,111000,6616000,59.6,4008.1575219315537,180057.748,44920.106262
ILLINOIS,17,ST CLAIR,163,17163,SOUTHWEST,80,2022,1.0,114000,113600,6089000,53.6,3604.6517311330754,165715.1795,45972.288931200004
ILLINOIS,17,ST CLAIR,163,17163,SOUTHWEST,80,2023,1.0,108500,108000,5508000,51.0,3429.799221787068,149902.974,43706.049336000004
ILLINOIS,17,ST CLAIR,163,17163,SOUTHWEST,80,2024,1.0,116000,115300,6330000,54.9,3692.0779858060787,172274.115,46660.2545226
ILLINOIS,17,ST CLAIR,163,17163,SOUTHWEST,80,2025,1.0,110500,109800,4667000,42.5,2858.1660181558896,127014.7385,44434.4834916
ILLINOIS,17,STARK,175,17175,CENTRAL,40,1980,1.0,40100,40000,1654100,41.5,2790.91505302281,45017.15855,16187.42568
ILLINOIS,17,STARK,175,17175,CENTRAL,40,1981,1.0,44300,44000,1959700,44.5,2992.6679484220494,53334.21534999999,17806.168248
ILLINOIS,17,STARK,175,17175,CENTRAL,40,1982,1.0,48000,47300,2058500,43.5,2925.4169832889697,56023.10675,19141.6308666
ILLINOIS,17,STARK,175,17175,CENTRAL,40,1983,1.0,42500,42500,1610200,38.0,2555.536675057031,43822.3981,17199.139785
ILLINOIS,17,STARK,175,17175,CENTRAL,40,1984,1.0,53600,53000,2211400,41.5,2790.91505302281,60184.3567,21448.339026
ILLINOIS,17,STARK,175,17175,CENTRAL,40,1985,1.0,54300,54000,2690900,50.0,3362.548256653988,73234.18895,21853.024668000002
ILLINOIS,17,STARK,175,17175,CENTRAL,40,1986,1.0,49000,48800,2315100,47.5,3194.4208438212886,63006.604049999994,19748.6593296
ILLINOIS,17,STARK,175,17175,CENTRAL,40,1987,1.0,45800,45400,2085200,46.0,3093.544396121669,56749.760599999994,18372.7281468
ILLINOIS,17,STARK,175,17175,CENTRAL,40,1988,1.0,44700,44500,1566300,35.0,2353.7837796577915,42627.63765,18008.511069
ILLINOIS,17,STARK,175,17175,CENTRAL,40,1989,1.0,56000,55900,2526100,45.0,3026.293430988589,68749.07454999999,22621.927387800002
ILLINOIS,17,STARK,175,17175,CENTRAL,40,1990,1.0,58500,57400,2650200,46.0,3093.544396121669,72126.5181,23228.9558508
ILLINOIS,17,STARK,175,17175,CENTRAL,40,1991,1.0,61000,60200,2889600,48.0,3228.0463263878282,78641.90879999999,24362.0756484
ILLINOIS,17,STARK,175,17175,CENTRAL,40,1992,1.0,64000,63600,2766600,43.5,2925.4169832889697,75294.4023,25738.0068312
ILLINOIS,17,STARK,175,17175,CENTRAL,40,1993,1.0,64000,62000,2883000,46.5,3127.169878688209,78462.2865,25090.509804
ILLINOIS,17,STARK,175,17175,CENTRAL,40,1994,1.0,65000,64200,3338400,52.0,3497.0501869201476,90856.2252,25980.8182164
ILLINOIS,17,STARK,175,17175,CENTRAL,40,1995,1.0,65000,64800,2948400,45.5,3059.918913555129,80242.1802,26223.6296016
ILLINOIS,17,STARK,175,17175,CENTRAL,40,1996,1.0,61000,60900,3045000,50.0,3362.548256653988,82871.1975,24645.3555978
ILLINOIS,17,STARK,175,17175,CENTRAL,40,1997,1.0,65000,64800,3272400,50.5,3396.1737392205278,89060.0022,26223.6296016
ILLINOIS,17,STARK,175,17175,CENTRAL,40,1998,1.0,65000,64800,3466800,53.5,3597.9266346197674,94350.6954,26223.6296016
ILLINOIS,17,STARK,175,17175,CENTRAL,40,1999,1.0,68000,67700,3385000,50.0,3362.548256653988,92124.4675,27397.217963400002
ILLINOIS,17,STARK,175,17175,CENTRAL,40,2000,1.0,70000,69900,3425100,49.0,3295.2972915209084,93215.80905,28287.5263758
ILLINOIS,17,STARK,175,17175,CENTRAL,40,2001,1.0,73000,71400,3570000,50.0,3362.548256653988,97159.335,28894.554838800002
ILLINOIS,17,STARK,175,17175,CENTRAL,40,2002,1.0,69000,68700,3572400,52.0,3497.0501869201476,97224.65219999998,27801.903605400003
ILLINOIS,17,STARK,175,17175,CENTRAL,40,2003,1.0,70000,69900,2516400,36.0,2421.034744790871,68485.0842,28287.5263758
ILLINOIS,17,STARK,175,17175,CENTRAL,40,2004,1.0,68000,67700,3791200,56.0,3766.0540474524664,103179.40359999999,27397.217963400002
ILLINOIS,17,STARK,175,17175,CENTRAL,40,2005,1.0,63000,62700,2946900,47.0,3160.7953612547485,80201.35695,25373.7897534
ILLINOIS,17,STARK,175,17175,CENTRAL,40,2006,1.0,72000,71700,3871800,54.0,3631.552117186307,105372.9729,29015.9605314
ILLINOIS,17,STARK,175,17175,CENTRAL,40,2007,1.0,51000,50900,2646800,52.0,3497.0501869201476,72033.98539999999,20598.4991778
ILLINOIS,17,STARK,175,17175,CENTRAL,40,2008,1.0,62000,61700,3270100,53.0,3564.3011520532273,88997.40655,24969.1041114
ILLINOIS,17,STARK,175,17175,CENTRAL,40,2009,1.0,61000,60700,2792200,46.0,3093.544396121669,75991.1191,24564.4184694
ILLINOIS,17,STARK,175,17175,CENTRAL,40,2010,1.0,61000,60800,3541000,58.2,3914.0061707452423,96370.0855,24604.8870336
ILLINOIS,17,STARK,175,17175,CENTRAL,40,2011,1.0,55000,54900,3265000,59.5,4001.4324254182457,88858.6075,22217.2417458
ILLINOIS,17,STARK,175,17175,CENTRAL,40,2012,1.0,61000,60700,3097000,51.0,3429.799221787068,84286.4035,24564.4184694
ILLINOIS,17,STARK,175,17175,CENTRAL,40,2013,1.0,65300,65300,3736000,57.2,3846.7552056121626,101677.108,26425.9724226
ILLINOIS,17,STARK,175,17175,CENTRAL,40,2014,1.0,66200,66100,3828000,57.9,3893.830881205318,104180.934,26749.7209362
ILLINOIS,17,STARK,175,17175,CENTRAL,40,2015,1.0,70400,70300,4403000,62.6,4209.910417330793,119829.8465,28449.4006326
ILLINOIS,17,STARK,175,17175,CENTRAL,40,2016,1.0,65700,65200,4250000,65.2,4384.762926676801,115665.875,26385.5038584
ILLINOIS,17,STARK,175,17175,CENTRAL,40,2017,1.0,71600,71100,4596000,64.6,4344.412347596952,125082.438,28773.1491462
ILLINOIS,17,STARK,175,17175,CENTRAL,40,2019,1.0,60700,58700,3451000,58.8,3954.3567498250895,93920.6905,23755.047185400002
ILLINOIS,17,STARK,175,17175,CENTRAL,40,2020,1.0,66400,66100,4164000,63.0,4236.810803384024,113325.342,26749.7209362
ILLINOIS,17,STARK,175,17175,CENTRAL,40,2021,1.0,67400,66900,4690000,70.1,4714.292655828891,127640.695,27073.469449800003
ILLINOIS,17,STARK,175,17175,CENTRAL,40,2022,1.0,66200,66000,4670000,70.8,4761.368331422047,127096.385,26709.252372
ILLINOIS,17,STARK,175,17175,CENTRAL,40,2023,1.0,66200,65900,4725000,71.7,4821.894200041819,128593.2375,26668.783807800002
ILLINOIS,17,STARK,175,17175,CENTRAL,40,2025,1.0,67800,67400,5035000,74.7,5023.647095441058,137030.0425,27275.8122708
ILLINOIS,17,STEPHENSON,177,17177,NORTHWEST,10,1980,1.0,22600,22500,843900,37.5,2521.911192490491,22967.16045,9105.426945000001
ILLINOIS,17,STEPHENSON,177,17177,NORTHWEST,10,1981,1.0,21200,21000,872100,41.5,2790.91505302281,23734.637549999996,8498.398482
ILLINOIS,17,STEPHENSON,177,17177,NORTHWEST,10,1982,1.0,22100,22000,857400,39.0,2622.787640190111,23334.5697,8903.084124
ILLINOIS,17,STEPHENSON,177,17177,NORTHWEST,10,1983,1.0,22100,22000,801400,36.5,2454.6602273574113,21810.5017,8903.084124
ILLINOIS,17,STEPHENSON,177,17177,NORTHWEST,10,1984,1.0,25300,25000,889600,35.5,2387.4092622243315,24210.908799999997,10117.14105
ILLINOIS,17,STEPHENSON,177,17177,NORTHWEST,10,1985,1.0,26200,26000,1072800,41.5,2790.91505302281,29196.788399999998,10521.826692
ILLINOIS,17,STEPHENSON,177,17177,NORTHWEST,10,1986,1.0,27300,27200,1045900,38.5,2589.1621576235707,28464.69145,11007.4494624
ILLINOIS,17,STEPHENSON,177,17177,NORTHWEST,10,1987,1.0,25100,24900,1131200,45.5,3059.918913555129,30786.1736,10076.6724858
ILLINOIS,17,STEPHENSON,177,17177,NORTHWEST,10,1988,1.0,25900,25400,791800,31.0,2084.7799191254726,21549.2329,10279.0153068
ILLINOIS,17,STEPHENSON,177,17177,NORTHWEST,10,1989,1.0,28000,27600,1178700,42.5,2858.1660181558896,32078.909849999996,11169.3237192
ILLINOIS,17,STEPHENSON,177,17177,NORTHWEST,10,1990,1.0,27800,25600,1194500,46.5,3127.169878688209,32508.91475,10359.9524352
ILLINOIS,17,STEPHENSON,177,17177,NORTHWEST,10,1991,1.0,31000,30800,1463000,47.5,3194.4208438212886,39816.2765,12464.3177736
ILLINOIS,17,STEPHENSON,177,17177,NORTHWEST,10,1992,1.0,34000,33600,1428000,42.5,2858.1660181558896,38863.734,13597.4375712
ILLINOIS,17,STEPHENSON,177,17177,NORTHWEST,10,1993,1.0,41000,39000,1501500,38.5,2589.1621576235707,40864.07325,15782.740038
ILLINOIS,17,STEPHENSON,177,17177,NORTHWEST,10,1994,1.0,43000,42600,2172600,51.0,3429.799221787068,59128.3953,17239.6083492
ILLINOIS,17,STEPHENSON,177,17177,NORTHWEST,10,1995,1.0,45000,44900,2245000,50.0,3362.548256653988,61098.7975,18170.3853258
ILLINOIS,17,STEPHENSON,177,17177,NORTHWEST,10,1996,1.0,57000,56200,2276100,40.5,2723.66408788973,61945.19955,22743.3330804
ILLINOIS,17,STEPHENSON,177,17177,NORTHWEST,10,1997,1.0,59000,58800,2793000,47.5,3194.4208438212886,76012.8915,23795.5157496
ILLINOIS,17,STEPHENSON,177,17177,NORTHWEST,10,1998,1.0,63000,62900,3396600,54.0,3631.552117186307,92440.1673,25454.7268818
ILLINOIS,17,STEPHENSON,177,17177,NORTHWEST,10,1999,1.0,76000,75600,3931200,52.0,3497.0501869201476,106989.57359999999,30594.2345352
ILLINOIS,17,STEPHENSON,177,17177,NORTHWEST,10,2000,1.0,80000,79300,3489200,44.0,2959.0424658555094,94960.3226,32091.5714106
ILLINOIS,17,STEPHENSON,177,17177,NORTHWEST,10,2001,1.0,85000,84500,3887000,46.0,3093.544396121669,105786.6485,34195.936749
ILLINOIS,17,STEPHENSON,177,17177,NORTHWEST,10,2002,1.0,85000,83800,3771000,45.0,3026.293430988589,102629.6505,33912.6567996
ILLINOIS,17,STEPHENSON,177,17177,NORTHWEST,10,2003,1.0,97000,96800,2516800,26.0,1748.5250934600738,68495.97039999999,39173.5701456
ILLINOIS,17,STEPHENSON,177,17177,NORTHWEST,10,2004,1.0,83000,82500,4125000,50.0,3362.548256653988,112263.9375,33386.565465
ILLINOIS,17,STEPHENSON,177,17177,NORTHWEST,10,2005,1.0,80000,79600,3980000,50.0,3362.548256653988,108317.69,32212.977103200003
ILLINOIS,17,STEPHENSON,177,17177,NORTHWEST,10,2006,1.0,83000,82600,4543000,55.0,3698.8030823193867,123640.0165,33427.034029200004
ILLINOIS,17,STEPHENSON,177,17177,NORTHWEST,10,2007,1.0,56000,55900,3018600,54.0,3631.552117186307,82152.7083,22621.927387800002
ILLINOIS,17,STEPHENSON,177,17177,NORTHWEST,10,2008,1.0,69000,68800,3096000,45.0,3026.293430988589,84259.188,27842.3721696
ILLINOIS,17,STEPHENSON,177,17177,NORTHWEST,10,2009,1.0,70000,69100,3385900,49.0,3295.2972915209084,92148.96145,27963.7778622
ILLINOIS,17,STEPHENSON,177,17177,NORTHWEST,10,2010,1.0,69000,67700,3798000,56.1,3772.7791439657744,103364.469,27397.217963400002
ILLINOIS,17,STEPHENSON,177,17177,NORTHWEST,10,2011,1.0,62000,60600,3652000,60.3,4055.2331975247093,99391.006,24523.9499052
ILLINOIS,17,STEPHENSON,177,17177,NORTHWEST,10,2012,1.0,63000,62700,2706000,43.2,2905.2416937490457,73645.143,25373.7897534
ILLINOIS,17,STEPHENSON,177,17177,NORTHWEST,10,2013,1.0,67400,67300,3752000,55.8,3752.6038544258504,102112.556,27235.3437066
ILLINOIS,17,STEPHENSON,177,17177,NORTHWEST,10,2014,1.0,76200,76000,4346000,57.2,3846.7552056121626,118278.563,30756.108792000003
ILLINOIS,17,STEPHENSON,177,17177,NORTHWEST,10,2015,1.0,79900,79700,4777000,59.9,4028.3328114714777,130008.4435,32253.4456674
ILLINOIS,17,STEPHENSON,177,17177,NORTHWEST,10,2016,1.0,84100,83900,5563000,66.3,4458.738988323188,151399.8265,33953.1253638
ILLINOIS,17,STEPHENSON,177,17177,NORTHWEST,10,2017,1.0,89500,88900,5260000,59.2,3981.257135878322,143153.53,35976.5535738
ILLINOIS,17,STEPHENSON,177,17177,NORTHWEST,10,2018,1.0,82000,79100,5005000,63.3,4256.9860929239485,136213.5775,32010.6342822
ILLINOIS,17,STEPHENSON,177,17177,NORTHWEST,10,2019,1.0,72000,69900,3945000,56.4,3792.9544335056985,107365.1475,28287.5263758
ILLINOIS,17,STEPHENSON,177,17177,NORTHWEST,10,2020,1.0,79600,79200,5077000,64.1,4310.786865030413,138173.0935,32051.1028464
ILLINOIS,17,STEPHENSON,177,17177,NORTHWEST,10,2021,1.0,78800,78100,5037000,64.5,4337.687251083645,137084.4735,31605.9486402
ILLINOIS,17,STEPHENSON,177,17177,NORTHWEST,10,2022,1.0,88500,88200,5495000,62.3,4189.735127790869,149549.1725,35693.273624400004
ILLINOIS,17,STEPHENSON,177,17177,NORTHWEST,10,2023,1.0,80500,80100,5006000,62.5,4203.185320817485,136240.793,32415.3199242
ILLINOIS,17,STEPHENSON,177,17177,NORTHWEST,10,2024,1.0,87300,86900,5761000,66.3,4458.738988323188,156788.4955,35167.1822898
ILLINOIS,17,STEPHENSON,177,17177,NORTHWEST,10,2025,1.0,80400,79900,5729000,71.7,4821.894200041819,155917.5995,32334.3827958
ILLINOIS,17,TAZEWELL,179,17179,CENTRAL,40,1980,1.0,96300,96000,3630900,38.0,2555.536675057031,98816.75894999999,38849.821632
ILLINOIS,17,TAZEWELL,179,17179,CENTRAL,40,1981,1.0,100000,99000,4259000,43.0,2891.7915007224296,115910.8145,40063.878558000004
ILLINOIS,17,TAZEWELL,179,17179,CENTRAL,40,1982,1.0,101300,101000,4446000,44.0,2959.0424658555094,121000.113,40873.249842000005
ILLINOIS,17,TAZEWELL,179,17179,CENTRAL,40,1983,1.0,98800,98500,3530100,36.0,2421.034744790871,96073.43655,39861.535737
ILLINOIS,17,TAZEWELL,179,17179,CENTRAL,40,1984,1.0,99200,98000,3572000,36.5,2454.6602273574113,97213.766,39659.192916
ILLINOIS,17,TAZEWELL,179,17179,CENTRAL,40,1985,1.0,105600,105000,5390900,51.5,3463.4247043536075,146716.03895,42491.99241
ILLINOIS,17,TAZEWELL,179,17179,CENTRAL,40,1986,1.0,106600,105300,4942900,47.0,3160.7953612547485,134523.49495,42613.398102600004
ILLINOIS,17,TAZEWELL,179,17179,CENTRAL,40,1987,1.0,104800,104100,4417500,42.5,2858.1660181558896,120224.47125,42127.7753322
ILLINOIS,17,TAZEWELL,179,17179,CENTRAL,40,1988,1.0,108700,108300,2940600,27.0,1815.7760585931535,80029.89929999999,43827.4550286
ILLINOIS,17,TAZEWELL,179,17179,CENTRAL,40,1989,1.0,111700,111500,5426300,48.5,3261.6718089543683,147679.46765,45122.449083
ILLINOIS,17,TAZEWELL,179,17179,CENTRAL,40,1990,1.0,115500,115300,4870300,42.0,2824.54053558935,132547.64964999998,46660.2545226
ILLINOIS,17,TAZEWELL,179,17179,CENTRAL,40,1991,1.0,117000,116000,5510000,47.5,3194.4208438212886,149957.405,46943.534472
ILLINOIS,17,TAZEWELL,179,17179,CENTRAL,40,1992,1.0,121000,120200,5649400,47.0,3160.7953612547485,153751.2457,48643.2141684
ILLINOIS,17,TAZEWELL,179,17179,CENTRAL,40,1993,1.0,122000,121000,5747700,47.5,3194.4208438212886,156426.52935,48966.962682000005
ILLINOIS,17,TAZEWELL,179,17179,CENTRAL,40,1994,1.0,129000,128000,6208000,48.5,3261.6718089543683,168953.824,51799.762176000004
ILLINOIS,17,TAZEWELL,179,17179,CENTRAL,40,1995,1.0,118000,117600,5233200,44.5,2992.6679484220494,142424.15459999998,47591.0314992
ILLINOIS,17,TAZEWELL,179,17179,CENTRAL,40,1996,1.0,130000,129900,5910450,45.5,3059.918913555129,160855.851975,52568.6648958
ILLINOIS,17,TAZEWELL,179,17179,CENTRAL,40,1997,1.0,128000,127500,6056250,47.5,3194.4208438212886,164823.871875,51597.419355
ILLINOIS,17,TAZEWELL,179,17179,CENTRAL,40,1998,1.0,135000,133000,6916000,52.0,3497.0501869201476,188222.398,53823.190386
ILLINOIS,17,TAZEWELL,179,17179,CENTRAL,40,1999,1.0,128000,127500,6502500,51.0,3429.799221787068,176968.78875,51597.419355
ILLINOIS,17,TAZEWELL,179,17179,CENTRAL,40,2000,1.0,126000,125800,6038400,48.0,3228.0463263878282,164338.0752,50909.4537636
ILLINOIS,17,TAZEWELL,179,17179,CENTRAL,40,2001,1.0,130000,129300,6594300,51.0,3429.799221787068,179467.17165,52325.8535106
ILLINOIS,17,TAZEWELL,179,17179,CENTRAL,40,2002,1.0,126000,125700,6536400,52.0,3497.0501869201476,177891.39419999998,50868.9851994
ILLINOIS,17,TAZEWELL,179,17179,CENTRAL,40,2003,1.0,121000,120800,4711200,39.0,2622.787640190111,128217.6636,48886.025553600004
ILLINOIS,17,TAZEWELL,179,17179,CENTRAL,40,2004,1.0,121000,120400,6501600,54.0,3631.552117186307,176944.29479999997,48724.1512968
ILLINOIS,17,TAZEWELL,179,17179,CENTRAL,40,2005,1.0,112000,110900,5877700,53.0,3564.3011520532273,159964.54434999998,44879.637697800004
ILLINOIS,17,TAZEWELL,179,17179,CENTRAL,40,2006,1.0,117000,116500,6291000,54.0,3631.552117186307,171212.7105,47145.877293000005
ILLINOIS,17,TAZEWELL,179,17179,CENTRAL,40,2007,1.0,98000,97800,5183400,53.0,3564.3011520532273,141068.8227,39578.2557876
ILLINOIS,17,TAZEWELL,179,17179,CENTRAL,40,2008,1.0,100000,99800,5189600,52.0,3497.0501869201476,141237.55879999997,40387.6270716
ILLINOIS,17,TAZEWELL,179,17179,CENTRAL,40,2009,1.0,106000,105400,5586200,53.0,3564.3011520532273,152031.2261,42653.8666668
ILLINOIS,17,TAZEWELL,179,17179,CENTRAL,40,2010,1.0,108000,106900,6210000,58.1,3907.2810742319343,169008.255,43260.8951298
ILLINOIS,17,TAZEWELL,179,17179,CENTRAL,40,2011,1.0,102000,101900,5839000,57.3,3853.48030212547,158911.3045,41237.466919800005
ILLINOIS,17,TAZEWELL,179,17179,CENTRAL,40,2012,1.0,109000,108000,5564000,51.5,3463.4247043536075,151427.042,43706.049336000004
ILLINOIS,17,TAZEWELL,179,17179,CENTRAL,40,2013,1.0,110500,110300,6023000,54.6,3671.902696266155,163918.9565,44636.8263126
ILLINOIS,17,TAZEWELL,179,17179,CENTRAL,40,2014,1.0,116000,115700,7053000,61.0,4102.308873117865,191950.9215,46822.1287794
ILLINOIS,17,TAZEWELL,179,17179,CENTRAL,40,2015,1.0,112000,111700,6746000,60.4,4061.9582940380174,183595.763,45203.3862114
ILLINOIS,17,TAZEWELL,179,17179,CENTRAL,40,2016,1.0,117500,117000,7610000,65.0,4371.312733650185,207109.955,47348.220114
ILLINOIS,17,TAZEWELL,179,17179,CENTRAL,40,2017,1.0,120000,119300,7974000,66.8,4492.364470889728,217016.397,48278.9970906
ILLINOIS,17,TAZEWELL,179,17179,CENTRAL,40,2018,1.0,130000,126700,9131000,72.1,4848.79458609505,248504.7305,51273.6708414
ILLINOIS,17,TAZEWELL,179,17179,CENTRAL,40,2019,1.0,120000,118500,7563000,63.8,4290.611575490489,205830.8265,47955.248577
ILLINOIS,17,TAZEWELL,179,17179,CENTRAL,40,2020,1.0,123500,122900,7841000,63.8,4290.611575490489,213396.7355,49735.8654018
ILLINOIS,17,TAZEWELL,179,17179,CENTRAL,40,2021,1.0,121500,120400,8524000,70.8,4761.368331422047,231984.922,48724.1512968
ILLINOIS,17,TAZEWELL,179,17179,CENTRAL,40,2022,1.0,125000,124600,8847000,71.0,4774.818524448663,240775.5285,50423.830993200005
ILLINOIS,17,TAZEWELL,179,17179,CENTRAL,40,2023,1.0,121000,120400,8994000,74.7,5023.647095441058,244776.207,48724.1512968
ILLINOIS,17,TAZEWELL,179,17179,CENTRAL,40,2024,1.0,125500,125100,9370000,74.9,5037.097288467674,255009.235,50626.1738142
ILLINOIS,17,TAZEWELL,179,17179,CENTRAL,40,2025,1.0,122500,121800,9293000,76.3,5131.248639653985,252913.6415,49290.7111956
ILLINOIS,17,UNION,181,17181,SOUTHWEST,80,1980,1.0,34300,34000,692900,20.5,1378.644785228135,18857.61995,13759.311828
ILLINOIS,17,UNION,181,17181,SOUTHWEST,80,1981,1.0,29000,28000,778800,28.0,1883.0270237262332,21195.431399999998,11331.197976
ILLINOIS,17,UNION,181,17181,SOUTHWEST,80,1982,1.0,32700,32000,932000,29.0,1950.277988859313,25364.846,12949.940544000001
ILLINOIS,17,UNION,181,17181,SOUTHWEST,80,1983,1.0,23700,23500,431400,18.5,1244.1428549619754,11740.7667,9510.112587
ILLINOIS,17,UNION,181,17181,SOUTHWEST,80,1984,1.0,23600,23000,704600,30.5,2051.1544365589325,19176.0413,9307.769766
ILLINOIS,17,UNION,181,17181,SOUTHWEST,80,1985,1.0,26300,26000,863100,33.0,2219.281849391632,23489.698049999995,10521.826692
ILLINOIS,17,UNION,181,17181,SOUTHWEST,80,1986,1.0,27000,26000,805000,31.0,2084.7799191254726,21908.4775,10521.826692
ILLINOIS,17,UNION,181,17181,SOUTHWEST,80,1987,1.0,25400,25100,751800,30.0,2017.5289539923929,20460.6129,10157.6096142
ILLINOIS,17,UNION,181,17181,SOUTHWEST,80,1988,1.0,25900,25700,723700,28.0,1883.0270237262332,19695.85735,10400.420999400001
ILLINOIS,17,UNION,181,17181,SOUTHWEST,80,1989,1.0,26000,25800,755900,29.5,1983.903471425853,20572.19645,10440.8895636
ILLINOIS,17,UNION,181,17181,SOUTHWEST,80,1990,1.0,54500,53800,1876200,35.0,2353.7837796577915,51061.721099999995,21772.0875396
ILLINOIS,17,UNION,181,17181,SOUTHWEST,80,1991,1.0,25000,24100,771200,32.0,2152.0308842585523,20988.593599999997,9752.9239722
ILLINOIS,17,UNION,181,17181,SOUTHWEST,80,1992,1.0,25000,24800,781200,31.5,2118.405401692012,21260.7486,10036.203921600001
ILLINOIS,17,UNION,181,17181,SOUTHWEST,80,1993,1.0,23000,15000,510000,34.0,2286.5328145247117,13879.905,6070.28463
ILLINOIS,17,UNION,181,17181,SOUTHWEST,80,1994,1.0,27000,26700,1054650,39.5,2656.4131227566504,28702.827075,10805.1066414
ILLINOIS,17,UNION,181,17181,SOUTHWEST,80,1995,1.0,23000,22900,732800,32.0,2152.0308842585523,19943.518399999997,9267.3012018
ILLINOIS,17,UNION,181,17181,SOUTHWEST,80,1996,1.0,28000,27600,938400,34.0,2286.5328145247117,25539.0252,11169.3237192
ILLINOIS,17,UNION,181,17181,SOUTHWEST,80,1997,1.0,36000,35900,1310350,36.5,2454.6602273574113,35661.830425,14528.2145478
ILLINOIS,17,UNION,181,17181,SOUTHWEST,80,1998,1.0,34000,33800,1166100,34.5,2320.158297091252,31735.994549999996,13678.3746996
ILLINOIS,17,UNION,181,17181,SOUTHWEST,80,1999,1.0,27000,26800,750400,28.0,1883.0270237262332,20422.5112,10845.5752056
ILLINOIS,17,UNION,181,17181,SOUTHWEST,80,2000,1.0,27000,26200,969400,37.0,2488.285709923951,26382.7057,10602.7638204
ILLINOIS,17,UNION,181,17181,SOUTHWEST,80,2001,1.0,30000,29600,1154400,39.0,2622.787640190111,31417.5732,11978.6950032
ILLINOIS,17,UNION,181,17181,SOUTHWEST,80,2002,1.0,32000,31800,890400,28.0,1883.0270237262332,24232.6812,12869.0034156
ILLINOIS,17,UNION,181,17181,SOUTHWEST,80,2003,1.0,30000,29700,1069200,36.0,2421.034744790871,29098.812599999997,12019.1635674
ILLINOIS,17,UNION,181,17181,SOUTHWEST,80,2004,1.0,28000,27900,1116000,40.0,2690.0386053231905,30372.498,11290.7294118
ILLINOIS,17,UNION,181,17181,SOUTHWEST,80,2005,1.0,29000,28800,1209600,42.0,2824.54053558935,32919.8688,11654.9464896
ILLINOIS,17,UNION,181,17181,SOUTHWEST,80,2006,1.0,31000,30900,1297800,42.0,2824.54053558935,35320.2759,12504.7863378
ILLINOIS,17,UNION,181,17181,SOUTHWEST,80,2007,1.0,28000,27800,945200,34.0,2286.5328145247117,25724.0906,11250.2608476
ILLINOIS,17,UNION,181,17181,SOUTHWEST,80,2008,1.0,25000,23600,896800,38.0,2555.536675057031,24406.860399999998,9550.5811512
ILLINOIS,17,UNION,181,17181,SOUTHWEST,80,2009,1.0,30000,29300,1230600,42.0,2824.54053558935,33491.3943,11857.289310600001
ILLINOIS,17,UNION,181,17181,SOUTHWEST,80,2010,1.0,25000,24800,814000,32.8,2205.831656365016,22153.417,10036.203921600001
ILLINOIS,17,UNION,181,17181,SOUTHWEST,80,2011,1.0,23000,22900,827000,36.1,2427.759841304179,22507.2185,9267.3012018
ILLINOIS,17,UNION,181,17181,SOUTHWEST,80,2012,1.0,30000,28900,882000,30.5,2051.1544365589325,24004.071,11695.4150538
ILLINOIS,17,UNION,181,17181,SOUTHWEST,80,2013,1.0,27200,27200,1256000,46.2,3106.9945891482853,34182.668,11007.4494624
ILLINOIS,17,UNION,181,17181,SOUTHWEST,80,2016,1.0,32200,32100,1407000,43.8,2945.5922728288933,38292.2085,12990.4091082
ILLINOIS,17,UNION,181,17181,SOUTHWEST,80,2017,1.0,35300,35200,1818000,51.6,3470.1498008669155,49477.779,14244.934598400001
ILLINOIS,17,UNION,181,17181,SOUTHWEST,80,2019,1.0,22000,21800,741000,34.0,2286.5328145247117,20166.6855,8822.1469956
ILLINOIS,17,UNION,181,17181,SOUTHWEST,80,2020,1.0,31100,30900,1551000,50.2,3375.998449680604,42211.2405,12504.7863378
ILLINOIS,17,UNION,181,17181,SOUTHWEST,80,2021,1.0,34700,34200,1522000,44.5,2992.6679484220494,41421.991,13840.2489564
ILLINOIS,17,UNION,181,17181,SOUTHWEST,80,2022,1.0,33600,33500,1608000,48.0,3228.0463263878282,43762.524,13556.969007
ILLINOIS,17,UNION,181,17181,SOUTHWEST,80,2023,1.0,33300,33100,1499000,45.3,3046.468720528513,40796.0345,13395.0947502
ILLINOIS,17,VERMILION,183,17183,EAST,50,1980,1.0,208900,208000,7399500,35.5,2387.4092622243315,201381.09225,84174.613536
ILLINOIS,17,VERMILION,183,17183,EAST,50,1981,1.0,205800,204000,7409200,36.5,2454.6602273574113,201645.0826,82555.870968
ILLINOIS,17,VERMILION,183,17183,EAST,50,1982,1.0,208400,207000,8443200,41.0,2757.28957045627,229785.90959999998,83769.92789400001
ILLINOIS,17,VERMILION,183,17183,EAST,50,1983,1.0,209500,209000,7816900,37.5,2521.911192490491,212740.84195,84579.299178
ILLINOIS,17,VERMILION,183,17183,EAST,50,1984,1.0,208200,206000,7224800,35.0,2353.7837796577915,196626.54439999998,83365.242252
ILLINOIS,17,VERMILION,183,17183,EAST,50,1985,1.0,204500,203000,9797400,48.5,3261.6718089543683,266641.1397,82151.185326
ILLINOIS,17,VERMILION,183,17183,EAST,50,1986,1.0,199200,198700,6945700,35.0,2353.7837796577915,189030.69835,80411.0370654
ILLINOIS,17,VERMILION,183,17183,EAST,50,1987,1.0,196000,194500,7768100,40.0,2690.0386053231905,211412.72554999997,78711.357369
ILLINOIS,17,VERMILION,183,17183,EAST,50,1988,1.0,197600,197100,5153500,26.0,1748.5250934600738,140255.07925,79763.54003820001
ILLINOIS,17,VERMILION,183,17183,EAST,50,1989,1.0,197000,196400,7802600,39.5,2656.4131227566504,212351.6603,79480.2600888
ILLINOIS,17,VERMILION,183,17183,EAST,50,1990,1.0,202800,200300,7870500,39.5,2656.4131227566504,214199.59275,81058.5340926
ILLINOIS,17,VERMILION,183,17183,EAST,50,1991,1.0,203000,199300,6377600,32.0,2152.0308842585523,173569.5728,80653.84845060001
ILLINOIS,17,VERMILION,183,17183,EAST,50,1992,1.0,209000,208200,9369000,45.0,3026.293430988589,254982.0195,84255.5506644
ILLINOIS,17,VERMILION,183,17183,EAST,50,1993,1.0,208000,207000,9315000,45.0,3026.293430988589,253512.3825,83769.92789400001
ILLINOIS,17,VERMILION,183,17183,EAST,50,1994,1.0,212000,210700,10113600,48.0,3228.0463263878282,275246.68080000003,85267.2647694
ILLINOIS,17,VERMILION,183,17183,EAST,50,1995,1.0,215000,213900,8662950,40.5,2723.66408788973,235766.515725,86562.2588238
ILLINOIS,17,VERMILION,183,17183,EAST,50,1996,1.0,211000,210800,9380600,44.5,2992.6679484220494,255297.71929999997,85307.7333336
ILLINOIS,17,VERMILION,183,17183,EAST,50,1997,1.0,210000,209400,9423000,45.0,3026.293430988589,256451.6565,84741.1734348
ILLINOIS,17,VERMILION,183,17183,EAST,50,1998,1.0,223000,221900,9208850,41.5,2790.91505302281,250623.457175,89799.7439598
ILLINOIS,17,VERMILION,183,17183,EAST,50,1999,1.0,222000,220800,9936000,45.0,3026.293430988589,270413.208,89354.5897536
ILLINOIS,17,VERMILION,183,17183,EAST,50,2000,1.0,218000,217800,9801000,45.0,3026.293430988589,266739.1155,88140.53282760001
ILLINOIS,17,VERMILION,183,17183,EAST,50,2001,1.0,216000,214700,10949700,51.0,3429.799221787068,298001.56035,86886.0073374
ILLINOIS,17,VERMILION,183,17183,EAST,50,2002,1.0,220000,219400,10750600,49.0,3295.2972915209084,292582.9543,88788.0298548
ILLINOIS,17,VERMILION,183,17183,EAST,50,2003,1.0,206000,205500,7603500,37.0,2488.285709923951,206933.05425,83162.899431
ILLINOIS,17,VERMILION,183,17183,EAST,50,2004,1.0,207000,206000,10712000,52.0,3497.0501869201476,291532.436,83365.242252
ILLINOIS,17,VERMILION,183,17183,EAST,50,2005,1.0,201000,200200,10210200,51.0,3429.799221787068,277875.6981,81018.06552840001
ILLINOIS,17,VERMILION,183,17183,EAST,50,2006,1.0,208000,207100,11183400,54.0,3631.552117186307,304361.82269999996,83810.3964582
ILLINOIS,17,VERMILION,183,17183,EAST,50,2007,1.0,186000,185600,10208000,55.0,3698.8030823193867,277815.824,75109.6551552
ILLINOIS,17,VERMILION,183,17183,EAST,50,2008,1.0,206000,205000,10045000,49.0,3295.2972915209084,273379.6975,82960.55661
ILLINOIS,17,VERMILION,183,17183,EAST,50,2009,1.0,193000,192600,10593000,55.0,3698.8030823193867,288293.7915,77942.45464920001
ILLINOIS,17,VERMILION,183,17183,EAST,50,2010,1.0,206000,205000,11318000,55.2,3712.2532753460027,308025.029,82960.55661
ILLINOIS,17,VERMILION,183,17183,EAST,50,2011,1.0,195000,194700,8740000,44.9,3019.568334475281,237863.47,78792.2944974
ILLINOIS,17,VERMILION,183,17183,EAST,50,2012,1.0,199000,197700,9220000,46.6,3133.894975201517,250926.91,80006.3514234
ILLINOIS,17,VERMILION,183,17183,EAST,50,2013,1.0,197000,196800,10657000,54.2,3645.002310212923,290035.5835,79642.1343456
ILLINOIS,17,VERMILION,183,17183,EAST,50,2014,1.0,213000,212000,13266000,62.6,4209.910417330793,361040.823,85793.356104
ILLINOIS,17,VERMILION,183,17183,EAST,50,2015,1.0,214500,214000,13096000,61.2,4115.759066144481,356414.188,86602.727388
ILLINOIS,17,VERMILION,183,17183,EAST,50,2016,1.0,209000,208000,13443000,64.6,4344.412347596952,365857.9665,84174.613536
ILLINOIS,17,VERMILION,183,17183,EAST,50,2017,1.0,215000,214500,13921000,64.9,4364.587637136877,378866.9755,86805.070209
ILLINOIS,17,VERMILION,183,17183,EAST,50,2018,1.0,216000,210500,15101000,71.7,4821.894200041819,410981.2655,85186.327641
ILLINOIS,17,VERMILION,183,17183,EAST,50,2020,1.0,210000,209000,12916000,61.8,4156.109645224329,351515.398,84579.299178
ILLINOIS,17,VERMILION,183,17183,EAST,50,2021,1.0,214000,212000,14289000,67.4,4532.715049969576,388882.2795,85793.356104
ILLINOIS,17,VERMILION,183,17183,EAST,50,2022,1.0,214500,214000,14466000,67.6,4546.165242996191,393699.423,86602.727388
ILLINOIS,17,VERMILION,183,17183,EAST,50,2023,1.0,210000,209000,14296000,68.4,4599.966015102656,389072.788,84579.299178
ILLINOIS,17,VERMILION,183,17183,EAST,50,2024,1.0,209000,208000,14685000,70.6,4747.918138395431,399659.6175,84174.613536
ILLINOIS,17,VERMILION,183,17183,EAST,50,2025,1.0,211000,209500,14539000,69.4,4667.216980235736,395686.1545,84781.641999
ILLINOIS,17,WABASH,185,17185,SOUTHEAST,90,1980,1.0,35400,35000,976500,28.0,1883.0270237262332,26575.93575,14163.99747
ILLINOIS,17,WABASH,185,17185,SOUTHEAST,90,1981,1.0,41900,41500,1344500,32.5,2185.6563668250924,36591.23975,16794.454143
ILLINOIS,17,WABASH,185,17185,SOUTHEAST,90,1982,1.0,42000,41500,1442700,35.0,2353.7837796577915,39263.80185,16794.454143
ILLINOIS,17,WABASH,185,17185,SOUTHEAST,90,1983,1.0,47800,43000,1099400,25.5,1714.899610893534,29920.720699999998,17401.482606
ILLINOIS,17,WABASH,185,17185,SOUTHEAST,90,1984,1.0,49200,48000,1495500,31.0,2084.7799191254726,40700.78025,19424.910816
ILLINOIS,17,WABASH,185,17185,SOUTHEAST,90,1985,1.0,46500,46000,1709900,37.0,2488.285709923951,46535.783449999995,18615.539532
ILLINOIS,17,WABASH,185,17185,SOUTHEAST,90,1986,1.0,44300,44200,1677500,38.0,2555.536675057031,45654.00125,17887.1053764
ILLINOIS,17,WABASH,185,17185,SOUTHEAST,90,1987,1.0,40800,40300,1327900,33.0,2219.281849391632,36139.46245,16308.8313726
ILLINOIS,17,WABASH,185,17185,SOUTHEAST,90,1988,1.0,39900,38500,1026000,26.5,1782.1505760266136,27923.103,15580.397217
ILLINOIS,17,WABASH,185,17185,SOUTHEAST,90,1989,1.0,44100,43900,1591500,36.5,2454.6602273574113,43313.46825,17765.6996838
ILLINOIS,17,WABASH,185,17185,SOUTHEAST,90,1990,1.0,45700,45300,1646500,36.5,2454.6602273574113,44810.32075,18332.2595826
ILLINOIS,17,WABASH,185,17185,SOUTHEAST,90,1991,1.0,47000,46700,1727900,37.0,2488.285709923951,47025.662449999996,18898.8194814
ILLINOIS,17,WABASH,185,17185,SOUTHEAST,90,1992,1.0,50000,49600,2132800,43.0,2891.7915007224296,58045.2184,20072.407843200002
ILLINOIS,17,WABASH,185,17185,SOUTHEAST,90,1993,1.0,49000,48800,1903200,39.0,2622.787640190111,51796.5396,19748.6593296
ILLINOIS,17,WABASH,185,17185,SOUTHEAST,90,1994,1.0,49000,48700,1899300,39.0,2622.787640190111,51690.39915,19708.1907654
ILLINOIS,17,WABASH,185,17185,SOUTHEAST,90,1995,1.0,52000,51800,1968400,38.0,2555.536675057031,53570.99019999999,20962.7162556
ILLINOIS,17,WABASH,185,17185,SOUTHEAST,90,1996,1.0,56000,55900,2263950,40.5,2723.66408788973,61614.53122499999,22621.927387800002
ILLINOIS,17,WABASH,185,17185,SOUTHEAST,90,1997,1.0,51000,50800,1930400,38.0,2555.536675057031,52536.801199999994,20558.0306136
ILLINOIS,17,WABASH,185,17185,SOUTHEAST,90,1998,1.0,54000,53900,1886500,35.0,2353.7837796577915,51342.04075,21812.5561038
ILLINOIS,17,WABASH,185,17185,SOUTHEAST,90,1999,1.0,55000,54700,1641000,30.0,2017.5289539923929,44660.6355,22136.3046174
ILLINOIS,17,WABASH,185,17185,SOUTHEAST,90,2000,1.0,54000,53900,2209900,41.0,2757.28957045627,60143.533449999995,21812.5561038
ILLINOIS,17,WABASH,185,17185,SOUTHEAST,90,2001,1.0,57000,56700,2438100,43.0,2891.7915007224296,66354.11055,22945.6759014
ILLINOIS,17,WABASH,185,17185,SOUTHEAST,90,2002,1.0,55000,54800,1698800,31.0,2084.7799191254726,46233.691399999996,22176.7731816
ILLINOIS,17,WABASH,185,17185,SOUTHEAST,90,2003,1.0,57000,54000,1836000,34.0,2286.5328145247117,49967.658,21853.024668000002
ILLINOIS,17,WABASH,185,17185,SOUTHEAST,90,2004,1.0,55000,54900,2690100,49.0,3295.2972915209084,73212.41655,22217.2417458
ILLINOIS,17,WABASH,185,17185,SOUTHEAST,90,2005,1.0,55000,54800,2356400,43.0,2891.7915007224296,64130.604199999994,22176.7731816
ILLINOIS,17,WABASH,185,17185,SOUTHEAST,90,2006,1.0,58000,57700,2711900,47.0,3160.7953612547485,73805.71445,23350.361543400002
ILLINOIS,17,WABASH,185,17185,SOUTHEAST,90,2007,1.0,49000,48900,1662600,34.0,2286.5328145247117,45248.4903,19789.1278938
ILLINOIS,17,WABASH,185,17185,SOUTHEAST,90,2008,1.0,62000,61300,2697200,44.0,2959.0424658555094,73405.6466,24807.229854600002
ILLINOIS,17,WABASH,185,17185,SOUTHEAST,90,2009,1.0,60000,59900,2695500,45.0,3026.293430988589,73359.38025,24240.6699558
ILLINOIS,17,WABASH,185,17185,SOUTHEAST,90,2010,1.0,51000,50600,2256000,44.6,2999.3930449353575,61398.168,20477.0934852
ILLINOIS,17,WABASH,185,17185,SOUTHEAST,90,2011,1.0,50000,49500,2257000,45.6,3066.644010068437,61425.3835,20031.939279000002
ILLINOIS,17,WABASH,185,17185,SOUTHEAST,90,2012,1.0,49000,48700,2002000,41.1,2764.0146669695782,54485.431,19708.1907654
ILLINOIS,17,WABASH,185,17185,SOUTHEAST,90,2013,1.0,55300,55000,2570000,46.7,3140.620071714825,69943.835,22257.710310000002
ILLINOIS,17,WABASH,185,17185,SOUTHEAST,90,2014,1.0,46600,46400,2405000,51.8,3483.5999938935315,65453.2775,18777.4137888
ILLINOIS,17,WABASH,185,17185,SOUTHEAST,90,2015,1.0,46800,44500,2184000,49.1,3302.0223880342164,59438.652,18008.511069
ILLINOIS,17,WABASH,185,17185,SOUTHEAST,90,2016,1.0,49000,48900,2701000,55.2,3712.2532753460027,73509.0655,19789.1278938
ILLINOIS,17,WABASH,185,17185,SOUTHEAST,90,2017,1.0,50300,49600,2696000,54.4,3658.4525032395386,73372.988,20072.407843200002
ILLINOIS,17,WABASH,185,17185,SOUTHEAST,90,2020,1.0,51400,51200,2790000,54.5,3665.177599752847,75931.245,20719.9048704
ILLINOIS,17,WABASH,185,17185,SOUTHEAST,90,2021,1.0,54400,53900,3277000,60.8,4088.858680091249,89185.1935,21812.5561038
ILLINOIS,17,WABASH,185,17185,SOUTHEAST,90,2022,1.0,54100,53800,3126000,58.1,3907.2810742319343,85075.653,21772.0875396
ILLINOIS,17,WABASH,185,17185,SOUTHEAST,90,2023,1.0,52300,52000,3130000,60.2,4048.508101011402,85184.515,21043.653384
ILLINOIS,17,WABASH,185,17185,SOUTHEAST,90,2024,1.0,55200,55000,2932000,53.3,3584.476441593151,79795.846,22257.710310000002
ILLINOIS,17,WABASH,185,17185,SOUTHEAST,90,2025,1.0,53500,53000,2735000,51.6,3470.1498008669155,74434.3925,21448.339026
ILLINOIS,17,WARREN,187,17187,WEST,30,1980,1.0,66400,66000,2558300,39.0,2622.787640190111,69625.41364999999,26709.252372
ILLINOIS,17,WARREN,187,17187,WEST,30,1981,1.0,62000,61000,2660300,43.5,2925.4169832889697,72401.39464999999,24685.824162
ILLINOIS,17,WARREN,187,17187,WEST,30,1982,1.0,61900,61500,2664600,43.5,2925.4169832889697,72518.4213,24888.166983
ILLINOIS,17,WARREN,187,17187,WEST,30,1983,1.0,62600,62500,2288000,36.5,2454.6602273574113,62269.064,25292.852625
ILLINOIS,17,WARREN,187,17187,WEST,30,1984,1.0,63600,63000,2502800,39.5,2656.4131227566504,68114.95339999998,25495.195446
ILLINOIS,17,WARREN,187,17187,WEST,30,1985,1.0,64500,64000,3019400,47.0,3160.7953612547485,82174.4807,25899.881088000002
ILLINOIS,17,WARREN,187,17187,WEST,30,1986,1.0,68800,68600,3254400,47.5,3194.4208438212886,88570.1232,27761.435041200002
ILLINOIS,17,WARREN,187,17187,WEST,30,1987,1.0,65700,65300,2705800,41.5,2790.91505302281,73639.69989999999,26425.9724226
ILLINOIS,17,WARREN,187,17187,WEST,30,1988,1.0,68800,68400,2476300,36.0,2421.034744790871,67393.74264999999,27680.4979128
ILLINOIS,17,WARREN,187,17187,WEST,30,1989,1.0,79100,79000,3256200,41.0,2757.28957045627,88619.1111,31970.165718
ILLINOIS,17,WARREN,187,17187,WEST,30,1990,1.0,87600,86600,4083400,47.0,3160.7953612547485,111131.77269999999,35045.7765972
ILLINOIS,17,WARREN,187,17187,WEST,30,1991,1.0,94000,93400,5090300,54.5,3665.177599752847,138535.05965,37797.6389628
ILLINOIS,17,WARREN,187,17187,WEST,30,1992,1.0,100000,99700,4785600,48.0,3228.0463263878282,130242.4968,40347.1585074
ILLINOIS,17,WARREN,187,17187,WEST,30,1993,1.0,94000,93000,4278000,46.0,3093.544396121669,116427.909,37635.764706
ILLINOIS,17,WARREN,187,17187,WEST,30,1994,1.0,99000,98100,5395500,55.0,3698.8030823193867,146841.23025,39699.661480200004
ILLINOIS,17,WARREN,187,17187,WEST,30,1995,1.0,101000,100700,4481150,44.5,2992.6679484220494,121956.73782499999,40751.8441494
ILLINOIS,17,WARREN,187,17187,WEST,30,1996,1.0,107000,106800,5340000,50.0,3362.548256653988,145330.77,43220.4265656
ILLINOIS,17,WARREN,187,17187,WEST,30,1997,1.0,114000,113600,5850400,51.5,3463.4247043536075,159221.5612,45972.288931200004
ILLINOIS,17,WARREN,187,17187,WEST,30,1998,1.0,115000,114900,6204600,54.0,3631.552117186307,168861.29129999998,46498.3802658
ILLINOIS,17,WARREN,187,17187,WEST,30,1999,1.0,121000,120300,6135300,51.0,3429.799221787068,166975.25715000002,48683.6827326
ILLINOIS,17,WARREN,187,17187,WEST,30,2000,1.0,119000,118800,5583600,47.0,3160.7953612547485,151960.46579999998,48076.6542696
ILLINOIS,17,WARREN,187,17187,WEST,30,2001,1.0,125000,123900,6318900,51.0,3429.799221787068,171972.02294999998,50140.5510438
ILLINOIS,17,WARREN,187,17187,WEST,30,2002,1.0,121000,120700,6276400,52.0,3497.0501869201476,170815.36419999998,48845.5569894
ILLINOIS,17,WARREN,187,17187,WEST,30,2003,1.0,123000,122700,5276100,43.0,2891.7915007224296,143591.69955,49654.9282734
ILLINOIS,17,WARREN,187,17187,WEST,30,2004,1.0,119000,118700,6528500,55.0,3698.8030823193867,177676.39175,48036.1857054
ILLINOIS,17,WARREN,187,17187,WEST,30,2005,1.0,116000,115500,5775000,50.0,3362.548256653988,157169.5125,46741.191651
ILLINOIS,17,WARREN,187,17187,WEST,30,2006,1.0,126000,125500,6400500,51.0,3429.799221787068,174192.80775,50788.048071000005
ILLINOIS,17,WARREN,187,17187,WEST,30,2007,1.0,110000,109900,5604900,51.0,3429.799221787068,152540.15595,44474.9520558
ILLINOIS,17,WARREN,187,17187,WEST,30,2008,1.0,107000,106500,5964000,56.0,3766.0540474524664,162313.242,43099.020873
ILLINOIS,17,WARREN,187,17187,WEST,30,2009,1.0,109000,108800,5548800,51.0,3429.799221787068,151013.3664,44029.7978496
ILLINOIS,17,WARREN,187,17187,WEST,30,2010,1.0,105000,104400,5759000,55.2,3712.2532753460027,156734.0645,42249.181024800004
ILLINOIS,17,WARREN,187,17187,WEST,30,2011,1.0,101000,100900,5929000,58.8,3954.3567498250895,161360.6995,40832.7812778
ILLINOIS,17,WARREN,187,17187,WEST,30,2012,1.0,100000,99500,5689000,57.2,3846.7552056121626,154828.9795,40266.221379
ILLINOIS,17,WARREN,187,17187,WEST,30,2013,1.0,115500,115400,6317000,54.7,3678.627792779463,171920.3135,46700.723086800004
ILLINOIS,17,WARREN,187,17187,WEST,30,2014,1.0,118500,118400,6813000,57.5,3866.930495152086,185419.2015,47914.7800128
ILLINOIS,17,WARREN,187,17187,WEST,30,2015,1.0,118500,118500,7172000,60.5,4068.6833905513254,195189.566,47955.248577
ILLINOIS,17,WARREN,187,17187,WEST,30,2016,1.0,112000,111700,6989000,62.6,4209.910417330793,190209.1295,45203.3862114
ILLINOIS,17,WARREN,187,17187,WEST,30,2017,1.0,120500,120100,7606000,63.3,4256.9860929239485,207001.093,48602.745604200005
ILLINOIS,17,WARREN,187,17187,WEST,30,2018,1.0,122000,119100,8042000,67.5,4539.440146482883,218867.051,48198.0599622
ILLINOIS,17,WARREN,187,17187,WEST,30,2019,1.0,116000,109500,6408000,58.5,3934.181460285166,174396.924,44313.077799
ILLINOIS,17,WARREN,187,17187,WEST,30,2020,1.0,118500,118000,7859000,66.6,4478.914277863111,213886.6145,47752.905756
ILLINOIS,17,WARREN,187,17187,WEST,30,2022,1.0,122500,122100,7875000,64.5,4337.687251083645,214322.0625,49412.1168882
ILLINOIS,17,WASHINGTON,189,17189,SOUTHWEST,80,1980,1.0,130800,130000,3231100,25.0,1681.274128326994,87936.00205,52609.133460000005
ILLINOIS,17,WASHINGTON,189,17189,SOUTHWEST,80,1981,1.0,125300,124000,4087900,33.0,2219.281849391632,111254.24244999999,50181.019608
ILLINOIS,17,WASHINGTON,189,17189,SOUTHWEST,80,1982,1.0,127300,127000,4272800,33.5,2252.907331958172,116286.3884,51395.076534
ILLINOIS,17,WASHINGTON,189,17189,SOUTHWEST,80,1983,1.0,119000,117500,2037100,17.5,1176.8918898288957,55440.695049999995,47550.562935
ILLINOIS,17,WASHINGTON,189,17189,SOUTHWEST,80,1984,1.0,117100,113000,2488100,22.0,1479.5212329277547,67714.88554999999,45729.477546
ILLINOIS,17,WASHINGTON,189,17189,SOUTHWEST,80,1985,1.0,119100,118000,3917000,33.0,2219.281849391632,106603.1135,47752.905756
ILLINOIS,17,WASHINGTON,189,17189,SOUTHWEST,80,1986,1.0,114400,113500,3684100,32.5,2185.6563668250924,100264.62355,45931.820367
ILLINOIS,17,WASHINGTON,189,17189,SOUTHWEST,80,1987,1.0,107000,105400,3367600,32.0,2152.0308842585523,91650.9178,42653.8666668
ILLINOIS,17,WASHINGTON,189,17189,SOUTHWEST,80,1988,1.0,104000,102500,2267700,22.0,1479.5212329277547,61716.589349999995,41480.278305
ILLINOIS,17,WASHINGTON,189,17189,SOUTHWEST,80,1989,1.0,108900,108000,2520700,23.5,1580.3976806273743,68602.11085,43706.049336000004
ILLINOIS,17,WASHINGTON,189,17189,SOUTHWEST,80,1990,1.0,116100,115500,3574000,31.0,2084.7799191254726,97268.197,46741.191651
ILLINOIS,17,WASHINGTON,189,17189,SOUTHWEST,80,1991,1.0,117000,114800,3444000,30.0,2017.5289539923929,93730.182,46457.9117016
ILLINOIS,17,WASHINGTON,189,17189,SOUTHWEST,80,1992,1.0,122000,121300,3820950,31.5,2118.405401692012,103989.06472499999,49088.3683746
ILLINOIS,17,WASHINGTON,189,17189,SOUTHWEST,80,1993,1.0,118000,113000,4427500,39.0,2622.787640190111,120496.62625,45729.477546
ILLINOIS,17,WASHINGTON,189,17189,SOUTHWEST,80,1994,1.0,130000,129100,4195750,32.5,2185.6563668250924,114189.434125,52244.916382200005
ILLINOIS,17,WASHINGTON,189,17189,SOUTHWEST,80,1995,1.0,134000,133900,3414450,25.5,1714.899610893534,92925.96397499999,54187.4074638
ILLINOIS,17,WASHINGTON,189,17189,SOUTHWEST,80,1996,1.0,120000,117900,3772800,32.0,2152.0308842585523,102678.6384,47712.4371918
ILLINOIS,17,WASHINGTON,189,17189,SOUTHWEST,80,1997,1.0,134000,133500,4872750,36.5,2454.6602273574113,132614.327625,54025.533207
ILLINOIS,17,WASHINGTON,189,17189,SOUTHWEST,80,1998,1.0,136000,135600,4813800,35.5,2387.4092622243315,131009.9739,54875.373055200005
ILLINOIS,17,WASHINGTON,189,17189,SOUTHWEST,80,1999,1.0,148000,147500,4425000,30.0,2017.5289539923929,120428.5875,59691.132195
ILLINOIS,17,WASHINGTON,189,17189,SOUTHWEST,80,2000,1.0,137000,135300,5006100,37.0,2488.285709923951,136243.51455,54753.9673626
ILLINOIS,17,WASHINGTON,189,17189,SOUTHWEST,80,2001,1.0,151000,149900,5396400,36.0,2421.034744790871,146865.7242,60662.3777358
ILLINOIS,17,WASHINGTON,189,17189,SOUTHWEST,80,2002,1.0,150000,149100,3727500,25.0,1681.274128326994,101445.77625,60338.629222200005
ILLINOIS,17,WASHINGTON,189,17189,SOUTHWEST,80,2003,1.0,155000,154700,5105100,33.0,2219.281849391632,138937.84905,62604.868817400005
ILLINOIS,17,WASHINGTON,189,17189,SOUTHWEST,80,2004,1.0,146000,145300,6247900,43.0,2891.7915007224296,170039.72245,58800.823782600004
ILLINOIS,17,WASHINGTON,189,17189,SOUTHWEST,80,2005,1.0,141000,140400,5616000,40.0,2690.0386053231905,152842.248,56817.8641368
ILLINOIS,17,WASHINGTON,189,17189,SOUTHWEST,80,2006,1.0,156000,155300,5590800,36.0,2421.034744790871,152156.4174,62847.6802026
ILLINOIS,17,WASHINGTON,189,17189,SOUTHWEST,80,2007,1.0,137000,136600,2595400,19.0,1277.7683375285155,70635.1087,55280.0586972
ILLINOIS,17,WASHINGTON,189,17189,SOUTHWEST,80,2008,1.0,157000,156600,7673400,49.0,3295.2972915209084,208835.4177,63373.7715372
ILLINOIS,17,WASHINGTON,189,17189,SOUTHWEST,80,2009,1.0,149000,148900,5658200,38.0,2555.536675057031,153990.7421,60257.692093800004
ILLINOIS,17,WASHINGTON,189,17189,SOUTHWEST,80,2010,1.0,139000,138500,6329000,45.7,3073.369106581745,172246.8995,56048.961417
ILLINOIS,17,WASHINGTON,189,17189,SOUTHWEST,80,2011,1.0,132000,131600,4108000,31.2,2098.2301121520886,111801.274,53256.630487200004
ILLINOIS,17,WASHINGTON,189,17189,SOUTHWEST,80,2012,1.0,138000,122000,2704000,22.2,1492.9714259543707,73590.712,49371.648324
ILLINOIS,17,WASHINGTON,189,17189,SOUTHWEST,80,2013,1.0,146000,146000,5370000,36.8,2474.835516897335,146147.235,59084.103732
ILLINOIS,17,WASHINGTON,189,17189,SOUTHWEST,80,2014,1.0,147500,147100,7038000,47.8,3214.596133361212,191542.689,59529.257938200004
ILLINOIS,17,WASHINGTON,189,17189,SOUTHWEST,80,2015,1.0,129000,128700,5599000,43.5,2925.4169832889697,152379.5845,52083.0421254
ILLINOIS,17,WASHINGTON,189,17189,SOUTHWEST,80,2016,1.0,148500,148000,7216000,48.8,3281.847098494292,196387.048,59893.475016000004
ILLINOIS,17,WASHINGTON,189,17189,SOUTHWEST,80,2017,1.0,148500,148300,7164000,48.3,3248.2216159277523,194971.842,60014.8807086
ILLINOIS,17,WASHINGTON,189,17189,SOUTHWEST,80,2018,1.0,159000,155100,8910000,57.4,3860.205398638778,242490.105,62766.7430742
ILLINOIS,17,WASHINGTON,189,17189,SOUTHWEST,80,2019,1.0,158500,158000,6937000,43.9,2952.3173693422013,188793.9235,63940.331436
ILLINOIS,17,WASHINGTON,189,17189,SOUTHWEST,80,2020,1.0,152000,151300,7837000,51.8,3483.5999938935315,213287.8735,61228.9376346
ILLINOIS,17,WASHINGTON,189,17189,SOUTHWEST,80,2021,1.0,151500,150200,8817000,58.7,3947.631653311782,239959.0635,60783.7834284
ILLINOIS,17,WASHINGTON,189,17189,SOUTHWEST,80,2022,1.0,151500,150800,7615000,50.5,3396.1737392205278,207246.0325,61026.5948136
ILLINOIS,17,WASHINGTON,189,17189,SOUTHWEST,80,2023,1.0,151500,150800,7299000,48.4,3254.9467124410603,198645.9345,61026.5948136
ILLINOIS,17,WASHINGTON,189,17189,SOUTHWEST,80,2024,1.0,153000,152200,8401000,55.2,3712.2532753460027,228637.4155,61593.1547124
ILLINOIS,17,WASHINGTON,189,17189,SOUTHWEST,80,2025,1.0,149000,148100,5746000,38.8,2609.3374471634943,156380.263,59933.9435802
ILLINOIS,17,WAYNE,191,17191,SOUTHEAST,90,1980,1.0,154000,152000,3029000,20.0,1345.0193026615952,82435.7495,61512.217584000005
ILLINOIS,17,WAYNE,191,17191,SOUTHEAST,90,1981,1.0,149200,148000,4345200,29.5,1983.903471425853,118256.7906,59893.475016000004
ILLINOIS,17,WAYNE,191,17191,SOUTHEAST,90,1982,1.0,141400,141000,4191100,29.5,1983.903471425853,114062.88205,57060.675522000005
ILLINOIS,17,WAYNE,191,17191,SOUTHEAST,90,1983,1.0,130500,129000,2242600,17.5,1176.8918898288957,61033.480299999996,52204.447818
ILLINOIS,17,WAYNE,191,17191,SOUTHEAST,90,1984,1.0,133000,127000,2739500,21.5,1445.8957503612148,74556.86225,51395.076534
ILLINOIS,17,WAYNE,191,17191,SOUTHEAST,90,1985,1.0,129400,128000,4307600,33.5,2252.907331958172,117233.4878,51799.762176000004
ILLINOIS,17,WAYNE,191,17191,SOUTHEAST,90,1986,1.0,129100,128700,4434600,34.5,2320.158297091252,120689.8563,52083.0421254
ILLINOIS,17,WAYNE,191,17191,SOUTHEAST,90,1987,1.0,119700,118300,3602600,30.5,2051.1544365589325,98046.5603,47874.311448600005
ILLINOIS,17,WAYNE,191,17191,SOUTHEAST,90,1988,1.0,116500,113200,2333700,20.5,1378.644785228135,63512.81234999999,45810.4146744
ILLINOIS,17,WAYNE,191,17191,SOUTHEAST,90,1989,1.0,116300,115900,3626000,31.5,2118.405401692012,98683.403,46903.0659078
ILLINOIS,17,WAYNE,191,17191,SOUTHEAST,90,1990,1.0,119200,118800,2859200,24.0,1614.0231631939141,77814.5576,48076.6542696
ILLINOIS,17,WAYNE,191,17191,SOUTHEAST,90,1991,1.0,115000,114100,2852500,25.0,1681.274128326994,77632.21375,46174.6317522
ILLINOIS,17,WAYNE,191,17191,SOUTHEAST,90,1992,1.0,116000,115200,4036850,35.0,2353.7837796577915,109864.891175,46619.7859584
ILLINOIS,17,WAYNE,191,17191,SOUTHEAST,90,1993,1.0,114000,110000,3905000,35.5,2387.4092622243315,106276.5275,44515.420620000004
ILLINOIS,17,WAYNE,191,17191,SOUTHEAST,90,1994,1.0,120000,119000,4343500,36.5,2454.6602273574113,118210.52425,48157.591398000004
ILLINOIS,17,WAYNE,191,17191,SOUTHEAST,90,1995,1.0,129000,128500,3790750,29.5,1983.903471425853,103167.156625,52002.104997
ILLINOIS,17,WAYNE,191,17191,SOUTHEAST,90,1996,1.0,115000,114100,4050550,35.5,2387.4092622243315,110237.743525,46174.6317522
ILLINOIS,17,WAYNE,191,17191,SOUTHEAST,90,1997,1.0,132000,131600,4803400,36.5,2454.6602273574113,130726.93269999999,53256.630487200004
ILLINOIS,17,WAYNE,191,17191,SOUTHEAST,90,1998,1.0,134000,133300,4737450,35.5,2387.4092622243315,128932.070475,53944.5960786
ILLINOIS,17,WAYNE,191,17191,SOUTHEAST,90,1999,1.0,128000,127400,4204200,33.0,2219.281849391632,114419.40509999999,51556.9507908
ILLINOIS,17,WAYNE,191,17191,SOUTHEAST,90,2000,1.0,128000,124700,4863300,39.0,2622.787640190111,132357.14114999998,50464.2995574
ILLINOIS,17,WAYNE,191,17191,SOUTHEAST,90,2001,1.0,132000,130200,4557000,35.0,2353.7837796577915,124021.0335,52690.0705884
ILLINOIS,17,WAYNE,191,17191,SOUTHEAST,90,2002,1.0,134000,133500,3337500,25.0,1681.274128326994,90831.73125,54025.533207
ILLINOIS,17,WAYNE,191,17191,SOUTHEAST,90,2003,1.0,133000,132500,3577500,27.0,1815.7760585931535,97363.45125,53620.847565000004
ILLINOIS,17,WAYNE,191,17191,SOUTHEAST,90,2004,1.0,127000,122600,5639600,46.0,3093.544396121669,153484.53379999998,49614.459709200004
ILLINOIS,17,WAYNE,191,17191,SOUTHEAST,90,2005,1.0,124000,123400,5182800,42.0,2824.54053558935,141052.4934,49938.2082228
ILLINOIS,17,WAYNE,191,17191,SOUTHEAST,90,2006,1.0,131000,130400,5216000,40.0,2690.0386053231905,141956.048,52771.0077168
ILLINOIS,17,WAYNE,191,17191,SOUTHEAST,90,2007,1.0,134000,133900,3481400,26.0,1748.5250934600738,94748.04169999999,54187.4074638
ILLINOIS,17,WAYNE,191,17191,SOUTHEAST,90,2008,1.0,144000,143800,5895800,41.0,2757.28957045627,160457.1449,58193.7953196
ILLINOIS,17,WAYNE,191,17191,SOUTHEAST,90,2009,1.0,146000,145900,5398300,37.0,2488.285709923951,146917.43365,59043.6351678
ILLINOIS,17,WAYNE,191,17191,SOUTHEAST,90,2010,1.0,132000,131300,5803000,44.2,2972.4926588821254,157931.5465,53135.2247946
ILLINOIS,17,WAYNE,191,17191,SOUTHEAST,90,2011,1.0,143000,139400,4864000,34.9,2347.0586831444834,132376.192,56413.1784948
ILLINOIS,17,WAYNE,191,17191,SOUTHEAST,90,2012,1.0,133000,132200,3590000,27.2,1829.2262516197693,97703.645,53499.4418724
ILLINOIS,17,WAYNE,191,17191,SOUTHEAST,90,2013,1.0,149500,144900,6124000,42.3,2844.7158251292735,166667.722,58638.9495258
ILLINOIS,17,WAYNE,191,17191,SOUTHEAST,90,2014,1.0,145500,144400,7383000,51.1,3436.524318300376,200932.0365,58436.606704800004
ILLINOIS,17,WAYNE,191,17191,SOUTHEAST,90,2015,1.0,152000,142100,6265000,44.1,2965.7675623688174,170505.1075,57505.8297282
ILLINOIS,17,WAYNE,191,17191,SOUTHEAST,90,2016,1.0,168000,164000,7927000,48.3,3248.2216159277523,215737.2685,66368.445288
ILLINOIS,17,WAYNE,191,17191,SOUTHEAST,90,2017,1.0,156000,153900,7312000,47.5,3194.4208438212886,198999.736,62281.1203038
ILLINOIS,17,WAYNE,191,17191,SOUTHEAST,90,2018,1.0,171000,161500,8545000,52.9,3557.5760555399193,232556.4475,65356.731183
ILLINOIS,17,WAYNE,191,17191,SOUTHEAST,90,2019,1.0,159500,155400,6745000,43.4,2918.6918867756613,183568.5475,62888.148766800005
ILLINOIS,17,WAYNE,191,17191,SOUTHEAST,90,2020,1.0,156500,154600,8039000,52.0,3497.0501869201476,218785.4045,62564.4002532
ILLINOIS,17,WAYNE,191,17191,SOUTHEAST,90,2022,1.0,166000,158300,8928000,56.4,3792.9544335056985,242979.984,64061.737128600005
ILLINOIS,17,WAYNE,191,17191,SOUTHEAST,90,2023,1.0,160000,159000,9047000,56.9,3826.579916072238,246218.6285,64345.017078000004
ILLINOIS,17,WAYNE,191,17191,SOUTHEAST,90,2024,1.0,172000,170900,8477000,49.6,3335.647870600756,230705.7935,69160.7762178
ILLINOIS,17,WAYNE,191,17191,SOUTHEAST,90,2025,1.0,168000,165500,8325000,50.3,3382.7235461939117,226569.0375,66975.473751
ILLINOIS,17,WHITE,193,17193,SOUTHEAST,90,1980,1.0,102300,101000,2214000,22.0,1479.5212329277547,60255.117,40873.249842000005
ILLINOIS,17,WHITE,193,17193,SOUTHEAST,90,1981,1.0,96100,95500,2900500,30.5,2051.1544365589325,78938.55775,38647.478811
ILLINOIS,17,WHITE,193,17193,SOUTHEAST,90,1982,1.0,91600,91000,2796700,30.5,2051.1544365589325,76113.58885,36826.393422
ILLINOIS,17,WHITE,193,17193,SOUTHEAST,90,1983,1.0,78200,77500,1664400,21.5,1445.8957503612148,45297.4782,31363.137255
ILLINOIS,17,WHITE,193,17193,SOUTHEAST,90,1984,1.0,81700,78000,2131100,27.5,1849.4015411596934,57998.95205,31565.480076
ILLINOIS,17,WHITE,193,17193,SOUTHEAST,90,1985,1.0,83400,82000,3048000,37.0,2488.285709923951,82952.844,33184.222644
ILLINOIS,17,WHITE,193,17193,SOUTHEAST,90,1986,1.0,87000,86800,3164200,36.5,2454.6602273574113,86115.2851,35126.7137256
ILLINOIS,17,WHITE,193,17193,SOUTHEAST,90,1987,1.0,86400,85400,2515400,29.5,1983.903471425853,68457.8687,34560.1538268
ILLINOIS,17,WHITE,193,17193,SOUTHEAST,90,1988,1.0,83000,81900,2223800,27.0,1815.7760585931535,60521.8289,33143.754079800005
ILLINOIS,17,WHITE,193,17193,SOUTHEAST,90,1989,1.0,91000,90700,2927700,32.5,2185.6563668250924,79678.81934999999,36704.9877294
ILLINOIS,17,WHITE,193,17193,SOUTHEAST,90,1990,1.0,97600,93300,2841200,30.5,2051.1544365589325,77324.6786,37757.1703986
ILLINOIS,17,WHITE,193,17193,SOUTHEAST,90,1991,1.0,99000,98500,3202000,32.5,2185.6563668250924,87144.031,39861.535737
ILLINOIS,17,WHITE,193,17193,SOUTHEAST,90,1992,1.0,99000,98200,3878900,39.5,2656.4131227566504,105566.20294999999,39740.1300444
ILLINOIS,17,WHITE,193,17193,SOUTHEAST,90,1993,1.0,101000,100000,3700000,37.0,2488.285709923951,100697.35,40468.5642
ILLINOIS,17,WHITE,193,17193,SOUTHEAST,90,1994,1.0,100000,99500,3731250,37.5,2521.911192490491,101547.834375,40266.221379
ILLINOIS,17,WHITE,193,17193,SOUTHEAST,90,1995,1.0,101000,100400,3313200,33.0,2219.281849391632,90170.3946,40630.4384568
ILLINOIS,17,WHITE,193,17193,SOUTHEAST,90,1996,1.0,121000,120600,4884300,40.5,2723.66408788973,132928.66665,48805.0884252
ILLINOIS,17,WHITE,193,17193,SOUTHEAST,90,1997,1.0,106000,105000,3622500,34.5,2320.158297091252,98588.14875,42491.99241
ILLINOIS,17,WHITE,193,17193,SOUTHEAST,90,1998,1.0,126000,125900,4474800,35.5,2387.4092622243315,121783.91939999998,50949.9223278
ILLINOIS,17,WHITE,193,17193,SOUTHEAST,90,1999,1.0,112000,111500,3345000,30.0,2017.5289539923929,91035.8475,45122.449083
ILLINOIS,17,WHITE,193,17193,SOUTHEAST,90,2000,1.0,112000,109200,4258800,39.0,2622.787640190111,115905.37139999999,44191.6721064
ILLINOIS,17,WHITE,193,17193,SOUTHEAST,90,2001,1.0,110000,109300,4481300,41.0,2757.28957045627,121960.82014999999,44232.1406706
ILLINOIS,17,WHITE,193,17193,SOUTHEAST,90,2002,1.0,125000,123000,2829000,23.0,1546.7721980608344,76992.6495,49776.333966
ILLINOIS,17,WHITE,193,17193,SOUTHEAST,90,2003,1.0,107000,105800,3491400,33.0,2219.281849391632,95020.19669999999,42815.7409236
ILLINOIS,17,WHITE,193,17193,SOUTHEAST,90,2004,1.0,112000,111300,5231100,47.0,3160.7953612547485,142367.00204999998,45041.5119546
ILLINOIS,17,WHITE,193,17193,SOUTHEAST,90,2005,1.0,110000,109600,4932000,45.0,3026.293430988589,134226.846,44353.5463632
ILLINOIS,17,WHITE,193,17193,SOUTHEAST,90,2006,1.0,120000,119300,5010600,42.0,2824.54053558935,136365.98429999998,48278.9970906
ILLINOIS,17,WHITE,193,17193,SOUTHEAST,90,2007,1.0,97000,96900,2907000,30.0,2017.5289539923929,79115.4585,39214.0387098
ILLINOIS,17,WHITE,193,17193,SOUTHEAST,90,2008,1.0,125000,124200,5216400,42.0,2824.54053558935,141966.9342,50261.9567364
ILLINOIS,17,WHITE,193,17193,SOUTHEAST,90,2009,1.0,119000,118900,5112700,43.0,2891.7915007224296,139144.68685,48117.1228338
ILLINOIS,17,WHITE,193,17193,SOUTHEAST,90,2010,1.0,110000,109300,5032000,46.0,3093.544396121669,136948.396,44232.1406706
ILLINOIS,17,WHITE,193,17193,SOUTHEAST,90,2011,1.0,113000,112000,4591000,41.0,2757.28957045627,124946.3605,45324.791904
ILLINOIS,17,WHITE,193,17193,SOUTHEAST,90,2012,1.0,104000,103600,3808000,36.8,2474.835516897335,103636.624,41925.4325112
ILLINOIS,17,WHITE,193,17193,SOUTHEAST,90,2013,1.0,111500,110000,4880000,44.4,2985.9428519087414,132811.64,44515.420620000004
ILLINOIS,17,WHITE,193,17193,SOUTHEAST,90,2014,1.0,114000,113800,5651000,49.7,3342.372967114064,153794.7905,46053.2260596
ILLINOIS,17,WHITE,193,17193,SOUTHEAST,90,2015,1.0,128000,117400,5595000,47.7,3207.8710368479046,152270.7225,47510.094370800005
ILLINOIS,17,WHITE,193,17193,SOUTHEAST,90,2016,1.0,120500,119800,5626000,47.0,3160.7953612547485,153114.403,48481.3399116
ILLINOIS,17,WHITE,193,17193,SOUTHEAST,90,2017,1.0,128500,127900,6759000,52.8,3550.8509590266112,183949.5645,51759.2936118
ILLINOIS,17,WHITE,193,17193,SOUTHEAST,90,2018,1.0,133000,128300,6796000,53.0,3564.3011520532273,184956.538,51921.1678686
ILLINOIS,17,WHITE,193,17193,SOUTHEAST,90,2019,1.0,103500,101500,4727000,46.6,3133.894975201517,128647.6685,41075.592663
ILLINOIS,17,WHITE,193,17193,SOUTHEAST,90,2020,1.0,123500,122900,6760000,55.0,3698.8030823193867,183976.78,49735.8654018
ILLINOIS,17,WHITE,193,17193,SOUTHEAST,90,2021,1.0,122500,121700,7716000,63.4,4263.7111894372565,209994.798,49250.242631400004
ILLINOIS,17,WHITE,193,17193,SOUTHEAST,90,2022,1.0,133000,131900,7189000,54.5,3665.177599752847,195652.2295,53378.0361798
ILLINOIS,17,WHITE,193,17193,SOUTHEAST,90,2023,1.0,121500,120900,7266000,60.1,4041.7830044980938,197747.823,48926.4941178
ILLINOIS,17,WHITE,193,17193,SOUTHEAST,90,2024,1.0,132000,131200,7203000,54.9,3692.0779858060787,196033.2465,53094.7562304
ILLINOIS,17,WHITESIDE,195,17195,NORTHWEST,10,1980,1.0,67200,67000,2747500,41.0,2757.28957045627,74774.58625,27113.938014
ILLINOIS,17,WHITESIDE,195,17195,NORTHWEST,10,1981,1.0,66500,66000,3008400,45.5,3059.918913555129,81875.11020000001,26709.252372
ILLINOIS,17,WHITESIDE,195,17195,NORTHWEST,10,1982,1.0,64300,64000,2558300,40.0,2690.0386053231905,69625.41364999999,25899.881088000002
ILLINOIS,17,WHITESIDE,195,17195,NORTHWEST,10,1983,1.0,62600,62500,2501100,40.0,2690.0386053231905,68068.68705,25292.852625
ILLINOIS,17,WHITESIDE,195,17195,NORTHWEST,10,1984,1.0,64600,64000,2215900,34.5,2320.158297091252,60306.82644999999,25899.881088000002
ILLINOIS,17,WHITESIDE,195,17195,NORTHWEST,10,1985,1.0,65600,65000,2812900,43.5,2925.4169832889697,76554.47995000001,26304.566730000002
ILLINOIS,17,WHITESIDE,195,17195,NORTHWEST,10,1986,1.0,69800,68800,2886000,42.0,2824.54053558935,78543.933,27842.3721696
ILLINOIS,17,WHITESIDE,195,17195,NORTHWEST,10,1987,1.0,67800,67300,2923100,43.5,2925.4169832889697,79553.62805,27235.3437066
ILLINOIS,17,WHITESIDE,195,17195,NORTHWEST,10,1988,1.0,71700,70700,1777500,25.0,1681.274128326994,48375.55125,28611.2748894
ILLINOIS,17,WHITESIDE,195,17195,NORTHWEST,10,1989,1.0,70900,70700,3159900,44.5,2992.6679484220494,85998.25845000001,28611.2748894
ILLINOIS,17,WHITESIDE,195,17195,NORTHWEST,10,1990,1.0,67100,63400,2802600,44.0,2959.0424658555094,76274.1603,25657.0697028
ILLINOIS,17,WHITESIDE,195,17195,NORTHWEST,10,1991,1.0,76000,75400,3129100,41.5,2790.91505302281,85160.02105,30513.2974068
ILLINOIS,17,WHITESIDE,195,17195,NORTHWEST,10,1992,1.0,80000,79200,3524400,44.5,2992.6679484220494,95918.30819999998,32051.1028464
ILLINOIS,17,WHITESIDE,195,17195,NORTHWEST,10,1993,1.0,77000,72000,3060000,42.5,2858.1660181558896,83279.43,29137.366224
ILLINOIS,17,WHITESIDE,195,17195,NORTHWEST,10,1994,1.0,86000,85600,4365600,51.0,3429.799221787068,118811.9868,34641.0909552
ILLINOIS,17,WHITESIDE,195,17195,NORTHWEST,10,1995,1.0,90000,89600,4211200,47.0,3160.7953612547485,114609.9136,36259.8335232
ILLINOIS,17,WHITESIDE,195,17195,NORTHWEST,10,1996,1.0,93000,91900,4411200,48.0,3228.0463263878282,120053.01359999999,37190.6104998
ILLINOIS,17,WHITESIDE,195,17195,NORTHWEST,10,1997,1.0,111000,110600,5253500,47.5,3194.4208438212886,142976.62925,44758.2320052
ILLINOIS,17,WHITESIDE,195,17195,NORTHWEST,10,1998,1.0,107000,106700,5655100,53.0,3564.3011520532273,153906.37404999998,43179.9580014
ILLINOIS,17,WHITESIDE,195,17195,NORTHWEST,10,1999,1.0,117000,116400,5587200,48.0,3228.0463263878282,152058.4416,47105.4087288
ILLINOIS,17,WHITESIDE,195,17195,NORTHWEST,10,2000,1.0,122000,121000,5445000,45.0,3026.293430988589,148188.3975,48966.962682000005
ILLINOIS,17,WHITESIDE,195,17195,NORTHWEST,10,2001,1.0,126000,125300,5763800,46.0,3093.544396121669,156864.69890000002,50707.110942600004
ILLINOIS,17,WHITESIDE,195,17195,NORTHWEST,10,2002,1.0,125000,124000,6200000,50.0,3362.548256653988,168736.1,50181.019608
ILLINOIS,17,WHITESIDE,195,17195,NORTHWEST,10,2003,1.0,112000,111800,3913000,35.0,2353.7837796577915,106494.2515,45243.854775600004
ILLINOIS,17,WHITESIDE,195,17195,NORTHWEST,10,2004,1.0,103000,102800,5242800,51.0,3429.799221787068,142685.4234,41601.683997600005
ILLINOIS,17,WHITESIDE,195,17195,NORTHWEST,10,2005,1.0,94000,93600,4399200,47.0,3160.7953612547485,119726.4276,37878.576091200004
ILLINOIS,17,WHITESIDE,195,17195,NORTHWEST,10,2006,1.0,110000,109500,5803500,53.0,3564.3011520532273,157945.15425,44313.077799
ILLINOIS,17,WHITESIDE,195,17195,NORTHWEST,10,2007,1.0,72000,71900,3523100,49.0,3295.2972915209084,95882.92805,29096.8976598
ILLINOIS,17,WHITESIDE,195,17195,NORTHWEST,10,2008,1.0,79000,78500,3611000,46.0,3093.544396121669,98275.1705,31767.822897000002
ILLINOIS,17,WHITESIDE,195,17195,NORTHWEST,10,2009,1.0,85000,84800,4155200,49.0,3295.2972915209084,113085.8456,34317.3424416
ILLINOIS,17,WHITESIDE,195,17195,NORTHWEST,10,2010,1.0,78000,77700,4036000,51.9,3490.3250904068395,109841.758,31444.074383400002
ILLINOIS,17,WHITESIDE,195,17195,NORTHWEST,10,2011,1.0,69000,68800,3759000,54.6,3671.902696266155,102303.0645,27842.3721696
ILLINOIS,17,WHITESIDE,195,17195,NORTHWEST,10,2012,1.0,70000,69600,3676000,52.8,3550.8509590266112,100044.178,28166.120683200003
ILLINOIS,17,WHITESIDE,195,17195,NORTHWEST,10,2013,1.0,73500,73500,3715000,50.5,3396.1737392205278,101105.5825,29744.394687
ILLINOIS,17,WHITESIDE,195,17195,NORTHWEST,10,2014,1.0,84500,84300,4946000,58.7,3947.631653311782,134607.863,34114.9996206
ILLINOIS,17,WHITESIDE,195,17195,NORTHWEST,10,2015,1.0,89000,88900,5392000,60.7,4082.1335835779414,146745.976,35976.5535738
ILLINOIS,17,WHITESIDE,195,17195,NORTHWEST,10,2016,1.0,84300,84100,5114000,60.8,4088.858680091249,139180.067,34034.0624922
ILLINOIS,17,WHITESIDE,195,17195,NORTHWEST,10,2017,1.0,97400,96300,5655000,58.7,3947.631653311782,153903.6525,38971.227324600004
ILLINOIS,17,WHITESIDE,195,17195,NORTHWEST,10,2018,1.0,94000,91200,5721000,62.7,4216.635513844101,155699.8755,36907.3305504
ILLINOIS,17,WHITESIDE,195,17195,NORTHWEST,10,2021,1.0,95600,94800,6352000,67.0,4505.814663916344,172872.856,38364.1988616
ILLINOIS,17,WHITESIDE,195,17195,NORTHWEST,10,2022,1.0,102000,101700,6753000,66.4,4465.464084836496,183786.2715,41156.529791400004
ILLINOIS,17,WHITESIDE,195,17195,NORTHWEST,10,2023,1.0,99900,99400,6103000,61.4,4129.209259171097,166096.1965,40225.7528148
ILLINOIS,17,WHITESIDE,195,17195,NORTHWEST,10,2024,1.0,103500,103100,7227000,70.1,4714.292655828891,196686.4185,41723.0896902
ILLINOIS,17,WHITESIDE,195,17195,NORTHWEST,10,2025,1.0,98100,97500,6991000,71.7,4821.894200041819,190263.5605,39456.850095
ILLINOIS,17,WILL,197,17197,NORTHEAST,20,1980,1.0,139600,139000,4757400,34.0,2286.5328145247117,129475.01969999999,56251.304238000004
ILLINOIS,17,WILL,197,17197,NORTHEAST,20,1981,1.0,138100,137000,5059100,37.0,2488.285709923951,137685.93605,55441.932954
ILLINOIS,17,WILL,197,17197,NORTHEAST,20,1982,1.0,134500,134000,4771200,35.5,2387.4092622243315,129850.5936,54227.876028
ILLINOIS,17,WILL,197,17197,NORTHEAST,20,1983,1.0,127200,127000,4157200,32.5,2185.6563668250924,113140.2766,51395.076534
ILLINOIS,17,WILL,197,17197,NORTHEAST,20,1984,1.0,139600,137500,3700300,27.0,1815.7760585931535,100705.51465,55644.275775
ILLINOIS,17,WILL,197,17197,NORTHEAST,20,1985,1.0,131200,130000,5171000,40.0,2690.0386053231905,140731.3505,52609.133460000005
ILLINOIS,17,WILL,197,17197,NORTHEAST,20,1986,1.0,120800,120500,4152000,34.5,2320.158297091252,112998.756,48764.619861
ILLINOIS,17,WILL,197,17197,NORTHEAST,20,1987,1.0,117400,116300,4644900,40.0,2690.0386053231905,126413.27594999998,47064.940164600004
ILLINOIS,17,WILL,197,17197,NORTHEAST,20,1988,1.0,114300,113900,2691800,23.5,1580.3976806273743,73258.68289999999,46093.6946238
ILLINOIS,17,WILL,197,17197,NORTHEAST,20,1989,1.0,128000,127500,5571800,43.5,2925.4169832889697,151639.3229,51597.419355
ILLINOIS,17,WILL,197,17197,NORTHEAST,20,1990,1.0,124900,123400,5151900,41.5,2790.91505302281,140211.53444999998,49938.2082228
ILLINOIS,17,WILL,197,17197,NORTHEAST,20,1991,1.0,122000,121200,3393600,28.0,1883.0270237262332,92358.5208,49047.8998104
ILLINOIS,17,WILL,197,17197,NORTHEAST,20,1992,1.0,122000,121600,5168000,42.5,2858.1660181558896,140649.704,49209.7740672
ILLINOIS,17,WILL,197,17197,NORTHEAST,20,1993,1.0,120000,119000,4938500,41.5,2790.91505302281,134403.74675,48157.591398000004
ILLINOIS,17,WILL,197,17197,NORTHEAST,20,1994,1.0,122000,121300,5701100,47.0,3160.7953612547485,155158.28704999998,49088.3683746
ILLINOIS,17,WILL,197,17197,NORTHEAST,20,1995,1.0,122000,121900,4571250,37.5,2521.911192490491,124408.854375,49331.179759800005
ILLINOIS,17,WILL,197,17197,NORTHEAST,20,1996,1.0,151000,149100,4174800,28.0,1883.0270237262332,113619.26939999999,60338.629222200005
ILLINOIS,17,WILL,197,17197,NORTHEAST,20,1997,1.0,110000,109500,4818000,44.0,2959.0424658555094,131124.279,44313.077799
ILLINOIS,17,WILL,197,17197,NORTHEAST,20,1998,1.0,124000,123800,5694800,46.0,3093.544396121669,154986.82940000002,50100.0824796
ILLINOIS,17,WILL,197,17197,NORTHEAST,20,1999,1.0,124000,123400,4689200,38.0,2555.536675057031,127618.92259999999,49938.2082228
ILLINOIS,17,WILL,197,17197,NORTHEAST,20,2000,1.0,122000,121700,4746300,39.0,2622.787640190111,129172.92765,49250.242631400004
ILLINOIS,17,WILL,197,17197,NORTHEAST,20,2001,1.0,120000,119100,5002200,42.0,2824.54053558935,136137.3741,48198.0599622
ILLINOIS,17,WILL,197,17197,NORTHEAST,20,2002,1.0,117000,116300,4419400,38.0,2555.536675057031,120276.18069999998,47064.940164600004
ILLINOIS,17,WILL,197,17197,NORTHEAST,20,2003,1.0,107000,106900,3848400,36.0,2421.034744790871,104736.13019999999,43260.8951298
ILLINOIS,17,WILL,197,17197,NORTHEAST,20,2004,1.0,106000,105700,5073600,48.0,3228.0463263878282,138080.56079999998,42775.2723594
ILLINOIS,17,WILL,197,17197,NORTHEAST,20,2005,1.0,102000,101500,4364500,43.0,2891.7915007224296,118782.04975,41075.592663
ILLINOIS,17,WILL,197,17197,NORTHEAST,20,2006,1.0,102000,101500,4770500,47.0,3160.7953612547485,129831.54275,41075.592663
ILLINOIS,17,WILL,197,17197,NORTHEAST,20,2007,1.0,97000,96800,4743200,49.0,3295.2972915209084,129088.5596,39173.5701456
ILLINOIS,17,WILL,197,17197,NORTHEAST,20,2008,1.0,97000,96500,4439000,46.0,3093.544396121669,120809.6045,39052.164453
ILLINOIS,17,WILL,197,17197,NORTHEAST,20,2009,1.0,99000,98800,4643600,47.0,3160.7953612547485,126377.8958,39982.9414296
ILLINOIS,17,WILL,197,17197,NORTHEAST,20,2010,1.0,94000,93200,4383000,47.0,3160.7953612547485,119285.5365,37716.7018344
ILLINOIS,17,WILL,197,17197,NORTHEAST,20,2011,1.0,92000,91900,4700000,51.1,3436.524318300376,127912.85,37190.6104998
ILLINOIS,17,WILL,197,17197,NORTHEAST,20,2012,1.0,99000,98700,4322000,43.8,2945.5922728288933,117625.391,39942.4728654
ILLINOIS,17,WILL,197,17197,NORTHEAST,20,2013,1.0,99500,99500,4646000,46.7,3140.620071714825,126443.213,40266.221379
ILLINOIS,17,WILL,197,17197,NORTHEAST,20,2014,1.0,105000,104800,5909000,56.4,3792.9544335056985,160816.3895,42411.0552816
ILLINOIS,17,WILL,197,17197,NORTHEAST,20,2015,1.0,99100,99000,4930000,49.8,3349.0980636273716,134172.415,40063.878558000004
ILLINOIS,17,WILL,197,17197,NORTHEAST,20,2016,1.0,104500,104300,5754000,55.2,3712.2532753460027,156597.987,42208.7124606
ILLINOIS,17,WILL,197,17197,NORTHEAST,20,2017,1.0,112500,112100,5711000,50.9,3423.07412527376,155427.7205,45365.2604682
ILLINOIS,17,WILL,197,17197,NORTHEAST,20,2018,1.0,109000,106200,6137000,57.8,3887.10578469201,167021.5235,42977.615180400004
ILLINOIS,17,WILL,197,17197,NORTHEAST,20,2019,1.0,93000,92700,4435000,47.8,3214.596133361212,120700.7425,37514.359013400004
ILLINOIS,17,WILL,197,17197,NORTHEAST,20,2020,1.0,104000,103500,5641000,54.5,3665.177599752847,153522.6355,41884.963947000004
ILLINOIS,17,WILL,197,17197,NORTHEAST,20,2021,1.0,106500,105700,6173000,58.4,3927.456363771858,168001.2815,42775.2723594
ILLINOIS,17,WILL,197,17197,NORTHEAST,20,2022,1.0,105000,104700,5989000,57.2,3846.7552056121626,162993.6295,42370.5867174
ILLINOIS,17,WILL,197,17197,NORTHEAST,20,2023,1.0,102000,101500,5857000,57.7,3880.3806881787023,159401.1835,41075.592663
ILLINOIS,17,WILL,197,17197,NORTHEAST,20,2024,1.0,102000,101600,5578000,54.9,3692.0779858060787,151808.059,41116.0612272
ILLINOIS,17,WILLIAMSON,199,17199,SOUTHWEST,80,1980,1.0,21200,21000,417600,20.0,1345.0193026615952,11365.192799999999,8498.398482
ILLINOIS,17,WILLIAMSON,199,17199,SOUTHWEST,80,1981,1.0,22200,21800,539000,24.5,1647.6486457604542,14669.1545,8822.1469956
ILLINOIS,17,WILLIAMSON,199,17199,SOUTHWEST,80,1982,1.0,23100,23000,623700,27.0,1815.7760585931535,16974.30735,9307.769766
ILLINOIS,17,WILLIAMSON,199,17199,SOUTHWEST,80,1983,1.0,21700,21500,317900,15.0,1008.7644769961964,8651.807449999998,8700.741303
ILLINOIS,17,WILLIAMSON,199,17199,SOUTHWEST,80,1984,1.0,18100,17500,418800,24.0,1614.0231631939141,11397.8514,7081.998735
ILLINOIS,17,WILLIAMSON,199,17199,SOUTHWEST,80,1985,1.0,19400,19000,506500,26.5,1782.1505760266136,13784.65075,7689.027198000001
ILLINOIS,17,WILLIAMSON,199,17199,SOUTHWEST,80,1986,1.0,19600,19500,623200,32.0,2152.0308842585523,16960.699599999996,7891.370019
ILLINOIS,17,WILLIAMSON,199,17199,SOUTHWEST,80,1987,1.0,17900,17700,468300,26.5,1782.1505760266136,12745.018649999998,7162.9358634
ILLINOIS,17,WILLIAMSON,199,17199,SOUTHWEST,80,1988,1.0,19400,19100,489800,25.5,1714.899610893534,13330.151899999999,7729.4957622
ILLINOIS,17,WILLIAMSON,199,17199,SOUTHWEST,80,1989,1.0,19500,19100,483700,25.5,1714.899610893534,13164.137349999999,7729.4957622
ILLINOIS,17,WILLIAMSON,199,17199,SOUTHWEST,80,1990,1.0,23100,22800,582300,25.5,1714.899610893534,15847.585649999999,9226.8326376
ILLINOIS,17,WILLIAMSON,199,17199,SOUTHWEST,80,1991,1.0,16000,15400,400400,26.0,1748.5250934600738,10897.0862,6232.1588868
ILLINOIS,17,WILLIAMSON,199,17199,SOUTHWEST,80,1992,1.0,17000,16700,551100,33.0,2219.281849391632,14998.462049999998,6758.250221400001
ILLINOIS,17,WILLIAMSON,199,17199,SOUTHWEST,80,1993,1.0,17000,16800,535500,32.0,2152.0308842585523,14573.90025,6798.7187856
ILLINOIS,17,WILLIAMSON,199,17199,SOUTHWEST,80,1994,1.0,16000,15800,529300,33.5,2252.907331958172,14405.164149999999,6394.033143600001
ILLINOIS,17,WILLIAMSON,199,17199,SOUTHWEST,80,1995,1.0,18000,17900,438550,24.5,1647.6486457604542,11935.357524999998,7243.8729918
ILLINOIS,17,WILLIAMSON,199,17199,SOUTHWEST,80,1996,1.0,20000,19900,606950,30.5,2051.1544365589325,16518.447724999998,8053.244275800001
ILLINOIS,17,WILLIAMSON,199,17199,SOUTHWEST,80,1997,1.0,21000,20900,668800,32.0,2152.0308842585523,18201.7264,8457.9299178
ILLINOIS,17,WILLIAMSON,199,17199,SOUTHWEST,80,1998,1.0,21000,20900,721050,34.5,2320.158297091252,19623.736275,8457.9299178
ILLINOIS,17,WILLIAMSON,199,17199,SOUTHWEST,80,1999,1.0,24000,23800,666400,28.0,1883.0270237262332,18136.4092,9631.5182796
ILLINOIS,17,WILLIAMSON,199,17199,SOUTHWEST,80,2000,1.0,25000,24900,946200,38.0,2555.536675057031,25751.306099999998,10076.6724858
ILLINOIS,17,WILLIAMSON,199,17199,SOUTHWEST,80,2001,1.0,24000,23900,956000,40.0,2690.0386053231905,26018.018,9671.9868438
ILLINOIS,17,WILLIAMSON,199,17199,SOUTHWEST,80,2002,1.0,27000,25200,403200,16.0,1076.0154421292762,10973.2896,10198.078178400001
ILLINOIS,17,WILLIAMSON,199,17199,SOUTHWEST,80,2003,1.0,22000,21900,744600,34.0,2286.5328145247117,20264.6613,8862.6155598
ILLINOIS,17,WILLIAMSON,199,17199,SOUTHWEST,80,2004,1.0,25000,23200,904800,39.0,2622.787640190111,24624.5844,9388.7068944
ILLINOIS,17,WILLIAMSON,199,17199,SOUTHWEST,80,2005,1.0,25000,24900,1020900,41.0,2757.28957045627,27784.303949999998,10076.6724858
ILLINOIS,17,WILLIAMSON,199,17199,SOUTHWEST,80,2006,1.0,29000,28600,1172600,41.0,2757.28957045627,31912.895299999996,11574.0093612
ILLINOIS,17,WILLIAMSON,199,17199,SOUTHWEST,80,2007,1.0,25000,24900,672300,27.0,1815.7760585931535,18296.980649999998,10076.6724858
ILLINOIS,17,WILLIAMSON,199,17199,SOUTHWEST,80,2008,1.0,28000,27600,1076400,39.0,2622.787640190111,29294.764199999998,11169.3237192
ILLINOIS,17,WILLIAMSON,199,17199,SOUTHWEST,80,2009,1.0,28000,27700,1080300,39.0,2622.787640190111,29400.904649999997,11209.7922834
ILLINOIS,17,WILLIAMSON,199,17199,SOUTHWEST,80,2010,1.0,28000,27900,972000,34.8,2340.3335866311754,26453.466,11290.7294118
ILLINOIS,17,WILLIAMSON,199,17199,SOUTHWEST,80,2011,1.0,33000,32300,1029000,31.9,2145.3057877452443,28004.7495,13071.3462366
ILLINOIS,17,WILLIAMSON,199,17199,SOUTHWEST,80,2012,1.0,30000,28700,847000,29.5,1983.903471425853,23051.5285,11614.4779254
ILLINOIS,17,WILLIAMSON,199,17199,SOUTHWEST,80,2013,1.0,31200,31200,1357000,43.5,2925.4169832889697,36931.4335,12626.1920304
ILLINOIS,17,WILLIAMSON,199,17199,SOUTHWEST,80,2014,1.0,29900,29800,1253000,42.0,2824.54053558935,34101.0215,12059.632131600001
ILLINOIS,17,WILLIAMSON,199,17199,SOUTHWEST,80,2015,1.0,27800,27800,1279000,46.0,3093.544396121669,34808.6245,11250.2608476
ILLINOIS,17,WILLIAMSON,199,17199,SOUTHWEST,80,2016,1.0,35000,34700,1475000,42.5,2858.1660181558896,40142.8625,14042.5917774
ILLINOIS,17,WILLIAMSON,199,17199,SOUTHWEST,80,2017,1.0,33900,33800,1595000,47.2,3174.245554281365,43408.7225,13678.3746996
ILLINOIS,17,WILLIAMSON,199,17199,SOUTHWEST,80,2018,1.0,37000,36100,1647000,45.6,3066.644010068437,44823.9285,14609.151676200001
ILLINOIS,17,WILLIAMSON,199,17199,SOUTHWEST,80,2020,1.0,34400,34200,1806000,52.8,3550.8509590266112,49151.193,13840.2489564
ILLINOIS,17,WILLIAMSON,199,17199,SOUTHWEST,80,2022,1.0,36700,36500,1675000,45.9,3086.819299608361,45585.9625,14771.025933
ILLINOIS,17,WILLIAMSON,199,17199,SOUTHWEST,80,2023,1.0,35800,35700,1781000,49.9,3355.82316014068,48470.8055,14447.277419400001
ILLINOIS,17,WILLIAMSON,199,17199,SOUTHWEST,80,2024,1.0,35100,34800,1496000,43.0,2891.7915007224296,40714.388,14083.060341600001
ILLINOIS,17,WILLIAMSON,199,17199,SOUTHWEST,80,2025,1.0,29500,29300,1081000,36.9,2481.560613410643,29419.9555,11857.289310600001
ILLINOIS,17,WINNEBAGO,201,17201,NORTHWEST,10,1980,1.0,36100,36000,1314200,36.5,2454.6602273574113,35766.6101,14568.683112
ILLINOIS,17,WINNEBAGO,201,17201,NORTHWEST,10,1981,1.0,34700,34500,1380400,40.0,2690.0386053231905,37568.27619999999,13961.654649
ILLINOIS,17,WINNEBAGO,201,17201,NORTHWEST,10,1982,1.0,36700,36500,1276700,35.0,2353.7837796577915,34746.02885,14771.025933
ILLINOIS,17,WINNEBAGO,201,17201,NORTHWEST,10,1983,1.0,34100,34000,1186200,35.0,2353.7837796577915,32283.0261,13759.311828
ILLINOIS,17,WINNEBAGO,201,17201,NORTHWEST,10,1984,1.0,36000,35500,1229100,34.5,2320.158297091252,33450.57105,14366.340291
ILLINOIS,17,WINNEBAGO,201,17201,NORTHWEST,10,1985,1.0,35300,35000,1320900,37.5,2521.911192490491,35948.953949999996,14163.99747
ILLINOIS,17,WINNEBAGO,201,17201,NORTHWEST,10,1986,1.0,36500,36300,1305200,36.0,2421.034744790871,35521.670600000005,14690.0888046
ILLINOIS,17,WINNEBAGO,201,17201,NORTHWEST,10,1987,1.0,32400,32100,1346100,42.0,2824.54053558935,36634.78455,12990.4091082
ILLINOIS,17,WINNEBAGO,201,17201,NORTHWEST,10,1988,1.0,33600,32400,716800,22.0,1479.5212329277547,19508.070399999997,13111.8148008
ILLINOIS,17,WINNEBAGO,201,17201,NORTHWEST,10,1989,1.0,32800,32700,1331600,40.5,2723.66408788973,36240.159799999994,13233.2204934
ILLINOIS,17,WINNEBAGO,201,17201,NORTHWEST,10,1990,1.0,29800,28900,1291700,44.5,2992.6679484220494,35154.26135,11695.4150538
ILLINOIS,17,WINNEBAGO,201,17201,NORTHWEST,10,1991,1.0,37000,36800,1361600,37.0,2488.285709923951,37056.6248,14892.4316256
ILLINOIS,17,WINNEBAGO,201,17201,NORTHWEST,10,1992,1.0,40000,39600,1584000,40.0,2690.0386053231905,43109.352,16025.5514232
ILLINOIS,17,WINNEBAGO,201,17201,NORTHWEST,10,1993,1.0,38000,36000,1314000,36.5,2454.6602273574113,35761.167,14568.683112
ILLINOIS,17,WINNEBAGO,201,17201,NORTHWEST,10,1994,1.0,44000,43100,1939500,45.0,3026.293430988589,52784.46225,17441.9511702
ILLINOIS,17,WINNEBAGO,201,17201,NORTHWEST,10,1995,1.0,43000,42900,1930500,45.0,3026.293430988589,52539.52275,17361.0140418
ILLINOIS,17,WINNEBAGO,201,17201,NORTHWEST,10,1996,1.0,50000,47600,1880200,39.5,2656.4131227566504,51170.583099999996,19263.0365592
ILLINOIS,17,WINNEBAGO,201,17201,NORTHWEST,10,1997,1.0,55000,54800,2466000,45.0,3026.293430988589,67113.423,22176.7731816
ILLINOIS,17,WINNEBAGO,201,17201,NORTHWEST,10,1998,1.0,55000,54700,2735000,50.0,3362.548256653988,74434.3925,22136.3046174
ILLINOIS,17,WINNEBAGO,201,17201,NORTHWEST,10,1999,1.0,61000,60700,3035000,50.0,3362.548256653988,82599.0425,24564.4184694
ILLINOIS,17,WINNEBAGO,201,17201,NORTHWEST,10,2000,1.0,64000,63500,2349500,37.0,2488.285709923951,63942.81725,25697.538267
ILLINOIS,17,WINNEBAGO,201,17201,NORTHWEST,10,2001,1.0,67000,66600,2530800,38.0,2555.536675057031,68876.9874,26952.0637572
ILLINOIS,17,WINNEBAGO,201,17201,NORTHWEST,10,2002,1.0,61000,60700,2245900,37.0,2488.285709923951,61123.29145,24564.4184694
ILLINOIS,17,WINNEBAGO,201,17201,NORTHWEST,10,2003,1.0,61000,60900,1583400,26.0,1748.5250934600738,43093.022699999994,24645.3555978
ILLINOIS,17,WINNEBAGO,201,17201,NORTHWEST,10,2004,1.0,52000,51900,2231700,43.0,2891.7915007224296,60736.83134999999,21003.1848198
ILLINOIS,17,WINNEBAGO,201,17201,NORTHWEST,10,2005,1.0,50000,49700,2137100,43.0,2891.7915007224296,58162.24505,20112.8764074
ILLINOIS,17,WINNEBAGO,201,17201,NORTHWEST,10,2006,1.0,51000,50800,2336800,46.0,3093.544396121669,63597.1804,20558.0306136
ILLINOIS,17,WINNEBAGO,201,17201,NORTHWEST,10,2007,1.0,34000,33900,1796700,53.0,3564.3011520532273,48898.08884999999,13718.843263800001
ILLINOIS,17,WINNEBAGO,201,17201,NORTHWEST,10,2008,1.0,43000,41700,1751400,42.0,2824.54053558935,47665.22669999999,16875.3912714
ILLINOIS,17,WINNEBAGO,201,17201,NORTHWEST,10,2009,1.0,44000,43900,1975500,45.0,3026.293430988589,53764.22025,17765.6996838
ILLINOIS,17,WINNEBAGO,201,17201,NORTHWEST,10,2010,1.0,42000,41800,2290000,54.8,3685.3528892927707,62323.495,16915.8598356
ILLINOIS,17,WINNEBAGO,201,17201,NORTHWEST,10,2011,1.0,40000,39900,2094000,52.5,3530.675669486687,56989.257,16146.9571158
ILLINOIS,17,WINNEBAGO,201,17201,NORTHWEST,10,2012,1.0,42000,41800,1646000,39.4,2649.6880262433424,44796.713,16915.8598356
ILLINOIS,17,WINNEBAGO,201,17201,NORTHWEST,10,2013,1.0,45300,45300,2387000,52.7,3544.1258625133037,64963.3985,18332.2595826
ILLINOIS,17,WINNEBAGO,201,17201,NORTHWEST,10,2014,1.0,44200,44100,2318000,52.6,3537.4007659999957,63085.529,17846.636812200002
ILLINOIS,17,WINNEBAGO,201,17201,NORTHWEST,10,2015,1.0,46800,46800,2568000,54.9,3692.0779858060787,69889.404,18939.288045600002
ILLINOIS,17,WINNEBAGO,201,17201,NORTHWEST,10,2016,1.0,45700,45600,2678000,58.7,3947.631653311782,72883.109,18453.6652752
ILLINOIS,17,WINNEBAGO,201,17201,NORTHWEST,10,2017,1.0,54800,54200,2557000,47.2,3174.245554281365,69590.0335,21933.9617964
ILLINOIS,17,WINNEBAGO,201,17201,NORTHWEST,10,2018,1.0,55000,53200,2998000,56.4,3792.9544335056985,81592.069,21529.276154400002
ILLINOIS,17,WINNEBAGO,201,17201,NORTHWEST,10,2019,1.0,48000,47700,2661000,55.8,3752.6038544258504,72420.4455,19303.505123400002
ILLINOIS,17,WINNEBAGO,201,17201,NORTHWEST,10,2020,1.0,49300,49100,2784000,56.7,3813.1297230456225,75767.952,19870.0650222
ILLINOIS,17,WINNEBAGO,201,17201,NORTHWEST,10,2021,1.0,54800,54300,3090000,56.9,3826.579916072238,84095.895,21974.4303606
ILLINOIS,17,WINNEBAGO,201,17201,NORTHWEST,10,2022,1.0,57100,56900,3573000,62.8,4223.360610357408,97240.9815,23026.6130298
ILLINOIS,17,WINNEBAGO,201,17201,NORTHWEST,10,2023,1.0,53800,53600,2809000,52.4,3523.950572973379,76448.3395,21691.1504112
ILLINOIS,17,WINNEBAGO,201,17201,NORTHWEST,10,2024,1.0,62200,62100,3714000,59.8,4021.6077149581693,101078.367,25130.9783682
ILLINOIS,17,WINNEBAGO,201,17201,NORTHWEST,10,2025,1.0,55500,55200,3638000,65.9,4431.838602269957,99009.989,22338.6474384
ILLINOIS,17,WOODFORD,203,17203,CENTRAL,40,1980,1.0,100400,100000,4034300,40.5,2723.66408788973,109795.49165,40468.5642
ILLINOIS,17,WOODFORD,203,17203,CENTRAL,40,1981,1.0,96700,96000,4081400,42.5,2858.1660181558896,111077.34169999999,38849.821632
ILLINOIS,17,WOODFORD,203,17203,CENTRAL,40,1982,1.0,93400,93000,4047300,43.5,2925.4169832889697,110149.29315,37635.764706
ILLINOIS,17,WOODFORD,203,17203,CENTRAL,40,1983,1.0,92000,92000,3579800,39.0,2622.787640190111,97426.04689999999,37231.079064
ILLINOIS,17,WOODFORD,203,17203,CENTRAL,40,1984,1.0,98100,97000,3582100,37.0,2488.285709923951,97488.64255,39254.507274
ILLINOIS,17,WOODFORD,203,17203,CENTRAL,40,1985,1.0,101600,101000,5287200,52.5,3530.675669486687,143893.7916,40873.249842000005
ILLINOIS,17,WOODFORD,203,17203,CENTRAL,40,1986,1.0,99900,99800,4535200,45.5,3059.918913555129,123427.7356,40387.6270716
ILLINOIS,17,WOODFORD,203,17203,CENTRAL,40,1987,1.0,98300,97500,4332100,44.5,2992.6679484220494,117900.26755,39456.850095
ILLINOIS,17,WOODFORD,203,17203,CENTRAL,40,1988,1.0,95200,95100,2343100,24.5,1647.6486457604542,63768.638049999994,38485.6045542
ILLINOIS,17,WOODFORD,203,17203,CENTRAL,40,1989,1.0,105000,104800,5048200,48.0,3228.0463263878282,137389.2871,42411.0552816
ILLINOIS,17,WOODFORD,203,17203,CENTRAL,40,1990,1.0,108900,108800,5023300,46.0,3093.544396121669,136711.62115,44029.7978496
ILLINOIS,17,WOODFORD,203,17203,CENTRAL,40,1991,1.0,112000,110700,4594050,41.5,2790.91505302281,125029.36777499999,44798.7005694
ILLINOIS,17,WOODFORD,203,17203,CENTRAL,40,1992,1.0,120000,119200,5478550,46.0,3093.544396121669,149101.477525,48238.528526400005
ILLINOIS,17,WOODFORD,203,17203,CENTRAL,40,1993,1.0,119000,117000,5557500,47.5,3194.4208438212886,151250.14125,47348.220114
ILLINOIS,17,WOODFORD,203,17203,CENTRAL,40,1994,1.0,122000,121400,6312800,52.0,3497.0501869201476,171806.0084,49128.8369388
ILLINOIS,17,WOODFORD,203,17203,CENTRAL,40,1995,1.0,120000,119600,5441800,45.5,3059.918913555129,148101.3079,48400.4027832
ILLINOIS,17,WOODFORD,203,17203,CENTRAL,40,1996,1.0,116000,115700,5380050,46.5,3127.169878688209,146420.750775,46822.1287794
ILLINOIS,17,WOODFORD,203,17203,CENTRAL,40,1997,1.0,124000,123500,6051500,49.0,3295.2972915209084,164694.59825,49978.676787000004
ILLINOIS,17,WOODFORD,203,17203,CENTRAL,40,1998,1.0,131000,130600,6399400,49.0,3295.2972915209084,174162.8707,52851.9448452
ILLINOIS,17,WOODFORD,203,17203,CENTRAL,40,1999,1.0,126000,125500,5898500,47.0,3160.7953612547485,160530.62675,50788.048071000005
ILLINOIS,17,WOODFORD,203,17203,CENTRAL,40,2000,1.0,129000,128800,6182400,48.0,3228.0463263878282,168257.1072,52123.5106896
ILLINOIS,17,WOODFORD,203,17203,CENTRAL,40,2001,1.0,128000,127300,6492300,51.0,3429.799221787068,176691.19065,51516.482226600005
ILLINOIS,17,WOODFORD,203,17203,CENTRAL,40,2002,1.0,126000,125700,6662100,53.0,3564.3011520532273,181312.38254999998,50868.9851994
ILLINOIS,17,WOODFORD,203,17203,CENTRAL,40,2003,1.0,121000,120800,4348800,36.0,2421.034744790871,118354.7664,48886.025553600004
ILLINOIS,17,WOODFORD,203,17203,CENTRAL,40,2004,1.0,118000,117100,6323400,54.0,3631.552117186307,172094.4927,47388.6886782
ILLINOIS,17,WOODFORD,203,17203,CENTRAL,40,2005,1.0,113000,112500,5737500,51.0,3429.799221787068,156148.93125,45527.134725
ILLINOIS,17,WOODFORD,203,17203,CENTRAL,40,2006,1.0,113000,112400,6182000,55.0,3698.8030823193867,168246.221,45486.6661608
ILLINOIS,17,WOODFORD,203,17203,CENTRAL,40,2007,1.0,91000,90800,4903200,54.0,3631.552117186307,133443.0396,36745.4562936
ILLINOIS,17,WOODFORD,203,17203,CENTRAL,40,2008,1.0,101000,100800,5443200,54.0,3631.552117186307,148139.40959999998,40792.312713600004
ILLINOIS,17,WOODFORD,203,17203,CENTRAL,40,2009,1.0,101000,100700,5035000,50.0,3362.548256653988,137030.0425,40751.8441494
ILLINOIS,17,WOODFORD,203,17203,CENTRAL,40,2010,1.0,100000,99600,5585000,56.1,3772.7791439657744,151998.5675,40306.6899432
ILLINOIS,17,WOODFORD,203,17203,CENTRAL,40,2011,1.0,98000,97900,5924000,60.5,4068.6833905513254,161224.622,39618.7243518
ILLINOIS,17,WOODFORD,203,17203,CENTRAL,40,2012,1.0,100000,99500,4629000,46.5,3127.169878688209,125980.5495,40266.221379
ILLINOIS,17,WOODFORD,203,17203,CENTRAL,40,2013,1.0,108500,108400,6166000,56.9,3826.579916072238,167810.773,43867.9235928
ILLINOIS,17,WOODFORD,203,17203,CENTRAL,40,2014,1.0,114000,113700,6979000,61.4,4129.209259171097,189936.9745,46012.7574954
ILLINOIS,17,WOODFORD,203,17203,CENTRAL,40,2015,1.0,118500,118500,7513000,63.4,4263.7111894372565,204470.0515,47955.248577
ILLINOIS,17,WOODFORD,203,17203,CENTRAL,40,2016,1.0,115500,115000,7700000,67.0,4505.814663916344,209559.35,46538.84883
ILLINOIS,17,WOODFORD,203,17203,CENTRAL,40,2017,1.0,123000,122400,7392000,60.4,4061.9582940380174,201176.976,49533.5225808
ILLINOIS,17,WOODFORD,203,17203,CENTRAL,40,2018,1.0,120000,117000,7569000,64.7,4351.137444110261,205994.1195,47348.220114
ILLINOIS,17,WOODFORD,203,17203,CENTRAL,40,2019,1.0,117000,116500,7152000,61.4,4129.209259171097,194645.256,47145.877293000005
ILLINOIS,17,WOODFORD,203,17203,CENTRAL,40,2020,1.0,117000,116500,7374000,63.3,4256.9860929239485,200687.097,47145.877293000005
ILLINOIS,17,WOODFORD,203,17203,CENTRAL,40,2021,1.0,121000,120000,8172000,68.1,4579.7907255627315,222405.066,48562.27704
ILLINOIS,17,WOODFORD,203,17203,CENTRAL,40,2022,1.0,113500,113100,7815000,69.1,4647.041690695811,212689.1325,45769.9461102
ILLINOIS,17,WOODFORD,203,17203,CENTRAL,40,2023,1.0,116500,115900,7812000,67.4,4532.715049969576,212607.486,46903.0659078
ILLINOIS,17,WOODFORD,203,17203,CENTRAL,40,2024,1.0,116500,116100,8638000,74.4,5003.471805901135,235087.489,46984.0030362
ILLINOIS,17,WOODFORD,203,17203,CENTRAL,40,2025,1.0,117000,116300,8420000,72.4,4868.969875634975,229154.51,47064.940164600004
