state,state_ansi,county,county_ansi,ag_district,ag_district_code,year,is_county_estimate,acres_planted,acres_harvested,production_bu,yield_bu_ac
ILLINOIS,17,ADAMS,001,WEST,30,1980,1,126800,126000,4070000,32.5
ILLINOIS,17,ADAMS,001,WEST,30,1981,1,130500,129000,4644700,36
ILLINOIS,17,ADAMS,001,WEST,30,1982,1,128400,125800,4636100,37
ILLINOIS,17,ADAMS,001,WEST,30,1983,1,124100,123500,2865400,23
ILLINOIS,17,ADAMS,001,WEST,30,1984,1,136600,135000,3877000,28.5
ILLINOIS,17,ADAMS,001,WEST,30,1985,1,135400,133000,5206600,39
ILLINOIS,17,ADAMS,001,WEST,30,1986,1,138500,136100,4961400,36.5
ILLINOIS,17,ADAMS,001,WEST,30,1987,1,131000,130100,4806300,37
ILLINOIS,17,ADAMS,001,WEST,30,1988,1,129200,128600,3491800,27
ILLINOIS,17,ADAMS,001,WEST,30,1989,1,113200,112900,3251800,29
ILLINOIS,17,ADAMS,001,WEST,30,1990,1,122600,120400,4021300,33.5
ILLINOIS,17,ADAMS,001,WEST,30,1991,1,113000,112000,4088000,36.5
ILLINOIS,17,ADAMS,001,WEST,30,1992,1,120000,118800,4573800,38.5
ILLINOIS,17,ADAMS,001,WEST,30,1993,1,127000,105000,4200000,40
ILLINOIS,17,ADAMS,001,WEST,30,1994,1,114000,113100,5202600,46
ILLINOIS,17,ADAMS,001,WEST,30,1995,1,128000,127400,4841200,38
ILLINOIS,17,ADAMS,001,WEST,30,1996,1,126000,125800,5032000,40
ILLINOIS,17,ADAMS,001,WEST,30,1997,1,133000,132500,5962500,45
ILLINOIS,17,ADAMS,001,WEST,30,1998,1,135000,134800,5526800,41
ILLINOIS,17,ADAMS,001,WEST,30,1999,1,127000,126400,4424000,35
ILLINOIS,17,ADAMS,001,WEST,30,2000,1,126000,125700,5907900,47
ILLINOIS,17,ADAMS,001,WEST,30,2001,1,130000,129100,5680400,44
ILLINOIS,17,ADAMS,001,WEST,30,2002,1,128000,127700,6129600,48
ILLINOIS,17,ADAMS,001,WEST,30,2003,1,123000,122700,5398800,44
ILLINOIS,17,ADAMS,001,WEST,30,2004,1,125000,124600,6105400,49
ILLINOIS,17,ADAMS,001,WEST,30,2005,1,121000,120400,5177200,43
ILLINOIS,17,ADAMS,001,WEST,30,2006,1,129000,128400,5521200,43
ILLINOIS,17,ADAMS,001,WEST,30,2007,1,98000,97600,3611200,37
ILLINOIS,17,ADAMS,001,WEST,30,2008,1,110000,102100,4186100,41
ILLINOIS,17,ADAMS,001,WEST,30,2009,1,121000,120700,5672900,47
ILLINOIS,17,ADAMS,001,WEST,30,2010,1,121000,119700,5833000,48.7
ILLINOIS,17,ADAMS,001,WEST,30,2011,1,121000,120800,5006000,41.4
ILLINOIS,17,ADAMS,001,WEST,30,2012,1,122000,121300,4932000,40.7
ILLINOIS,17,ADAMS,001,WEST,30,2013,1,128000,127900,5574000,43.6
ILLINOIS,17,ADAMS,001,WEST,30,2014,1,125000,124400,6309000,50.7
ILLINOIS,17,ADAMS,001,WEST,30,2015,1,120000,119700,6234000,52.1
ILLINOIS,17,ADAMS,001,WEST,30,2016,1,127500,127000,7213000,56.8
ILLINOIS,17,ADAMS,001,WEST,30,2017,1,138000,137500,7688000,55.9
ILLINOIS,17,ADAMS,001,WEST,30,2018,1,142000,136900,8117000,59.3
ILLINOIS,17,ADAMS,001,WEST,30,2019,1,131000,130000,6473000,49.8
ILLINOIS,17,ADAMS,001,WEST,30,2020,1,134500,133900,7338000,54.8
ILLINOIS,17,ADAMS,001,WEST,30,2022,1,145500,145000,8874000,61.2
ILLINOIS,17,ADAMS,001,WEST,30,2023,1,139000,138400,8401000,60.7
ILLINOIS,17,ALEXANDER,003,SOUTHWEST,80,1980,1,48900,48500,1205400,25
ILLINOIS,17,ALEXANDER,003,SOUTHWEST,80,1981,1,47100,46500,1293400,28
ILLINOIS,17,ALEXANDER,003,SOUTHWEST,80,1982,1,43900,43000,1295600,30
ILLINOIS,17,ALEXANDER,003,SOUTHWEST,80,1983,1,46400,45500,974500,21.5
ILLINOIS,17,ALEXANDER,003,SOUTHWEST,80,1984,1,42100,41000,1216800,29.5
ILLINOIS,17,ALEXANDER,003,SOUTHWEST,80,1985,1,37400,37000,1116500,30
ILLINOIS,17,ALEXANDER,003,SOUTHWEST,80,1986,1,38200,37900,1287000,34
ILLINOIS,17,ALEXANDER,003,SOUTHWEST,80,1987,1,35300,34800,990300,28.5
ILLINOIS,17,ALEXANDER,003,SOUTHWEST,80,1988,1,35000,34700,907300,26
ILLINOIS,17,ALEXANDER,003,SOUTHWEST,80,1989,1,35700,35600,901600,25.5
ILLINOIS,17,ALEXANDER,003,SOUTHWEST,80,1990,1,53100,47000,1362000,29
ILLINOIS,17,ALEXANDER,003,SOUTHWEST,80,1991,1,38000,37000,1184000,32
ILLINOIS,17,ALEXANDER,003,SOUTHWEST,80,1992,1,38000,37800,1266300,33.5
ILLINOIS,17,ALEXANDER,003,SOUTHWEST,80,1993,1,37000,20000,600000,30
ILLINOIS,17,ALEXANDER,003,SOUTHWEST,80,1994,1,36000,35700,1320900,37
ILLINOIS,17,ALEXANDER,003,SOUTHWEST,80,1995,1,31000,30700,844250,27.5
ILLINOIS,17,ALEXANDER,003,SOUTHWEST,80,1996,1,36000,34100,1091200,32
ILLINOIS,17,ALEXANDER,003,SOUTHWEST,80,1997,1,38000,37900,1421250,37.5
ILLINOIS,17,ALEXANDER,003,SOUTHWEST,80,1998,1,39000,38400,1171200,30.5
ILLINOIS,17,ALEXANDER,003,SOUTHWEST,80,1999,1,39000,38800,931200,24
ILLINOIS,17,ALEXANDER,003,SOUTHWEST,80,2000,1,34000,33900,1254300,37
ILLINOIS,17,ALEXANDER,003,SOUTHWEST,80,2001,1,36000,35800,1253000,35
ILLINOIS,17,ALEXANDER,003,SOUTHWEST,80,2002,1,40000,39800,1273600,32
ILLINOIS,17,ALEXANDER,003,SOUTHWEST,80,2003,1,37000,36900,1402200,38
ILLINOIS,17,ALEXANDER,003,SOUTHWEST,80,2004,1,38000,37900,1705500,45
ILLINOIS,17,ALEXANDER,003,SOUTHWEST,80,2005,1,36000,35900,1436000,40
ILLINOIS,17,ALEXANDER,003,SOUTHWEST,80,2006,1,39000,38800,1707200,44
ILLINOIS,17,ALEXANDER,003,SOUTHWEST,80,2007,1,37000,36900,1328400,36
ILLINOIS,17,ALEXANDER,003,SOUTHWEST,80,2008,1,31000,29900,1196000,40
ILLINOIS,17,ALEXANDER,003,SOUTHWEST,80,2009,1,39000,38900,1594900,41
ILLINOIS,17,ALEXANDER,003,SOUTHWEST,80,2010,1,32000,31400,1250000,39.8
ILLINOIS,17,ALEXANDER,003,SOUTHWEST,80,2011,1,26000,25800,906000,35.1
ILLINOIS,17,ALEXANDER,003,SOUTHWEST,80,2016,1,34000,33900,1301000,38.4
ILLINOIS,17,ALEXANDER,003,SOUTHWEST,80,2017,1,34400,33600,1420000,42.3
ILLINOIS,17,ALEXANDER,003,SOUTHWEST,80,2020,1,33100,32900,1602000,48.7
ILLINOIS,17,ALEXANDER,003,SOUTHWEST,80,2021,1,38000,37700,2205000,58.5
ILLINOIS,17,ALEXANDER,003,SOUTHWEST,80,2022,1,41700,41600,2134000,51.3
ILLINOIS,17,ALEXANDER,003,SOUTHWEST,80,2025,1,34300,34100,1391000,40.8
ILLINOIS,17,BOND,005,WEST SOUTHWEST,60,1980,1,73300,73000,1915800,26
ILLINOIS,17,BOND,005,WEST SOUTHWEST,60,1981,1,80700,80000,2713000,34
ILLINOIS,17,BOND,005,WEST SOUTHWEST,60,1982,1,77600,77000,2537900,33
ILLINOIS,17,BOND,005,WEST SOUTHWEST,60,1983,1,72300,72000,1066300,15
ILLINOIS,17,BOND,005,WEST SOUTHWEST,60,1984,1,72100,68000,1609200,23.5
ILLINOIS,17,BOND,005,WEST SOUTHWEST,60,1985,1,73700,73000,2383800,32.5
ILLINOIS,17,BOND,005,WEST SOUTHWEST,60,1986,1,71300,71200,2311100,32.5
ILLINOIS,17,BOND,005,WEST SOUTHWEST,60,1987,1,68800,67200,1811600,27
ILLINOIS,17,BOND,005,WEST SOUTHWEST,60,1988,1,66500,56200,1215100,21.5
ILLINOIS,17,BOND,005,WEST SOUTHWEST,60,1989,1,63500,62700,2335300,37
ILLINOIS,17,BOND,005,WEST SOUTHWEST,60,1990,1,73800,73700,1991000,27
ILLINOIS,17,BOND,005,WEST SOUTHWEST,60,1991,1,65000,64600,1711900,26.5
ILLINOIS,17,BOND,005,WEST SOUTHWEST,60,1992,1,65000,64700,2232150,34.5
ILLINOIS,17,BOND,005,WEST SOUTHWEST,60,1993,1,68000,67000,2579500,38.5
ILLINOIS,17,BOND,005,WEST SOUTHWEST,60,1994,1,71000,70400,2393600,34
ILLINOIS,17,BOND,005,WEST SOUTHWEST,60,1995,1,76000,75000,2100000,28
ILLINOIS,17,BOND,005,WEST SOUTHWEST,60,1996,1,73000,72700,2471800,34
ILLINOIS,17,BOND,005,WEST SOUTHWEST,60,1997,1,68000,67500,2261250,33.5
ILLINOIS,17,BOND,005,WEST SOUTHWEST,60,1998,1,78000,77100,2929800,38
ILLINOIS,17,BOND,005,WEST SOUTHWEST,60,1999,1,85000,84700,2710400,32
ILLINOIS,17,BOND,005,WEST SOUTHWEST,60,2000,1,81000,79500,2862000,36
ILLINOIS,17,BOND,005,WEST SOUTHWEST,60,2001,1,82000,81500,3015500,37
ILLINOIS,17,BOND,005,WEST SOUTHWEST,60,2002,1,86000,85700,3085200,36
ILLINOIS,17,BOND,005,WEST SOUTHWEST,60,2003,1,85000,84900,2716800,32
ILLINOIS,17,BOND,005,WEST SOUTHWEST,60,2004,1,82000,81800,3926400,48
ILLINOIS,17,BOND,005,WEST SOUTHWEST,60,2005,1,78000,77600,2948800,38
ILLINOIS,17,BOND,005,WEST SOUTHWEST,60,2006,1,87000,86600,3117600,36
ILLINOIS,17,BOND,005,WEST SOUTHWEST,60,2007,1,77000,76800,1920000,25
ILLINOIS,17,BOND,005,WEST SOUTHWEST,60,2008,1,90000,89000,4005000,45
ILLINOIS,17,BOND,005,WEST SOUTHWEST,60,2009,1,86000,85000,3145000,37
ILLINOIS,17,BOND,005,WEST SOUTHWEST,60,2010,1,75000,74200,3703000,49.9
ILLINOIS,17,BOND,005,WEST SOUTHWEST,60,2011,1,80000,79700,2853000,35.8
ILLINOIS,17,BOND,005,WEST SOUTHWEST,60,2012,1,76000,74300,2300000,31
ILLINOIS,17,BOND,005,WEST SOUTHWEST,60,2014,1,79200,79100,3969000,50.2
ILLINOIS,17,BOND,005,WEST SOUTHWEST,60,2015,1,69000,68700,3330000,48.5
ILLINOIS,17,BOND,005,WEST SOUTHWEST,60,2017,1,84300,84000,4578000,54.5
ILLINOIS,17,BOND,005,WEST SOUTHWEST,60,2018,1,88000,85700,5746000,67
ILLINOIS,17,BOND,005,WEST SOUTHWEST,60,2019,1,83000,82700,4276000,51.7
ILLINOIS,17,BOND,005,WEST SOUTHWEST,60,2020,1,84500,84100,4962000,59
ILLINOIS,17,BOND,005,WEST SOUTHWEST,60,2021,1,81700,81100,5272000,65
ILLINOIS,17,BOND,005,WEST SOUTHWEST,60,2022,1,83700,83400,4887000,58.6
ILLINOIS,17,BOND,005,WEST SOUTHWEST,60,2023,1,78400,78000,4469000,57.3
ILLINOIS,17,BOND,005,WEST SOUTHWEST,60,2025,1,78500,78000,4126000,52.9
ILLINOIS,17,BOONE,007,NORTHEAST,20,1980,1,47200,47000,1821500,39
ILLINOIS,17,BOONE,007,NORTHEAST,20,1981,1,37700,37500,1574500,42
ILLINOIS,17,BOONE,007,NORTHEAST,20,1982,1,40600,40500,1503000,37
ILLINOIS,17,BOONE,007,NORTHEAST,20,1983,1,34500,34500,1270500,37
ILLINOIS,17,BOONE,007,NORTHEAST,20,1984,1,42000,41000,1300400,31.5
ILLINOIS,17,BOONE,007,NORTHEAST,20,1985,1,35400,35000,1339300,38.5
ILLINOIS,17,BOONE,007,NORTHEAST,20,1986,1,33700,33500,1221200,36.5
ILLINOIS,17,BOONE,007,NORTHEAST,20,1987,1,29800,29500,1266600,43
ILLINOIS,17,BOONE,007,NORTHEAST,20,1988,1,31400,31100,766300,24.5
ILLINOIS,17,BOONE,007,NORTHEAST,20,1989,1,31900,31700,1306600,41
ILLINOIS,17,BOONE,007,NORTHEAST,20,1990,1,32300,32000,1383100,43
ILLINOIS,17,BOONE,007,NORTHEAST,20,1991,1,36000,35700,1356600,38
ILLINOIS,17,BOONE,007,NORTHEAST,20,1992,1,39000,38700,1625400,42
ILLINOIS,17,BOONE,007,NORTHEAST,20,1993,1,37000,36000,1332000,37
ILLINOIS,17,BOONE,007,NORTHEAST,20,1994,1,40000,39500,1915750,48.5
ILLINOIS,17,BOONE,007,NORTHEAST,20,1995,1,46000,45900,1950750,42.5
ILLINOIS,17,BOONE,007,NORTHEAST,20,1996,1,46000,45700,1645200,36
ILLINOIS,17,BOONE,007,NORTHEAST,20,1997,1,50000,49800,2216100,44.5
ILLINOIS,17,BOONE,007,NORTHEAST,20,1998,1,50000,49900,2619750,52.5
ILLINOIS,17,BOONE,007,NORTHEAST,20,1999,1,55000,54600,2730000,50
ILLINOIS,17,BOONE,007,NORTHEAST,20,2000,1,57000,56800,2044800,36
ILLINOIS,17,BOONE,007,NORTHEAST,20,2001,1,56000,55600,2502000,45
ILLINOIS,17,BOONE,007,NORTHEAST,20,2002,1,56000,55600,2112800,38
ILLINOIS,17,BOONE,007,NORTHEAST,20,2003,1,53000,52900,1428300,27
ILLINOIS,17,BOONE,007,NORTHEAST,20,2004,1,46000,45800,2244200,49
ILLINOIS,17,BOONE,007,NORTHEAST,20,2005,1,43000,42800,1498000,35
ILLINOIS,17,BOONE,007,NORTHEAST,20,2006,1,47000,46800,2386800,51
ILLINOIS,17,BOONE,007,NORTHEAST,20,2007,1,31000,30800,1478400,48
ILLINOIS,17,BOONE,007,NORTHEAST,20,2008,1,38000,37900,1591800,42
ILLINOIS,17,BOONE,007,NORTHEAST,20,2009,1,35000,34900,1570500,45
ILLINOIS,17,BOONE,007,NORTHEAST,20,2010,1,43000,42800,2486000,58.1
ILLINOIS,17,BOONE,007,NORTHEAST,20,2011,1,34000,34000,2024000,59.5
ILLINOIS,17,BOONE,007,NORTHEAST,20,2012,1,36000,35800,1571000,43.9
ILLINOIS,17,BOONE,007,NORTHEAST,20,2013,1,40200,40200,2110000,52.5
ILLINOIS,17,BOONE,007,NORTHEAST,20,2014,1,39900,39800,2286000,57.4
ILLINOIS,17,BOONE,007,NORTHEAST,20,2015,1,43200,43100,2502000,58.1
ILLINOIS,17,BOONE,007,NORTHEAST,20,2016,1,39500,39100,2434000,62.3
ILLINOIS,17,BOONE,007,NORTHEAST,20,2017,1,46100,45800,2171000,47.4
ILLINOIS,17,BOONE,007,NORTHEAST,20,2018,1,50000,48600,2929000,60.3
ILLINOIS,17,BOONE,007,NORTHEAST,20,2019,1,41600,41400,2068000,50
ILLINOIS,17,BOONE,007,NORTHEAST,20,2020,1,45200,45000,2385000,53
ILLINOIS,17,BOONE,007,NORTHEAST,20,2021,1,44100,43700,3024000,69.2
ILLINOIS,17,BOONE,007,NORTHEAST,20,2022,1,50600,50400,3135000,62.2
ILLINOIS,17,BOONE,007,NORTHEAST,20,2023,1,48800,48600,2897000,59.6
ILLINOIS,17,BOONE,007,NORTHEAST,20,2024,1,56300,56100,3529000,62.9
ILLINOIS,17,BOONE,007,NORTHEAST,20,2025,1,45200,44900,2972000,66.2
ILLINOIS,17,BROWN,009,WEST,30,1980,1,35700,35500,1040800,29.5
ILLINOIS,17,BROWN,009,WEST,30,1981,1,33100,32500,1153700,35.5
ILLINOIS,17,BROWN,009,WEST,30,1982,1,34600,34500,1219900,35.5
ILLINOIS,17,BROWN,009,WEST,30,1983,1,35100,35000,685700,19.5
ILLINOIS,17,BROWN,009,WEST,30,1984,1,34400,34000,1074100,31.5
ILLINOIS,17,BROWN,009,WEST,30,1985,1,37400,37000,1299900,35
ILLINOIS,17,BROWN,009,WEST,30,1986,1,35500,35400,1308200,37
ILLINOIS,17,BROWN,009,WEST,30,1987,1,33400,33200,1093900,33
ILLINOIS,17,BROWN,009,WEST,30,1988,1,34900,34900,1000300,28.5
ILLINOIS,17,BROWN,009,WEST,30,1989,1,34900,34900,1282500,36.5
ILLINOIS,17,BROWN,009,WEST,30,1990,1,32300,31000,1035400,33.5
ILLINOIS,17,BROWN,009,WEST,30,1991,1,29000,28300,1047100,37
ILLINOIS,17,BROWN,009,WEST,30,1992,1,35000,34300,1440600,42
ILLINOIS,17,BROWN,009,WEST,30,1993,1,33000,32000,1360000,42.5
ILLINOIS,17,BROWN,009,WEST,30,1994,1,36000,35700,1552950,43.5
ILLINOIS,17,BROWN,009,WEST,30,1995,1,43000,42800,1583600,37
ILLINOIS,17,BROWN,009,WEST,30,1996,1,28000,27900,1116000,40
ILLINOIS,17,BROWN,009,WEST,30,1997,1,32000,31900,1371700,43
ILLINOIS,17,BROWN,009,WEST,30,1998,1,36000,35900,1615500,45
ILLINOIS,17,BROWN,009,WEST,30,1999,1,40000,39800,1751200,44
ILLINOIS,17,BROWN,009,WEST,30,2000,1,39000,38900,1789400,46
ILLINOIS,17,BROWN,009,WEST,30,2001,1,40000,39700,1627700,41
ILLINOIS,17,BROWN,009,WEST,30,2002,1,38000,37800,1701000,45
ILLINOIS,17,BROWN,009,WEST,30,2003,1,39000,38900,1594900,41
ILLINOIS,17,BROWN,009,WEST,30,2004,1,38000,37900,1781300,47
ILLINOIS,17,BROWN,009,WEST,30,2005,1,36000,35800,1575200,44
ILLINOIS,17,BROWN,009,WEST,30,2006,1,43000,42800,1926000,45
ILLINOIS,17,BROWN,009,WEST,30,2007,1,23000,22600,791000,35
ILLINOIS,17,BROWN,009,WEST,30,2008,1,33000,32200,1191400,37
ILLINOIS,17,BROWN,009,WEST,30,2009,1,35000,34900,1605400,46
ILLINOIS,17,BROWN,009,WEST,30,2010,1,30000,29800,1433000,48.1
ILLINOIS,17,BROWN,009,WEST,30,2011,1,29000,28900,1120000,38.8
ILLINOIS,17,BROWN,009,WEST,30,2012,1,31000,30000,1121000,37.4
ILLINOIS,17,BROWN,009,WEST,30,2013,1,30200,30200,1454000,48.1
ILLINOIS,17,BROWN,009,WEST,30,2014,1,31500,31400,1602000,51
ILLINOIS,17,BROWN,009,WEST,30,2015,1,29400,28900,1417000,49
ILLINOIS,17,BROWN,009,WEST,30,2016,1,32500,32300,1678000,52
ILLINOIS,17,BROWN,009,WEST,30,2017,1,36700,36500,2084000,57.1
ILLINOIS,17,BROWN,009,WEST,30,2018,1,37000,36000,2172000,60.3
ILLINOIS,17,BROWN,009,WEST,30,2019,1,33600,32800,1842000,56.2
ILLINOIS,17,BROWN,009,WEST,30,2020,1,36100,35900,2204000,61.4
ILLINOIS,17,BROWN,009,WEST,30,2021,1,35100,34800,2067000,59.4
ILLINOIS,17,BROWN,009,WEST,30,2022,1,38300,38200,2460000,64.4
ILLINOIS,17,BROWN,009,WEST,30,2023,1,33400,33200,2072000,62.4
ILLINOIS,17,BROWN,009,WEST,30,2024,1,40900,40800,2472000,60.6
ILLINOIS,17,BUREAU,011,NORTHWEST,10,1980,1,122400,122000,4819800,39.5
ILLINOIS,17,BUREAU,011,NORTHWEST,10,1981,1,117200,116500,5251400,45
ILLINOIS,17,BUREAU,011,NORTHWEST,10,1982,1,119300,118700,4982000,42
ILLINOIS,17,BUREAU,011,NORTHWEST,10,1983,1,115900,115500,4859100,42
ILLINOIS,17,BUREAU,011,NORTHWEST,10,1984,1,124400,123000,4909400,40
ILLINOIS,17,BUREAU,011,NORTHWEST,10,1985,1,125900,125000,5598000,45
ILLINOIS,17,BUREAU,011,NORTHWEST,10,1986,1,123900,123500,5365500,43.5
ILLINOIS,17,BUREAU,011,NORTHWEST,10,1987,1,118500,117500,5396700,46
ILLINOIS,17,BUREAU,011,NORTHWEST,10,1988,1,119300,118700,3402000,28.5
ILLINOIS,17,BUREAU,011,NORTHWEST,10,1989,1,136000,135300,5778300,42.5
ILLINOIS,17,BUREAU,011,NORTHWEST,10,1990,1,128400,126200,5268800,41.5
ILLINOIS,17,BUREAU,011,NORTHWEST,10,1991,1,138000,134400,5979650,44.5
ILLINOIS,17,BUREAU,011,NORTHWEST,10,1992,1,146000,144400,6209200,43
ILLINOIS,17,BUREAU,011,NORTHWEST,10,1993,1,150000,146000,6789000,46.5
ILLINOIS,17,BUREAU,011,NORTHWEST,10,1994,1,155000,154300,7946450,51.5
ILLINOIS,17,BUREAU,011,NORTHWEST,10,1995,1,151000,150500,6546750,43.5
ILLINOIS,17,BUREAU,011,NORTHWEST,10,1996,1,152000,151700,7054050,46.5
ILLINOIS,17,BUREAU,011,NORTHWEST,10,1997,1,161000,160500,7784250,48.5
ILLINOIS,17,BUREAU,011,NORTHWEST,10,1998,1,174000,173900,9129750,52.5
ILLINOIS,17,BUREAU,011,NORTHWEST,10,1999,1,183000,182300,8203500,45
ILLINOIS,17,BUREAU,011,NORTHWEST,10,2000,1,180000,179500,8616000,48
ILLINOIS,17,BUREAU,011,NORTHWEST,10,2001,1,187000,186000,9114000,49
ILLINOIS,17,BUREAU,011,NORTHWEST,10,2002,1,175000,174500,8550500,49
ILLINOIS,17,BUREAU,011,NORTHWEST,10,2003,1,164000,163200,6038400,37
ILLINOIS,17,BUREAU,011,NORTHWEST,10,2004,1,147000,146600,7476600,51
ILLINOIS,17,BUREAU,011,NORTHWEST,10,2005,1,132000,131300,6302400,48
ILLINOIS,17,BUREAU,011,NORTHWEST,10,2006,1,148000,147300,7806900,53
ILLINOIS,17,BUREAU,011,NORTHWEST,10,2007,1,111000,110800,5650800,51
ILLINOIS,17,BUREAU,011,NORTHWEST,10,2008,1,116000,115300,5649700,49
ILLINOIS,17,BUREAU,011,NORTHWEST,10,2009,1,127000,126700,5574800,44
ILLINOIS,17,BUREAU,011,NORTHWEST,10,2010,1,120000,119600,6582000,55
ILLINOIS,17,BUREAU,011,NORTHWEST,10,2011,1,113000,111900,6497000,58.1
ILLINOIS,17,BUREAU,011,NORTHWEST,10,2012,1,120000,119300,6558000,55
ILLINOIS,17,BUREAU,011,NORTHWEST,10,2013,1,133500,133500,7517000,56.3
ILLINOIS,17,BUREAU,011,NORTHWEST,10,2014,1,142000,141800,8494000,59.9
ILLINOIS,17,BUREAU,011,NORTHWEST,10,2015,1,160500,160400,9657000,60.2
ILLINOIS,17,BUREAU,011,NORTHWEST,10,2016,1,147000,146300,9392000,64.2
ILLINOIS,17,BUREAU,011,NORTHWEST,10,2017,1,157000,156500,9250000,59.1
ILLINOIS,17,BUREAU,011,NORTHWEST,10,2018,1,157000,152500,10449000,68.5
ILLINOIS,17,BUREAU,011,NORTHWEST,10,2019,1,141000,140500,8060000,57.4
ILLINOIS,17,BUREAU,011,NORTHWEST,10,2020,1,154500,153800,9966000,64.8
ILLINOIS,17,BUREAU,011,NORTHWEST,10,2021,1,167000,165600,10996000,66.4
ILLINOIS,17,BUREAU,011,NORTHWEST,10,2022,1,173500,173000,11678000,67.5
ILLINOIS,17,BUREAU,011,NORTHWEST,10,2023,1,165500,164600,11015000,66.9
ILLINOIS,17,BUREAU,011,NORTHWEST,10,2024,1,170500,170000,12393000,72.9
ILLINOIS,17,BUREAU,011,NORTHWEST,10,2025,1,164000,163000,11703000,71.8
ILLINOIS,17,CALHOUN,013,WEST SOUTHWEST,60,1980,1,12100,12000,321000,27
ILLINOIS,17,CALHOUN,013,WEST SOUTHWEST,60,1981,1,13300,13000,467200,36
ILLINOIS,17,CALHOUN,013,WEST SOUTHWEST,60,1982,1,14900,14500,535800,37
ILLINOIS,17,CALHOUN,013,WEST SOUTHWEST,60,1983,1,14700,14500,399900,27.5
ILLINOIS,17,CALHOUN,013,WEST SOUTHWEST,60,1984,1,15000,14500,364100,25
ILLINOIS,17,CALHOUN,013,WEST SOUTHWEST,60,1985,1,15600,15000,557600,37
ILLINOIS,17,CALHOUN,013,WEST SOUTHWEST,60,1986,1,15400,14700,557900,38
ILLINOIS,17,CALHOUN,013,WEST SOUTHWEST,60,1987,1,13500,13200,461300,35
ILLINOIS,17,CALHOUN,013,WEST SOUTHWEST,60,1988,1,13400,13300,414600,31
ILLINOIS,17,CALHOUN,013,WEST SOUTHWEST,60,1989,1,14000,13700,496600,36
ILLINOIS,17,CALHOUN,013,WEST SOUTHWEST,60,1990,1,13900,12800,465200,36.5
ILLINOIS,17,CALHOUN,013,WEST SOUTHWEST,60,1991,1,15000,14900,596000,40
ILLINOIS,17,CALHOUN,013,WEST SOUTHWEST,60,1992,1,15000,14800,584600,39.5
ILLINOIS,17,CALHOUN,013,WEST SOUTHWEST,60,1993,1,14000,11000,440000,40
ILLINOIS,17,CALHOUN,013,WEST SOUTHWEST,60,1994,1,18000,17600,756800,43
ILLINOIS,17,CALHOUN,013,WEST SOUTHWEST,60,1995,1,19000,18800,695600,37
ILLINOIS,17,CALHOUN,013,WEST SOUTHWEST,60,1996,1,18000,17900,716000,40
ILLINOIS,17,CALHOUN,013,WEST SOUTHWEST,60,1997,1,20000,18700,766700,41
ILLINOIS,17,CALHOUN,013,WEST SOUTHWEST,60,1998,1,17000,16600,647400,39
ILLINOIS,17,CALHOUN,013,WEST SOUTHWEST,60,1999,1,19000,18900,718200,38
ILLINOIS,17,CALHOUN,013,WEST SOUTHWEST,60,2000,1,20000,19900,835800,42
ILLINOIS,17,CALHOUN,013,WEST SOUTHWEST,60,2001,1,19000,18900,793800,42
ILLINOIS,17,CALHOUN,013,WEST SOUTHWEST,60,2002,1,20000,19600,803600,41
ILLINOIS,17,CALHOUN,013,WEST SOUTHWEST,60,2003,1,21000,20900,836000,40
ILLINOIS,17,CALHOUN,013,WEST SOUTHWEST,60,2004,1,18000,17900,912900,51
ILLINOIS,17,CALHOUN,013,WEST SOUTHWEST,60,2005,1,17000,16900,692900,41
ILLINOIS,17,CALHOUN,013,WEST SOUTHWEST,60,2006,1,19000,18900,831600,44
ILLINOIS,17,CALHOUN,013,WEST SOUTHWEST,60,2007,1,13000,12900,477300,37
ILLINOIS,17,CALHOUN,013,WEST SOUTHWEST,60,2008,1,13000,12800,576000,45
ILLINOIS,17,CALHOUN,013,WEST SOUTHWEST,60,2009,1,15000,14900,655600,44
ILLINOIS,17,CALHOUN,013,WEST SOUTHWEST,60,2010,1,15000,14500,729000,50.3
ILLINOIS,17,CALHOUN,013,WEST SOUTHWEST,60,2011,1,13000,12900,563000,43.6
ILLINOIS,17,CALHOUN,013,WEST SOUTHWEST,60,2012,1,13000,12900,534000,41.4
ILLINOIS,17,CALHOUN,013,WEST SOUTHWEST,60,2014,1,17100,16600,787000,47.4
ILLINOIS,17,CALHOUN,013,WEST SOUTHWEST,60,2015,1,16300,15800,872000,55.2
ILLINOIS,17,CALHOUN,013,WEST SOUTHWEST,60,2017,1,21500,21300,1142000,53.6
ILLINOIS,17,CALHOUN,013,WEST SOUTHWEST,60,2018,1,27000,25700,1506000,58.6
ILLINOIS,17,CALHOUN,013,WEST SOUTHWEST,60,2019,1,16900,16700,783000,46.9
ILLINOIS,17,CALHOUN,013,WEST SOUTHWEST,60,2020,1,22800,22700,1228000,54.1
ILLINOIS,17,CALHOUN,013,WEST SOUTHWEST,60,2022,1,26400,26300,1519000,57.8
ILLINOIS,17,CALHOUN,013,WEST SOUTHWEST,60,2023,1,19500,19400,1158000,59.7
ILLINOIS,17,CALHOUN,013,WEST SOUTHWEST,60,2025,1,19800,19600,1113000,56.8
ILLINOIS,17,CARROLL,015,NORTHWEST,10,1980,1,10500,10500,388600,37
ILLINOIS,17,CARROLL,015,NORTHWEST,10,1981,1,9400,9300,386200,41.5
ILLINOIS,17,CARROLL,015,NORTHWEST,10,1982,1,8800,8800,347400,39.5
ILLINOIS,17,CARROLL,015,NORTHWEST,10,1983,1,9800,9800,367000,37.5
ILLINOIS,17,CARROLL,015,NORTHWEST,10,1984,1,13700,13500,454400,33.5
ILLINOIS,17,CARROLL,015,NORTHWEST,10,1985,1,14200,14000,619900,44.5
ILLINOIS,17,CARROLL,015,NORTHWEST,10,1986,1,14800,14700,616600,42
ILLINOIS,17,CARROLL,015,NORTHWEST,10,1987,1,13500,13400,628800,47
ILLINOIS,17,CARROLL,015,NORTHWEST,10,1988,1,14800,14400,448900,31
ILLINOIS,17,CARROLL,015,NORTHWEST,10,1989,1,17000,16900,780500,46
ILLINOIS,17,CARROLL,015,NORTHWEST,10,1990,1,15500,15300,744000,48.5
ILLINOIS,17,CARROLL,015,NORTHWEST,10,1991,1,18000,17900,939750,52.5
ILLINOIS,17,CARROLL,015,NORTHWEST,10,1992,1,20000,19800,861300,43.5
ILLINOIS,17,CARROLL,015,NORTHWEST,10,1993,1,23000,22000,913000,41.5
ILLINOIS,17,CARROLL,015,NORTHWEST,10,1994,1,25000,24800,1351600,54.5
ILLINOIS,17,CARROLL,015,NORTHWEST,10,1995,1,29000,28800,1483200,51.5
ILLINOIS,17,CARROLL,015,NORTHWEST,10,1996,1,32000,31900,1531200,48
ILLINOIS,17,CARROLL,015,NORTHWEST,10,1997,1,39000,38900,1964450,50.5
ILLINOIS,17,CARROLL,015,NORTHWEST,10,1998,1,45000,44900,2514400,56
ILLINOIS,17,CARROLL,015,NORTHWEST,10,1999,1,49000,48700,2629800,54
ILLINOIS,17,CARROLL,015,NORTHWEST,10,2000,1,53000,52800,2587200,49
ILLINOIS,17,CARROLL,015,NORTHWEST,10,2001,1,59000,58600,3223000,55
ILLINOIS,17,CARROLL,015,NORTHWEST,10,2002,1,60000,59700,3402900,57
ILLINOIS,17,CARROLL,015,NORTHWEST,10,2003,1,56000,55900,1956500,35
ILLINOIS,17,CARROLL,015,NORTHWEST,10,2004,1,54000,53900,3018400,56
ILLINOIS,17,CARROLL,015,NORTHWEST,10,2005,1,50000,49800,2838600,57
ILLINOIS,17,CARROLL,015,NORTHWEST,10,2006,1,55000,54700,3172600,58
ILLINOIS,17,CARROLL,015,NORTHWEST,10,2007,1,35000,34800,1774800,51
ILLINOIS,17,CARROLL,015,NORTHWEST,10,2008,1,43000,42600,2087400,49
ILLINOIS,17,CARROLL,015,NORTHWEST,10,2009,1,43000,42900,2359500,55
ILLINOIS,17,CARROLL,015,NORTHWEST,10,2010,1,35000,34000,2004000,58.9
ILLINOIS,17,CARROLL,015,NORTHWEST,10,2011,1,33000,32900,2097000,63.7
ILLINOIS,17,CARROLL,015,NORTHWEST,10,2012,1,34000,33900,2001000,59
ILLINOIS,17,CARROLL,015,NORTHWEST,10,2013,1,32200,32200,1865000,57.9
ILLINOIS,17,CARROLL,015,NORTHWEST,10,2014,1,42200,41900,2532000,60.4
ILLINOIS,17,CARROLL,015,NORTHWEST,10,2015,1,41800,41300,2628000,63.6
ILLINOIS,17,CARROLL,015,NORTHWEST,10,2016,1,43400,43100,2974000,69
ILLINOIS,17,CARROLL,015,NORTHWEST,10,2017,1,47100,46800,3010000,64.3
ILLINOIS,17,CARROLL,015,NORTHWEST,10,2018,1,44000,42600,2935000,68.9
ILLINOIS,17,CARROLL,015,NORTHWEST,10,2019,1,39000,38700,2505000,64.7
ILLINOIS,17,CARROLL,015,NORTHWEST,10,2020,1,40900,40700,2772000,68.1
ILLINOIS,17,CARROLL,015,NORTHWEST,10,2021,1,49000,48600,3334000,68.6
ILLINOIS,17,CARROLL,015,NORTHWEST,10,2022,1,50100,49900,3438000,68.9
ILLINOIS,17,CARROLL,015,NORTHWEST,10,2023,1,47400,47200,3323000,70.4
ILLINOIS,17,CARROLL,015,NORTHWEST,10,2024,1,49200,49100,3452000,70.3
ILLINOIS,17,CARROLL,015,NORTHWEST,10,2025,1,45600,45300,3216000,71
ILLINOIS,17,CASS,017,WEST SOUTHWEST,60,1980,1,70300,70000,2508300,36
ILLINOIS,17,CASS,017,WEST SOUTHWEST,60,1981,1,72700,72000,2915400,40.5
ILLINOIS,17,CASS,017,WEST SOUTHWEST,60,1982,1,71400,71000,2907500,41
ILLINOIS,17,CASS,017,WEST SOUTHWEST,60,1983,1,74100,73500,1951800,26.5
ILLINOIS,17,CASS,017,WEST SOUTHWEST,60,1984,1,70200,69000,2399300,35
ILLINOIS,17,CASS,017,WEST SOUTHWEST,60,1985,1,73200,72000,3183000,44
ILLINOIS,17,CASS,017,WEST SOUTHWEST,60,1986,1,73700,73000,3208000,44
ILLINOIS,17,CASS,017,WEST SOUTHWEST,60,1987,1,73800,72100,2519600,35
ILLINOIS,17,CASS,017,WEST SOUTHWEST,60,1988,1,73800,73500,2217400,30
ILLINOIS,17,CASS,017,WEST SOUTHWEST,60,1989,1,73300,72800,3109100,42.5
ILLINOIS,17,CASS,017,WEST SOUTHWEST,60,1990,1,68800,68800,2534400,37
ILLINOIS,17,CASS,017,WEST SOUTHWEST,60,1991,1,67000,66000,2706000,41
ILLINOIS,17,CASS,017,WEST SOUTHWEST,60,1992,1,69000,68700,2988450,43.5
ILLINOIS,17,CASS,017,WEST SOUTHWEST,60,1993,1,73000,72000,3132000,43.5
ILLINOIS,17,CASS,017,WEST SOUTHWEST,60,1994,1,73000,72400,3366600,46.5
ILLINOIS,17,CASS,017,WEST SOUTHWEST,60,1995,1,71000,70500,2784750,39.5
ILLINOIS,17,CASS,017,WEST SOUTHWEST,60,1996,1,72000,71600,2792400,39
ILLINOIS,17,CASS,017,WEST SOUTHWEST,60,1997,1,71000,70800,2832000,40
ILLINOIS,17,CASS,017,WEST SOUTHWEST,60,1998,1,81000,77800,3501000,45
ILLINOIS,17,CASS,017,WEST SOUTHWEST,60,1999,1,67000,66600,3063600,46
ILLINOIS,17,CASS,017,WEST SOUTHWEST,60,2000,1,65000,64900,2790700,43
ILLINOIS,17,CASS,017,WEST SOUTHWEST,60,2001,1,62000,61400,2947200,48
ILLINOIS,17,CASS,017,WEST SOUTHWEST,60,2002,1,60000,59700,2865600,48
ILLINOIS,17,CASS,017,WEST SOUTHWEST,60,2003,1,58000,57900,2605500,45
ILLINOIS,17,CASS,017,WEST SOUTHWEST,60,2004,1,54000,53900,2748900,51
ILLINOIS,17,CASS,017,WEST SOUTHWEST,60,2005,1,52000,51600,2373600,46
ILLINOIS,17,CASS,017,WEST SOUTHWEST,60,2006,1,60000,59800,2810600,47
ILLINOIS,17,CASS,017,WEST SOUTHWEST,60,2007,1,50000,49900,2145700,43
ILLINOIS,17,CASS,017,WEST SOUTHWEST,60,2008,1,50000,49800,2440200,49
ILLINOIS,17,CASS,017,WEST SOUTHWEST,60,2009,1,50000,49500,2524500,51
ILLINOIS,17,CASS,017,WEST SOUTHWEST,60,2010,1,49000,48800,2602000,53.3
ILLINOIS,17,CASS,017,WEST SOUTHWEST,60,2011,1,48000,47900,2415000,50.4
ILLINOIS,17,CASS,017,WEST SOUTHWEST,60,2012,1,49000,48800,1929000,39.5
ILLINOIS,17,CASS,017,WEST SOUTHWEST,60,2013,1,54200,54200,2849000,52.6
ILLINOIS,17,CASS,017,WEST SOUTHWEST,60,2014,1,56700,56600,3027000,53.5
ILLINOIS,17,CASS,017,WEST SOUTHWEST,60,2015,1,57100,57000,3421000,60
ILLINOIS,17,CASS,017,WEST SOUTHWEST,60,2016,1,54700,54300,3388000,62.4
ILLINOIS,17,CASS,017,WEST SOUTHWEST,60,2017,1,65800,65400,4113000,62.9
ILLINOIS,17,CASS,017,WEST SOUTHWEST,60,2018,1,61000,59400,4270000,71.9
ILLINOIS,17,CASS,017,WEST SOUTHWEST,60,2020,1,60300,60000,3780000,63
ILLINOIS,17,CASS,017,WEST SOUTHWEST,60,2021,1,62000,61500,4207000,68.4
ILLINOIS,17,CASS,017,WEST SOUTHWEST,60,2022,1,62600,62400,4031000,64.6
ILLINOIS,17,CASS,017,WEST SOUTHWEST,60,2023,1,59800,59500,3612000,60.7
ILLINOIS,17,CHAMPAIGN,019,EAST,50,1980,1,267200,266000,9729400,36.5
ILLINOIS,17,CHAMPAIGN,019,EAST,50,1981,1,265300,263000,9950100,38
ILLINOIS,17,CHAMPAIGN,019,EAST,50,1982,1,263200,262500,11235700,43
ILLINOIS,17,CHAMPAIGN,019,EAST,50,1983,1,266800,266500,10240600,38.5
ILLINOIS,17,CHAMPAIGN,019,EAST,50,1984,1,263500,261000,9279200,35.5
ILLINOIS,17,CHAMPAIGN,019,EAST,50,1985,1,251900,249000,12393100,50
ILLINOIS,17,CHAMPAIGN,019,EAST,50,1986,1,250900,250700,10516100,42
ILLINOIS,17,CHAMPAIGN,019,EAST,50,1987,1,247300,245500,11030400,45
ILLINOIS,17,CHAMPAIGN,019,EAST,50,1988,1,247500,246900,7200600,29
ILLINOIS,17,CHAMPAIGN,019,EAST,50,1989,1,252000,251600,11120100,44
ILLINOIS,17,CHAMPAIGN,019,EAST,50,1990,1,260600,259700,11352500,43.5
ILLINOIS,17,CHAMPAIGN,019,EAST,50,1991,1,252000,249800,8613600,34.5
ILLINOIS,17,CHAMPAIGN,019,EAST,50,1992,1,269000,268300,12865250,48
ILLINOIS,17,CHAMPAIGN,019,EAST,50,1993,1,260000,258000,12513000,48.5
ILLINOIS,17,CHAMPAIGN,019,EAST,50,1994,1,251000,250100,12505000,50
ILLINOIS,17,CHAMPAIGN,019,EAST,50,1995,1,251000,249600,10857600,43.5
ILLINOIS,17,CHAMPAIGN,019,EAST,50,1996,1,259000,258600,12283500,47.5
ILLINOIS,17,CHAMPAIGN,019,EAST,50,1997,1,262000,261000,12528000,48
ILLINOIS,17,CHAMPAIGN,019,EAST,50,1998,1,270000,267400,11899300,44.5
ILLINOIS,17,CHAMPAIGN,019,EAST,50,1999,1,266000,265200,13525200,51
ILLINOIS,17,CHAMPAIGN,019,EAST,50,2000,1,266000,265800,12492600,47
ILLINOIS,17,CHAMPAIGN,019,EAST,50,2001,1,264000,262300,12065800,46
ILLINOIS,17,CHAMPAIGN,019,EAST,50,2002,1,252000,250600,13532400,54
ILLINOIS,17,CHAMPAIGN,019,EAST,50,2003,1,254000,253400,9629200,38
ILLINOIS,17,CHAMPAIGN,019,EAST,50,2004,1,249000,248300,13159900,53
ILLINOIS,17,CHAMPAIGN,019,EAST,50,2005,1,241000,239900,12954600,54
ILLINOIS,17,CHAMPAIGN,019,EAST,50,2006,1,246000,244900,13469500,55
ILLINOIS,17,CHAMPAIGN,019,EAST,50,2007,1,215000,214900,11819500,55
ILLINOIS,17,CHAMPAIGN,019,EAST,50,2008,1,239000,238000,11900000,50
ILLINOIS,17,CHAMPAIGN,019,EAST,50,2009,1,224000,223000,12488000,56
ILLINOIS,17,CHAMPAIGN,019,EAST,50,2010,1,245000,244500,13737000,56.2
ILLINOIS,17,CHAMPAIGN,019,EAST,50,2011,1,228000,227000,11722000,51.6
ILLINOIS,17,CHAMPAIGN,019,EAST,50,2012,1,244000,242500,11430000,47.1
ILLINOIS,17,CHAMPAIGN,019,EAST,50,2013,1,244500,244500,13116000,53.6
ILLINOIS,17,CHAMPAIGN,019,EAST,50,2014,1,255500,255000,16267000,63.8
ILLINOIS,17,CHAMPAIGN,019,EAST,50,2015,1,251000,250500,16036000,64
ILLINOIS,17,CHAMPAIGN,019,EAST,50,2016,1,246500,245500,16612000,67.7
ILLINOIS,17,CHAMPAIGN,019,EAST,50,2017,1,258000,257000,16522000,64.3
ILLINOIS,17,CHAMPAIGN,019,EAST,50,2018,1,257000,250500,17018000,67.9
ILLINOIS,17,CHAMPAIGN,019,EAST,50,2019,1,257000,256500,13539000,52.8
ILLINOIS,17,CHAMPAIGN,019,EAST,50,2020,1,256500,255000,16856000,66.1
ILLINOIS,17,CHAMPAIGN,019,EAST,50,2021,1,265000,263000,19804000,75.3
ILLINOIS,17,CHAMPAIGN,019,EAST,50,2022,1,263000,262000,18183000,69.4
ILLINOIS,17,CHAMPAIGN,019,EAST,50,2023,1,261000,260000,18772000,72.2
ILLINOIS,17,CHRISTIAN,021,WEST SOUTHWEST,60,1980,1,175800,175000,6359100,36.5
ILLINOIS,17,CHRISTIAN,021,WEST SOUTHWEST,60,1981,1,179700,178000,7477900,42
ILLINOIS,17,CHRISTIAN,021,WEST SOUTHWEST,60,1982,1,178600,177500,7534600,42.5
ILLINOIS,17,CHRISTIAN,021,WEST SOUTHWEST,60,1983,1,180100,179000,5484700,30.5
ILLINOIS,17,CHRISTIAN,021,WEST SOUTHWEST,60,1984,1,178300,175500,6017700,34.5
ILLINOIS,17,CHRISTIAN,021,WEST SOUTHWEST,60,1985,1,180200,179000,8722700,48.5
ILLINOIS,17,CHRISTIAN,021,WEST SOUTHWEST,60,1986,1,183300,183200,8782500,48
ILLINOIS,17,CHRISTIAN,021,WEST SOUTHWEST,60,1987,1,185500,181000,7500000,41.5
ILLINOIS,17,CHRISTIAN,021,WEST SOUTHWEST,60,1988,1,186900,186700,5726500,30.5
ILLINOIS,17,CHRISTIAN,021,WEST SOUTHWEST,60,1989,1,181000,179300,8191700,45.5
ILLINOIS,17,CHRISTIAN,021,WEST SOUTHWEST,60,1990,1,180900,180800,7281900,40.5
ILLINOIS,17,CHRISTIAN,021,WEST SOUTHWEST,60,1991,1,175000,174400,8109600,46.5
ILLINOIS,17,CHRISTIAN,021,WEST SOUTHWEST,60,1992,1,187000,186000,8835000,47.5
ILLINOIS,17,CHRISTIAN,021,WEST SOUTHWEST,60,1993,1,175000,172000,7998000,46.5
ILLINOIS,17,CHRISTIAN,021,WEST SOUTHWEST,60,1994,1,173000,172400,8275200,48
ILLINOIS,17,CHRISTIAN,021,WEST SOUTHWEST,60,1995,1,176000,174800,6904600,39.5
ILLINOIS,17,CHRISTIAN,021,WEST SOUTHWEST,60,1996,1,173000,172600,7249200,42
ILLINOIS,17,CHRISTIAN,021,WEST SOUTHWEST,60,1997,1,171000,170500,7246250,42.5
ILLINOIS,17,CHRISTIAN,021,WEST SOUTHWEST,60,1998,1,172000,171100,8127250,47.5
ILLINOIS,17,CHRISTIAN,021,WEST SOUTHWEST,60,1999,1,183000,182000,8190000,45
ILLINOIS,17,CHRISTIAN,021,WEST SOUTHWEST,60,2000,1,179000,178700,8756300,49
ILLINOIS,17,CHRISTIAN,021,WEST SOUTHWEST,60,2001,1,180000,178700,8577600,48
ILLINOIS,17,CHRISTIAN,021,WEST SOUTHWEST,60,2002,1,183000,182700,8952300,49
ILLINOIS,17,CHRISTIAN,021,WEST SOUTHWEST,60,2003,1,167000,165700,7622200,46
ILLINOIS,17,CHRISTIAN,021,WEST SOUTHWEST,60,2004,1,164000,163600,8507200,52
ILLINOIS,17,CHRISTIAN,021,WEST SOUTHWEST,60,2005,1,155000,154300,8177900,53
ILLINOIS,17,CHRISTIAN,021,WEST SOUTHWEST,60,2006,1,157000,156400,8445600,54
ILLINOIS,17,CHRISTIAN,021,WEST SOUTHWEST,60,2007,1,126000,125800,6415800,51
ILLINOIS,17,CHRISTIAN,021,WEST SOUTHWEST,60,2008,1,138000,137800,7303400,53
ILLINOIS,17,CHRISTIAN,021,WEST SOUTHWEST,60,2009,1,138000,137400,7557000,55
ILLINOIS,17,CHRISTIAN,021,WEST SOUTHWEST,60,2010,1,149000,148500,8984000,60.5
ILLINOIS,17,CHRISTIAN,021,WEST SOUTHWEST,60,2011,1,149000,148600,7788000,52.4
ILLINOIS,17,CHRISTIAN,021,WEST SOUTHWEST,60,2012,1,156000,154300,8610000,55.8
ILLINOIS,17,CHRISTIAN,021,WEST SOUTHWEST,60,2013,1,160000,160000,9079000,56.7
ILLINOIS,17,CHRISTIAN,021,WEST SOUTHWEST,60,2014,1,163000,162800,9446000,58
ILLINOIS,17,CHRISTIAN,021,WEST SOUTHWEST,60,2015,1,170000,169900,10231000,60.2
ILLINOIS,17,CHRISTIAN,021,WEST SOUTHWEST,60,2016,1,166000,165500,10405000,62.9
ILLINOIS,17,CHRISTIAN,021,WEST SOUTHWEST,60,2017,1,183000,182000,11934000,65.6
ILLINOIS,17,CHRISTIAN,021,WEST SOUTHWEST,60,2018,1,191000,186200,13702000,73.6
ILLINOIS,17,CHRISTIAN,021,WEST SOUTHWEST,60,2020,1,179500,178900,11790000,65.9
ILLINOIS,17,CHRISTIAN,021,WEST SOUTHWEST,60,2021,1,179500,177900,12666000,71.2
ILLINOIS,17,CHRISTIAN,021,WEST SOUTHWEST,60,2022,1,186000,185500,12892000,69.5
ILLINOIS,17,CHRISTIAN,021,WEST SOUTHWEST,60,2023,1,168500,167700,11253000,67.1
ILLINOIS,17,CLARK,023,EAST SOUTHEAST,70,1980,1,121500,121000,4518700,37.5
ILLINOIS,17,CLARK,023,EAST SOUTHEAST,70,1981,1,116900,116000,3777200,32.5
ILLINOIS,17,CLARK,023,EAST SOUTHEAST,70,1982,1,108600,108000,4001200,37
ILLINOIS,17,CLARK,023,EAST SOUTHEAST,70,1983,1,110100,109500,2645600,24
ILLINOIS,17,CLARK,023,EAST SOUTHEAST,70,1984,1,109700,107000,3146800,29.5
ILLINOIS,17,CLARK,023,EAST SOUTHEAST,70,1985,1,104900,104000,4133300,39.5
ILLINOIS,17,CLARK,023,EAST SOUTHEAST,70,1986,1,104000,103800,4405900,42.5
ILLINOIS,17,CLARK,023,EAST SOUTHEAST,70,1987,1,102000,100900,3526100,35
ILLINOIS,17,CLARK,023,EAST SOUTHEAST,70,1988,1,97900,97600,2601000,26.5
ILLINOIS,17,CLARK,023,EAST SOUTHEAST,70,1989,1,102400,101200,3718900,36.5
ILLINOIS,17,CLARK,023,EAST SOUTHEAST,70,1990,1,104800,104400,3845900,37
ILLINOIS,17,CLARK,023,EAST SOUTHEAST,70,1991,1,100000,98900,3807650,38.5
ILLINOIS,17,CLARK,023,EAST SOUTHEAST,70,1992,1,100000,98800,4199000,42.5
ILLINOIS,17,CLARK,023,EAST SOUTHEAST,70,1993,1,102000,99000,4009500,40.5
ILLINOIS,17,CLARK,023,EAST SOUTHEAST,70,1994,1,99000,98400,4182000,42.5
ILLINOIS,17,CLARK,023,EAST SOUTHEAST,70,1995,1,111000,110500,4530500,41
ILLINOIS,17,CLARK,023,EAST SOUTHEAST,70,1996,1,117000,116300,4070500,35
ILLINOIS,17,CLARK,023,EAST SOUTHEAST,70,1997,1,105000,104500,4127750,39.5
ILLINOIS,17,CLARK,023,EAST SOUTHEAST,70,1998,1,101000,100200,3907800,39
ILLINOIS,17,CLARK,023,EAST SOUTHEAST,70,1999,1,109000,107900,3560700,33
ILLINOIS,17,CLARK,023,EAST SOUTHEAST,70,2000,1,102000,101900,4483600,44
ILLINOIS,17,CLARK,023,EAST SOUTHEAST,70,2001,1,108000,107400,4940400,46
ILLINOIS,17,CLARK,023,EAST SOUTHEAST,70,2002,1,114000,113700,4889100,43
ILLINOIS,17,CLARK,023,EAST SOUTHEAST,70,2003,1,104000,100000,4200000,42
ILLINOIS,17,CLARK,023,EAST SOUTHEAST,70,2004,1,105000,102900,5350800,52
ILLINOIS,17,CLARK,023,EAST SOUTHEAST,70,2005,1,99000,98600,4732800,48
ILLINOIS,17,CLARK,023,EAST SOUTHEAST,70,2006,1,106000,105500,5169500,49
ILLINOIS,17,CLARK,023,EAST SOUTHEAST,70,2007,1,91000,90900,4090500,45
ILLINOIS,17,CLARK,023,EAST SOUTHEAST,70,2008,1,101000,100300,4613800,46
ILLINOIS,17,CLARK,023,EAST SOUTHEAST,70,2009,1,106000,105100,4098900,39
ILLINOIS,17,CLARK,023,EAST SOUTHEAST,70,2010,1,90000,88700,4382000,49.4
ILLINOIS,17,CLARK,023,EAST SOUTHEAST,70,2011,1,100000,99900,4482000,44.9
ILLINOIS,17,CLARK,023,EAST SOUTHEAST,70,2012,1,90000,88300,3379000,38.3
ILLINOIS,17,CLARK,023,EAST SOUTHEAST,70,2013,1,93500,93300,4565000,48.9
ILLINOIS,17,CLARK,023,EAST SOUTHEAST,70,2014,1,95600,95300,5455000,57.2
ILLINOIS,17,CLARK,023,EAST SOUTHEAST,70,2015,1,99000,96800,5818000,60.1
ILLINOIS,17,CLARK,023,EAST SOUTHEAST,70,2017,1,103500,103000,5816000,56.5
ILLINOIS,17,CLARK,023,EAST SOUTHEAST,70,2018,1,99000,96600,6188000,64.1
ILLINOIS,17,CLARK,023,EAST SOUTHEAST,70,2020,1,94300,93900,5484000,58.4
ILLINOIS,17,CLARK,023,EAST SOUTHEAST,70,2021,1,98500,97700,6399000,65.5
ILLINOIS,17,CLARK,023,EAST SOUTHEAST,70,2022,1,96900,96600,5922000,61.3
ILLINOIS,17,CLARK,023,EAST SOUTHEAST,70,2023,1,94000,93600,5925000,63.3
ILLINOIS,17,CLARK,023,EAST SOUTHEAST,70,2024,1,97700,97300,6159000,63.3
ILLINOIS,17,CLARK,023,EAST SOUTHEAST,70,2025,1,93900,93300,5719000,61.3
ILLINOIS,17,CLAY,025,EAST SOUTHEAST,70,1980,1,104500,104000,2361800,22.5
ILLINOIS,17,CLAY,025,EAST SOUTHEAST,70,1981,1,95100,94000,3013000,32
ILLINOIS,17,CLAY,025,EAST SOUTHEAST,70,1982,1,95700,95500,2964400,31
ILLINOIS,17,CLAY,025,EAST SOUTHEAST,70,1983,1,93500,93000,1195200,13
ILLINOIS,17,CLAY,025,EAST SOUTHEAST,70,1984,1,97300,92000,2040300,22
ILLINOIS,17,CLAY,025,EAST SOUTHEAST,70,1985,1,92500,91000,3158800,34.5
ILLINOIS,17,CLAY,025,EAST SOUTHEAST,70,1986,1,86100,85800,2827800,33
ILLINOIS,17,CLAY,025,EAST SOUTHEAST,70,1987,1,81900,81000,2345400,29
ILLINOIS,17,CLAY,025,EAST SOUTHEAST,70,1988,1,79100,76300,1573000,20.5
ILLINOIS,17,CLAY,025,EAST SOUTHEAST,70,1989,1,81900,81300,2462800,30.5
ILLINOIS,17,CLAY,025,EAST SOUTHEAST,70,1990,1,85500,85200,2176100,25.5
ILLINOIS,17,CLAY,025,EAST SOUTHEAST,70,1991,1,90000,89200,2096200,23.5
ILLINOIS,17,CLAY,025,EAST SOUTHEAST,70,1992,1,91000,89600,2732800,30.5
ILLINOIS,17,CLAY,025,EAST SOUTHEAST,70,1993,1,90000,87000,3262500,37.5
ILLINOIS,17,CLAY,025,EAST SOUTHEAST,70,1994,1,90000,89700,2556450,28.5
ILLINOIS,17,CLAY,025,EAST SOUTHEAST,70,1995,1,105000,104100,2966850,28.5
ILLINOIS,17,CLAY,025,EAST SOUTHEAST,70,1996,1,104000,103600,3315200,32
ILLINOIS,17,CLAY,025,EAST SOUTHEAST,70,1997,1,98000,97400,3555100,36.5
ILLINOIS,17,CLAY,025,EAST SOUTHEAST,70,1998,1,109000,107600,3658400,34
ILLINOIS,17,CLAY,025,EAST SOUTHEAST,70,1999,1,115000,114500,4007500,35
ILLINOIS,17,CLAY,025,EAST SOUTHEAST,70,2000,1,114000,113500,4653500,41
ILLINOIS,17,CLAY,025,EAST SOUTHEAST,70,2001,1,113000,112000,4368000,39
ILLINOIS,17,CLAY,025,EAST SOUTHEAST,70,2002,1,113000,111800,2571400,23
ILLINOIS,17,CLAY,025,EAST SOUTHEAST,70,2003,1,122000,121600,4256000,35
ILLINOIS,17,CLAY,025,EAST SOUTHEAST,70,2004,1,102000,101400,4360200,43
ILLINOIS,17,CLAY,025,EAST SOUTHEAST,70,2005,1,103000,102700,4108000,40
ILLINOIS,17,CLAY,025,EAST SOUTHEAST,70,2006,1,111000,109300,4262700,39
ILLINOIS,17,CLAY,025,EAST SOUTHEAST,70,2007,1,97000,96800,2807200,29
ILLINOIS,17,CLAY,025,EAST SOUTHEAST,70,2008,1,124000,123900,5079900,41
ILLINOIS,17,CLAY,025,EAST SOUTHEAST,70,2009,1,117000,116800,3854400,33
ILLINOIS,17,CLAY,025,EAST SOUTHEAST,70,2010,1,102000,101500,4487000,44.2
ILLINOIS,17,CLAY,025,EAST SOUTHEAST,70,2011,1,99000,98600,3147000,31.9
ILLINOIS,17,CLAY,025,EAST SOUTHEAST,70,2012,1,92000,88900,2009000,22.6
ILLINOIS,17,CLAY,025,EAST SOUTHEAST,70,2013,1,96500,96400,3926000,40.7
ILLINOIS,17,CLAY,025,EAST SOUTHEAST,70,2014,1,101000,100700,4854000,48.2
ILLINOIS,17,CLAY,025,EAST SOUTHEAST,70,2015,1,92700,91700,4229000,46.1
ILLINOIS,17,CLAY,025,EAST SOUTHEAST,70,2016,1,119000,118300,6205000,52.5
ILLINOIS,17,CLAY,025,EAST SOUTHEAST,70,2017,1,111500,111000,4918000,44.3
ILLINOIS,17,CLAY,025,EAST SOUTHEAST,70,2018,1,117000,113700,6653000,58.5
ILLINOIS,17,CLAY,025,EAST SOUTHEAST,70,2019,1,106000,104000,4217000,40.5
ILLINOIS,17,CLAY,025,EAST SOUTHEAST,70,2020,1,110000,109300,5727000,52.4
ILLINOIS,17,CLAY,025,EAST SOUTHEAST,70,2021,1,105000,104000,6157000,59.2
ILLINOIS,17,CLAY,025,EAST SOUTHEAST,70,2022,1,109500,108100,6190000,57.3
ILLINOIS,17,CLAY,025,EAST SOUTHEAST,70,2023,1,100000,99600,5418000,54.4
ILLINOIS,17,CLAY,025,EAST SOUTHEAST,70,2024,1,119000,118400,6394000,54
ILLINOIS,17,CLAY,025,EAST SOUTHEAST,70,2025,1,109000,108300,4874000,45
ILLINOIS,17,CLINTON,027,SOUTHWEST,80,1980,1,78600,78000,1861100,24
ILLINOIS,17,CLINTON,027,SOUTHWEST,80,1981,1,84500,83500,2967800,35.5
ILLINOIS,17,CLINTON,027,SOUTHWEST,80,1982,1,87400,87000,3145500,36
ILLINOIS,17,CLINTON,027,SOUTHWEST,80,1983,1,85300,84500,1508100,18
ILLINOIS,17,CLINTON,027,SOUTHWEST,80,1984,1,78100,73000,1467600,20
ILLINOIS,17,CLINTON,027,SOUTHWEST,80,1985,1,80200,79000,2781300,35
ILLINOIS,17,CLINTON,027,SOUTHWEST,80,1986,1,83300,83200,2866800,34.5
ILLINOIS,17,CLINTON,027,SOUTHWEST,80,1987,1,79600,78500,2586500,33
ILLINOIS,17,CLINTON,027,SOUTHWEST,80,1988,1,75600,74300,1905300,25.5
ILLINOIS,17,CLINTON,027,SOUTHWEST,80,1989,1,78000,77400,2075600,27
ILLINOIS,17,CLINTON,027,SOUTHWEST,80,1990,1,77500,76600,2144500,28
ILLINOIS,17,CLINTON,027,SOUTHWEST,80,1991,1,78000,76200,2286000,30
ILLINOIS,17,CLINTON,027,SOUTHWEST,80,1992,1,81000,80500,2857750,35.5
ILLINOIS,17,CLINTON,027,SOUTHWEST,80,1993,1,77000,72000,2700000,37.5
ILLINOIS,17,CLINTON,027,SOUTHWEST,80,1994,1,85000,84500,2915250,34.5
ILLINOIS,17,CLINTON,027,SOUTHWEST,80,1995,1,93000,92900,3205050,34.5
ILLINOIS,17,CLINTON,027,SOUTHWEST,80,1996,1,82000,81100,2514100,31
ILLINOIS,17,CLINTON,027,SOUTHWEST,80,1997,1,88000,87700,3025650,34.5
ILLINOIS,17,CLINTON,027,SOUTHWEST,80,1998,1,91000,90500,3484250,38.5
ILLINOIS,17,CLINTON,027,SOUTHWEST,80,1999,1,100000,99500,3482500,35
ILLINOIS,17,CLINTON,027,SOUTHWEST,80,2000,1,92000,90400,3525600,39
ILLINOIS,17,CLINTON,027,SOUTHWEST,80,2001,1,104000,103200,4231200,41
ILLINOIS,17,CLINTON,027,SOUTHWEST,80,2002,1,104000,103600,3936800,38
ILLINOIS,17,CLINTON,027,SOUTHWEST,80,2003,1,108000,107800,3557400,33
ILLINOIS,17,CLINTON,027,SOUTHWEST,80,2004,1,104000,102400,5017600,49
ILLINOIS,17,CLINTON,027,SOUTHWEST,80,2005,1,101000,100300,4112300,41
ILLINOIS,17,CLINTON,027,SOUTHWEST,80,2006,1,110000,109500,3942000,36
ILLINOIS,17,CLINTON,027,SOUTHWEST,80,2007,1,102000,101300,2633800,26
ILLINOIS,17,CLINTON,027,SOUTHWEST,80,2008,1,112000,111100,4999500,45
ILLINOIS,17,CLINTON,027,SOUTHWEST,80,2009,1,115000,114900,4481100,39
ILLINOIS,17,CLINTON,027,SOUTHWEST,80,2010,1,99000,98600,4911000,49.8
ILLINOIS,17,CLINTON,027,SOUTHWEST,80,2011,1,104000,103400,3518000,34
ILLINOIS,17,CLINTON,027,SOUTHWEST,80,2012,1,98000,94100,2588000,27.5
ILLINOIS,17,CLINTON,027,SOUTHWEST,80,2013,1,104500,104100,4140000,39.8
ILLINOIS,17,CLINTON,027,SOUTHWEST,80,2014,1,101500,101300,5231000,51.6
ILLINOIS,17,CLINTON,027,SOUTHWEST,80,2015,1,89300,89000,4272000,48
ILLINOIS,17,CLINTON,027,SOUTHWEST,80,2016,1,101500,101200,5473000,54.1
ILLINOIS,17,CLINTON,027,SOUTHWEST,80,2017,1,111000,110800,5625000,50.8
ILLINOIS,17,CLINTON,027,SOUTHWEST,80,2018,1,109000,106400,6397000,60.1
ILLINOIS,17,CLINTON,027,SOUTHWEST,80,2019,1,110000,108600,5640000,51.9
ILLINOIS,17,CLINTON,027,SOUTHWEST,80,2020,1,105000,104500,5486000,52.5
ILLINOIS,17,CLINTON,027,SOUTHWEST,80,2021,1,107500,106700,6786000,63.6
ILLINOIS,17,CLINTON,027,SOUTHWEST,80,2022,1,104500,104100,5684000,54.6
ILLINOIS,17,CLINTON,027,SOUTHWEST,80,2023,1,104000,103300,5103000,49.4
ILLINOIS,17,CLINTON,027,SOUTHWEST,80,2024,1,107500,106700,5975000,56
ILLINOIS,17,COLES,029,EAST SOUTHEAST,70,1980,1,109500,109000,4015600,37
ILLINOIS,17,COLES,029,EAST SOUTHEAST,70,1981,1,115800,115000,4739300,41
ILLINOIS,17,COLES,029,EAST SOUTHEAST,70,1982,1,114300,114000,4508900,39.5
ILLINOIS,17,COLES,029,EAST SOUTHEAST,70,1983,1,117100,117000,3247800,28
ILLINOIS,17,COLES,029,EAST SOUTHEAST,70,1984,1,111400,110000,3394100,31
ILLINOIS,17,COLES,029,EAST SOUTHEAST,70,1985,1,111900,111000,5416700,49
ILLINOIS,17,COLES,029,EAST SOUTHEAST,70,1986,1,113700,113300,5148700,45.5
ILLINOIS,17,COLES,029,EAST SOUTHEAST,70,1987,1,115200,114000,4553000,40
ILLINOIS,17,COLES,029,EAST SOUTHEAST,70,1988,1,113100,112700,3173400,28
ILLINOIS,17,COLES,029,EAST SOUTHEAST,70,1989,1,109100,108700,4480400,41
ILLINOIS,17,COLES,029,EAST SOUTHEAST,70,1990,1,105900,105500,4508200,42.5
ILLINOIS,17,COLES,029,EAST SOUTHEAST,70,1991,1,112000,111200,4281200,38.5
ILLINOIS,17,COLES,029,EAST SOUTHEAST,70,1992,1,112000,111100,5221700,47
ILLINOIS,17,COLES,029,EAST SOUTHEAST,70,1993,1,113000,112000,5376000,48
ILLINOIS,17,COLES,029,EAST SOUTHEAST,70,1994,1,106000,105400,4848400,46
ILLINOIS,17,COLES,029,EAST SOUTHEAST,70,1995,1,110000,109600,4493600,41
ILLINOIS,17,COLES,029,EAST SOUTHEAST,70,1996,1,108000,107300,4452950,41.5
ILLINOIS,17,COLES,029,EAST SOUTHEAST,70,1997,1,113000,112600,4729200,42
ILLINOIS,17,COLES,029,EAST SOUTHEAST,70,1998,1,114000,113900,4840750,42.5
ILLINOIS,17,COLES,029,EAST SOUTHEAST,70,1999,1,112000,111600,4910400,44
ILLINOIS,17,COLES,029,EAST SOUTHEAST,70,2000,1,112000,111900,5595000,50
ILLINOIS,17,COLES,029,EAST SOUTHEAST,70,2001,1,115000,114300,5715000,50
ILLINOIS,17,COLES,029,EAST SOUTHEAST,70,2002,1,114000,113700,4889100,43
ILLINOIS,17,COLES,029,EAST SOUTHEAST,70,2003,1,112000,111800,5254600,47
ILLINOIS,17,COLES,029,EAST SOUTHEAST,70,2004,1,111000,110700,5977800,54
ILLINOIS,17,COLES,029,EAST SOUTHEAST,70,2005,1,109000,108600,5538600,51
ILLINOIS,17,COLES,029,EAST SOUTHEAST,70,2006,1,112000,111500,5686500,51
ILLINOIS,17,COLES,029,EAST SOUTHEAST,70,2007,1,99000,98900,5241700,53
ILLINOIS,17,COLES,029,EAST SOUTHEAST,70,2008,1,107000,106500,5325000,50
ILLINOIS,17,COLES,029,EAST SOUTHEAST,70,2009,1,108000,107800,5390000,50
ILLINOIS,17,COLES,029,EAST SOUTHEAST,70,2010,1,110000,109600,6352000,58
ILLINOIS,17,COLES,029,EAST SOUTHEAST,70,2011,1,109000,108900,5048000,46.4
ILLINOIS,17,COLES,029,EAST SOUTHEAST,70,2012,1,109000,108700,4815000,44.3
ILLINOIS,17,COLES,029,EAST SOUTHEAST,70,2013,1,113500,113400,6473000,57.1
ILLINOIS,17,COLES,029,EAST SOUTHEAST,70,2014,1,114500,114200,6896000,60.4
ILLINOIS,17,COLES,029,EAST SOUTHEAST,70,2015,1,115000,114900,7158000,62.3
ILLINOIS,17,COLES,029,EAST SOUTHEAST,70,2016,1,117000,116700,7309000,62.6
ILLINOIS,17,COLES,029,EAST SOUTHEAST,70,2017,1,117500,117000,7520000,64.3
ILLINOIS,17,COLES,029,EAST SOUTHEAST,70,2018,1,121000,117700,8819000,74.9
ILLINOIS,17,COLES,029,EAST SOUTHEAST,70,2019,1,117000,116900,7447000,63.7
ILLINOIS,17,COLES,029,EAST SOUTHEAST,70,2020,1,118000,117500,7826000,66.6
ILLINOIS,17,COLES,029,EAST SOUTHEAST,70,2023,1,114500,113900,8121000,71.3
ILLINOIS,17,COLES,029,EAST SOUTHEAST,70,2024,1,119000,118600,8444000,71.2
ILLINOIS,17,COOK,031,NORTHEAST,20,1980,1,23100,23000,752500,32.5
ILLINOIS,17,COOK,031,NORTHEAST,20,1981,1,15600,15500,525300,34
ILLINOIS,17,COOK,031,NORTHEAST,20,1982,1,16200,16200,519900,32
ILLINOIS,17,COOK,031,NORTHEAST,20,1983,1,17000,17000,504300,29.5
ILLINOIS,17,COOK,031,NORTHEAST,20,1984,1,14300,14000,390200,28
ILLINOIS,17,COOK,031,NORTHEAST,20,1985,1,13100,13000,471300,36.5
ILLINOIS,17,COOK,031,NORTHEAST,20,1986,1,13600,13500,431500,32
ILLINOIS,17,COOK,031,NORTHEAST,20,1987,1,12200,12100,434900,36
ILLINOIS,17,COOK,031,NORTHEAST,20,1988,1,12300,12000,319800,26.5
ILLINOIS,17,COOK,031,NORTHEAST,20,1989,1,13600,13500,429100,32
ILLINOIS,17,COOK,031,NORTHEAST,20,1990,1,12200,12000,436200,36.5
ILLINOIS,17,COOK,031,NORTHEAST,20,1991,1,9000,8900,191350,21.5
ILLINOIS,17,COOK,031,NORTHEAST,20,1992,1,9000,8700,317550,36.5
ILLINOIS,17,COOK,031,NORTHEAST,20,1993,1,11000,10000,335000,33.5
ILLINOIS,17,COOK,031,NORTHEAST,20,1994,1,10000,9700,407400,42
ILLINOIS,17,COOK,031,NORTHEAST,20,1995,1,11000,10900,414200,38
ILLINOIS,17,COOK,031,NORTHEAST,20,1996,1,18000,17900,429600,24
ILLINOIS,17,COOK,031,NORTHEAST,20,1997,1,13000,12900,503100,39
ILLINOIS,17,COOK,031,NORTHEAST,20,1998,1,13000,12900,541800,42
ILLINOIS,17,COOK,031,NORTHEAST,20,1999,1,9000,8900,293700,33
ILLINOIS,17,COOK,031,NORTHEAST,20,2000,1,9000,8900,240300,27
ILLINOIS,17,COOK,031,NORTHEAST,20,2001,1,10000,9900,425700,43
ILLINOIS,17,COOK,031,NORTHEAST,20,2002,1,9000,8800,255200,29
ILLINOIS,17,COOK,031,NORTHEAST,20,2003,1,5000,4900,151900,31
ILLINOIS,17,COOK,031,NORTHEAST,20,2004,1,6000,5900,271400,46
ILLINOIS,17,COOK,031,NORTHEAST,20,2005,1,6000,5900,259600,44
ILLINOIS,17,COOK,031,NORTHEAST,20,2006,1,7000,6900,255300,37
ILLINOIS,17,COOK,031,NORTHEAST,20,2007,1,7000,6800,312800,46
ILLINOIS,17,COOK,031,NORTHEAST,20,2021,1,5700,5650,259000,45.8
ILLINOIS,17,COOK,031,NORTHEAST,20,2024,1,4500,4450,191000,42.9
ILLINOIS,17,CRAWFORD,033,EAST SOUTHEAST,70,1980,1,87400,87000,3073400,35.5
ILLINOIS,17,CRAWFORD,033,EAST SOUTHEAST,70,1981,1,87600,85500,2784100,32.5
ILLINOIS,17,CRAWFORD,033,EAST SOUTHEAST,70,1982,1,87500,87000,3092500,35.5
ILLINOIS,17,CRAWFORD,033,EAST SOUTHEAST,70,1983,1,90900,90500,1860900,20.5
ILLINOIS,17,CRAWFORD,033,EAST SOUTHEAST,70,1984,1,95300,93000,2466000,26.5
ILLINOIS,17,CRAWFORD,033,EAST SOUTHEAST,70,1985,1,83100,82000,3011400,36.5
ILLINOIS,17,CRAWFORD,033,EAST SOUTHEAST,70,1986,1,82700,82400,3045000,37
ILLINOIS,17,CRAWFORD,033,EAST SOUTHEAST,70,1987,1,80500,79700,2665800,33.5
ILLINOIS,17,CRAWFORD,033,EAST SOUTHEAST,70,1988,1,78900,76400,1920800,25
ILLINOIS,17,CRAWFORD,033,EAST SOUTHEAST,70,1989,1,78300,77900,2746600,35.5
ILLINOIS,17,CRAWFORD,033,EAST SOUTHEAST,70,1990,1,80700,80500,2570000,32
ILLINOIS,17,CRAWFORD,033,EAST SOUTHEAST,70,1991,1,89000,88300,3046350,34.5
ILLINOIS,17,CRAWFORD,033,EAST SOUTHEAST,70,1992,1,93000,92300,3876600,42
ILLINOIS,17,CRAWFORD,033,EAST SOUTHEAST,70,1993,1,89000,88000,3608000,41
ILLINOIS,17,CRAWFORD,033,EAST SOUTHEAST,70,1994,1,89000,88500,3274500,37
ILLINOIS,17,CRAWFORD,033,EAST SOUTHEAST,70,1995,1,89000,88300,3090500,35
ILLINOIS,17,CRAWFORD,033,EAST SOUTHEAST,70,1996,1,98000,97400,3262900,33.5
ILLINOIS,17,CRAWFORD,033,EAST SOUTHEAST,70,1997,1,87000,86700,3164550,36.5
ILLINOIS,17,CRAWFORD,033,EAST SOUTHEAST,70,1998,1,100000,99500,3681500,37
ILLINOIS,17,CRAWFORD,033,EAST SOUTHEAST,70,1999,1,90000,89400,3218400,36
ILLINOIS,17,CRAWFORD,033,EAST SOUTHEAST,70,2000,1,91000,90700,3809400,42
ILLINOIS,17,CRAWFORD,033,EAST SOUTHEAST,70,2001,1,92000,91300,3834600,42
ILLINOIS,17,CRAWFORD,033,EAST SOUTHEAST,70,2002,1,95000,94700,3314500,35
ILLINOIS,17,CRAWFORD,033,EAST SOUTHEAST,70,2003,1,88000,87100,3484000,40
ILLINOIS,17,CRAWFORD,033,EAST SOUTHEAST,70,2004,1,92000,91800,4314600,47
ILLINOIS,17,CRAWFORD,033,EAST SOUTHEAST,70,2005,1,87000,86700,3901500,45
ILLINOIS,17,CRAWFORD,033,EAST SOUTHEAST,70,2006,1,98000,97600,4392000,45
ILLINOIS,17,CRAWFORD,033,EAST SOUTHEAST,70,2007,1,81000,80900,3236000,40
ILLINOIS,17,CRAWFORD,033,EAST SOUTHEAST,70,2008,1,99000,98300,4325200,44
ILLINOIS,17,CRAWFORD,033,EAST SOUTHEAST,70,2009,1,104000,103800,3944400,38
ILLINOIS,17,CRAWFORD,033,EAST SOUTHEAST,70,2010,1,86000,84900,3863000,45.5
ILLINOIS,17,CRAWFORD,033,EAST SOUTHEAST,70,2011,1,91000,90900,3835000,42.2
ILLINOIS,17,CRAWFORD,033,EAST SOUTHEAST,70,2012,1,84000,81500,2465000,30.2
ILLINOIS,17,CRAWFORD,033,EAST SOUTHEAST,70,2013,1,88500,88300,4197000,47.5
ILLINOIS,17,CRAWFORD,033,EAST SOUTHEAST,70,2014,1,87600,87500,4393000,50.2
ILLINOIS,17,CRAWFORD,033,EAST SOUTHEAST,70,2015,1,88300,87400,4459000,51
ILLINOIS,17,CRAWFORD,033,EAST SOUTHEAST,70,2016,1,97500,97300,5485000,56.4
ILLINOIS,17,CRAWFORD,033,EAST SOUTHEAST,70,2017,1,91500,91100,4805000,52.7
ILLINOIS,17,CRAWFORD,033,EAST SOUTHEAST,70,2018,1,97000,94700,5964000,63
ILLINOIS,17,CRAWFORD,033,EAST SOUTHEAST,70,2019,1,94000,93400,4622000,49.5
ILLINOIS,17,CRAWFORD,033,EAST SOUTHEAST,70,2020,1,93000,92500,5208000,56.3
ILLINOIS,17,CRAWFORD,033,EAST SOUTHEAST,70,2021,1,91400,90700,5896000,65
ILLINOIS,17,CRAWFORD,033,EAST SOUTHEAST,70,2022,1,95600,95300,5890000,61.8
ILLINOIS,17,CRAWFORD,033,EAST SOUTHEAST,70,2023,1,88900,88300,5369000,60.8
ILLINOIS,17,CRAWFORD,033,EAST SOUTHEAST,70,2024,1,96600,96300,5605000,58.2
ILLINOIS,17,CRAWFORD,033,EAST SOUTHEAST,70,2025,1,96900,96300,5316000,55.2
ILLINOIS,17,CUMBERLAND,035,EAST SOUTHEAST,70,1980,1,86400,86000,3124800,36.5
ILLINOIS,17,CUMBERLAND,035,EAST SOUTHEAST,70,1981,1,81700,81000,2637500,32.5
ILLINOIS,17,CUMBERLAND,035,EAST SOUTHEAST,70,1982,1,76700,76500,2757600,36
ILLINOIS,17,CUMBERLAND,035,EAST SOUTHEAST,70,1983,1,77600,77500,1792800,23
ILLINOIS,17,CUMBERLAND,035,EAST SOUTHEAST,70,1984,1,73800,72000,2048100,28.5
ILLINOIS,17,CUMBERLAND,035,EAST SOUTHEAST,70,1985,1,68600,68000,2668300,39
ILLINOIS,17,CUMBERLAND,035,EAST SOUTHEAST,70,1986,1,70200,69700,2819300,40.5
ILLINOIS,17,CUMBERLAND,035,EAST SOUTHEAST,70,1987,1,64400,63700,2162500,34
ILLINOIS,17,CUMBERLAND,035,EAST SOUTHEAST,70,1988,1,62000,61700,1613300,26
ILLINOIS,17,CUMBERLAND,035,EAST SOUTHEAST,70,1989,1,61700,60900,2207700,36.5
ILLINOIS,17,CUMBERLAND,035,EAST SOUTHEAST,70,1990,1,67100,66700,2489800,37.5
ILLINOIS,17,CUMBERLAND,035,EAST SOUTHEAST,70,1991,1,66000,65300,2350800,36
ILLINOIS,17,CUMBERLAND,035,EAST SOUTHEAST,70,1992,1,67000,66500,2793000,42
ILLINOIS,17,CUMBERLAND,035,EAST SOUTHEAST,70,1993,1,62000,60000,2310000,38.5
ILLINOIS,17,CUMBERLAND,035,EAST SOUTHEAST,70,1994,1,68000,66000,2871000,43.5
ILLINOIS,17,CUMBERLAND,035,EAST SOUTHEAST,70,1995,1,74000,73600,2796800,38
ILLINOIS,17,CUMBERLAND,035,EAST SOUTHEAST,70,1996,1,69000,68600,2332400,34
ILLINOIS,17,CUMBERLAND,035,EAST SOUTHEAST,70,1997,1,65000,64200,2471700,38.5
ILLINOIS,17,CUMBERLAND,035,EAST SOUTHEAST,70,1998,1,68000,67900,2749950,40.5
ILLINOIS,17,CUMBERLAND,035,EAST SOUTHEAST,70,1999,1,71000,70800,2407200,34
ILLINOIS,17,CUMBERLAND,035,EAST SOUTHEAST,70,2000,1,74000,72600,2976600,41
ILLINOIS,17,CUMBERLAND,035,EAST SOUTHEAST,70,2001,1,74000,73600,3091200,42
ILLINOIS,17,CUMBERLAND,035,EAST SOUTHEAST,70,2002,1,75000,74700,3137400,42
ILLINOIS,17,CUMBERLAND,035,EAST SOUTHEAST,70,2003,1,68000,67800,2915400,43
ILLINOIS,17,CUMBERLAND,035,EAST SOUTHEAST,70,2004,1,70000,69800,3490000,50
ILLINOIS,17,CUMBERLAND,035,EAST SOUTHEAST,70,2005,1,68000,67700,3046500,45
ILLINOIS,17,CUMBERLAND,035,EAST SOUTHEAST,70,2006,1,75000,74700,3735000,50
ILLINOIS,17,CUMBERLAND,035,EAST SOUTHEAST,70,2007,1,67000,66900,3077400,46
ILLINOIS,17,CUMBERLAND,035,EAST SOUTHEAST,70,2008,1,70000,69700,3066800,44
ILLINOIS,17,CUMBERLAND,035,EAST SOUTHEAST,70,2009,1,75000,74800,3066800,41
ILLINOIS,17,CUMBERLAND,035,EAST SOUTHEAST,70,2010,1,69000,68800,3431000,49.9
ILLINOIS,17,CUMBERLAND,035,EAST SOUTHEAST,70,2011,1,71000,70900,3235000,45.6
ILLINOIS,17,CUMBERLAND,035,EAST SOUTHEAST,70,2012,1,68000,67700,2933000,43.3
ILLINOIS,17,CUMBERLAND,035,EAST SOUTHEAST,70,2013,1,67300,67100,3351000,49.9
ILLINOIS,17,CUMBERLAND,035,EAST SOUTHEAST,70,2014,1,71700,71500,3935000,55
ILLINOIS,17,CUMBERLAND,035,EAST SOUTHEAST,70,2015,1,68600,68500,4017000,58.6
ILLINOIS,17,CUMBERLAND,035,EAST SOUTHEAST,70,2016,1,73400,73200,4322000,59
ILLINOIS,17,CUMBERLAND,035,EAST SOUTHEAST,70,2017,1,74500,74200,4012000,54.1
ILLINOIS,17,CUMBERLAND,035,EAST SOUTHEAST,70,2018,1,80000,77300,5197000,67.2
ILLINOIS,17,CUMBERLAND,035,EAST SOUTHEAST,70,2019,1,72200,71600,3626000,50.6
ILLINOIS,17,CUMBERLAND,035,EAST SOUTHEAST,70,2020,1,76000,75700,4277000,56.5
ILLINOIS,17,CUMBERLAND,035,EAST SOUTHEAST,70,2022,1,76700,76500,5141000,67.2
ILLINOIS,17,CUMBERLAND,035,EAST SOUTHEAST,70,2023,1,67000,66700,4295000,64.4
ILLINOIS,17,DE KALB,037,NORTHEAST,20,1980,1,115500,115000,4630600,40.5
ILLINOIS,17,DE KALB,037,NORTHEAST,20,1981,1,105900,105000,4727300,45
ILLINOIS,17,DE KALB,037,NORTHEAST,20,1982,1,113800,113500,4610500,40.5
ILLINOIS,17,DE KALB,037,NORTHEAST,20,1983,1,103600,103000,4109100,40
ILLINOIS,17,DE KALB,037,NORTHEAST,20,1984,1,96500,95000,3560900,37.5
ILLINOIS,17,DE KALB,037,NORTHEAST,20,1985,1,90800,90000,3942400,44
ILLINOIS,17,DE KALB,037,NORTHEAST,20,1986,1,95900,95600,3914700,41
ILLINOIS,17,DE KALB,037,NORTHEAST,20,1987,1,95700,94800,4496100,47.5
ILLINOIS,17,DE KALB,037,NORTHEAST,20,1988,1,100000,99100,3737200,37.5
ILLINOIS,17,DE KALB,037,NORTHEAST,20,1989,1,103600,103000,4501200,43.5
ILLINOIS,17,DE KALB,037,NORTHEAST,20,1990,1,97300,97300,4492300,46
ILLINOIS,17,DE KALB,037,NORTHEAST,20,1991,1,107000,106400,5000800,47
ILLINOIS,17,DE KALB,037,NORTHEAST,20,1992,1,115000,114500,5095250,44.5
ILLINOIS,17,DE KALB,037,NORTHEAST,20,1993,1,116000,115000,5117500,44.5
ILLINOIS,17,DE KALB,037,NORTHEAST,20,1994,1,124000,123200,6652800,54
ILLINOIS,17,DE KALB,037,NORTHEAST,20,1995,1,126000,125900,5854350,46.5
ILLINOIS,17,DE KALB,037,NORTHEAST,20,1996,1,131000,127900,5116000,40
ILLINOIS,17,DE KALB,037,NORTHEAST,20,1997,1,140000,137500,6737500,49
ILLINOIS,17,DE KALB,037,NORTHEAST,20,1998,1,146000,145800,7873200,54
ILLINOIS,17,DE KALB,037,NORTHEAST,20,1999,1,149000,148000,7696000,52
ILLINOIS,17,DE KALB,037,NORTHEAST,20,2000,1,139000,138400,6228000,45
ILLINOIS,17,DE KALB,037,NORTHEAST,20,2001,1,149000,147700,6794200,46
ILLINOIS,17,DE KALB,037,NORTHEAST,20,2002,1,139000,137900,6343400,46
ILLINOIS,17,DE KALB,037,NORTHEAST,20,2003,1,131000,130300,4560500,35
ILLINOIS,17,DE KALB,037,NORTHEAST,20,2004,1,121000,120500,6025000,50
ILLINOIS,17,DE KALB,037,NORTHEAST,20,2005,1,110000,109100,4800400,44
ILLINOIS,17,DE KALB,037,NORTHEAST,20,2006,1,116000,115400,6231600,54
ILLINOIS,17,DE KALB,037,NORTHEAST,20,2007,1,82000,81800,4171800,51
ILLINOIS,17,DE KALB,037,NORTHEAST,20,2008,1,95000,94700,4545600,48
ILLINOIS,17,DE KALB,037,NORTHEAST,20,2009,1,96000,95700,4497900,47
ILLINOIS,17,DE KALB,037,NORTHEAST,20,2010,1,98000,97200,5568000,57.3
ILLINOIS,17,DE KALB,037,NORTHEAST,20,2011,1,84000,83800,5063000,60.4
ILLINOIS,17,DE KALB,037,NORTHEAST,20,2012,1,92000,91700,4722000,51.5
ILLINOIS,17,DE KALB,037,NORTHEAST,20,2013,1,90400,90300,5379000,59.6
ILLINOIS,17,DE KALB,037,NORTHEAST,20,2014,1,114500,114300,6856000,60
ILLINOIS,17,DE KALB,037,NORTHEAST,20,2015,1,113500,113400,6937000,61.2
ILLINOIS,17,DE KALB,037,NORTHEAST,20,2016,1,118500,118400,7987000,67.5
ILLINOIS,17,DE KALB,037,NORTHEAST,20,2017,1,125500,125200,6707000,53.6
ILLINOIS,17,DE KALB,037,NORTHEAST,20,2018,1,118000,115200,7042000,61.1
ILLINOIS,17,DE KALB,037,NORTHEAST,20,2019,1,115500,115400,6420000,55.6
ILLINOIS,17,DE KALB,037,NORTHEAST,20,2020,1,113500,113000,6667000,59
ILLINOIS,17,DE KALB,037,NORTHEAST,20,2021,1,126000,124900,7981000,63.9
ILLINOIS,17,DE KALB,037,NORTHEAST,20,2022,1,131500,131100,8508000,64.9
ILLINOIS,17,DE KALB,037,NORTHEAST,20,2023,1,122000,121500,7873000,64.8
ILLINOIS,17,DE KALB,037,NORTHEAST,20,2025,1,118500,117800,8387000,71.2
ILLINOIS,17,DE WITT,039,CENTRAL,40,1980,1,93300,93000,3376700,36.5
ILLINOIS,17,DE WITT,039,CENTRAL,40,1981,1,96900,96000,3741300,39
ILLINOIS,17,DE WITT,039,CENTRAL,40,1982,1,91200,91000,3914800,43
ILLINOIS,17,DE WITT,039,CENTRAL,40,1983,1,96300,96000,3391400,35.5
ILLINOIS,17,DE WITT,039,CENTRAL,40,1984,1,94100,93000,3568200,38.5
ILLINOIS,17,DE WITT,039,CENTRAL,40,1985,1,91500,91000,4488900,49.5
ILLINOIS,17,DE WITT,039,CENTRAL,40,1986,1,90000,89700,4165800,46.5
ILLINOIS,17,DE WITT,039,CENTRAL,40,1987,1,91600,90900,4084200,45
ILLINOIS,17,DE WITT,039,CENTRAL,40,1988,1,91900,91700,2766500,30
ILLINOIS,17,DE WITT,039,CENTRAL,40,1989,1,92800,92700,4281200,46
ILLINOIS,17,DE WITT,039,CENTRAL,40,1990,1,102300,102100,4362900,42.5
ILLINOIS,17,DE WITT,039,CENTRAL,40,1991,1,95000,94100,4375650,46.5
ILLINOIS,17,DE WITT,039,CENTRAL,40,1992,1,96000,95400,4245300,44.5
ILLINOIS,17,DE WITT,039,CENTRAL,40,1993,1,97000,96000,4320000,45
ILLINOIS,17,DE WITT,039,CENTRAL,40,1994,1,97000,96800,4694800,48.5
ILLINOIS,17,DE WITT,039,CENTRAL,40,1995,1,95000,94600,3925900,41.5
ILLINOIS,17,DE WITT,039,CENTRAL,40,1996,1,92000,91900,4273350,46.5
ILLINOIS,17,DE WITT,039,CENTRAL,40,1997,1,95000,94700,4308850,45.5
ILLINOIS,17,DE WITT,039,CENTRAL,40,1998,1,93000,92800,4454400,48
ILLINOIS,17,DE WITT,039,CENTRAL,40,1999,1,95000,94600,4919200,52
ILLINOIS,17,DE WITT,039,CENTRAL,40,2000,1,98000,97900,4601300,47
ILLINOIS,17,DE WITT,039,CENTRAL,40,2001,1,97000,96500,4632000,48
ILLINOIS,17,DE WITT,039,CENTRAL,40,2002,1,95000,94700,4924400,52
ILLINOIS,17,DE WITT,039,CENTRAL,40,2003,1,95000,94800,3792000,40
ILLINOIS,17,DE WITT,039,CENTRAL,40,2004,1,94000,93500,5049000,54
ILLINOIS,17,DE WITT,039,CENTRAL,40,2005,1,90000,89600,5017600,56
ILLINOIS,17,DE WITT,039,CENTRAL,40,2006,1,92000,91600,4946400,54
ILLINOIS,17,DE WITT,039,CENTRAL,40,2007,1,79000,78800,4255200,54
ILLINOIS,17,DE WITT,039,CENTRAL,40,2008,1,84000,82600,4047400,49
ILLINOIS,17,DE WITT,039,CENTRAL,40,2009,1,85000,84100,4625500,55
ILLINOIS,17,DE WITT,039,CENTRAL,40,2010,1,92000,91700,5475000,59.7
ILLINOIS,17,DE WITT,039,CENTRAL,40,2011,1,87000,86900,4867000,56
ILLINOIS,17,DE WITT,039,CENTRAL,40,2012,1,92000,91600,5096000,55.6
ILLINOIS,17,DE WITT,039,CENTRAL,40,2014,1,97900,97700,6203000,63.5
ILLINOIS,17,DE WITT,039,CENTRAL,40,2015,1,96400,96300,6110000,63.4
ILLINOIS,17,DE WITT,039,CENTRAL,40,2016,1,95000,94900,5894000,62.1
ILLINOIS,17,DE WITT,039,CENTRAL,40,2017,1,99300,98900,6517000,65.9
ILLINOIS,17,DE WITT,039,CENTRAL,40,2018,1,102000,99300,7443000,75
ILLINOIS,17,DE WITT,039,CENTRAL,40,2020,1,102000,101500,6740000,66.4
ILLINOIS,17,DE WITT,039,CENTRAL,40,2021,1,104500,103700,7332000,70.7
ILLINOIS,17,DE WITT,039,CENTRAL,40,2022,1,100500,100100,6807000,68
ILLINOIS,17,DOUGLAS,041,EAST SOUTHEAST,70,1980,1,112500,112000,4578300,41
ILLINOIS,17,DOUGLAS,041,EAST SOUTHEAST,70,1981,1,119200,118000,4802900,40.5
ILLINOIS,17,DOUGLAS,041,EAST SOUTHEAST,70,1982,1,115700,115000,4778700,41.5
ILLINOIS,17,DOUGLAS,041,EAST SOUTHEAST,70,1983,1,115100,115000,3724300,32.5
ILLINOIS,17,DOUGLAS,041,EAST SOUTHEAST,70,1984,1,111500,110000,3712300,33.5
ILLINOIS,17,DOUGLAS,041,EAST SOUTHEAST,70,1985,1,111400,109000,5593200,51.5
ILLINOIS,17,DOUGLAS,041,EAST SOUTHEAST,70,1986,1,111700,111200,5219800,47
ILLINOIS,17,DOUGLAS,041,EAST SOUTHEAST,70,1987,1,111500,110400,4960400,45
ILLINOIS,17,DOUGLAS,041,EAST SOUTHEAST,70,1988,1,114900,114400,3566400,31
ILLINOIS,17,DOUGLAS,041,EAST SOUTHEAST,70,1989,1,108000,107500,4858000,45
ILLINOIS,17,DOUGLAS,041,EAST SOUTHEAST,70,1990,1,112600,112500,4917800,43.5
ILLINOIS,17,DOUGLAS,041,EAST SOUTHEAST,70,1991,1,108000,107000,3905500,36.5
ILLINOIS,17,DOUGLAS,041,EAST SOUTHEAST,70,1992,1,108000,107000,5189500,48.5
ILLINOIS,17,DOUGLAS,041,EAST SOUTHEAST,70,1993,1,112000,109000,5395500,49.5
ILLINOIS,17,DOUGLAS,041,EAST SOUTHEAST,70,1994,1,108000,106100,5411100,51
ILLINOIS,17,DOUGLAS,041,EAST SOUTHEAST,70,1995,1,110000,109500,4872750,44.5
ILLINOIS,17,DOUGLAS,041,EAST SOUTHEAST,70,1996,1,109000,108200,4706700,43.5
ILLINOIS,17,DOUGLAS,041,EAST SOUTHEAST,70,1997,1,114000,112700,4733400,42
ILLINOIS,17,DOUGLAS,041,EAST SOUTHEAST,70,1998,1,113000,112700,4677050,41.5
ILLINOIS,17,DOUGLAS,041,EAST SOUTHEAST,70,1999,1,117000,116700,5484900,47
ILLINOIS,17,DOUGLAS,041,EAST SOUTHEAST,70,2000,1,118000,117900,5659200,48
ILLINOIS,17,DOUGLAS,041,EAST SOUTHEAST,70,2001,1,119000,118300,6033300,51
ILLINOIS,17,DOUGLAS,041,EAST SOUTHEAST,70,2002,1,118000,117700,5767300,49
ILLINOIS,17,DOUGLAS,041,EAST SOUTHEAST,70,2003,1,118000,117800,5065400,43
ILLINOIS,17,DOUGLAS,041,EAST SOUTHEAST,70,2004,1,113000,112700,6085800,54
ILLINOIS,17,DOUGLAS,041,EAST SOUTHEAST,70,2005,1,110000,109600,5589600,51
ILLINOIS,17,DOUGLAS,041,EAST SOUTHEAST,70,2006,1,114000,113500,6129000,54
ILLINOIS,17,DOUGLAS,041,EAST SOUTHEAST,70,2007,1,95000,94900,5314400,56
ILLINOIS,17,DOUGLAS,041,EAST SOUTHEAST,70,2008,1,111000,110100,5615100,51
ILLINOIS,17,DOUGLAS,041,EAST SOUTHEAST,70,2009,1,109000,108800,5984000,55
ILLINOIS,17,DOUGLAS,041,EAST SOUTHEAST,70,2010,1,106000,105400,6046000,57.4
ILLINOIS,17,DOUGLAS,041,EAST SOUTHEAST,70,2011,1,100000,99900,5013000,50.2
ILLINOIS,17,DOUGLAS,041,EAST SOUTHEAST,70,2012,1,103000,102400,4655000,45.5
ILLINOIS,17,DOUGLAS,041,EAST SOUTHEAST,70,2013,1,103500,103400,5386000,52.1
ILLINOIS,17,DOUGLAS,041,EAST SOUTHEAST,70,2014,1,105000,104800,6893000,65.8
ILLINOIS,17,DOUGLAS,041,EAST SOUTHEAST,70,2015,1,108000,107900,7224000,67
ILLINOIS,17,DOUGLAS,041,EAST SOUTHEAST,70,2016,1,109500,109300,7366000,67.4
ILLINOIS,17,DOUGLAS,041,EAST SOUTHEAST,70,2017,1,114000,113000,7195000,63.7
ILLINOIS,17,DOUGLAS,041,EAST SOUTHEAST,70,2018,1,115000,111700,8719000,78.1
ILLINOIS,17,DOUGLAS,041,EAST SOUTHEAST,70,2019,1,108500,107500,6706000,62.4
ILLINOIS,17,DOUGLAS,041,EAST SOUTHEAST,70,2020,1,114000,113500,7616000,67.1
ILLINOIS,17,DOUGLAS,041,EAST SOUTHEAST,70,2022,1,114500,114100,7873000,69
ILLINOIS,17,DOUGLAS,041,EAST SOUTHEAST,70,2023,1,108500,108000,7355000,68.1
ILLINOIS,17,DOUGLAS,041,EAST SOUTHEAST,70,2024,1,113500,113100,7917000,70
ILLINOIS,17,DOUGLAS,041,EAST SOUTHEAST,70,2025,1,108000,107400,7486000,69.7
ILLINOIS,17,DU PAGE,043,NORTHEAST,20,1980,1,17100,17000,581800,34
ILLINOIS,17,DU PAGE,043,NORTHEAST,20,1981,1,12600,12500,467900,37.5
ILLINOIS,17,DU PAGE,043,NORTHEAST,20,1982,1,12100,12000,433300,36
ILLINOIS,17,DU PAGE,043,NORTHEAST,20,1983,1,11500,11500,358800,31
ILLINOIS,17,DU PAGE,043,NORTHEAST,20,1984,1,12600,12500,372400,30
ILLINOIS,17,DU PAGE,043,NORTHEAST,20,1985,1,11100,11000,420900,38.5
ILLINOIS,17,DU PAGE,043,NORTHEAST,20,1986,1,10300,10200,346400,34
ILLINOIS,17,DU PAGE,043,NORTHEAST,20,1987,1,9000,8900,337700,38
ILLINOIS,17,DU PAGE,043,NORTHEAST,20,1988,1,8300,8100,272900,33.5
ILLINOIS,17,DU PAGE,043,NORTHEAST,20,1989,1,8000,7900,290300,36.5
ILLINOIS,17,DU PAGE,043,NORTHEAST,20,1990,1,6400,6400,273500,42.5
ILLINOIS,17,DU PAGE,043,NORTHEAST,20,1991,1,6000,5900,156350,26.5
ILLINOIS,17,DU PAGE,043,NORTHEAST,20,1992,1,5000,4900,191100,39
ILLINOIS,17,DU PAGE,043,NORTHEAST,20,1993,1,5000,4900,191100,39
ILLINOIS,17,DU PAGE,043,NORTHEAST,20,1994,1,5000,4600,209300,45.5
ILLINOIS,17,DU PAGE,043,NORTHEAST,20,1995,1,6000,5900,212400,36
ILLINOIS,17,DU PAGE,043,NORTHEAST,20,1996,1,7000,6700,197650,29.5
ILLINOIS,17,DU PAGE,043,NORTHEAST,20,1997,1,5000,4900,230300,47
ILLINOIS,17,DU PAGE,043,NORTHEAST,20,1998,1,5000,4900,227850,46.5
ILLINOIS,17,DU PAGE,043,NORTHEAST,20,1999,1,5000,4900,230300,47
ILLINOIS,17,DU PAGE,043,NORTHEAST,20,2000,1,4000,3300,102300,31
ILLINOIS,17,DU PAGE,043,NORTHEAST,20,2001,1,5000,4900,161700,33
ILLINOIS,17,DU PAGE,043,NORTHEAST,20,2002,1,4000,3800,144400,38
ILLINOIS,17,DU PAGE,043,NORTHEAST,20,2003,1,3000,2900,104400,36
ILLINOIS,17,DU PAGE,043,NORTHEAST,20,2004,1,2000,1900,79800,42
ILLINOIS,17,DU PAGE,043,NORTHEAST,20,2005,1,2000,1900,62700,33
ILLINOIS,17,DU PAGE,043,NORTHEAST,20,2006,1,4000,3900,183300,47
ILLINOIS,17,DU PAGE,043,NORTHEAST,20,2007,1,2000,1900,91200,48
ILLINOIS,17,EDGAR,045,EAST SOUTHEAST,70,1980,1,143600,143000,5340300,37.5
ILLINOIS,17,EDGAR,045,EAST SOUTHEAST,70,1981,1,151800,150000,5800200,38.5
ILLINOIS,17,EDGAR,045,EAST SOUTHEAST,70,1982,1,141800,141000,5647300,40
ILLINOIS,17,EDGAR,045,EAST SOUTHEAST,70,1983,1,152000,151000,5200500,34.5
ILLINOIS,17,EDGAR,045,EAST SOUTHEAST,70,1984,1,149900,148000,5137600,34.5
ILLINOIS,17,EDGAR,045,EAST SOUTHEAST,70,1985,1,143100,142000,6572200,46.5
ILLINOIS,17,EDGAR,045,EAST SOUTHEAST,70,1986,1,144900,144600,6210000,43
ILLINOIS,17,EDGAR,045,EAST SOUTHEAST,70,1987,1,145700,144200,5687200,39.5
ILLINOIS,17,EDGAR,045,EAST SOUTHEAST,70,1988,1,148800,148200,4694700,31.5
ILLINOIS,17,EDGAR,045,EAST SOUTHEAST,70,1989,1,140800,140400,5787000,41
ILLINOIS,17,EDGAR,045,EAST SOUTHEAST,70,1990,1,140800,140400,5930600,42
ILLINOIS,17,EDGAR,045,EAST SOUTHEAST,70,1991,1,153000,151300,6279950,41.5
ILLINOIS,17,EDGAR,045,EAST SOUTHEAST,70,1992,1,153000,151200,6876400,45.5
ILLINOIS,17,EDGAR,045,EAST SOUTHEAST,70,1993,1,146000,145000,6887500,47.5
ILLINOIS,17,EDGAR,045,EAST SOUTHEAST,70,1994,1,147000,146200,7090950,48.5
ILLINOIS,17,EDGAR,045,EAST SOUTHEAST,70,1995,1,140000,139000,5908650,42.5
ILLINOIS,17,EDGAR,045,EAST SOUTHEAST,70,1996,1,146000,145200,5953200,41
ILLINOIS,17,EDGAR,045,EAST SOUTHEAST,70,1997,1,147000,146600,6010600,41
ILLINOIS,17,EDGAR,045,EAST SOUTHEAST,70,1998,1,151000,150700,6178700,41
ILLINOIS,17,EDGAR,045,EAST SOUTHEAST,70,1999,1,156000,155500,7308500,47
ILLINOIS,17,EDGAR,045,EAST SOUTHEAST,70,2000,1,154000,153900,7079400,46
ILLINOIS,17,EDGAR,045,EAST SOUTHEAST,70,2001,1,155000,154100,7550900,49
ILLINOIS,17,EDGAR,045,EAST SOUTHEAST,70,2002,1,157000,156700,7051500,45
ILLINOIS,17,EDGAR,045,EAST SOUTHEAST,70,2003,1,150000,149500,6428500,43
ILLINOIS,17,EDGAR,045,EAST SOUTHEAST,70,2004,1,148000,147600,8265600,56
ILLINOIS,17,EDGAR,045,EAST SOUTHEAST,70,2005,1,146000,145400,7560800,52
ILLINOIS,17,EDGAR,045,EAST SOUTHEAST,70,2006,1,153000,152200,8066600,53
ILLINOIS,17,EDGAR,045,EAST SOUTHEAST,70,2007,1,137000,136800,7387200,54
ILLINOIS,17,EDGAR,045,EAST SOUTHEAST,70,2008,1,144000,143400,7170000,50
ILLINOIS,17,EDGAR,045,EAST SOUTHEAST,70,2009,1,148000,147800,7094400,48
ILLINOIS,17,EDGAR,045,EAST SOUTHEAST,70,2010,1,149000,148500,8011000,53.9
ILLINOIS,17,EDGAR,045,EAST SOUTHEAST,70,2011,1,154000,153700,8266000,53.8
ILLINOIS,17,EDGAR,045,EAST SOUTHEAST,70,2012,1,152000,151500,5891000,38.9
ILLINOIS,17,EDGAR,045,EAST SOUTHEAST,70,2013,1,149500,149500,8635000,57.8
ILLINOIS,17,EDGAR,045,EAST SOUTHEAST,70,2014,1,156500,156300,9598000,61.4
ILLINOIS,17,EDGAR,045,EAST SOUTHEAST,70,2015,1,161000,160900,9372000,58.2
ILLINOIS,17,EDGAR,045,EAST SOUTHEAST,70,2016,1,156000,155000,10077000,65
ILLINOIS,17,EDGAR,045,EAST SOUTHEAST,70,2017,1,167500,166900,10800000,64.7
ILLINOIS,17,EDGAR,045,EAST SOUTHEAST,70,2018,1,165000,161000,11195000,69.5
ILLINOIS,17,EDGAR,045,EAST SOUTHEAST,70,2019,1,159000,156500,9318000,59.5
ILLINOIS,17,EDGAR,045,EAST SOUTHEAST,70,2020,1,160500,159800,9748000,61
ILLINOIS,17,EDGAR,045,EAST SOUTHEAST,70,2021,1,158500,157200,11130000,70.8
ILLINOIS,17,EDGAR,045,EAST SOUTHEAST,70,2022,1,164500,164000,11136000,67.9
ILLINOIS,17,EDGAR,045,EAST SOUTHEAST,70,2023,1,156500,155700,10307000,66.2
ILLINOIS,17,EDGAR,045,EAST SOUTHEAST,70,2024,1,165500,164700,11727000,71.2
ILLINOIS,17,EDWARDS,047,SOUTHEAST,90,1980,1,41500,41000,1021300,25
ILLINOIS,17,EDWARDS,047,SOUTHEAST,90,1981,1,34700,34500,1170100,34
ILLINOIS,17,EDWARDS,047,SOUTHEAST,90,1982,1,37600,37500,1284700,34.5
ILLINOIS,17,EDWARDS,047,SOUTHEAST,90,1983,1,37800,37500,805400,21.5
ILLINOIS,17,EDWARDS,047,SOUTHEAST,90,1984,1,41200,40000,1073700,27
ILLINOIS,17,EDWARDS,047,SOUTHEAST,90,1985,1,40300,40000,1547100,38.5
ILLINOIS,17,EDWARDS,047,SOUTHEAST,90,1986,1,38500,38300,1510900,39.5
ILLINOIS,17,EDWARDS,047,SOUTHEAST,90,1987,1,36200,35800,1179600,33
ILLINOIS,17,EDWARDS,047,SOUTHEAST,90,1988,1,34700,34400,934000,27
ILLINOIS,17,EDWARDS,047,SOUTHEAST,90,1989,1,37200,36900,1301000,35.5
ILLINOIS,17,EDWARDS,047,SOUTHEAST,90,1990,1,38400,37600,1218900,32.5
ILLINOIS,17,EDWARDS,047,SOUTHEAST,90,1991,1,39000,38600,1312400,34
ILLINOIS,17,EDWARDS,047,SOUTHEAST,90,1992,1,40000,39800,1592000,40
ILLINOIS,17,EDWARDS,047,SOUTHEAST,90,1993,1,41000,40000,1500000,37.5
ILLINOIS,17,EDWARDS,047,SOUTHEAST,90,1994,1,41000,40000,1480000,37
ILLINOIS,17,EDWARDS,047,SOUTHEAST,90,1995,1,45000,44800,1545600,34.5
ILLINOIS,17,EDWARDS,047,SOUTHEAST,90,1996,1,49000,48900,2151600,44
ILLINOIS,17,EDWARDS,047,SOUTHEAST,90,1997,1,41000,40600,1522500,37.5
ILLINOIS,17,EDWARDS,047,SOUTHEAST,90,1998,1,51000,50600,1796300,35.5
ILLINOIS,17,EDWARDS,047,SOUTHEAST,90,1999,1,44000,43500,1348500,31
ILLINOIS,17,EDWARDS,047,SOUTHEAST,90,2000,1,39000,38900,1711600,44
ILLINOIS,17,EDWARDS,047,SOUTHEAST,90,2001,1,41000,40700,1587300,39
ILLINOIS,17,EDWARDS,047,SOUTHEAST,90,2002,1,41000,40600,1136800,28
ILLINOIS,17,EDWARDS,047,SOUTHEAST,90,2003,1,43000,42800,1412400,33
ILLINOIS,17,EDWARDS,047,SOUTHEAST,90,2004,1,40000,39800,1910400,48
ILLINOIS,17,EDWARDS,047,SOUTHEAST,90,2005,1,39000,38900,1672700,43
ILLINOIS,17,EDWARDS,047,SOUTHEAST,90,2006,1,41000,40800,1836000,45
ILLINOIS,17,EDWARDS,047,SOUTHEAST,90,2007,1,41000,40900,1145200,28
ILLINOIS,17,EDWARDS,047,SOUTHEAST,90,2008,1,41000,40900,1717800,42
ILLINOIS,17,EDWARDS,047,SOUTHEAST,90,2009,1,44000,43900,1799900,41
ILLINOIS,17,EDWARDS,047,SOUTHEAST,90,2010,1,43000,42900,1939000,45.2
ILLINOIS,17,EDWARDS,047,SOUTHEAST,90,2011,1,46000,45200,1965000,43.5
ILLINOIS,17,EDWARDS,047,SOUTHEAST,90,2012,1,45000,43600,1572000,36.1
ILLINOIS,17,EDWARDS,047,SOUTHEAST,90,2013,1,47200,46200,2017000,43.7
ILLINOIS,17,EDWARDS,047,SOUTHEAST,90,2014,1,45800,45600,2418000,53
ILLINOIS,17,EDWARDS,047,SOUTHEAST,90,2016,1,48000,47500,2268000,47.7
ILLINOIS,17,EDWARDS,047,SOUTHEAST,90,2017,1,47800,47600,2646000,55.6
ILLINOIS,17,EDWARDS,047,SOUTHEAST,90,2018,1,52000,49900,2203000,44.1
ILLINOIS,17,EDWARDS,047,SOUTHEAST,90,2020,1,50800,50400,2757000,54.7
ILLINOIS,17,EDWARDS,047,SOUTHEAST,90,2021,1,50300,50000,3155000,63.1
ILLINOIS,17,EDWARDS,047,SOUTHEAST,90,2022,1,53100,51100,2734000,53.5
ILLINOIS,17,EDWARDS,047,SOUTHEAST,90,2023,1,50200,50000,2785000,55.7
ILLINOIS,17,EFFINGHAM,049,EAST SOUTHEAST,70,1980,1,92400,92000,2878600,31.5
ILLINOIS,17,EFFINGHAM,049,EAST SOUTHEAST,70,1981,1,94200,93500,3139700,33.5
ILLINOIS,17,EFFINGHAM,049,EAST SOUTHEAST,70,1982,1,90800,90000,3154100,35
ILLINOIS,17,EFFINGHAM,049,EAST SOUTHEAST,70,1983,1,88900,88000,1311900,15
ILLINOIS,17,EFFINGHAM,049,EAST SOUTHEAST,70,1984,1,98400,95000,2061100,21.5
ILLINOIS,17,EFFINGHAM,049,EAST SOUTHEAST,70,1985,1,96800,96000,3767100,39
ILLINOIS,17,EFFINGHAM,049,EAST SOUTHEAST,70,1986,1,93100,91300,3647400,40
ILLINOIS,17,EFFINGHAM,049,EAST SOUTHEAST,70,1987,1,88600,87600,2930100,33.5
ILLINOIS,17,EFFINGHAM,049,EAST SOUTHEAST,70,1988,1,83000,81800,1809800,22
ILLINOIS,17,EFFINGHAM,049,EAST SOUTHEAST,70,1989,1,85300,84900,2824800,33.5
ILLINOIS,17,EFFINGHAM,049,EAST SOUTHEAST,70,1990,1,87500,86800,2771200,32
ILLINOIS,17,EFFINGHAM,049,EAST SOUTHEAST,70,1991,1,88000,87200,2964800,34
ILLINOIS,17,EFFINGHAM,049,EAST SOUTHEAST,70,1992,1,90000,89300,3304100,37
ILLINOIS,17,EFFINGHAM,049,EAST SOUTHEAST,70,1993,1,90000,89000,3248500,36.5
ILLINOIS,17,EFFINGHAM,049,EAST SOUTHEAST,70,1994,1,91000,90700,3491950,38.5
ILLINOIS,17,EFFINGHAM,049,EAST SOUTHEAST,70,1995,1,95000,94500,3354750,35.5
ILLINOIS,17,EFFINGHAM,049,EAST SOUTHEAST,70,1996,1,95000,94500,3260250,34.5
ILLINOIS,17,EFFINGHAM,049,EAST SOUTHEAST,70,1997,1,97000,96600,3525900,36.5
ILLINOIS,17,EFFINGHAM,049,EAST SOUTHEAST,70,1998,1,100000,99500,3930250,39.5
ILLINOIS,17,EFFINGHAM,049,EAST SOUTHEAST,70,1999,1,101000,100600,3420400,34
ILLINOIS,17,EFFINGHAM,049,EAST SOUTHEAST,70,2000,1,98000,97100,3884000,40
ILLINOIS,17,EFFINGHAM,049,EAST SOUTHEAST,70,2001,1,104000,102900,4424700,43
ILLINOIS,17,EFFINGHAM,049,EAST SOUTHEAST,70,2002,1,103000,102700,3389100,33
ILLINOIS,17,EFFINGHAM,049,EAST SOUTHEAST,70,2003,1,104000,103800,4152000,40
ILLINOIS,17,EFFINGHAM,049,EAST SOUTHEAST,70,2004,1,100000,99700,4985000,50
ILLINOIS,17,EFFINGHAM,049,EAST SOUTHEAST,70,2005,1,98000,97400,3798600,39
ILLINOIS,17,EFFINGHAM,049,EAST SOUTHEAST,70,2006,1,104000,103200,4953600,48
ILLINOIS,17,EFFINGHAM,049,EAST SOUTHEAST,70,2007,1,91000,90900,3272400,36
ILLINOIS,17,EFFINGHAM,049,EAST SOUTHEAST,70,2008,1,101000,100800,4636800,46
ILLINOIS,17,EFFINGHAM,049,EAST SOUTHEAST,70,2009,1,108000,107800,4204200,39
ILLINOIS,17,EFFINGHAM,049,EAST SOUTHEAST,70,2010,1,91000,90500,4510000,49.8
ILLINOIS,17,EFFINGHAM,049,EAST SOUTHEAST,70,2011,1,95000,94600,4139000,43.8
ILLINOIS,17,EFFINGHAM,049,EAST SOUTHEAST,70,2012,1,88000,87300,3669000,42
ILLINOIS,17,EFFINGHAM,049,EAST SOUTHEAST,70,2013,1,91500,91400,4202000,46
ILLINOIS,17,EFFINGHAM,049,EAST SOUTHEAST,70,2014,1,96600,96400,5664000,58.8
ILLINOIS,17,EFFINGHAM,049,EAST SOUTHEAST,70,2015,1,93200,92900,4908000,52.8
ILLINOIS,17,EFFINGHAM,049,EAST SOUTHEAST,70,2016,1,100500,100100,5821000,58.2
ILLINOIS,17,EFFINGHAM,049,EAST SOUTHEAST,70,2017,1,102000,101500,5617000,55.3
ILLINOIS,17,EFFINGHAM,049,EAST SOUTHEAST,70,2018,1,101000,98500,7105000,72.1
ILLINOIS,17,EFFINGHAM,049,EAST SOUTHEAST,70,2019,1,97800,97500,5019000,51.5
ILLINOIS,17,EFFINGHAM,049,EAST SOUTHEAST,70,2020,1,97600,96900,5611000,57.9
ILLINOIS,17,EFFINGHAM,049,EAST SOUTHEAST,70,2021,1,95300,94600,6121000,64.7
ILLINOIS,17,EFFINGHAM,049,EAST SOUTHEAST,70,2022,1,98600,98000,5870000,59.9
ILLINOIS,17,EFFINGHAM,049,EAST SOUTHEAST,70,2023,1,94300,93800,5562000,59.3
ILLINOIS,17,EFFINGHAM,049,EAST SOUTHEAST,70,2024,1,97100,96600,5381000,55.7
ILLINOIS,17,EFFINGHAM,049,EAST SOUTHEAST,70,2025,1,93400,92800,5048000,54.4
ILLINOIS,17,FAYETTE,051,EAST SOUTHEAST,70,1980,1,131600,131000,3305500,25
ILLINOIS,17,FAYETTE,051,EAST SOUTHEAST,70,1981,1,121800,120000,4029600,33.5
ILLINOIS,17,FAYETTE,051,EAST SOUTHEAST,70,1982,1,131500,130000,4295600,33
ILLINOIS,17,FAYETTE,051,EAST SOUTHEAST,70,1983,1,130900,130000,1804300,14
ILLINOIS,17,FAYETTE,051,EAST SOUTHEAST,70,1984,1,123700,117000,2707600,23
ILLINOIS,17,FAYETTE,051,EAST SOUTHEAST,70,1985,1,125700,124000,4054800,32.5
ILLINOIS,17,FAYETTE,051,EAST SOUTHEAST,70,1986,1,121000,119500,3998200,33.5
ILLINOIS,17,FAYETTE,051,EAST SOUTHEAST,70,1987,1,114600,113400,3396800,30
ILLINOIS,17,FAYETTE,051,EAST SOUTHEAST,70,1988,1,102700,100900,2130900,21
ILLINOIS,17,FAYETTE,051,EAST SOUTHEAST,70,1989,1,99500,99200,3152800,32
ILLINOIS,17,FAYETTE,051,EAST SOUTHEAST,70,1990,1,120700,119300,3281400,27.5
ILLINOIS,17,FAYETTE,051,EAST SOUTHEAST,70,1991,1,116000,115200,3571200,31
ILLINOIS,17,FAYETTE,051,EAST SOUTHEAST,70,1992,1,116000,115000,4140000,36
ILLINOIS,17,FAYETTE,051,EAST SOUTHEAST,70,1993,1,114000,112000,4256000,38
ILLINOIS,17,FAYETTE,051,EAST SOUTHEAST,70,1994,1,119000,117600,3939600,33.5
ILLINOIS,17,FAYETTE,051,EAST SOUTHEAST,70,1995,1,128000,127000,3683000,29
ILLINOIS,17,FAYETTE,051,EAST SOUTHEAST,70,1996,1,121000,120800,3684400,30.5
ILLINOIS,17,FAYETTE,051,EAST SOUTHEAST,70,1997,1,128000,127500,4462500,35
ILLINOIS,17,FAYETTE,051,EAST SOUTHEAST,70,1998,1,139000,138300,5186250,37.5
ILLINOIS,17,FAYETTE,051,EAST SOUTHEAST,70,1999,1,141000,140600,5061600,36
ILLINOIS,17,FAYETTE,051,EAST SOUTHEAST,70,2000,1,132000,128500,5268500,41
ILLINOIS,17,FAYETTE,051,EAST SOUTHEAST,70,2001,1,144000,142500,5700000,40
ILLINOIS,17,FAYETTE,051,EAST SOUTHEAST,70,2002,1,147000,146600,4544600,31
ILLINOIS,17,FAYETTE,051,EAST SOUTHEAST,70,2003,1,143000,142500,4702500,33
ILLINOIS,17,FAYETTE,051,EAST SOUTHEAST,70,2004,1,136000,135600,6373200,47
ILLINOIS,17,FAYETTE,051,EAST SOUTHEAST,70,2005,1,135000,134200,5233800,39
ILLINOIS,17,FAYETTE,051,EAST SOUTHEAST,70,2006,1,144000,143400,5736000,40
ILLINOIS,17,FAYETTE,051,EAST SOUTHEAST,70,2007,1,132000,131900,3825100,29
ILLINOIS,17,FAYETTE,051,EAST SOUTHEAST,70,2008,1,145000,144800,6660800,46
ILLINOIS,17,FAYETTE,051,EAST SOUTHEAST,70,2009,1,166000,164900,5606600,34
ILLINOIS,17,FAYETTE,051,EAST SOUTHEAST,70,2010,1,124000,123500,6139000,49.7
ILLINOIS,17,FAYETTE,051,EAST SOUTHEAST,70,2011,1,145000,143800,5888000,40.9
ILLINOIS,17,FAYETTE,051,EAST SOUTHEAST,70,2012,1,131000,130000,4630000,35.6
ILLINOIS,17,FAYETTE,051,EAST SOUTHEAST,70,2013,1,145500,145400,6435000,44.3
ILLINOIS,17,FAYETTE,051,EAST SOUTHEAST,70,2014,1,138500,138200,6876000,49.8
ILLINOIS,17,FAYETTE,051,EAST SOUTHEAST,70,2015,1,138500,137200,6916000,50.4
ILLINOIS,17,FAYETTE,051,EAST SOUTHEAST,70,2016,1,144500,144000,8003000,55.6
ILLINOIS,17,FAYETTE,051,EAST SOUTHEAST,70,2017,1,151500,150800,8061000,53.5
ILLINOIS,17,FAYETTE,051,EAST SOUTHEAST,70,2018,1,156000,151500,9018000,59.5
ILLINOIS,17,FAYETTE,051,EAST SOUTHEAST,70,2019,1,152000,149000,7286000,48.9
ILLINOIS,17,FAYETTE,051,EAST SOUTHEAST,70,2020,1,148000,146900,7991000,54.4
ILLINOIS,17,FAYETTE,051,EAST SOUTHEAST,70,2021,1,149500,148400,9423000,63.5
ILLINOIS,17,FAYETTE,051,EAST SOUTHEAST,70,2023,1,139500,138900,7778000,56
ILLINOIS,17,FAYETTE,051,EAST SOUTHEAST,70,2024,1,149500,148800,8005000,53.8
ILLINOIS,17,FORD,053,EAST,50,1980,1,139600,139000,4735900,34
ILLINOIS,17,FORD,053,EAST,50,1981,1,128900,128000,4778100,37.5
ILLINOIS,17,FORD,053,EAST,50,1982,1,126800,126500,5414500,43
ILLINOIS,17,FORD,053,EAST,50,1983,1,127700,127500,4376700,34.5
ILLINOIS,17,FORD,053,EAST,50,1984,1,128700,127000,4027000,31.5
ILLINOIS,17,FORD,053,EAST,50,1985,1,124700,122000,5949400,49
ILLINOIS,17,FORD,053,EAST,50,1986,1,124100,123900,4578500,37
ILLINOIS,17,FORD,053,EAST,50,1987,1,126000,125000,5366700,43
ILLINOIS,17,FORD,053,EAST,50,1988,1,128200,128100,2383200,18.5
ILLINOIS,17,FORD,053,EAST,50,1989,1,121900,121700,5499700,45
ILLINOIS,17,FORD,053,EAST,50,1990,1,126500,125800,5437400,43
ILLINOIS,17,FORD,053,EAST,50,1991,1,129000,128000,3520000,27.5
ILLINOIS,17,FORD,053,EAST,50,1992,1,133000,132100,6142650,46.5
ILLINOIS,17,FORD,053,EAST,50,1993,1,125000,124000,5456000,44
ILLINOIS,17,FORD,053,EAST,50,1994,1,123000,122600,6068700,49.5
ILLINOIS,17,FORD,053,EAST,50,1995,1,132000,131400,5650200,43
ILLINOIS,17,FORD,053,EAST,50,1996,1,139000,138900,5972700,43
ILLINOIS,17,FORD,053,EAST,50,1997,1,138000,137600,6467200,47
ILLINOIS,17,FORD,053,EAST,50,1998,1,136000,135500,5284500,39
ILLINOIS,17,FORD,053,EAST,50,1999,1,140000,139500,6417000,46
ILLINOIS,17,FORD,053,EAST,50,2000,1,135000,134900,5665800,42
ILLINOIS,17,FORD,053,EAST,50,2001,1,135000,134200,6039000,45
ILLINOIS,17,FORD,053,EAST,50,2002,1,136000,135600,6915600,51
ILLINOIS,17,FORD,053,EAST,50,2003,1,134000,133700,4144700,31
ILLINOIS,17,FORD,053,EAST,50,2004,1,126000,125700,6159300,49
ILLINOIS,17,FORD,053,EAST,50,2005,1,123000,122400,6120000,50
ILLINOIS,17,FORD,053,EAST,50,2006,1,127000,126500,6325000,50
ILLINOIS,17,FORD,053,EAST,50,2007,1,110000,109900,5934600,54
ILLINOIS,17,FORD,053,EAST,50,2008,1,118000,117800,5301000,45
ILLINOIS,17,FORD,053,EAST,50,2009,1,114000,113800,6145200,54
ILLINOIS,17,FORD,053,EAST,50,2010,1,123000,122600,5760000,47
ILLINOIS,17,FORD,053,EAST,50,2011,1,118000,117800,5199000,44.1
ILLINOIS,17,FORD,053,EAST,50,2012,1,123000,120700,4983000,41.3
ILLINOIS,17,FORD,053,EAST,50,2013,1,126500,126300,6153000,48.7
ILLINOIS,17,FORD,053,EAST,50,2014,1,131000,130500,7602000,58.3
ILLINOIS,17,FORD,053,EAST,50,2015,1,135000,134300,7873000,58.6
ILLINOIS,17,FORD,053,EAST,50,2016,1,130500,130000,7869000,60.5
ILLINOIS,17,FORD,053,EAST,50,2017,1,133000,132500,8268000,62.4
ILLINOIS,17,FORD,053,EAST,50,2018,1,134000,130400,7911000,60.7
ILLINOIS,17,FORD,053,EAST,50,2019,1,133000,132800,6987000,52.6
ILLINOIS,17,FORD,053,EAST,50,2020,1,134500,133900,7539000,56.3
ILLINOIS,17,FORD,053,EAST,50,2021,1,135500,134300,8958000,66.7
ILLINOIS,17,FORD,053,EAST,50,2022,1,134500,134100,8944000,66.7
ILLINOIS,17,FORD,053,EAST,50,2023,1,133000,132400,9361000,70.7
ILLINOIS,17,FRANKLIN,055,SOUTHEAST,90,1980,1,85100,84000,1674000,20
ILLINOIS,17,FRANKLIN,055,SOUTHEAST,90,1981,1,57500,56500,1573000,28
ILLINOIS,17,FRANKLIN,055,SOUTHEAST,90,1982,1,64300,63500,1727600,27
ILLINOIS,17,FRANKLIN,055,SOUTHEAST,90,1983,1,52600,51000,678000,13.5
ILLINOIS,17,FRANKLIN,055,SOUTHEAST,90,1984,1,49200,48000,1104400,23
ILLINOIS,17,FRANKLIN,055,SOUTHEAST,90,1985,1,52400,52000,1541100,29.5
ILLINOIS,17,FRANKLIN,055,SOUTHEAST,90,1986,1,53100,52800,1661100,31.5
ILLINOIS,17,FRANKLIN,055,SOUTHEAST,90,1987,1,51300,50700,1341500,26.5
ILLINOIS,17,FRANKLIN,055,SOUTHEAST,90,1988,1,56700,56400,1446300,25.5
ILLINOIS,17,FRANKLIN,055,SOUTHEAST,90,1989,1,56800,56700,1661300,29.5
ILLINOIS,17,FRANKLIN,055,SOUTHEAST,90,1990,1,61500,61500,1782200,29
ILLINOIS,17,FRANKLIN,055,SOUTHEAST,90,1991,1,61000,60600,1757400,29
ILLINOIS,17,FRANKLIN,055,SOUTHEAST,90,1992,1,58000,57400,1922900,33.5
ILLINOIS,17,FRANKLIN,055,SOUTHEAST,90,1993,1,63000,62500,2093750,33.5
ILLINOIS,17,FRANKLIN,055,SOUTHEAST,90,1994,1,64000,62500,2187500,35
ILLINOIS,17,FRANKLIN,055,SOUTHEAST,90,1995,1,64000,63700,1815450,28.5
ILLINOIS,17,FRANKLIN,055,SOUTHEAST,90,1996,1,70000,69800,2268500,32.5
ILLINOIS,17,FRANKLIN,055,SOUTHEAST,90,1997,1,65000,64800,2365200,36.5
ILLINOIS,17,FRANKLIN,055,SOUTHEAST,90,1998,1,81000,80900,2386550,29.5
ILLINOIS,17,FRANKLIN,055,SOUTHEAST,90,1999,1,76000,75700,1589700,21
ILLINOIS,17,FRANKLIN,055,SOUTHEAST,90,2000,1,70000,69500,2502000,36
ILLINOIS,17,FRANKLIN,055,SOUTHEAST,90,2001,1,72000,71500,2860000,40
ILLINOIS,17,FRANKLIN,055,SOUTHEAST,90,2002,1,75000,74700,1568700,21
ILLINOIS,17,FRANKLIN,055,SOUTHEAST,90,2003,1,74000,73700,2063600,28
ILLINOIS,17,FRANKLIN,055,SOUTHEAST,90,2004,1,77000,76800,3225600,42
ILLINOIS,17,FRANKLIN,055,SOUTHEAST,90,2005,1,72000,71700,3011400,42
ILLINOIS,17,FRANKLIN,055,SOUTHEAST,90,2006,1,84000,83100,3490200,42
ILLINOIS,17,FRANKLIN,055,SOUTHEAST,90,2007,1,57000,56900,1422500,25
ILLINOIS,17,FRANKLIN,055,SOUTHEAST,90,2008,1,80000,79800,3192000,40
ILLINOIS,17,FRANKLIN,055,SOUTHEAST,90,2009,1,82000,81100,3162900,39
ILLINOIS,17,FRANKLIN,055,SOUTHEAST,90,2010,1,67000,66800,2448000,36.6
ILLINOIS,17,FRANKLIN,055,SOUTHEAST,90,2011,1,71000,70600,2245000,31.8
ILLINOIS,17,FRANKLIN,055,SOUTHEAST,90,2012,1,64000,62700,1751000,27.9
ILLINOIS,17,FRANKLIN,055,SOUTHEAST,90,2013,1,76500,76400,3165000,41.4
ILLINOIS,17,FRANKLIN,055,SOUTHEAST,90,2014,1,76400,76200,3383000,44.4
ILLINOIS,17,FRANKLIN,055,SOUTHEAST,90,2015,1,69200,69000,3168000,45.9
ILLINOIS,17,FRANKLIN,055,SOUTHEAST,90,2016,1,85700,85000,3843000,45.2
ILLINOIS,17,FRANKLIN,055,SOUTHEAST,90,2017,1,84500,84100,3906000,46.4
ILLINOIS,17,FRANKLIN,055,SOUTHEAST,90,2018,1,88000,85700,4072000,47.5
ILLINOIS,17,FRANKLIN,055,SOUTHEAST,90,2019,1,80000,79800,3104000,38.9
ILLINOIS,17,FRANKLIN,055,SOUTHEAST,90,2020,1,80900,80600,4127000,51.2
ILLINOIS,17,FRANKLIN,055,SOUTHEAST,90,2021,1,82300,81600,4349000,53.3
ILLINOIS,17,FRANKLIN,055,SOUTHEAST,90,2022,1,86200,85900,4037000,47
ILLINOIS,17,FRANKLIN,055,SOUTHEAST,90,2023,1,78100,77700,3893000,50.1
ILLINOIS,17,FRANKLIN,055,SOUTHEAST,90,2024,1,85500,85100,4008000,47.1
ILLINOIS,17,FRANKLIN,055,SOUTHEAST,90,2025,1,83100,82100,3580000,43.6
ILLINOIS,17,FULTON,057,WEST,30,1980,1,105700,105000,3548200,34
ILLINOIS,17,FULTON,057,WEST,30,1981,1,102000,101000,3790200,37.5
ILLINOIS,17,FULTON,057,WEST,30,1982,1,98400,98000,3806800,39
ILLINOIS,17,FULTON,057,WEST,30,1983,1,95700,95000,2596000,27.5
ILLINOIS,17,FULTON,057,WEST,30,1984,1,94000,93000,3116000,33.5
ILLINOIS,17,FULTON,057,WEST,30,1985,1,99500,98000,4033200,41
ILLINOIS,17,FULTON,057,WEST,30,1986,1,111900,111000,4767000,43
ILLINOIS,17,FULTON,057,WEST,30,1987,1,114900,114100,4101300,36
ILLINOIS,17,FULTON,057,WEST,30,1988,1,111900,111400,3192800,28.5
ILLINOIS,17,FULTON,057,WEST,30,1989,1,114000,113700,4460600,39
ILLINOIS,17,FULTON,057,WEST,30,1990,1,112300,108100,4566200,42
ILLINOIS,17,FULTON,057,WEST,30,1991,1,119000,117700,5237650,44.5
ILLINOIS,17,FULTON,057,WEST,30,1992,1,118000,117700,5164400,44
ILLINOIS,17,FULTON,057,WEST,30,1993,1,116000,112000,4816000,43
ILLINOIS,17,FULTON,057,WEST,30,1994,1,115000,114200,5253200,46
ILLINOIS,17,FULTON,057,WEST,30,1995,1,118000,117500,4406250,37.5
ILLINOIS,17,FULTON,057,WEST,30,1996,1,114000,113700,4718550,41.5
ILLINOIS,17,FULTON,057,WEST,30,1997,1,125000,124600,5482400,44
ILLINOIS,17,FULTON,057,WEST,30,1998,1,152000,151600,6897800,45.5
ILLINOIS,17,FULTON,057,WEST,30,1999,1,132000,131400,5913000,45
ILLINOIS,17,FULTON,057,WEST,30,2000,1,125000,124800,5366400,43
ILLINOIS,17,FULTON,057,WEST,30,2001,1,131000,130100,5984600,46
ILLINOIS,17,FULTON,057,WEST,30,2002,1,127000,126700,5321400,42
ILLINOIS,17,FULTON,057,WEST,30,2003,1,120000,119700,4907700,41
ILLINOIS,17,FULTON,057,WEST,30,2004,1,122000,121700,6206700,51
ILLINOIS,17,FULTON,057,WEST,30,2005,1,111000,110500,4972500,45
ILLINOIS,17,FULTON,057,WEST,30,2006,1,123000,122500,5880000,48
ILLINOIS,17,FULTON,057,WEST,30,2007,1,101000,100900,4237800,42
ILLINOIS,17,FULTON,057,WEST,30,2008,1,97000,96800,4936800,51
ILLINOIS,17,FULTON,057,WEST,30,2009,1,107000,105600,4540800,43
ILLINOIS,17,FULTON,057,WEST,30,2010,1,104000,103500,5083000,49.1
ILLINOIS,17,FULTON,057,WEST,30,2011,1,105000,104400,5218000,50
ILLINOIS,17,FULTON,057,WEST,30,2012,1,105000,104000,4762000,45.8
ILLINOIS,17,FULTON,057,WEST,30,2013,1,113500,113400,5826000,51.4
ILLINOIS,17,FULTON,057,WEST,30,2014,1,111000,110800,5822000,52.5
ILLINOIS,17,FULTON,057,WEST,30,2015,1,105500,104600,5853000,56
ILLINOIS,17,FULTON,057,WEST,30,2016,1,110500,110000,6204000,56.4
ILLINOIS,17,FULTON,057,WEST,30,2017,1,120000,119700,7190000,60.1
ILLINOIS,17,FULTON,057,WEST,30,2018,1,128000,124800,7791000,62.4
ILLINOIS,17,FULTON,057,WEST,30,2019,1,120000,119000,6420000,53.9
ILLINOIS,17,FULTON,057,WEST,30,2020,1,126000,125400,7323000,58.4
ILLINOIS,17,FULTON,057,WEST,30,2021,1,128000,127000,8319000,65.5
ILLINOIS,17,FULTON,057,WEST,30,2022,1,128000,127600,7975000,62.5
ILLINOIS,17,FULTON,057,WEST,30,2023,1,125000,124400,7837000,63
ILLINOIS,17,FULTON,057,WEST,30,2024,1,127000,126300,7881000,62.4
ILLINOIS,17,FULTON,057,WEST,30,2025,1,123500,122800,7700000,62.7
ILLINOIS,17,GALLATIN,059,SOUTHEAST,90,1980,1,61800,61000,1701900,28
ILLINOIS,17,GALLATIN,059,SOUTHEAST,90,1981,1,70000,67000,1967100,29.5
ILLINOIS,17,GALLATIN,059,SOUTHEAST,90,1982,1,62200,62000,2061600,33.5
ILLINOIS,17,GALLATIN,059,SOUTHEAST,90,1983,1,55500,55000,1321800,24
ILLINOIS,17,GALLATIN,059,SOUTHEAST,90,1984,1,54900,53000,1625900,30.5
ILLINOIS,17,GALLATIN,059,SOUTHEAST,90,1985,1,54500,54000,2088600,38.5
ILLINOIS,17,GALLATIN,059,SOUTHEAST,90,1986,1,53200,53000,1932100,36.5
ILLINOIS,17,GALLATIN,059,SOUTHEAST,90,1987,1,52700,52000,1713400,33
ILLINOIS,17,GALLATIN,059,SOUTHEAST,90,1988,1,53200,52600,1586900,30
ILLINOIS,17,GALLATIN,059,SOUTHEAST,90,1989,1,59800,59700,1838100,31
ILLINOIS,17,GALLATIN,059,SOUTHEAST,90,1990,1,66700,66500,2155700,32.5
ILLINOIS,17,GALLATIN,059,SOUTHEAST,90,1991,1,69000,68600,2435300,35.5
ILLINOIS,17,GALLATIN,059,SOUTHEAST,90,1992,1,62000,61500,2583000,42
ILLINOIS,17,GALLATIN,059,SOUTHEAST,90,1993,1,63000,62500,2187500,35
ILLINOIS,17,GALLATIN,059,SOUTHEAST,90,1994,1,63000,62400,2371200,38
ILLINOIS,17,GALLATIN,059,SOUTHEAST,90,1995,1,61000,60700,2124500,35
ILLINOIS,17,GALLATIN,059,SOUTHEAST,90,1996,1,69000,68700,2885400,42
ILLINOIS,17,GALLATIN,059,SOUTHEAST,90,1997,1,73000,72100,2884000,40
ILLINOIS,17,GALLATIN,059,SOUTHEAST,90,1998,1,76000,75700,2271000,30
ILLINOIS,17,GALLATIN,059,SOUTHEAST,90,1999,1,68000,67700,1760200,26
ILLINOIS,17,GALLATIN,059,SOUTHEAST,90,2000,1,64000,63900,2619900,41
ILLINOIS,17,GALLATIN,059,SOUTHEAST,90,2001,1,73000,72500,3117500,43
ILLINOIS,17,GALLATIN,059,SOUTHEAST,90,2002,1,68000,67500,1822500,27
ILLINOIS,17,GALLATIN,059,SOUTHEAST,90,2003,1,63000,62700,2382600,38
ILLINOIS,17,GALLATIN,059,SOUTHEAST,90,2004,1,77000,74300,3046300,41
ILLINOIS,17,GALLATIN,059,SOUTHEAST,90,2005,1,56000,55800,2566800,46
ILLINOIS,17,GALLATIN,059,SOUTHEAST,90,2006,1,71000,70700,3181500,45
ILLINOIS,17,GALLATIN,059,SOUTHEAST,90,2007,1,56000,55900,1956500,35
ILLINOIS,17,GALLATIN,059,SOUTHEAST,90,2008,1,70000,69800,2861800,41
ILLINOIS,17,GALLATIN,059,SOUTHEAST,90,2009,1,73000,72700,3489600,48
ILLINOIS,17,GALLATIN,059,SOUTHEAST,90,2010,1,63000,62900,2542000,40.4
ILLINOIS,17,GALLATIN,059,SOUTHEAST,90,2011,1,64000,63200,2655000,42
ILLINOIS,17,GALLATIN,059,SOUTHEAST,90,2012,1,53000,52300,1872000,35.8
ILLINOIS,17,GALLATIN,059,SOUTHEAST,90,2013,1,65300,64800,3112000,48
ILLINOIS,17,GALLATIN,059,SOUTHEAST,90,2014,1,72300,72200,3600000,49.9
ILLINOIS,17,GALLATIN,059,SOUTHEAST,90,2015,1,78000,71300,3680000,51.6
ILLINOIS,17,GALLATIN,059,SOUTHEAST,90,2016,1,76800,76600,3708000,48.4
ILLINOIS,17,GALLATIN,059,SOUTHEAST,90,2017,1,85500,84200,4592000,54.5
ILLINOIS,17,GALLATIN,059,SOUTHEAST,90,2018,1,79000,76300,3816000,50
ILLINOIS,17,GALLATIN,059,SOUTHEAST,90,2019,1,69700,63200,3001000,47.5
ILLINOIS,17,GALLATIN,059,SOUTHEAST,90,2020,1,71000,70700,4072000,57.6
ILLINOIS,17,GALLATIN,059,SOUTHEAST,90,2021,1,74100,73500,4594000,62.5
ILLINOIS,17,GALLATIN,059,SOUTHEAST,90,2022,1,79300,79000,4369000,55.3
ILLINOIS,17,GREENE,061,WEST SOUTHWEST,60,1980,1,90400,90000,2816200,31.5
ILLINOIS,17,GREENE,061,WEST SOUTHWEST,60,1981,1,84000,82000,3237400,39.5
ILLINOIS,17,GREENE,061,WEST SOUTHWEST,60,1982,1,88500,87000,3345400,38.5
ILLINOIS,17,GREENE,061,WEST SOUTHWEST,60,1983,1,84300,84000,2016200,24
ILLINOIS,17,GREENE,061,WEST SOUTHWEST,60,1984,1,86000,84500,2815800,33.5
ILLINOIS,17,GREENE,061,WEST SOUTHWEST,60,1985,1,88100,87000,3540200,40.5
ILLINOIS,17,GREENE,061,WEST SOUTHWEST,60,1986,1,93400,93100,3533300,38
ILLINOIS,17,GREENE,061,WEST SOUTHWEST,60,1987,1,89600,87500,3319900,38
ILLINOIS,17,GREENE,061,WEST SOUTHWEST,60,1988,1,88900,88300,2619600,29.5
ILLINOIS,17,GREENE,061,WEST SOUTHWEST,60,1989,1,79400,78400,2958900,37.5
ILLINOIS,17,GREENE,061,WEST SOUTHWEST,60,1990,1,80700,80500,3005000,37.5
ILLINOIS,17,GREENE,061,WEST SOUTHWEST,60,1991,1,82000,81500,3667500,45
ILLINOIS,17,GREENE,061,WEST SOUTHWEST,60,1992,1,83000,82300,3456600,42
ILLINOIS,17,GREENE,061,WEST SOUTHWEST,60,1993,1,82000,66000,2838000,43
ILLINOIS,17,GREENE,061,WEST SOUTHWEST,60,1994,1,90000,89100,4054050,45.5
ILLINOIS,17,GREENE,061,WEST SOUTHWEST,60,1995,1,91000,90500,3755750,41.5
ILLINOIS,17,GREENE,061,WEST SOUTHWEST,60,1996,1,90000,89900,3820750,42.5
ILLINOIS,17,GREENE,061,WEST SOUTHWEST,60,1997,1,99000,98700,4293450,43.5
ILLINOIS,17,GREENE,061,WEST SOUTHWEST,60,1998,1,103000,101800,4428300,43.5
ILLINOIS,17,GREENE,061,WEST SOUTHWEST,60,1999,1,102000,101600,4165600,41
ILLINOIS,17,GREENE,061,WEST SOUTHWEST,60,2000,1,106000,105800,5078400,48
ILLINOIS,17,GREENE,061,WEST SOUTHWEST,60,2001,1,98000,97400,4577800,47
ILLINOIS,17,GREENE,061,WEST SOUTHWEST,60,2002,1,99000,98700,4935000,50
ILLINOIS,17,GREENE,061,WEST SOUTHWEST,60,2003,1,105000,104800,4716000,45
ILLINOIS,17,GREENE,061,WEST SOUTHWEST,60,2004,1,94000,93700,4872400,52
ILLINOIS,17,GREENE,061,WEST SOUTHWEST,60,2005,1,87000,86500,3719500,43
ILLINOIS,17,GREENE,061,WEST SOUTHWEST,60,2006,1,95000,94600,4257000,45
ILLINOIS,17,GREENE,061,WEST SOUTHWEST,60,2007,1,75000,74700,2913300,39
ILLINOIS,17,GREENE,061,WEST SOUTHWEST,60,2008,1,87000,85000,3825000,45
ILLINOIS,17,GREENE,061,WEST SOUTHWEST,60,2009,1,85000,84100,4120900,49
ILLINOIS,17,GREENE,061,WEST SOUTHWEST,60,2010,1,91000,90600,4888000,54
ILLINOIS,17,GREENE,061,WEST SOUTHWEST,60,2011,1,82000,80600,3894000,48.3
ILLINOIS,17,GREENE,061,WEST SOUTHWEST,60,2012,1,90000,89500,4371000,48.8
ILLINOIS,17,GREENE,061,WEST SOUTHWEST,60,2013,1,99400,99300,4911000,49.5
ILLINOIS,17,GREENE,061,WEST SOUTHWEST,60,2014,1,95500,95000,5103000,53.7
ILLINOIS,17,GREENE,061,WEST SOUTHWEST,60,2015,1,91900,91500,5116000,55.9
ILLINOIS,17,GREENE,061,WEST SOUTHWEST,60,2016,1,96600,96300,6021000,62.5
ILLINOIS,17,GREENE,061,WEST SOUTHWEST,60,2017,1,99600,99300,6347000,63.9
ILLINOIS,17,GREENE,061,WEST SOUTHWEST,60,2018,1,107000,104000,7292000,70.1
ILLINOIS,17,GREENE,061,WEST SOUTHWEST,60,2019,1,97100,95600,5803000,60.7
ILLINOIS,17,GREENE,061,WEST SOUTHWEST,60,2020,1,104000,103500,6748000,65.2
ILLINOIS,17,GREENE,061,WEST SOUTHWEST,60,2022,1,113000,112600,7499000,66.6
ILLINOIS,17,GREENE,061,WEST SOUTHWEST,60,2023,1,106000,105500,7005000,66.4
ILLINOIS,17,GREENE,061,WEST SOUTHWEST,60,2024,1,110500,110100,7760000,70.5
ILLINOIS,17,GREENE,061,WEST SOUTHWEST,60,2025,1,103500,102700,7045000,68.6
ILLINOIS,17,GRUNDY,063,NORTHEAST,20,1980,1,80400,80000,2858900,35.5
ILLINOIS,17,GRUNDY,063,NORTHEAST,20,1981,1,88600,88000,3650300,41.5
ILLINOIS,17,GRUNDY,063,NORTHEAST,20,1982,1,88800,88500,3506200,39.5
ILLINOIS,17,GRUNDY,063,NORTHEAST,20,1983,1,83600,83500,2946800,35.5
ILLINOIS,17,GRUNDY,063,NORTHEAST,20,1984,1,87400,86500,2577200,30
ILLINOIS,17,GRUNDY,063,NORTHEAST,20,1985,1,85500,85000,3552200,42
ILLINOIS,17,GRUNDY,063,NORTHEAST,20,1986,1,90300,88300,3527600,40
ILLINOIS,17,GRUNDY,063,NORTHEAST,20,1987,1,86100,85300,3236400,38
ILLINOIS,17,GRUNDY,063,NORTHEAST,20,1988,1,85500,85200,2013500,23.5
ILLINOIS,17,GRUNDY,063,NORTHEAST,20,1989,1,88500,88100,4025000,45.5
ILLINOIS,17,GRUNDY,063,NORTHEAST,20,1990,1,85200,85000,3799200,44.5
ILLINOIS,17,GRUNDY,063,NORTHEAST,20,1991,1,87000,86800,2170000,25
ILLINOIS,17,GRUNDY,063,NORTHEAST,20,1992,1,94000,93600,4212000,45
ILLINOIS,17,GRUNDY,063,NORTHEAST,20,1993,1,92000,91600,4122000,45
ILLINOIS,17,GRUNDY,063,NORTHEAST,20,1994,1,91000,90500,4479750,49.5
ILLINOIS,17,GRUNDY,063,NORTHEAST,20,1995,1,92000,91900,3813850,41.5
ILLINOIS,17,GRUNDY,063,NORTHEAST,20,1996,1,96000,95800,3544600,37
ILLINOIS,17,GRUNDY,063,NORTHEAST,20,1997,1,86000,85700,3856500,45
ILLINOIS,17,GRUNDY,063,NORTHEAST,20,1998,1,95000,94900,4365400,46
ILLINOIS,17,GRUNDY,063,NORTHEAST,20,1999,1,95000,94600,3973200,42
ILLINOIS,17,GRUNDY,063,NORTHEAST,20,2000,1,96000,95700,4306500,45
ILLINOIS,17,GRUNDY,063,NORTHEAST,20,2001,1,98000,97300,4281200,44
ILLINOIS,17,GRUNDY,063,NORTHEAST,20,2002,1,94000,93400,3829400,41
ILLINOIS,17,GRUNDY,063,NORTHEAST,20,2003,1,92000,91900,3400300,37
ILLINOIS,17,GRUNDY,063,NORTHEAST,20,2004,1,89000,88800,4351200,49
ILLINOIS,17,GRUNDY,063,NORTHEAST,20,2005,1,84000,83600,3762000,45
ILLINOIS,17,GRUNDY,063,NORTHEAST,20,2006,1,90000,89600,4390400,49
ILLINOIS,17,GRUNDY,063,NORTHEAST,20,2007,1,68000,67800,3186600,47
ILLINOIS,17,GRUNDY,063,NORTHEAST,20,2008,1,76000,75400,3543800,47
ILLINOIS,17,GRUNDY,063,NORTHEAST,20,2009,1,87000,86900,4171200,48
ILLINOIS,17,GRUNDY,063,NORTHEAST,20,2010,1,85000,84800,4023000,47.4
ILLINOIS,17,GRUNDY,063,NORTHEAST,20,2011,1,79000,78900,3926000,49.8
ILLINOIS,17,GRUNDY,063,NORTHEAST,20,2012,1,84000,83700,3671000,43.9
ILLINOIS,17,GRUNDY,063,NORTHEAST,20,2013,1,84500,84400,4853000,57.5
ILLINOIS,17,GRUNDY,063,NORTHEAST,20,2014,1,91200,91000,5309000,58.3
ILLINOIS,17,GRUNDY,063,NORTHEAST,20,2015,1,88900,88500,4704000,53.2
ILLINOIS,17,GRUNDY,063,NORTHEAST,20,2016,1,93500,93400,5416000,58
ILLINOIS,17,GRUNDY,063,NORTHEAST,20,2017,1,96000,95700,5485000,57.3
ILLINOIS,17,GRUNDY,063,NORTHEAST,20,2018,1,93000,90700,5304000,58.5
ILLINOIS,17,GRUNDY,063,NORTHEAST,20,2019,1,81800,81600,3995000,49
ILLINOIS,17,GRUNDY,063,NORTHEAST,20,2020,1,91300,90800,5103000,56.2
ILLINOIS,17,GRUNDY,063,NORTHEAST,20,2021,1,89700,89000,5296000,59.5
ILLINOIS,17,GRUNDY,063,NORTHEAST,20,2022,1,97300,97000,6121000,63.1
ILLINOIS,17,GRUNDY,063,NORTHEAST,20,2023,1,87800,87400,5296000,60.6
ILLINOIS,17,HAMILTON,065,SOUTHEAST,90,1980,1,91100,90000,2152200,24
ILLINOIS,17,HAMILTON,065,SOUTHEAST,90,1981,1,80200,79500,2293800,29
ILLINOIS,17,HAMILTON,065,SOUTHEAST,90,1982,1,78300,78000,2122000,27
ILLINOIS,17,HAMILTON,065,SOUTHEAST,90,1983,1,78400,77500,1030300,13.5
ILLINOIS,17,HAMILTON,065,SOUTHEAST,90,1984,1,80000,78000,1607700,20.5
ILLINOIS,17,HAMILTON,065,SOUTHEAST,90,1985,1,69500,69000,2114200,30.5
ILLINOIS,17,HAMILTON,065,SOUTHEAST,90,1986,1,68700,68600,2329500,34
ILLINOIS,17,HAMILTON,065,SOUTHEAST,90,1987,1,65700,64900,1846800,28.5
ILLINOIS,17,HAMILTON,065,SOUTHEAST,90,1988,1,55900,55600,1397800,25
ILLINOIS,17,HAMILTON,065,SOUTHEAST,90,1989,1,57900,57800,1664800,29
ILLINOIS,17,HAMILTON,065,SOUTHEAST,90,1990,1,76700,76400,2176500,28.5
ILLINOIS,17,HAMILTON,065,SOUTHEAST,90,1991,1,75000,74600,2163400,29
ILLINOIS,17,HAMILTON,065,SOUTHEAST,90,1992,1,65000,64500,2386500,37
ILLINOIS,17,HAMILTON,065,SOUTHEAST,90,1993,1,72000,71500,2609750,36.5
ILLINOIS,17,HAMILTON,065,SOUTHEAST,90,1994,1,68000,67300,2456450,36.5
ILLINOIS,17,HAMILTON,065,SOUTHEAST,90,1995,1,82000,80900,2507900,31
ILLINOIS,17,HAMILTON,065,SOUTHEAST,90,1996,1,81000,80700,3187650,39.5
ILLINOIS,17,HAMILTON,065,SOUTHEAST,90,1997,1,77000,76700,2837900,37
ILLINOIS,17,HAMILTON,065,SOUTHEAST,90,1998,1,93000,92500,2963500,32
ILLINOIS,17,HAMILTON,065,SOUTHEAST,90,1999,1,88000,87500,2362500,27
ILLINOIS,17,HAMILTON,065,SOUTHEAST,90,2000,1,80000,79200,3009600,38
ILLINOIS,17,HAMILTON,065,SOUTHEAST,90,2001,1,87000,86500,3546500,41
ILLINOIS,17,HAMILTON,065,SOUTHEAST,90,2002,1,89000,88100,2466800,28
ILLINOIS,17,HAMILTON,065,SOUTHEAST,90,2003,1,79000,78800,2048800,26
ILLINOIS,17,HAMILTON,065,SOUTHEAST,90,2004,1,84000,83800,3771000,45
ILLINOIS,17,HAMILTON,065,SOUTHEAST,90,2005,1,79000,78700,3462800,44
ILLINOIS,17,HAMILTON,065,SOUTHEAST,90,2006,1,90000,89600,3673600,41
ILLINOIS,17,HAMILTON,065,SOUTHEAST,90,2007,1,77000,76800,1920000,25
ILLINOIS,17,HAMILTON,065,SOUTHEAST,90,2008,1,98000,97800,3912000,40
ILLINOIS,17,HAMILTON,065,SOUTHEAST,90,2009,1,90000,89400,3844200,43
ILLINOIS,17,HAMILTON,065,SOUTHEAST,90,2010,1,82000,81800,3037000,37.1
ILLINOIS,17,HAMILTON,065,SOUTHEAST,90,2011,1,85000,82500,2711000,32.9
ILLINOIS,17,HAMILTON,065,SOUTHEAST,90,2012,1,83000,81700,2302000,28.2
ILLINOIS,17,HAMILTON,065,SOUTHEAST,90,2013,1,101500,99000,4183000,42.3
ILLINOIS,17,HAMILTON,065,SOUTHEAST,90,2014,1,97800,96500,4442000,46
ILLINOIS,17,HAMILTON,065,SOUTHEAST,90,2016,1,110500,108700,5016000,46.1
ILLINOIS,17,HAMILTON,065,SOUTHEAST,90,2017,1,101000,100300,5146000,51.3
ILLINOIS,17,HAMILTON,065,SOUTHEAST,90,2018,1,99000,94300,4830000,51.2
ILLINOIS,17,HAMILTON,065,SOUTHEAST,90,2020,1,95100,94700,4905000,51.8
ILLINOIS,17,HAMILTON,065,SOUTHEAST,90,2022,1,99800,99500,4995000,50.2
ILLINOIS,17,HANCOCK,067,WEST,30,1980,1,151000,150000,5292300,35.5
ILLINOIS,17,HANCOCK,067,WEST,30,1981,1,142200,141000,5291300,37.5
ILLINOIS,17,HANCOCK,067,WEST,30,1982,1,142400,142000,5516100,39
ILLINOIS,17,HANCOCK,067,WEST,30,1983,1,139200,139000,4013400,29
ILLINOIS,17,HANCOCK,067,WEST,30,1984,1,152500,151000,4770000,31.5
ILLINOIS,17,HANCOCK,067,WEST,30,1985,1,144400,143000,5885000,41
ILLINOIS,17,HANCOCK,067,WEST,30,1986,1,152500,152000,5920500,39
ILLINOIS,17,HANCOCK,067,WEST,30,1987,1,148500,147500,5080900,34.5
ILLINOIS,17,HANCOCK,067,WEST,30,1988,1,150600,147700,3936100,26.5
ILLINOIS,17,HANCOCK,067,WEST,30,1989,1,143000,142600,4248900,30
ILLINOIS,17,HANCOCK,067,WEST,30,1990,1,159400,159300,5633500,35.5
ILLINOIS,17,HANCOCK,067,WEST,30,1991,1,146000,144700,5859100,40.5
ILLINOIS,17,HANCOCK,067,WEST,30,1992,1,153000,152500,7091250,46.5
ILLINOIS,17,HANCOCK,067,WEST,30,1993,1,150000,139000,5977000,43
ILLINOIS,17,HANCOCK,067,WEST,30,1994,1,154000,153300,7358400,48
ILLINOIS,17,HANCOCK,067,WEST,30,1995,1,160000,159400,6216600,39
ILLINOIS,17,HANCOCK,067,WEST,30,1996,1,143000,142600,6203100,43.5
ILLINOIS,17,HANCOCK,067,WEST,30,1997,1,154000,153000,7267500,47.5
ILLINOIS,17,HANCOCK,067,WEST,30,1998,1,165000,164700,7246800,44
ILLINOIS,17,HANCOCK,067,WEST,30,1999,1,168000,166900,6509100,39
ILLINOIS,17,HANCOCK,067,WEST,30,2000,1,154000,153700,7070200,46
ILLINOIS,17,HANCOCK,067,WEST,30,2001,1,155000,153700,7070200,46
ILLINOIS,17,HANCOCK,067,WEST,30,2002,1,153000,152700,7176900,47
ILLINOIS,17,HANCOCK,067,WEST,30,2003,1,153000,152700,6566100,43
ILLINOIS,17,HANCOCK,067,WEST,30,2004,1,150000,149600,7779200,52
ILLINOIS,17,HANCOCK,067,WEST,30,2005,1,148000,147400,6780400,46
ILLINOIS,17,HANCOCK,067,WEST,30,2006,1,152000,151400,6661600,44
ILLINOIS,17,HANCOCK,067,WEST,30,2007,1,130000,129700,5966200,46
ILLINOIS,17,HANCOCK,067,WEST,30,2008,1,133000,127500,6375000,50
ILLINOIS,17,HANCOCK,067,WEST,30,2009,1,140000,139700,6985000,50
ILLINOIS,17,HANCOCK,067,WEST,30,2010,1,137000,136400,6756000,49.5
ILLINOIS,17,HANCOCK,067,WEST,30,2011,1,145000,144600,6579000,45.5
ILLINOIS,17,HANCOCK,067,WEST,30,2012,1,142000,141200,6883000,48.7
ILLINOIS,17,HANCOCK,067,WEST,30,2013,1,149000,148900,7107000,47.7
ILLINOIS,17,HANCOCK,067,WEST,30,2014,1,147500,147300,7677000,52.1
ILLINOIS,17,HANCOCK,067,WEST,30,2015,1,147000,146900,8254000,56.2
ILLINOIS,17,HANCOCK,067,WEST,30,2016,1,144500,144000,9176000,63.7
ILLINOIS,17,HANCOCK,067,WEST,30,2017,1,157500,157100,10377000,66.1
ILLINOIS,17,HANCOCK,067,WEST,30,2018,1,151000,147500,10298000,69.8
ILLINOIS,17,HANCOCK,067,WEST,30,2020,1,155500,154800,10310000,66.6
ILLINOIS,17,HANCOCK,067,WEST,30,2021,1,159000,157600,10606000,67.3
ILLINOIS,17,HANCOCK,067,WEST,30,2022,1,157500,157000,10613000,67.6
ILLINOIS,17,HANCOCK,067,WEST,30,2023,1,159500,158700,10316000,65
ILLINOIS,17,HANCOCK,067,WEST,30,2024,1,159000,158300,10179000,64.3
ILLINOIS,17,HARDIN,069,SOUTHEAST,90,1980,1,2000,2000,43800,22
ILLINOIS,17,HARDIN,069,SOUTHEAST,90,1981,1,2100,2000,48600,24.5
ILLINOIS,17,HARDIN,069,SOUTHEAST,90,1982,1,2500,2500,73100,29
ILLINOIS,17,HARDIN,069,SOUTHEAST,90,1983,1,2000,2000,43000,21.5
ILLINOIS,17,HARDIN,069,SOUTHEAST,90,1984,1,3100,3000,77700,26
ILLINOIS,17,HARDIN,069,SOUTHEAST,90,1985,1,3000,3000,78400,26
ILLINOIS,17,HARDIN,069,SOUTHEAST,90,1986,1,2200,2200,56000,25.5
ILLINOIS,17,HARDIN,069,SOUTHEAST,90,1987,1,1400,1400,28000,20
ILLINOIS,17,HARDIN,069,SOUTHEAST,90,1988,1,1100,800,17700,22
ILLINOIS,17,HARDIN,069,SOUTHEAST,90,1989,1,1800,1700,57400,34
ILLINOIS,17,HARDIN,069,SOUTHEAST,90,1990,1,2100,2100,64000,30.5
ILLINOIS,17,HARDIN,069,SOUTHEAST,90,1991,1,2000,1900,49400,26
ILLINOIS,17,HARDIN,069,SOUTHEAST,90,1992,1,2000,1900,62700,33
ILLINOIS,17,HARDIN,069,SOUTHEAST,90,1993,1,2000,1500,46500,31
ILLINOIS,17,HARDIN,069,SOUTHEAST,90,1994,1,3000,2900,104400,36
ILLINOIS,17,HARDIN,069,SOUTHEAST,90,1995,1,3000,2900,100050,34.5
ILLINOIS,17,HARDIN,069,SOUTHEAST,90,1996,1,5000,4900,144550,29.5
ILLINOIS,17,HARDIN,069,SOUTHEAST,90,1997,1,3000,2900,81150,28
ILLINOIS,17,HARDIN,069,SOUTHEAST,90,1998,1,3000,2900,75400,26
ILLINOIS,17,HARDIN,069,SOUTHEAST,90,1999,1,3000,2900,84100,29
ILLINOIS,17,HARDIN,069,SOUTHEAST,90,2000,1,4000,3900,163800,42
ILLINOIS,17,HARDIN,069,SOUTHEAST,90,2001,1,5000,4900,156800,32
ILLINOIS,17,HARDIN,069,SOUTHEAST,90,2002,1,4000,3800,110400,29
ILLINOIS,17,HARDIN,069,SOUTHEAST,90,2003,1,7000,6800,265200,39
ILLINOIS,17,HARDIN,069,SOUTHEAST,90,2004,1,5000,4900,186200,38
ILLINOIS,17,HARDIN,069,SOUTHEAST,90,2005,1,5000,4400,162800,37
ILLINOIS,17,HARDIN,069,SOUTHEAST,90,2006,1,6000,5900,277300,47
ILLINOIS,17,HARDIN,069,SOUTHEAST,90,2007,1,4000,2700,72700,27
ILLINOIS,17,HARDIN,069,SOUTHEAST,90,2010,1,6000,5900,124000,21
ILLINOIS,17,HARDIN,069,SOUTHEAST,90,2015,1,6200,6100,264000,43.3
ILLINOIS,17,HARDIN,069,SOUTHEAST,90,2016,1,6100,6000,239000,39.8
ILLINOIS,17,HARDIN,069,SOUTHEAST,90,2018,1,6000,5800,251000,43.3
ILLINOIS,17,HARDIN,069,SOUTHEAST,90,2019,1,3700,3300,148000,44.8
ILLINOIS,17,HARDIN,069,SOUTHEAST,90,2020,1,5900,5750,292000,50.8
ILLINOIS,17,HARDIN,069,SOUTHEAST,90,2021,1,7400,7370,373000,50.6
ILLINOIS,17,HENDERSON,071,WEST,30,1980,1,40800,40500,1429000,35.5
ILLINOIS,17,HENDERSON,071,WEST,30,1981,1,37400,37000,1444800,39
ILLINOIS,17,HENDERSON,071,WEST,30,1982,1,38200,37200,1482100,40
ILLINOIS,17,HENDERSON,071,WEST,30,1983,1,40100,40000,1340500,33.5
ILLINOIS,17,HENDERSON,071,WEST,30,1984,1,36900,36500,1310300,36
ILLINOIS,17,HENDERSON,071,WEST,30,1985,1,37200,37000,1559900,42
ILLINOIS,17,HENDERSON,071,WEST,30,1986,1,39200,38900,1670600,43
ILLINOIS,17,HENDERSON,071,WEST,30,1987,1,40700,40500,1617500,40
ILLINOIS,17,HENDERSON,071,WEST,30,1988,1,39200,38700,1264900,32.5
ILLINOIS,17,HENDERSON,071,WEST,30,1989,1,42800,42700,1526700,36
ILLINOIS,17,HENDERSON,071,WEST,30,1990,1,47700,46900,2050200,43.5
ILLINOIS,17,HENDERSON,071,WEST,30,1991,1,47000,46500,2325000,50
ILLINOIS,17,HENDERSON,071,WEST,30,1992,1,47000,46700,2101500,45
ILLINOIS,17,HENDERSON,071,WEST,30,1993,1,49000,44000,2002000,45.5
ILLINOIS,17,HENDERSON,071,WEST,30,1994,1,52000,51500,2806750,54.5
ILLINOIS,17,HENDERSON,071,WEST,30,1995,1,51000,50600,2125200,42
ILLINOIS,17,HENDERSON,071,WEST,30,1996,1,52000,51800,2538200,49
ILLINOIS,17,HENDERSON,071,WEST,30,1997,1,55000,54800,2822200,51.5
ILLINOIS,17,HENDERSON,071,WEST,30,1998,1,62000,61900,3218800,52
ILLINOIS,17,HENDERSON,071,WEST,30,1999,1,65000,64700,2911500,45
ILLINOIS,17,HENDERSON,071,WEST,30,2000,1,65000,64800,2980800,46
ILLINOIS,17,HENDERSON,071,WEST,30,2001,1,71000,70500,3525000,50
ILLINOIS,17,HENDERSON,071,WEST,30,2002,1,67000,66700,3268300,49
ILLINOIS,17,HENDERSON,071,WEST,30,2003,1,63000,62900,2390200,38
ILLINOIS,17,HENDERSON,071,WEST,30,2004,1,63000,61600,3141600,51
ILLINOIS,17,HENDERSON,071,WEST,30,2005,1,60000,59700,2746200,46
ILLINOIS,17,HENDERSON,071,WEST,30,2006,1,65000,64600,3230000,50
ILLINOIS,17,HENDERSON,071,WEST,30,2007,1,58000,57900,2837100,49
ILLINOIS,17,HENDERSON,071,WEST,30,2008,1,55000,49500,2524500,51
ILLINOIS,17,HENDERSON,071,WEST,30,2009,1,55000,54300,2606400,48
ILLINOIS,17,HENDERSON,071,WEST,30,2010,1,53000,51800,2556000,49.3
ILLINOIS,17,HENDERSON,071,WEST,30,2011,1,53000,52900,2928000,55.3
ILLINOIS,17,HENDERSON,071,WEST,30,2012,1,58000,57600,3193000,55.4
ILLINOIS,17,HENDERSON,071,WEST,30,2013,1,58400,58100,3013000,51.9
ILLINOIS,17,HENDERSON,071,WEST,30,2014,1,60500,60100,3167000,52.7
ILLINOIS,17,HENDERSON,071,WEST,30,2015,1,59900,59800,3424000,57.3
ILLINOIS,17,HENDERSON,071,WEST,30,2016,1,56300,56000,3238000,57.8
ILLINOIS,17,HENDERSON,071,WEST,30,2017,1,60800,60500,3727000,61.6
ILLINOIS,17,HENDERSON,071,WEST,30,2018,1,59000,57500,3464000,60.2
ILLINOIS,17,HENDERSON,071,WEST,30,2020,1,54300,54100,3360000,62.1
ILLINOIS,17,HENDERSON,071,WEST,30,2021,1,60900,60400,4023000,66.6
ILLINOIS,17,HENDERSON,071,WEST,30,2022,1,60200,60000,4032000,67.2
ILLINOIS,17,HENDERSON,071,WEST,30,2023,1,59500,59200,3907000,66
ILLINOIS,17,HENDERSON,071,WEST,30,2025,1,59200,58800,4092000,69.6
ILLINOIS,17,HENRY,073,NORTHWEST,10,1980,1,92300,92000,3772700,41
ILLINOIS,17,HENRY,073,NORTHWEST,10,1981,1,86900,86000,3789300,44
ILLINOIS,17,HENRY,073,NORTHWEST,10,1982,1,85000,84200,3450000,41
ILLINOIS,17,HENRY,073,NORTHWEST,10,1983,1,82900,82500,3132100,38
ILLINOIS,17,HENRY,073,NORTHWEST,10,1984,1,82100,81000,3077200,38
ILLINOIS,17,HENRY,073,NORTHWEST,10,1985,1,84600,84000,3804200,45.5
ILLINOIS,17,HENRY,073,NORTHWEST,10,1986,1,92400,91200,4053300,44.5
ILLINOIS,17,HENRY,073,NORTHWEST,10,1987,1,87600,86900,3817700,44
ILLINOIS,17,HENRY,073,NORTHWEST,10,1988,1,97300,96800,2920400,30
ILLINOIS,17,HENRY,073,NORTHWEST,10,1989,1,100000,98700,4362300,44
ILLINOIS,17,HENRY,073,NORTHWEST,10,1990,1,99400,97000,4287900,44
ILLINOIS,17,HENRY,073,NORTHWEST,10,1991,1,109000,107900,4801550,44.5
ILLINOIS,17,HENRY,073,NORTHWEST,10,1992,1,116000,114100,5256900,46
ILLINOIS,17,HENRY,073,NORTHWEST,10,1993,1,108000,105000,4725000,45
ILLINOIS,17,HENRY,073,NORTHWEST,10,1994,1,119000,118200,6028200,51
ILLINOIS,17,HENRY,073,NORTHWEST,10,1995,1,132000,131200,5838400,44.5
ILLINOIS,17,HENRY,073,NORTHWEST,10,1996,1,138000,137100,6375150,46.5
ILLINOIS,17,HENRY,073,NORTHWEST,10,1997,1,141000,140500,6884500,49
ILLINOIS,17,HENRY,073,NORTHWEST,10,1998,1,152000,151400,8175600,54
ILLINOIS,17,HENRY,073,NORTHWEST,10,1999,1,166000,165000,7590000,46
ILLINOIS,17,HENRY,073,NORTHWEST,10,2000,1,178000,177700,8529600,48
ILLINOIS,17,HENRY,073,NORTHWEST,10,2001,1,180000,178200,8375400,47
ILLINOIS,17,HENRY,073,NORTHWEST,10,2002,1,180000,179500,9513500,53
ILLINOIS,17,HENRY,073,NORTHWEST,10,2003,1,174000,173300,5718900,33
ILLINOIS,17,HENRY,073,NORTHWEST,10,2004,1,166000,165500,8606000,52
ILLINOIS,17,HENRY,073,NORTHWEST,10,2005,1,160000,159300,7327800,46
ILLINOIS,17,HENRY,073,NORTHWEST,10,2006,1,175000,174200,8710000,50
ILLINOIS,17,HENRY,073,NORTHWEST,10,2007,1,142000,141700,7368400,52
ILLINOIS,17,HENRY,073,NORTHWEST,10,2008,1,154000,153700,7531300,49
ILLINOIS,17,HENRY,073,NORTHWEST,10,2009,1,156000,154300,7252100,47
ILLINOIS,17,HENRY,073,NORTHWEST,10,2010,1,152000,151300,8561000,56.6
ILLINOIS,17,HENRY,073,NORTHWEST,10,2011,1,146000,145700,8830000,60.6
ILLINOIS,17,HENRY,073,NORTHWEST,10,2012,1,150000,149400,7606000,50.9
ILLINOIS,17,HENRY,073,NORTHWEST,10,2013,1,163000,162800,8993000,55.2
ILLINOIS,17,HENRY,073,NORTHWEST,10,2014,1,169000,168500,9631000,57.2
ILLINOIS,17,HENRY,073,NORTHWEST,10,2015,1,174000,173900,10321000,59.4
ILLINOIS,17,HENRY,073,NORTHWEST,10,2016,1,170000,169800,10420000,61.4
ILLINOIS,17,HENRY,073,NORTHWEST,10,2017,1,177000,176500,10400000,58.9
ILLINOIS,17,HENRY,073,NORTHWEST,10,2018,1,174000,169300,10700000,63.2
ILLINOIS,17,HENRY,073,NORTHWEST,10,2019,1,150000,149500,7865000,52.6
ILLINOIS,17,HENRY,073,NORTHWEST,10,2020,1,171000,170300,10610000,62.3
ILLINOIS,17,HENRY,073,NORTHWEST,10,2021,1,173000,171500,11679000,68.1
ILLINOIS,17,HENRY,073,NORTHWEST,10,2022,1,183500,182900,12218000,66.8
ILLINOIS,17,HENRY,073,NORTHWEST,10,2023,1,172500,171600,11188000,65.2
ILLINOIS,17,IROQUOIS,075,EAST,50,1980,1,283300,282000,9608200,34
ILLINOIS,17,IROQUOIS,075,EAST,50,1981,1,270900,268000,10274400,38.5
ILLINOIS,17,IROQUOIS,075,EAST,50,1982,1,278800,278000,11759000,42.5
ILLINOIS,17,IROQUOIS,075,EAST,50,1983,1,277900,277500,10378900,37.5
ILLINOIS,17,IROQUOIS,075,EAST,50,1984,1,281900,279000,9516900,34
ILLINOIS,17,IROQUOIS,075,EAST,50,1985,1,272300,270000,13438300,50
ILLINOIS,17,IROQUOIS,075,EAST,50,1986,1,266300,266100,9434700,35.5
ILLINOIS,17,IROQUOIS,075,EAST,50,1987,1,269000,267000,10930100,41
ILLINOIS,17,IROQUOIS,075,EAST,50,1988,1,267100,266400,5759900,21.5
ILLINOIS,17,IROQUOIS,075,EAST,50,1989,1,273000,272600,12048300,44
ILLINOIS,17,IROQUOIS,075,EAST,50,1990,1,279000,278500,12037600,43
ILLINOIS,17,IROQUOIS,075,EAST,50,1991,1,275000,271300,7732050,28.5
ILLINOIS,17,IROQUOIS,075,EAST,50,1992,1,285000,284300,12935650,45.5
ILLINOIS,17,IROQUOIS,075,EAST,50,1993,1,274000,270000,10935000,40.5
ILLINOIS,17,IROQUOIS,075,EAST,50,1994,1,276000,274600,13180800,48
ILLINOIS,17,IROQUOIS,075,EAST,50,1995,1,278000,276600,10925700,39.5
ILLINOIS,17,IROQUOIS,075,EAST,50,1996,1,283000,281900,11980750,42.5
ILLINOIS,17,IROQUOIS,075,EAST,50,1997,1,285000,284000,13206000,46.5
ILLINOIS,17,IROQUOIS,075,EAST,50,1998,1,299000,297600,12648000,42.5
ILLINOIS,17,IROQUOIS,075,EAST,50,1999,1,296000,294600,14435400,49
ILLINOIS,17,IROQUOIS,075,EAST,50,2000,1,288000,287300,12641200,44
ILLINOIS,17,IROQUOIS,075,EAST,50,2001,1,292000,290100,14214900,49
ILLINOIS,17,IROQUOIS,075,EAST,50,2002,1,288000,286400,14892800,52
ILLINOIS,17,IROQUOIS,075,EAST,50,2003,1,278000,277300,8319000,30
ILLINOIS,17,IROQUOIS,075,EAST,50,2004,1,279000,277600,13602400,49
ILLINOIS,17,IROQUOIS,075,EAST,50,2005,1,261000,259900,13254900,51
ILLINOIS,17,IROQUOIS,075,EAST,50,2006,1,273000,271800,13590000,50
ILLINOIS,17,IROQUOIS,075,EAST,50,2007,1,218000,217900,11330800,52
ILLINOIS,17,IROQUOIS,075,EAST,50,2008,1,244000,243000,11421000,47
ILLINOIS,17,IROQUOIS,075,EAST,50,2009,1,247000,245000,12495000,51
ILLINOIS,17,IROQUOIS,075,EAST,50,2010,1,263000,262000,12071000,46.1
ILLINOIS,17,IROQUOIS,075,EAST,50,2011,1,254000,253500,11416000,45
ILLINOIS,17,IROQUOIS,075,EAST,50,2012,1,251000,250000,11173000,44.7
ILLINOIS,17,IROQUOIS,075,EAST,50,2013,1,249500,249500,12285000,49.2
ILLINOIS,17,IROQUOIS,075,EAST,50,2014,1,273500,272500,15547000,57.1
ILLINOIS,17,IROQUOIS,075,EAST,50,2015,1,274000,273500,14247000,52.1
ILLINOIS,17,IROQUOIS,075,EAST,50,2016,1,292000,290500,17182000,59.1
ILLINOIS,17,IROQUOIS,075,EAST,50,2017,1,290000,289000,16515000,57.1
ILLINOIS,17,IROQUOIS,075,EAST,50,2018,1,297000,289500,16012000,55.3
ILLINOIS,17,IROQUOIS,075,EAST,50,2019,1,274000,273500,12391000,45.3
ILLINOIS,17,IROQUOIS,075,EAST,50,2020,1,290500,289500,17370000,60
ILLINOIS,17,IROQUOIS,075,EAST,50,2021,1,291000,288500,16704000,57.9
ILLINOIS,17,IROQUOIS,075,EAST,50,2022,1,299500,298500,19044000,63.8
ILLINOIS,17,IROQUOIS,075,EAST,50,2023,1,289000,287500,18860000,65.6
ILLINOIS,17,IROQUOIS,075,EAST,50,2024,1,294500,293500,19166000,65.3
ILLINOIS,17,IROQUOIS,075,EAST,50,2025,1,286000,284000,19056000,67.1
ILLINOIS,17,JACKSON,077,SOUTHWEST,80,1980,1,81600,81000,1892400,23.5
ILLINOIS,17,JACKSON,077,SOUTHWEST,80,1981,1,75200,73000,2068100,28.5
ILLINOIS,17,JACKSON,077,SOUTHWEST,80,1982,1,72200,72000,2313900,32
ILLINOIS,17,JACKSON,077,SOUTHWEST,80,1983,1,63700,63000,1317100,21
ILLINOIS,17,JACKSON,077,SOUTHWEST,80,1984,1,59500,58000,1554700,27
ILLINOIS,17,JACKSON,077,SOUTHWEST,80,1985,1,64900,63000,1774400,28
ILLINOIS,17,JACKSON,077,SOUTHWEST,80,1986,1,62500,62100,2108700,34
ILLINOIS,17,JACKSON,077,SOUTHWEST,80,1987,1,56000,55200,1736100,31.5
ILLINOIS,17,JACKSON,077,SOUTHWEST,80,1988,1,57500,56600,1479900,26
ILLINOIS,17,JACKSON,077,SOUTHWEST,80,1989,1,54000,53100,1529400,29
ILLINOIS,17,JACKSON,077,SOUTHWEST,80,1990,1,49100,48800,1558000,32
ILLINOIS,17,JACKSON,077,SOUTHWEST,80,1991,1,48000,46800,1380600,29.5
ILLINOIS,17,JACKSON,077,SOUTHWEST,80,1992,1,56000,55400,1883600,34
ILLINOIS,17,JACKSON,077,SOUTHWEST,80,1993,1,53000,48000,1680000,35
ILLINOIS,17,JACKSON,077,SOUTHWEST,80,1994,1,61000,60500,2329250,38.5
ILLINOIS,17,JACKSON,077,SOUTHWEST,80,1995,1,63000,62700,1724250,27.5
ILLINOIS,17,JACKSON,077,SOUTHWEST,80,1996,1,66000,65600,2033600,31
ILLINOIS,17,JACKSON,077,SOUTHWEST,80,1997,1,73000,72500,2320000,32
ILLINOIS,17,JACKSON,077,SOUTHWEST,80,1998,1,73000,71600,2291200,32
ILLINOIS,17,JACKSON,077,SOUTHWEST,80,1999,1,81000,80700,2421000,30
ILLINOIS,17,JACKSON,077,SOUTHWEST,80,2000,1,76000,75900,2960100,39
ILLINOIS,17,JACKSON,077,SOUTHWEST,80,2001,1,74000,73000,3066000,42
ILLINOIS,17,JACKSON,077,SOUTHWEST,80,2002,1,86000,85500,2394000,28
ILLINOIS,17,JACKSON,077,SOUTHWEST,80,2003,1,79000,78700,2754500,35
ILLINOIS,17,JACKSON,077,SOUTHWEST,80,2004,1,78000,77800,3267600,42
ILLINOIS,17,JACKSON,077,SOUTHWEST,80,2005,1,78000,77600,3259200,42
ILLINOIS,17,JACKSON,077,SOUTHWEST,80,2006,1,81000,80300,3292300,41
ILLINOIS,17,JACKSON,077,SOUTHWEST,80,2007,1,76000,75800,2501400,33
ILLINOIS,17,JACKSON,077,SOUTHWEST,80,2008,1,74000,73400,3156200,43
ILLINOIS,17,JACKSON,077,SOUTHWEST,80,2009,1,81000,79100,3480400,44
ILLINOIS,17,JACKSON,077,SOUTHWEST,80,2010,1,79000,78600,3272000,41.6
ILLINOIS,17,JACKSON,077,SOUTHWEST,80,2011,1,67000,64500,2231000,34.6
ILLINOIS,17,JACKSON,077,SOUTHWEST,80,2012,1,73000,67700,2180000,32.2
ILLINOIS,17,JACKSON,077,SOUTHWEST,80,2013,1,79600,79600,3147000,39.5
ILLINOIS,17,JACKSON,077,SOUTHWEST,80,2014,1,86600,85600,4014000,46.9
ILLINOIS,17,JACKSON,077,SOUTHWEST,80,2017,1,96900,96700,4849000,50.1
ILLINOIS,17,JACKSON,077,SOUTHWEST,80,2018,1,96000,92600,4525000,48.9
ILLINOIS,17,JACKSON,077,SOUTHWEST,80,2019,1,69500,68900,2725000,39.6
ILLINOIS,17,JACKSON,077,SOUTHWEST,80,2020,1,86400,86000,4489000,52.2
ILLINOIS,17,JACKSON,077,SOUTHWEST,80,2021,1,88200,86900,4336000,49.9
ILLINOIS,17,JACKSON,077,SOUTHWEST,80,2022,1,92100,91700,4686000,51.1
ILLINOIS,17,JACKSON,077,SOUTHWEST,80,2024,1,90300,88900,4534000,51
ILLINOIS,17,JACKSON,077,SOUTHWEST,80,2025,1,83500,82900,3407000,41.1
ILLINOIS,17,JASPER,079,EAST SOUTHEAST,70,1980,1,121500,121000,4213400,35
ILLINOIS,17,JASPER,079,EAST SOUTHEAST,70,1981,1,119800,119000,4117100,34.5
ILLINOIS,17,JASPER,079,EAST SOUTHEAST,70,1982,1,112900,112500,3998900,35.5
ILLINOIS,17,JASPER,079,EAST SOUTHEAST,70,1983,1,119600,118500,2132000,18
ILLINOIS,17,JASPER,079,EAST SOUTHEAST,70,1984,1,125700,122000,3411500,28
ILLINOIS,17,JASPER,079,EAST SOUTHEAST,70,1985,1,114000,113000,4263600,37.5
ILLINOIS,17,JASPER,079,EAST SOUTHEAST,70,1986,1,106900,105600,4218700,40
ILLINOIS,17,JASPER,079,EAST SOUTHEAST,70,1987,1,108000,106900,3735800,35
ILLINOIS,17,JASPER,079,EAST SOUTHEAST,70,1988,1,103200,102000,2667000,26
ILLINOIS,17,JASPER,079,EAST SOUTHEAST,70,1989,1,93500,92800,3225900,35
ILLINOIS,17,JASPER,079,EAST SOUTHEAST,70,1990,1,104300,103900,3419200,33
ILLINOIS,17,JASPER,079,EAST SOUTHEAST,70,1991,1,103000,101800,3003100,29.5
ILLINOIS,17,JASPER,079,EAST SOUTHEAST,70,1992,1,109000,108100,4594250,42.5
ILLINOIS,17,JASPER,079,EAST SOUTHEAST,70,1993,1,105000,104000,4056000,39
ILLINOIS,17,JASPER,079,EAST SOUTHEAST,70,1994,1,108000,107200,4395200,41
ILLINOIS,17,JASPER,079,EAST SOUTHEAST,70,1995,1,120000,119300,4175500,35
ILLINOIS,17,JASPER,079,EAST SOUTHEAST,70,1996,1,124000,123800,4394900,35.5
ILLINOIS,17,JASPER,079,EAST SOUTHEAST,70,1997,1,109000,107100,4337550,40.5
ILLINOIS,17,JASPER,079,EAST SOUTHEAST,70,1998,1,113000,112800,4173600,37
ILLINOIS,17,JASPER,079,EAST SOUTHEAST,70,1999,1,111000,110600,3649800,33
ILLINOIS,17,JASPER,079,EAST SOUTHEAST,70,2000,1,120000,118500,5095500,43
ILLINOIS,17,JASPER,079,EAST SOUTHEAST,70,2001,1,123000,122300,5381200,44
ILLINOIS,17,JASPER,079,EAST SOUTHEAST,70,2002,1,123000,122700,4171800,34
ILLINOIS,17,JASPER,079,EAST SOUTHEAST,70,2003,1,116000,115900,4751900,41
ILLINOIS,17,JASPER,079,EAST SOUTHEAST,70,2004,1,117000,116500,5941500,51
ILLINOIS,17,JASPER,079,EAST SOUTHEAST,70,2005,1,114000,113500,4880500,43
ILLINOIS,17,JASPER,079,EAST SOUTHEAST,70,2006,1,124000,123500,5928000,48
ILLINOIS,17,JASPER,079,EAST SOUTHEAST,70,2007,1,108000,107800,4204200,39
ILLINOIS,17,JASPER,079,EAST SOUTHEAST,70,2008,1,125000,123600,5438400,44
ILLINOIS,17,JASPER,079,EAST SOUTHEAST,70,2009,1,126000,125800,4403000,35
ILLINOIS,17,JASPER,079,EAST SOUTHEAST,70,2010,1,114000,113300,5288000,46.7
ILLINOIS,17,JASPER,079,EAST SOUTHEAST,70,2011,1,112000,111900,4685000,41.9
ILLINOIS,17,JASPER,079,EAST SOUTHEAST,70,2012,1,108000,107200,4209000,39.3
ILLINOIS,17,JASPER,079,EAST SOUTHEAST,70,2013,1,109500,109400,4491000,41.1
ILLINOIS,17,JASPER,079,EAST SOUTHEAST,70,2014,1,115000,114300,6326000,55.3
ILLINOIS,17,JASPER,079,EAST SOUTHEAST,70,2015,1,113000,112700,5989000,53.1
ILLINOIS,17,JASPER,079,EAST SOUTHEAST,70,2016,1,126000,125500,7290000,58.1
ILLINOIS,17,JASPER,079,EAST SOUTHEAST,70,2017,1,117500,117000,6391000,54.6
ILLINOIS,17,JASPER,079,EAST SOUTHEAST,70,2018,1,127000,123600,7508000,60.7
ILLINOIS,17,JASPER,079,EAST SOUTHEAST,70,2019,1,118000,117300,6321000,53.9
ILLINOIS,17,JASPER,079,EAST SOUTHEAST,70,2020,1,119000,118400,6453000,54.5
ILLINOIS,17,JASPER,079,EAST SOUTHEAST,70,2022,1,123000,122600,6841000,55.8
ILLINOIS,17,JASPER,079,EAST SOUTHEAST,70,2023,1,110500,110000,6787000,61.7
ILLINOIS,17,JASPER,079,EAST SOUTHEAST,70,2025,1,117000,116200,6170000,53.1
ILLINOIS,17,JEFFERSON,081,SOUTHEAST,90,1980,1,87100,86000,1799500,21
ILLINOIS,17,JEFFERSON,081,SOUTHEAST,90,1981,1,90600,89500,2401100,27
ILLINOIS,17,JEFFERSON,081,SOUTHEAST,90,1982,1,93200,92500,2563100,27.5
ILLINOIS,17,JEFFERSON,081,SOUTHEAST,90,1983,1,83500,82000,1132100,14
ILLINOIS,17,JEFFERSON,081,SOUTHEAST,90,1984,1,85600,83000,1591400,19
ILLINOIS,17,JEFFERSON,081,SOUTHEAST,90,1985,1,80700,80000,2170000,27
ILLINOIS,17,JEFFERSON,081,SOUTHEAST,90,1986,1,76900,76800,2262700,29.5
ILLINOIS,17,JEFFERSON,081,SOUTHEAST,90,1987,1,71300,70500,2041400,29
ILLINOIS,17,JEFFERSON,081,SOUTHEAST,90,1988,1,65300,64000,1480300,23
ILLINOIS,17,JEFFERSON,081,SOUTHEAST,90,1989,1,68700,68300,1797600,26.5
ILLINOIS,17,JEFFERSON,081,SOUTHEAST,90,1990,1,71600,70900,1706400,24
ILLINOIS,17,JEFFERSON,081,SOUTHEAST,90,1991,1,65000,64400,1835400,28.5
ILLINOIS,17,JEFFERSON,081,SOUTHEAST,90,1992,1,66000,65500,2030500,31
ILLINOIS,17,JEFFERSON,081,SOUTHEAST,90,1993,1,66000,65500,2292500,35
ILLINOIS,17,JEFFERSON,081,SOUTHEAST,90,1994,1,68000,67300,2389150,35.5
ILLINOIS,17,JEFFERSON,081,SOUTHEAST,90,1995,1,75000,74600,2126100,28.5
ILLINOIS,17,JEFFERSON,081,SOUTHEAST,90,1996,1,72000,71700,2294400,32
ILLINOIS,17,JEFFERSON,081,SOUTHEAST,90,1997,1,73000,72700,2762600,38
ILLINOIS,17,JEFFERSON,081,SOUTHEAST,90,1998,1,83000,82600,2725800,33
ILLINOIS,17,JEFFERSON,081,SOUTHEAST,90,1999,1,82000,81600,2366400,29
ILLINOIS,17,JEFFERSON,081,SOUTHEAST,90,2000,1,82000,80500,3059000,38
ILLINOIS,17,JEFFERSON,081,SOUTHEAST,90,2001,1,89000,88400,3447600,39
ILLINOIS,17,JEFFERSON,081,SOUTHEAST,90,2002,1,89000,88200,2116800,24
ILLINOIS,17,JEFFERSON,081,SOUTHEAST,90,2003,1,82000,81800,1963200,24
ILLINOIS,17,JEFFERSON,081,SOUTHEAST,90,2004,1,86000,85000,3485000,41
ILLINOIS,17,JEFFERSON,081,SOUTHEAST,90,2005,1,83000,82300,3292000,40
ILLINOIS,17,JEFFERSON,081,SOUTHEAST,90,2006,1,93000,92400,3511200,38
ILLINOIS,17,JEFFERSON,081,SOUTHEAST,90,2007,1,75000,74600,1492000,20
ILLINOIS,17,JEFFERSON,081,SOUTHEAST,90,2008,1,94000,93800,3752000,40
ILLINOIS,17,JEFFERSON,081,SOUTHEAST,90,2009,1,94000,93100,2979200,32
ILLINOIS,17,JEFFERSON,081,SOUTHEAST,90,2010,1,81000,80800,3221000,39.9
ILLINOIS,17,JEFFERSON,081,SOUTHEAST,90,2011,1,82000,81100,2350000,29
ILLINOIS,17,JEFFERSON,081,SOUTHEAST,90,2012,1,86000,78300,2118000,27
ILLINOIS,17,JEFFERSON,081,SOUTHEAST,90,2013,1,94600,94400,3641000,38.6
ILLINOIS,17,JEFFERSON,081,SOUTHEAST,90,2014,1,91200,90900,4132000,45.5
ILLINOIS,17,JEFFERSON,081,SOUTHEAST,90,2015,1,82900,82200,3457000,42.1
ILLINOIS,17,JEFFERSON,081,SOUTHEAST,90,2016,1,101500,101000,4884000,48.4
ILLINOIS,17,JEFFERSON,081,SOUTHEAST,90,2017,1,100500,100000,4085000,40.9
ILLINOIS,17,JEFFERSON,081,SOUTHEAST,90,2018,1,110000,107300,5511000,51.4
ILLINOIS,17,JEFFERSON,081,SOUTHEAST,90,2019,1,101000,100500,3756000,37.4
ILLINOIS,17,JEFFERSON,081,SOUTHEAST,90,2020,1,101000,100500,4784000,47.6
ILLINOIS,17,JEFFERSON,081,SOUTHEAST,90,2021,1,103000,102100,4870000,47.7
ILLINOIS,17,JEFFERSON,081,SOUTHEAST,90,2022,1,106500,106100,5103000,48.1
ILLINOIS,17,JEFFERSON,081,SOUTHEAST,90,2023,1,99300,98900,4797000,48.5
ILLINOIS,17,JEFFERSON,081,SOUTHEAST,90,2024,1,112000,111100,5177000,46.6
ILLINOIS,17,JEFFERSON,081,SOUTHEAST,90,2025,1,102000,101000,4020000,39.8
ILLINOIS,17,JERSEY,083,WEST SOUTHWEST,60,1980,1,57300,57000,1611000,28.5
ILLINOIS,17,JERSEY,083,WEST SOUTHWEST,60,1981,1,50400,50000,1948700,39
ILLINOIS,17,JERSEY,083,WEST SOUTHWEST,60,1982,1,55700,55500,2245000,40.5
ILLINOIS,17,JERSEY,083,WEST SOUTHWEST,60,1983,1,55900,55500,1275400,23
ILLINOIS,17,JERSEY,083,WEST SOUTHWEST,60,1984,1,55300,53000,1356600,25.5
ILLINOIS,17,JERSEY,083,WEST SOUTHWEST,60,1985,1,56400,56000,2278800,40.5
ILLINOIS,17,JERSEY,083,WEST SOUTHWEST,60,1986,1,58100,57800,2135900,37
ILLINOIS,17,JERSEY,083,WEST SOUTHWEST,60,1987,1,53500,52300,1932100,37
ILLINOIS,17,JERSEY,083,WEST SOUTHWEST,60,1988,1,52200,51000,1487300,29
ILLINOIS,17,JERSEY,083,WEST SOUTHWEST,60,1989,1,50900,50000,1837400,36.5
ILLINOIS,17,JERSEY,083,WEST SOUTHWEST,60,1990,1,51500,51500,1796000,35
ILLINOIS,17,JERSEY,083,WEST SOUTHWEST,60,1991,1,54000,53600,2090400,39
ILLINOIS,17,JERSEY,083,WEST SOUTHWEST,60,1992,1,51000,50700,2078700,41
ILLINOIS,17,JERSEY,083,WEST SOUTHWEST,60,1993,1,51000,47000,2044500,43.5
ILLINOIS,17,JERSEY,083,WEST SOUTHWEST,60,1994,1,55000,54400,2230400,41
ILLINOIS,17,JERSEY,083,WEST SOUTHWEST,60,1995,1,55000,54700,2105950,38.5
ILLINOIS,17,JERSEY,083,WEST SOUTHWEST,60,1996,1,53000,52900,2248250,42.5
ILLINOIS,17,JERSEY,083,WEST SOUTHWEST,60,1997,1,53000,51800,2046100,39.5
ILLINOIS,17,JERSEY,083,WEST SOUTHWEST,60,1998,1,55000,54700,2406800,44
ILLINOIS,17,JERSEY,083,WEST SOUTHWEST,60,1999,1,58000,57700,2250300,39
ILLINOIS,17,JERSEY,083,WEST SOUTHWEST,60,2000,1,59000,58900,2768300,47
ILLINOIS,17,JERSEY,083,WEST SOUTHWEST,60,2001,1,58000,57700,2481100,43
ILLINOIS,17,JERSEY,083,WEST SOUTHWEST,60,2002,1,59000,58700,2700200,46
ILLINOIS,17,JERSEY,083,WEST SOUTHWEST,60,2003,1,56000,55900,2180100,39
ILLINOIS,17,JERSEY,083,WEST SOUTHWEST,60,2004,1,56000,55700,2840700,51
ILLINOIS,17,JERSEY,083,WEST SOUTHWEST,60,2005,1,54000,53800,2259600,42
ILLINOIS,17,JERSEY,083,WEST SOUTHWEST,60,2006,1,57000,56600,2603600,46
ILLINOIS,17,JERSEY,083,WEST SOUTHWEST,60,2007,1,44000,43700,1660600,38
ILLINOIS,17,JERSEY,083,WEST SOUTHWEST,60,2008,1,54000,50700,2382900,47
ILLINOIS,17,JERSEY,083,WEST SOUTHWEST,60,2009,1,52000,51500,2214500,43
ILLINOIS,17,JERSEY,083,WEST SOUTHWEST,60,2010,1,47000,46400,2420000,52.2
ILLINOIS,17,JERSEY,083,WEST SOUTHWEST,60,2011,1,44000,43900,2050000,46.7
ILLINOIS,17,JERSEY,083,WEST SOUTHWEST,60,2012,1,46000,45800,2033000,44.4
ILLINOIS,17,JERSEY,083,WEST SOUTHWEST,60,2013,1,49300,49300,2579000,52.3
ILLINOIS,17,JERSEY,083,WEST SOUTHWEST,60,2014,1,47900,47800,2424000,50.7
ILLINOIS,17,JERSEY,083,WEST SOUTHWEST,60,2015,1,50300,50100,2691000,53.7
ILLINOIS,17,JERSEY,083,WEST SOUTHWEST,60,2016,1,51500,51300,2835000,55.3
ILLINOIS,17,JERSEY,083,WEST SOUTHWEST,60,2017,1,55800,55200,3142000,56.9
ILLINOIS,17,JERSEY,083,WEST SOUTHWEST,60,2019,1,52500,51000,3064000,60.1
ILLINOIS,17,JERSEY,083,WEST SOUTHWEST,60,2020,1,56300,56100,3663000,65.3
ILLINOIS,17,JERSEY,083,WEST SOUTHWEST,60,2022,1,57800,57600,3640000,63.2
ILLINOIS,17,JERSEY,083,WEST SOUTHWEST,60,2023,1,52300,52100,3334000,64
ILLINOIS,17,JERSEY,083,WEST SOUTHWEST,60,2024,1,54500,54300,3459000,63.7
ILLINOIS,17,JO DAVIESS,085,NORTHWEST,10,1980,1,6000,6000,228000,38
ILLINOIS,17,JO DAVIESS,085,NORTHWEST,10,1981,1,6100,6100,222400,36.5
ILLINOIS,17,JO DAVIESS,085,NORTHWEST,10,1982,1,5700,5600,212700,38
ILLINOIS,17,JO DAVIESS,085,NORTHWEST,10,1983,1,5300,5200,197400,38
ILLINOIS,17,JO DAVIESS,085,NORTHWEST,10,1984,1,8300,8000,269300,33.5
ILLINOIS,17,JO DAVIESS,085,NORTHWEST,10,1985,1,8000,8000,322000,40.5
ILLINOIS,17,JO DAVIESS,085,NORTHWEST,10,1986,1,8400,8400,306200,36.5
ILLINOIS,17,JO DAVIESS,085,NORTHWEST,10,1987,1,8900,8800,386600,44
ILLINOIS,17,JO DAVIESS,085,NORTHWEST,10,1988,1,10600,10200,287200,28
ILLINOIS,17,JO DAVIESS,085,NORTHWEST,10,1989,1,9100,9000,366500,40.5
ILLINOIS,17,JO DAVIESS,085,NORTHWEST,10,1990,1,10000,9900,442500,44.5
ILLINOIS,17,JO DAVIESS,085,NORTHWEST,10,1991,1,10000,9900,529650,53.5
ILLINOIS,17,JO DAVIESS,085,NORTHWEST,10,1992,1,11000,10900,441450,40.5
ILLINOIS,17,JO DAVIESS,085,NORTHWEST,10,1993,1,13000,12000,414000,34.5
ILLINOIS,17,JO DAVIESS,085,NORTHWEST,10,1994,1,13000,12700,641350,50.5
ILLINOIS,17,JO DAVIESS,085,NORTHWEST,10,1995,1,17000,16900,861900,51
ILLINOIS,17,JO DAVIESS,085,NORTHWEST,10,1996,1,22000,21500,999750,46.5
ILLINOIS,17,JO DAVIESS,085,NORTHWEST,10,1997,1,20000,19900,985050,49.5
ILLINOIS,17,JO DAVIESS,085,NORTHWEST,10,1998,1,33000,32900,1875300,57
ILLINOIS,17,JO DAVIESS,085,NORTHWEST,10,1999,1,37000,36800,1950400,53
ILLINOIS,17,JO DAVIESS,085,NORTHWEST,10,2000,1,38000,37900,1819200,48
ILLINOIS,17,JO DAVIESS,085,NORTHWEST,10,2001,1,44000,43700,2141300,49
ILLINOIS,17,JO DAVIESS,085,NORTHWEST,10,2002,1,43000,42600,2257800,53
ILLINOIS,17,JO DAVIESS,085,NORTHWEST,10,2003,1,46000,45900,1193400,26
ILLINOIS,17,JO DAVIESS,085,NORTHWEST,10,2004,1,45000,44900,2334800,52
ILLINOIS,17,JO DAVIESS,085,NORTHWEST,10,2005,1,41000,40800,2162400,53
ILLINOIS,17,JO DAVIESS,085,NORTHWEST,10,2006,1,44000,43800,2365200,54
ILLINOIS,17,JO DAVIESS,085,NORTHWEST,10,2007,1,30000,29800,1579400,53
ILLINOIS,17,JO DAVIESS,085,NORTHWEST,10,2008,1,37000,36600,1573800,43
ILLINOIS,17,JO DAVIESS,085,NORTHWEST,10,2009,1,38000,37400,1720400,46
ILLINOIS,17,JO DAVIESS,085,NORTHWEST,10,2010,1,33000,32600,1796000,55.1
ILLINOIS,17,JO DAVIESS,085,NORTHWEST,10,2011,1,31000,30900,1882000,60.9
ILLINOIS,17,JO DAVIESS,085,NORTHWEST,10,2012,1,34000,33700,1196000,35.5
ILLINOIS,17,JO DAVIESS,085,NORTHWEST,10,2013,1,36200,36200,1800000,49.7
ILLINOIS,17,JO DAVIESS,085,NORTHWEST,10,2014,1,41000,40500,2261000,55.8
ILLINOIS,17,JO DAVIESS,085,NORTHWEST,10,2015,1,43800,43400,2400000,55.3
ILLINOIS,17,JO DAVIESS,085,NORTHWEST,10,2016,1,42900,42600,2580000,60.6
ILLINOIS,17,JO DAVIESS,085,NORTHWEST,10,2017,1,47200,46800,2500000,53.4
ILLINOIS,17,JO DAVIESS,085,NORTHWEST,10,2019,1,39600,39500,2197000,55.6
ILLINOIS,17,JO DAVIESS,085,NORTHWEST,10,2020,1,37200,37000,2187000,59.1
ILLINOIS,17,JO DAVIESS,085,NORTHWEST,10,2021,1,44900,44500,2610000,58.7
ILLINOIS,17,JO DAVIESS,085,NORTHWEST,10,2022,1,52300,52100,3260000,62.6
ILLINOIS,17,JO DAVIESS,085,NORTHWEST,10,2023,1,47300,47100,2600000,55.2
ILLINOIS,17,JO DAVIESS,085,NORTHWEST,10,2024,1,46800,46700,2522000,54
ILLINOIS,17,JO DAVIESS,085,NORTHWEST,10,2025,1,44400,44100,2805000,63.6
ILLINOIS,17,JOHNSON,087,SOUTHWEST,80,1980,1,13600,13500,241600,18
ILLINOIS,17,JOHNSON,087,SOUTHWEST,80,1981,1,11700,11200,305800,27.5
ILLINOIS,17,JOHNSON,087,SOUTHWEST,80,1982,1,12800,12500,351500,28
ILLINOIS,17,JOHNSON,087,SOUTHWEST,80,1983,1,11300,11000,179500,16.5
ILLINOIS,17,JOHNSON,087,SOUTHWEST,80,1984,1,12000,11500,286200,25
ILLINOIS,17,JOHNSON,087,SOUTHWEST,80,1985,1,12900,12000,386300,32
ILLINOIS,17,JOHNSON,087,SOUTHWEST,80,1986,1,13200,13100,405600,31
ILLINOIS,17,JOHNSON,087,SOUTHWEST,80,1987,1,12300,12200,268000,22
ILLINOIS,17,JOHNSON,087,SOUTHWEST,80,1988,1,12700,12300,334000,27
ILLINOIS,17,JOHNSON,087,SOUTHWEST,80,1989,1,13000,12700,378400,30
ILLINOIS,17,JOHNSON,087,SOUTHWEST,80,1990,1,12500,12300,350400,28.5
ILLINOIS,17,JOHNSON,087,SOUTHWEST,80,1991,1,9000,8800,184800,21
ILLINOIS,17,JOHNSON,087,SOUTHWEST,80,1992,1,11000,10800,361800,33.5
ILLINOIS,17,JOHNSON,087,SOUTHWEST,80,1993,1,10000,9500,294500,31
ILLINOIS,17,JOHNSON,087,SOUTHWEST,80,1994,1,10000,9700,334650,34.5
ILLINOIS,17,JOHNSON,087,SOUTHWEST,80,1995,1,10000,9900,287100,29
ILLINOIS,17,JOHNSON,087,SOUTHWEST,80,1996,1,15000,14900,454450,30.5
ILLINOIS,17,JOHNSON,087,SOUTHWEST,80,1997,1,15000,14900,514050,34.5
ILLINOIS,17,JOHNSON,087,SOUTHWEST,80,1998,1,14000,13900,465650,33.5
ILLINOIS,17,JOHNSON,087,SOUTHWEST,80,1999,1,14000,13900,417000,30
ILLINOIS,17,JOHNSON,087,SOUTHWEST,80,2000,1,15000,14900,536400,36
ILLINOIS,17,JOHNSON,087,SOUTHWEST,80,2001,1,18000,17900,733900,41
ILLINOIS,17,JOHNSON,087,SOUTHWEST,80,2002,1,18000,17800,480600,27
ILLINOIS,17,JOHNSON,087,SOUTHWEST,80,2003,1,14000,13900,597700,43
ILLINOIS,17,JOHNSON,087,SOUTHWEST,80,2004,1,16000,15900,699600,44
ILLINOIS,17,JOHNSON,087,SOUTHWEST,80,2005,1,15000,14900,566200,38
ILLINOIS,17,JOHNSON,087,SOUTHWEST,80,2006,1,16000,15900,667800,42
ILLINOIS,17,JOHNSON,087,SOUTHWEST,80,2007,1,11000,10900,359700,33
ILLINOIS,17,JOHNSON,087,SOUTHWEST,80,2008,1,16000,15900,620100,39
ILLINOIS,17,JOHNSON,087,SOUTHWEST,80,2009,1,18000,17600,668800,38
ILLINOIS,17,JOHNSON,087,SOUTHWEST,80,2010,1,16000,15900,497000,31.3
ILLINOIS,17,JOHNSON,087,SOUTHWEST,80,2011,1,18000,17900,662000,37
ILLINOIS,17,JOHNSON,087,SOUTHWEST,80,2014,1,18600,18500,740000,40
ILLINOIS,17,JOHNSON,087,SOUTHWEST,80,2015,1,18600,18400,759000,41.3
ILLINOIS,17,JOHNSON,087,SOUTHWEST,80,2017,1,22600,22400,1076000,48
ILLINOIS,17,JOHNSON,087,SOUTHWEST,80,2020,1,22700,21800,998000,45.8
ILLINOIS,17,JOHNSON,087,SOUTHWEST,80,2021,1,23300,23100,1012000,43.8
ILLINOIS,17,JOHNSON,087,SOUTHWEST,80,2022,1,25200,25000,1128000,45.1
ILLINOIS,17,JOHNSON,087,SOUTHWEST,80,2025,1,18600,18200,619000,34
ILLINOIS,17,KANE,089,NORTHEAST,20,1980,1,72300,72000,2862900,40
ILLINOIS,17,KANE,089,NORTHEAST,20,1981,1,65400,65000,2762000,42.5
ILLINOIS,17,KANE,089,NORTHEAST,20,1982,1,68700,68500,2679500,39
ILLINOIS,17,KANE,089,NORTHEAST,20,1983,1,65500,65000,2460100,38
ILLINOIS,17,KANE,089,NORTHEAST,20,1984,1,67800,67000,2253800,33.5
ILLINOIS,17,KANE,089,NORTHEAST,20,1985,1,59400,59000,2465700,42
ILLINOIS,17,KANE,089,NORTHEAST,20,1986,1,55900,55500,2106300,38
ILLINOIS,17,KANE,089,NORTHEAST,20,1987,1,52700,52200,2397500,46
ILLINOIS,17,KANE,089,NORTHEAST,20,1988,1,50400,49400,1763600,35.5
ILLINOIS,17,KANE,089,NORTHEAST,20,1989,1,53600,53300,2276300,42.5
ILLINOIS,17,KANE,089,NORTHEAST,20,1990,1,48900,47000,2054600,43.5
ILLINOIS,17,KANE,089,NORTHEAST,20,1991,1,61000,60700,2579750,42.5
ILLINOIS,17,KANE,089,NORTHEAST,20,1992,1,63000,62700,2633400,42
ILLINOIS,17,KANE,089,NORTHEAST,20,1993,1,65000,64000,2624000,41
ILLINOIS,17,KANE,089,NORTHEAST,20,1994,1,69000,68600,3498600,51
ILLINOIS,17,KANE,089,NORTHEAST,20,1995,1,67000,66700,3101550,46.5
ILLINOIS,17,KANE,089,NORTHEAST,20,1996,1,71000,69600,2436000,35
ILLINOIS,17,KANE,089,NORTHEAST,20,1997,1,76000,75600,3477600,46
ILLINOIS,17,KANE,089,NORTHEAST,20,1998,1,82000,81900,4217850,51.5
ILLINOIS,17,KANE,089,NORTHEAST,20,1999,1,75000,74700,3585600,48
ILLINOIS,17,KANE,089,NORTHEAST,20,2000,1,69000,68700,2679300,39
ILLINOIS,17,KANE,089,NORTHEAST,20,2001,1,73000,72500,2972500,41
ILLINOIS,17,KANE,089,NORTHEAST,20,2002,1,72000,71500,2931500,41
ILLINOIS,17,KANE,089,NORTHEAST,20,2003,1,68000,67900,2444400,36
ILLINOIS,17,KANE,089,NORTHEAST,20,2004,1,57000,56400,2650800,47
ILLINOIS,17,KANE,089,NORTHEAST,20,2005,1,55000,54800,2246800,41
ILLINOIS,17,KANE,089,NORTHEAST,20,2006,1,53000,52700,2793100,53
ILLINOIS,17,KANE,089,NORTHEAST,20,2007,1,42000,41900,2095000,50
ILLINOIS,17,KANE,089,NORTHEAST,20,2008,1,44000,43800,1927200,44
ILLINOIS,17,KANE,089,NORTHEAST,20,2009,1,48000,47800,2103200,44
ILLINOIS,17,KANE,089,NORTHEAST,20,2010,1,48000,47700,2707000,56.8
ILLINOIS,17,KANE,089,NORTHEAST,20,2011,1,43000,42900,2467000,57.5
ILLINOIS,17,KANE,089,NORTHEAST,20,2012,1,44000,43700,2032000,46.5
ILLINOIS,17,KANE,089,NORTHEAST,20,2013,1,43200,43200,2462000,57
ILLINOIS,17,KANE,089,NORTHEAST,20,2014,1,50200,50100,2863000,57.1
ILLINOIS,17,KANE,089,NORTHEAST,20,2015,1,53400,53300,3059000,57.4
ILLINOIS,17,KANE,089,NORTHEAST,20,2016,1,57400,57200,3692000,64.5
ILLINOIS,17,KANE,089,NORTHEAST,20,2017,1,59300,59000,3165000,53.6
ILLINOIS,17,KANE,089,NORTHEAST,20,2018,1,59000,57400,3378000,58.9
ILLINOIS,17,KANE,089,NORTHEAST,20,2019,1,49800,49700,2499000,50.3
ILLINOIS,17,KANE,089,NORTHEAST,20,2020,1,54100,53900,3018000,56
ILLINOIS,17,KANE,089,NORTHEAST,20,2021,1,59200,58700,3974000,67.7
ILLINOIS,17,KANE,089,NORTHEAST,20,2022,1,59200,59000,3800000,64.4
ILLINOIS,17,KANE,089,NORTHEAST,20,2023,1,54900,54600,3320000,60.8
ILLINOIS,17,KANE,089,NORTHEAST,20,2024,1,54500,54400,3465000,63.7
ILLINOIS,17,KANE,089,NORTHEAST,20,2025,1,52400,52100,3366000,64.6
ILLINOIS,17,KANKAKEE,091,EAST,50,1980,1,150700,150000,5261000,35
ILLINOIS,17,KANKAKEE,091,EAST,50,1981,1,138100,137000,5459500,40
ILLINOIS,17,KANKAKEE,091,EAST,50,1982,1,144400,144000,5656000,39.5
ILLINOIS,17,KANKAKEE,091,EAST,50,1983,1,140700,140500,5326900,38
ILLINOIS,17,KANKAKEE,091,EAST,50,1984,1,145500,144000,4151000,29
ILLINOIS,17,KANKAKEE,091,EAST,50,1985,1,138300,137000,6061100,44
ILLINOIS,17,KANKAKEE,091,EAST,50,1986,1,134100,133900,5014900,37.5
ILLINOIS,17,KANKAKEE,091,EAST,50,1987,1,134100,133200,5253300,39.5
ILLINOIS,17,KANKAKEE,091,EAST,50,1988,1,132900,132200,2326600,17.5
ILLINOIS,17,KANKAKEE,091,EAST,50,1989,1,136000,135600,5791100,42.5
ILLINOIS,17,KANKAKEE,091,EAST,50,1990,1,145400,144700,6254300,43
ILLINOIS,17,KANKAKEE,091,EAST,50,1991,1,142000,140900,3663400,26
ILLINOIS,17,KANKAKEE,091,EAST,50,1992,1,140000,139200,6055200,43.5
ILLINOIS,17,KANKAKEE,091,EAST,50,1993,1,130000,128000,5312000,41.5
ILLINOIS,17,KANKAKEE,091,EAST,50,1994,1,133000,132000,5874000,44.5
ILLINOIS,17,KANKAKEE,091,EAST,50,1995,1,134000,133400,5135900,38.5
ILLINOIS,17,KANKAKEE,091,EAST,50,1996,1,142000,141800,5033900,35.5
ILLINOIS,17,KANKAKEE,091,EAST,50,1997,1,136000,135500,6029750,44.5
ILLINOIS,17,KANKAKEE,091,EAST,50,1998,1,161000,160300,7213500,45
ILLINOIS,17,KANKAKEE,091,EAST,50,1999,1,152000,151500,5908500,39
ILLINOIS,17,KANKAKEE,091,EAST,50,2000,1,148000,147800,6503200,44
ILLINOIS,17,KANKAKEE,091,EAST,50,2001,1,149000,148100,6516400,44
ILLINOIS,17,KANKAKEE,091,EAST,50,2002,1,150000,149600,6283200,42
ILLINOIS,17,KANKAKEE,091,EAST,50,2003,1,135000,134600,4441800,33
ILLINOIS,17,KANKAKEE,091,EAST,50,2004,1,135000,134600,6595400,49
ILLINOIS,17,KANKAKEE,091,EAST,50,2005,1,124000,123200,5420800,44
ILLINOIS,17,KANKAKEE,091,EAST,50,2006,1,137000,136400,6410800,47
ILLINOIS,17,KANKAKEE,091,EAST,50,2007,1,103000,102900,5350800,52
ILLINOIS,17,KANKAKEE,091,EAST,50,2008,1,116000,115700,5437900,47
ILLINOIS,17,KANKAKEE,091,EAST,50,2009,1,113000,112800,5188800,46
ILLINOIS,17,KANKAKEE,091,EAST,50,2010,1,115000,114500,5162000,45.1
ILLINOIS,17,KANKAKEE,091,EAST,50,2011,1,112000,111700,5376000,48.1
ILLINOIS,17,KANKAKEE,091,EAST,50,2012,1,115000,114500,5018000,43.8
ILLINOIS,17,KANKAKEE,091,EAST,50,2013,1,111500,111400,5240000,47
ILLINOIS,17,KANKAKEE,091,EAST,50,2014,1,122000,121800,6516000,53.5
ILLINOIS,17,KANKAKEE,091,EAST,50,2015,1,129000,128900,5876000,45.6
ILLINOIS,17,KANKAKEE,091,EAST,50,2016,1,139000,138500,7733000,55.8
ILLINOIS,17,KANKAKEE,091,EAST,50,2017,1,140000,139500,7277000,52.2
ILLINOIS,17,KANKAKEE,091,EAST,50,2018,1,141000,137000,7431000,54.2
ILLINOIS,17,KANKAKEE,091,EAST,50,2019,1,121000,120400,6297000,52.3
ILLINOIS,17,KANKAKEE,091,EAST,50,2020,1,135500,134900,7393000,54.8
ILLINOIS,17,KANKAKEE,091,EAST,50,2021,1,138500,137300,8471000,61.7
ILLINOIS,17,KANKAKEE,091,EAST,50,2022,1,139000,138500,8268000,59.7
ILLINOIS,17,KANKAKEE,091,EAST,50,2023,1,138000,137300,8348000,60.8
ILLINOIS,17,KENDALL,093,NORTHEAST,20,1980,1,63300,63000,2409900,38.5
ILLINOIS,17,KENDALL,093,NORTHEAST,20,1981,1,60900,60500,2540200,42
ILLINOIS,17,KENDALL,093,NORTHEAST,20,1982,1,65000,64800,2534700,39
ILLINOIS,17,KENDALL,093,NORTHEAST,20,1983,1,61600,61500,2264800,37
ILLINOIS,17,KENDALL,093,NORTHEAST,20,1984,1,64200,63500,1708900,27
ILLINOIS,17,KENDALL,093,NORTHEAST,20,1985,1,63600,63000,2537700,40.5
ILLINOIS,17,KENDALL,093,NORTHEAST,20,1986,1,62100,61700,2310800,37.5
ILLINOIS,17,KENDALL,093,NORTHEAST,20,1987,1,58700,58100,2552500,44
ILLINOIS,17,KENDALL,093,NORTHEAST,20,1988,1,60400,60200,1967500,32.5
ILLINOIS,17,KENDALL,093,NORTHEAST,20,1989,1,60500,60300,2695000,44.5
ILLINOIS,17,KENDALL,093,NORTHEAST,20,1990,1,55700,55400,2367300,42.5
ILLINOIS,17,KENDALL,093,NORTHEAST,20,1991,1,60000,59900,1797000,30
ILLINOIS,17,KENDALL,093,NORTHEAST,20,1992,1,64000,63300,2943450,46.5
ILLINOIS,17,KENDALL,093,NORTHEAST,20,1993,1,63000,62700,2946900,47
ILLINOIS,17,KENDALL,093,NORTHEAST,20,1994,1,65000,64600,3262300,50.5
ILLINOIS,17,KENDALL,093,NORTHEAST,20,1995,1,66000,65900,2701900,41
ILLINOIS,17,KENDALL,093,NORTHEAST,20,1996,1,68000,66800,2304600,34.5
ILLINOIS,17,KENDALL,093,NORTHEAST,20,1997,1,67000,66800,2705400,40.5
ILLINOIS,17,KENDALL,093,NORTHEAST,20,1998,1,69000,68900,3582800,52
ILLINOIS,17,KENDALL,093,NORTHEAST,20,1999,1,71000,70700,3181500,45
ILLINOIS,17,KENDALL,093,NORTHEAST,20,2000,1,72000,71800,2943800,41
ILLINOIS,17,KENDALL,093,NORTHEAST,20,2001,1,73000,72500,3045000,42
ILLINOIS,17,KENDALL,093,NORTHEAST,20,2002,1,69000,68400,2599200,38
ILLINOIS,17,KENDALL,093,NORTHEAST,20,2003,1,69000,68100,2383500,35
ILLINOIS,17,KENDALL,093,NORTHEAST,20,2004,1,62000,61800,3213600,52
ILLINOIS,17,KENDALL,093,NORTHEAST,20,2005,1,61000,60700,2488700,41
ILLINOIS,17,KENDALL,093,NORTHEAST,20,2006,1,64000,63600,3370800,53
ILLINOIS,17,KENDALL,093,NORTHEAST,20,2007,1,49000,48800,2440000,50
ILLINOIS,17,KENDALL,093,NORTHEAST,20,2008,1,50000,49800,2340600,47
ILLINOIS,17,KENDALL,093,NORTHEAST,20,2009,1,52000,51900,2439300,47
ILLINOIS,17,KENDALL,093,NORTHEAST,20,2010,1,51000,50700,2622000,51.7
ILLINOIS,17,KENDALL,093,NORTHEAST,20,2011,1,45000,44800,2437000,54.4
ILLINOIS,17,KENDALL,093,NORTHEAST,20,2012,1,46000,45500,1979000,43.5
ILLINOIS,17,KENDALL,093,NORTHEAST,20,2013,1,51300,51200,2652000,51.8
ILLINOIS,17,KENDALL,093,NORTHEAST,20,2017,1,64500,64200,3780000,58.9
ILLINOIS,17,KENDALL,093,NORTHEAST,20,2018,1,61000,59400,3612000,60.8
ILLINOIS,17,KENDALL,093,NORTHEAST,20,2019,1,51000,50800,2915000,57.4
ILLINOIS,17,KENDALL,093,NORTHEAST,20,2020,1,60300,60000,3450000,57.5
ILLINOIS,17,KENDALL,093,NORTHEAST,20,2021,1,62500,62000,4111000,66.3
ILLINOIS,17,KENDALL,093,NORTHEAST,20,2023,1,58900,58600,3592000,61.3
ILLINOIS,17,KNOX,095,WEST,30,1980,1,79500,79000,3140700,40
ILLINOIS,17,KNOX,095,WEST,30,1981,1,84600,84000,3706000,44
ILLINOIS,17,KNOX,095,WEST,30,1982,1,80400,80000,3426400,43
ILLINOIS,17,KNOX,095,WEST,30,1983,1,83200,83000,3209600,38.5
ILLINOIS,17,KNOX,095,WEST,30,1984,1,78300,77500,2930500,38
ILLINOIS,17,KNOX,095,WEST,30,1985,1,86800,86000,3841500,44.5
ILLINOIS,17,KNOX,095,WEST,30,1986,1,85700,85500,4013400,47
ILLINOIS,17,KNOX,095,WEST,30,1987,1,84000,83500,3543300,42.5
ILLINOIS,17,KNOX,095,WEST,30,1988,1,85400,85200,2956000,34.5
ILLINOIS,17,KNOX,095,WEST,30,1989,1,96000,95800,4186500,43.5
ILLINOIS,17,KNOX,095,WEST,30,1990,1,100800,99300,4389600,44
ILLINOIS,17,KNOX,095,WEST,30,1991,1,118000,116800,6132000,52.5
ILLINOIS,17,KNOX,095,WEST,30,1992,1,127000,126000,5859000,46.5
ILLINOIS,17,KNOX,095,WEST,30,1993,1,116000,113000,5254500,46.5
ILLINOIS,17,KNOX,095,WEST,30,1994,1,116000,115100,5927650,51.5
ILLINOIS,17,KNOX,095,WEST,30,1995,1,123000,122600,5333100,43.5
ILLINOIS,17,KNOX,095,WEST,30,1996,1,125000,124800,5928000,47.5
ILLINOIS,17,KNOX,095,WEST,30,1997,1,127000,126600,6519900,51.5
ILLINOIS,17,KNOX,095,WEST,30,1998,1,133000,132900,7243050,54.5
ILLINOIS,17,KNOX,095,WEST,30,1999,1,135000,134400,6720000,50
ILLINOIS,17,KNOX,095,WEST,30,2000,1,134000,133700,6417600,48
ILLINOIS,17,KNOX,095,WEST,30,2001,1,136000,135200,6489600,48
ILLINOIS,17,KNOX,095,WEST,30,2002,1,137000,136700,6971700,51
ILLINOIS,17,KNOX,095,WEST,30,2003,1,134000,133700,5214300,39
ILLINOIS,17,KNOX,095,WEST,30,2004,1,122000,121700,6693500,55
ILLINOIS,17,KNOX,095,WEST,30,2005,1,121000,120400,5418000,45
ILLINOIS,17,KNOX,095,WEST,30,2006,1,126000,125500,6275000,50
ILLINOIS,17,KNOX,095,WEST,30,2007,1,106000,105700,5390700,51
ILLINOIS,17,KNOX,095,WEST,30,2008,1,110000,109900,5824700,53
ILLINOIS,17,KNOX,095,WEST,30,2009,1,114000,113800,5348600,47
ILLINOIS,17,KNOX,095,WEST,30,2010,1,109000,108400,6362000,58.7
ILLINOIS,17,KNOX,095,WEST,30,2011,1,109000,108900,6740000,61.9
ILLINOIS,17,KNOX,095,WEST,30,2012,1,117000,116400,6504000,55.9
ILLINOIS,17,KNOX,095,WEST,30,2013,1,122500,122300,6924000,56.6
ILLINOIS,17,KNOX,095,WEST,30,2014,1,128000,127900,7299000,57.1
ILLINOIS,17,KNOX,095,WEST,30,2015,1,125000,124900,7892000,63.2
ILLINOIS,17,KNOX,095,WEST,30,2016,1,127000,126800,8064000,63.6
ILLINOIS,17,KNOX,095,WEST,30,2017,1,130500,130200,8292000,63.7
ILLINOIS,17,KNOX,095,WEST,30,2018,1,128000,124800,8001000,64.1
ILLINOIS,17,KNOX,095,WEST,30,2019,1,128500,127500,7133000,55.9
ILLINOIS,17,KNOX,095,WEST,30,2020,1,130500,129900,8301000,63.9
ILLINOIS,17,KNOX,095,WEST,30,2021,1,129000,127900,8748000,68.4
ILLINOIS,17,KNOX,095,WEST,30,2022,1,134000,133600,8951000,67
ILLINOIS,17,KNOX,095,WEST,30,2023,1,130000,129400,8295000,64.1
ILLINOIS,17,KNOX,095,WEST,30,2024,1,134500,134000,9058000,67.6
ILLINOIS,17,KNOX,095,WEST,30,2025,1,127500,126700,8742000,69
ILLINOIS,17,LA SALLE,099,NORTHEAST,20,1980,1,230100,229000,9105900,40
ILLINOIS,17,LA SALLE,099,NORTHEAST,20,1981,1,243800,242000,10528100,43.5
ILLINOIS,17,LA SALLE,099,NORTHEAST,20,1982,1,241500,240500,9648700,40
ILLINOIS,17,LA SALLE,099,NORTHEAST,20,1983,1,238300,238000,9494700,40
ILLINOIS,17,LA SALLE,099,NORTHEAST,20,1984,1,238600,236000,8959600,38
ILLINOIS,17,LA SALLE,099,NORTHEAST,20,1985,1,231600,230000,10306700,45
ILLINOIS,17,LA SALLE,099,NORTHEAST,20,1986,1,234800,233900,10161800,43.5
ILLINOIS,17,LA SALLE,099,NORTHEAST,20,1987,1,230600,228500,9924500,43.5
ILLINOIS,17,LA SALLE,099,NORTHEAST,20,1988,1,232400,231400,6283100,27
ILLINOIS,17,LA SALLE,099,NORTHEAST,20,1989,1,243000,240800,10762400,44.5
ILLINOIS,17,LA SALLE,099,NORTHEAST,20,1990,1,248600,232600,10167900,43.5
ILLINOIS,17,LA SALLE,099,NORTHEAST,20,1991,1,238000,235800,8488600,36
ILLINOIS,17,LA SALLE,099,NORTHEAST,20,1992,1,253000,252000,11342650,45
ILLINOIS,17,LA SALLE,099,NORTHEAST,20,1993,1,252000,250000,11375000,45.5
ILLINOIS,17,LA SALLE,099,NORTHEAST,20,1994,1,255000,253700,12938700,51
ILLINOIS,17,LA SALLE,099,NORTHEAST,20,1995,1,251000,250900,10286900,41
ILLINOIS,17,LA SALLE,099,NORTHEAST,20,1996,1,251000,250300,10137150,40.5
ILLINOIS,17,LA SALLE,099,NORTHEAST,20,1997,1,258000,256900,11688950,45.5
ILLINOIS,17,LA SALLE,099,NORTHEAST,20,1998,1,279000,278300,13219250,47.5
ILLINOIS,17,LA SALLE,099,NORTHEAST,20,1999,1,260000,259000,11655000,45
ILLINOIS,17,LA SALLE,099,NORTHEAST,20,2000,1,254000,253300,11398500,45
ILLINOIS,17,LA SALLE,099,NORTHEAST,20,2001,1,263000,261200,12015200,46
ILLINOIS,17,LA SALLE,099,NORTHEAST,20,2002,1,250000,248300,11173500,45
ILLINOIS,17,LA SALLE,099,NORTHEAST,20,2003,1,250000,247400,8411600,34
ILLINOIS,17,LA SALLE,099,NORTHEAST,20,2004,1,235000,234400,11954400,51
ILLINOIS,17,LA SALLE,099,NORTHEAST,20,2005,1,226000,225100,10579700,47
ILLINOIS,17,LA SALLE,099,NORTHEAST,20,2006,1,234000,233000,12349000,53
ILLINOIS,17,LA SALLE,099,NORTHEAST,20,2007,1,195000,194600,8951600,46
ILLINOIS,17,LA SALLE,099,NORTHEAST,20,2008,1,196000,194600,9340800,48
ILLINOIS,17,LA SALLE,099,NORTHEAST,20,2009,1,218000,217500,10005000,46
ILLINOIS,17,LA SALLE,099,NORTHEAST,20,2010,1,212000,211000,11000000,52.1
ILLINOIS,17,LA SALLE,099,NORTHEAST,20,2011,1,207000,206000,12217000,59.3
ILLINOIS,17,LA SALLE,099,NORTHEAST,20,2012,1,216000,215000,10670000,49.6
ILLINOIS,17,LA SALLE,099,NORTHEAST,20,2013,1,231500,231000,12814000,55.5
ILLINOIS,17,LA SALLE,099,NORTHEAST,20,2014,1,241500,240500,14530000,60.4
ILLINOIS,17,LA SALLE,099,NORTHEAST,20,2015,1,242000,241000,13999000,58.1
ILLINOIS,17,LA SALLE,099,NORTHEAST,20,2016,1,246500,245000,14999000,61.2
ILLINOIS,17,LA SALLE,099,NORTHEAST,20,2017,1,252500,252000,15323000,60.8
ILLINOIS,17,LA SALLE,099,NORTHEAST,20,2018,1,258000,251000,16835000,67.1
ILLINOIS,17,LA SALLE,099,NORTHEAST,20,2019,1,242000,240500,13315000,55.4
ILLINOIS,17,LA SALLE,099,NORTHEAST,20,2020,1,253500,252500,14973000,59.3
ILLINOIS,17,LA SALLE,099,NORTHEAST,20,2022,1,261000,260000,17082000,65.7
ILLINOIS,17,LA SALLE,099,NORTHEAST,20,2023,1,259500,258000,16718000,64.8
ILLINOIS,17,LA SALLE,099,NORTHEAST,20,2024,1,258500,257500,17253000,67
ILLINOIS,17,LA SALLE,099,NORTHEAST,20,2025,1,256000,254500,18070000,71
ILLINOIS,17,LAKE,097,NORTHEAST,20,1980,1,26100,26000,824400,31.5
ILLINOIS,17,LAKE,097,NORTHEAST,20,1981,1,24800,24500,830400,34
ILLINOIS,17,LAKE,097,NORTHEAST,20,1982,1,26100,26000,821400,31.5
ILLINOIS,17,LAKE,097,NORTHEAST,20,1983,1,20500,20500,639600,31
ILLINOIS,17,LAKE,097,NORTHEAST,20,1984,1,22300,22000,592000,27
ILLINOIS,17,LAKE,097,NORTHEAST,20,1985,1,21200,21000,687300,32.5
ILLINOIS,17,LAKE,097,NORTHEAST,20,1986,1,21800,21700,650200,30
ILLINOIS,17,LAKE,097,NORTHEAST,20,1987,1,20300,20100,662300,33
ILLINOIS,17,LAKE,097,NORTHEAST,20,1988,1,20400,20200,487500,24
ILLINOIS,17,LAKE,097,NORTHEAST,20,1989,1,18800,18700,696500,37
ILLINOIS,17,LAKE,097,NORTHEAST,20,1990,1,17700,17300,603300,35
ILLINOIS,17,LAKE,097,NORTHEAST,20,1991,1,22000,21800,468700,21.5
ILLINOIS,17,LAKE,097,NORTHEAST,20,1992,1,24000,23300,699000,30
ILLINOIS,17,LAKE,097,NORTHEAST,20,1993,1,21000,20800,728000,35
ILLINOIS,17,LAKE,097,NORTHEAST,20,1994,1,19000,18700,710600,38
ILLINOIS,17,LAKE,097,NORTHEAST,20,1995,1,19000,18200,609700,33.5
ILLINOIS,17,LAKE,097,NORTHEAST,20,1996,1,26000,25800,503100,19.5
ILLINOIS,17,LAKE,097,NORTHEAST,20,1997,1,16000,15800,568800,36
ILLINOIS,17,LAKE,097,NORTHEAST,20,1998,1,19000,18900,727650,38.5
ILLINOIS,17,LAKE,097,NORTHEAST,20,1999,1,15000,14800,458800,31
ILLINOIS,17,LAKE,097,NORTHEAST,20,2000,1,17000,16900,388700,23
ILLINOIS,17,LAKE,097,NORTHEAST,20,2001,1,14000,13900,486500,35
ILLINOIS,17,LAKE,097,NORTHEAST,20,2002,1,14000,13800,358800,26
ILLINOIS,17,LAKE,097,NORTHEAST,20,2003,1,13000,12900,296700,23
ILLINOIS,17,LAKE,097,NORTHEAST,20,2004,1,11000,10900,316100,29
ILLINOIS,17,LAKE,097,NORTHEAST,20,2005,1,10000,9900,287100,29
ILLINOIS,17,LAKE,097,NORTHEAST,20,2006,1,11000,10900,457800,42
ILLINOIS,17,LAKE,097,NORTHEAST,20,2007,1,9000,8900,409400,46
ILLINOIS,17,LAKE,097,NORTHEAST,20,2008,1,8000,7900,268600,34
ILLINOIS,17,LAKE,097,NORTHEAST,20,2009,1,8000,7900,276500,35
ILLINOIS,17,LAKE,097,NORTHEAST,20,2010,1,11000,10900,542000,49.7
ILLINOIS,17,LAKE,097,NORTHEAST,20,2012,1,10000,10000,400000,40
ILLINOIS,17,LAKE,097,NORTHEAST,20,2014,1,8500,8460,381000,45
ILLINOIS,17,LAKE,097,NORTHEAST,20,2015,1,8400,8400,370000,44
ILLINOIS,17,LAKE,097,NORTHEAST,20,2016,1,8900,8800,462000,52.5
ILLINOIS,17,LAKE,097,NORTHEAST,20,2018,1,9000,8700,359000,41.3
ILLINOIS,17,LAKE,097,NORTHEAST,20,2019,1,7500,7300,352000,48.2
ILLINOIS,17,LAKE,097,NORTHEAST,20,2020,1,7600,7580,393000,51.8
ILLINOIS,17,LAKE,097,NORTHEAST,20,2021,1,10500,10400,523000,50.3
ILLINOIS,17,LAKE,097,NORTHEAST,20,2022,1,8900,8800,504000,57.3
ILLINOIS,17,LAKE,097,NORTHEAST,20,2023,1,7600,7470,399000,53.4
ILLINOIS,17,LAKE,097,NORTHEAST,20,2024,1,8700,8650,444000,51.3
ILLINOIS,17,LAKE,097,NORTHEAST,20,2025,1,6600,6500,390000,60
ILLINOIS,17,LAWRENCE,101,EAST SOUTHEAST,70,1980,1,50200,50000,1413000,28.5
ILLINOIS,17,LAWRENCE,101,EAST SOUTHEAST,70,1981,1,50500,50000,1628100,32.5
ILLINOIS,17,LAWRENCE,101,EAST SOUTHEAST,70,1982,1,52600,52500,1734800,33
ILLINOIS,17,LAWRENCE,101,EAST SOUTHEAST,70,1983,1,46600,46500,1027800,22
ILLINOIS,17,LAWRENCE,101,EAST SOUTHEAST,70,1984,1,57400,56000,1646900,29.5
ILLINOIS,17,LAWRENCE,101,EAST SOUTHEAST,70,1985,1,53000,52000,1674200,32
ILLINOIS,17,LAWRENCE,101,EAST SOUTHEAST,70,1986,1,52000,51400,1796700,35
ILLINOIS,17,LAWRENCE,101,EAST SOUTHEAST,70,1987,1,48100,47600,1330800,28
ILLINOIS,17,LAWRENCE,101,EAST SOUTHEAST,70,1988,1,51400,50200,1287300,25.5
ILLINOIS,17,LAWRENCE,101,EAST SOUTHEAST,70,1989,1,56300,55700,1825600,33
ILLINOIS,17,LAWRENCE,101,EAST SOUTHEAST,70,1990,1,59200,58500,1838900,31.5
ILLINOIS,17,LAWRENCE,101,EAST SOUTHEAST,70,1991,1,65000,64500,1935000,30
ILLINOIS,17,LAWRENCE,101,EAST SOUTHEAST,70,1992,1,68000,67000,2646500,39.5
ILLINOIS,17,LAWRENCE,101,EAST SOUTHEAST,70,1993,1,65000,64000,2432000,38
ILLINOIS,17,LAWRENCE,101,EAST SOUTHEAST,70,1994,1,70000,69100,2764000,40
ILLINOIS,17,LAWRENCE,101,EAST SOUTHEAST,70,1995,1,72000,71600,2327000,32.5
ILLINOIS,17,LAWRENCE,101,EAST SOUTHEAST,70,1996,1,84000,83800,3100600,37
ILLINOIS,17,LAWRENCE,101,EAST SOUTHEAST,70,1997,1,71000,70800,2442600,34.5
ILLINOIS,17,LAWRENCE,101,EAST SOUTHEAST,70,1998,1,87000,85800,3045900,35.5
ILLINOIS,17,LAWRENCE,101,EAST SOUTHEAST,70,1999,1,77000,76700,2837900,37
ILLINOIS,17,LAWRENCE,101,EAST SOUTHEAST,70,2000,1,78000,77700,3263400,42
ILLINOIS,17,LAWRENCE,101,EAST SOUTHEAST,70,2001,1,83000,82200,3452400,42
ILLINOIS,17,LAWRENCE,101,EAST SOUTHEAST,70,2002,1,84000,83700,2845800,34
ILLINOIS,17,LAWRENCE,101,EAST SOUTHEAST,70,2003,1,86000,85400,3586800,42
ILLINOIS,17,LAWRENCE,101,EAST SOUTHEAST,70,2004,1,79000,78700,3620200,46
ILLINOIS,17,LAWRENCE,101,EAST SOUTHEAST,70,2005,1,80000,79700,3506800,44
ILLINOIS,17,LAWRENCE,101,EAST SOUTHEAST,70,2006,1,88000,87600,3942000,45
ILLINOIS,17,LAWRENCE,101,EAST SOUTHEAST,70,2007,1,76000,75800,2728800,36
ILLINOIS,17,LAWRENCE,101,EAST SOUTHEAST,70,2008,1,93000,91700,3759700,41
ILLINOIS,17,LAWRENCE,101,EAST SOUTHEAST,70,2009,1,90000,89400,3397200,38
ILLINOIS,17,LAWRENCE,101,EAST SOUTHEAST,70,2010,1,76000,75600,3380000,44.7
ILLINOIS,17,LAWRENCE,101,EAST SOUTHEAST,70,2011,1,80000,79700,3566000,44.7
ILLINOIS,17,LAWRENCE,101,EAST SOUTHEAST,70,2012,1,78000,77200,2672000,34.6
ILLINOIS,17,LAWRENCE,101,EAST SOUTHEAST,70,2013,1,83400,83100,3474000,41.8
ILLINOIS,17,LAWRENCE,101,EAST SOUTHEAST,70,2014,1,81400,80900,3652000,45.1
ILLINOIS,17,LAWRENCE,101,EAST SOUTHEAST,70,2015,1,81900,80700,4103000,50.8
ILLINOIS,17,LAWRENCE,101,EAST SOUTHEAST,70,2017,1,84000,83600,4260000,51
ILLINOIS,17,LAWRENCE,101,EAST SOUTHEAST,70,2018,1,91000,88800,4802000,54.1
ILLINOIS,17,LAWRENCE,101,EAST SOUTHEAST,70,2019,1,80000,79300,3792000,47.8
ILLINOIS,17,LAWRENCE,101,EAST SOUTHEAST,70,2020,1,85500,85100,4927000,57.9
ILLINOIS,17,LAWRENCE,101,EAST SOUTHEAST,70,2021,1,82800,82100,4959000,60.4
ILLINOIS,17,LAWRENCE,101,EAST SOUTHEAST,70,2022,1,90300,90000,5220000,58
ILLINOIS,17,LAWRENCE,101,EAST SOUTHEAST,70,2023,1,80200,79900,4858000,60.8
ILLINOIS,17,LAWRENCE,101,EAST SOUTHEAST,70,2024,1,90100,90000,5067000,56.3
ILLINOIS,17,LAWRENCE,101,EAST SOUTHEAST,70,2025,1,83500,83000,4540000,54.7
ILLINOIS,17,LEE,103,NORTHWEST,10,1980,1,111400,111000,4440800,40
ILLINOIS,17,LEE,103,NORTHWEST,10,1981,1,109200,108500,4780700,44
ILLINOIS,17,LEE,103,NORTHWEST,10,1982,1,113800,112800,4509100,40
ILLINOIS,17,LEE,103,NORTHWEST,10,1983,1,112800,112500,4559700,40.5
ILLINOIS,17,LEE,103,NORTHWEST,10,1984,1,111100,110000,4020200,36.5
ILLINOIS,17,LEE,103,NORTHWEST,10,1985,1,107400,106000,4693800,44.5
ILLINOIS,17,LEE,103,NORTHWEST,10,1986,1,107400,107100,4278600,40
ILLINOIS,17,LEE,103,NORTHWEST,10,1987,1,106000,105200,4464100,42.5
ILLINOIS,17,LEE,103,NORTHWEST,10,1988,1,108300,106700,2950800,27.5
ILLINOIS,17,LEE,103,NORTHWEST,10,1989,1,114500,113700,5025200,44
ILLINOIS,17,LEE,103,NORTHWEST,10,1990,1,112700,112500,5083600,45
ILLINOIS,17,LEE,103,NORTHWEST,10,1991,1,122000,120500,5362250,44.5
ILLINOIS,17,LEE,103,NORTHWEST,10,1992,1,125000,123000,5596500,45.5
ILLINOIS,17,LEE,103,NORTHWEST,10,1993,1,121000,118000,5192000,44
ILLINOIS,17,LEE,103,NORTHWEST,10,1994,1,125000,124300,6525750,52.5
ILLINOIS,17,LEE,103,NORTHWEST,10,1995,1,133000,132400,5891800,44.5
ILLINOIS,17,LEE,103,NORTHWEST,10,1996,1,133000,132200,5816800,44
ILLINOIS,17,LEE,103,NORTHWEST,10,1997,1,137000,136500,6415500,47
ILLINOIS,17,LEE,103,NORTHWEST,10,1998,1,142000,141700,7297550,51.5
ILLINOIS,17,LEE,103,NORTHWEST,10,1999,1,151000,150400,7068800,47
ILLINOIS,17,LEE,103,NORTHWEST,10,2000,1,153000,152600,7019600,46
ILLINOIS,17,LEE,103,NORTHWEST,10,2001,1,150000,148100,6812600,46
ILLINOIS,17,LEE,103,NORTHWEST,10,2002,1,146000,145500,6693000,46
ILLINOIS,17,LEE,103,NORTHWEST,10,2003,1,130000,129700,3891000,30
ILLINOIS,17,LEE,103,NORTHWEST,10,2004,1,118000,117600,5762400,49
ILLINOIS,17,LEE,103,NORTHWEST,10,2005,1,110000,109300,5137100,47
ILLINOIS,17,LEE,103,NORTHWEST,10,2006,1,117000,116500,6174500,53
ILLINOIS,17,LEE,103,NORTHWEST,10,2007,1,82000,81800,4008200,49
ILLINOIS,17,LEE,103,NORTHWEST,10,2008,1,87000,86300,3969800,46
ILLINOIS,17,LEE,103,NORTHWEST,10,2009,1,93000,92900,4180500,45
ILLINOIS,17,LEE,103,NORTHWEST,10,2010,1,92000,91600,5152000,56.2
ILLINOIS,17,LEE,103,NORTHWEST,10,2011,1,85000,84800,5055000,59.6
ILLINOIS,17,LEE,103,NORTHWEST,10,2012,1,90000,89000,4676000,52.5
ILLINOIS,17,LEE,103,NORTHWEST,10,2013,1,92600,92600,4985000,53.8
ILLINOIS,17,LEE,103,NORTHWEST,10,2014,1,102500,102400,6050000,59.1
ILLINOIS,17,LEE,103,NORTHWEST,10,2015,1,113500,113300,6856000,60.5
ILLINOIS,17,LEE,103,NORTHWEST,10,2016,1,113000,112800,6859000,60.8
ILLINOIS,17,LEE,103,NORTHWEST,10,2017,1,127500,127000,7550000,59.4
ILLINOIS,17,LEE,103,NORTHWEST,10,2018,1,136000,132200,8427000,63.7
ILLINOIS,17,LEE,103,NORTHWEST,10,2019,1,126500,122500,7311000,59.7
ILLINOIS,17,LEE,103,NORTHWEST,10,2020,1,123000,122500,7926000,64.7
ILLINOIS,17,LEE,103,NORTHWEST,10,2021,1,141500,140300,9484000,67.6
ILLINOIS,17,LEE,103,NORTHWEST,10,2022,1,141500,141000,9419000,66.8
ILLINOIS,17,LEE,103,NORTHWEST,10,2023,1,135000,134300,8694000,64.7
ILLINOIS,17,LIVINGSTON,105,EAST,50,1980,1,276200,275000,9369700,34
ILLINOIS,17,LIVINGSTON,105,EAST,50,1981,1,276000,274000,11057300,40.5
ILLINOIS,17,LIVINGSTON,105,EAST,50,1982,1,278000,277000,11716800,42.5
ILLINOIS,17,LIVINGSTON,105,EAST,50,1983,1,280000,280000,9611700,34.5
ILLINOIS,17,LIVINGSTON,105,EAST,50,1984,1,276100,273000,8131900,30
ILLINOIS,17,LIVINGSTON,105,EAST,50,1985,1,278700,275000,13410600,49
ILLINOIS,17,LIVINGSTON,105,EAST,50,1986,1,271400,270900,10822400,40
ILLINOIS,17,LIVINGSTON,105,EAST,50,1987,1,273000,271000,10282200,38
ILLINOIS,17,LIVINGSTON,105,EAST,50,1988,1,278000,277400,4742400,17
ILLINOIS,17,LIVINGSTON,105,EAST,50,1989,1,276100,275500,12997300,47
ILLINOIS,17,LIVINGSTON,105,EAST,50,1990,1,279000,277400,12262500,44
ILLINOIS,17,LIVINGSTON,105,EAST,50,1991,1,287000,284500,7823750,27.5
ILLINOIS,17,LIVINGSTON,105,EAST,50,1992,1,288000,287200,13063950,45.5
ILLINOIS,17,LIVINGSTON,105,EAST,50,1993,1,278000,274000,12604000,46
ILLINOIS,17,LIVINGSTON,105,EAST,50,1994,1,275000,272400,12939000,47.5
ILLINOIS,17,LIVINGSTON,105,EAST,50,1995,1,290000,288700,12269750,42.5
ILLINOIS,17,LIVINGSTON,105,EAST,50,1996,1,301000,300100,12754250,42.5
ILLINOIS,17,LIVINGSTON,105,EAST,50,1997,1,286000,284800,12673600,44.5
ILLINOIS,17,LIVINGSTON,105,EAST,50,1998,1,289000,287600,11504000,40
ILLINOIS,17,LIVINGSTON,105,EAST,50,1999,1,288000,287000,12628000,44
ILLINOIS,17,LIVINGSTON,105,EAST,50,2000,1,293000,292600,12874400,44
ILLINOIS,17,LIVINGSTON,105,EAST,50,2001,1,289000,285900,12865500,45
ILLINOIS,17,LIVINGSTON,105,EAST,50,2002,1,288000,287200,13785600,48
ILLINOIS,17,LIVINGSTON,105,EAST,50,2003,1,280000,279100,8652100,31
ILLINOIS,17,LIVINGSTON,105,EAST,50,2004,1,287000,286200,14596200,51
ILLINOIS,17,LIVINGSTON,105,EAST,50,2005,1,270000,268900,13445000,50
ILLINOIS,17,LIVINGSTON,105,EAST,50,2006,1,276000,274800,14289600,52
ILLINOIS,17,LIVINGSTON,105,EAST,50,2007,1,242000,241900,13062600,54
ILLINOIS,17,LIVINGSTON,105,EAST,50,2008,1,252000,251000,11797000,47
ILLINOIS,17,LIVINGSTON,105,EAST,50,2009,1,256000,254000,12954000,51
ILLINOIS,17,LIVINGSTON,105,EAST,50,2010,1,271000,270000,13787000,51.1
ILLINOIS,17,LIVINGSTON,105,EAST,50,2011,1,259000,258500,13359000,51.7
ILLINOIS,17,LIVINGSTON,105,EAST,50,2012,1,264000,262500,10826000,41.2
ILLINOIS,17,LIVINGSTON,105,EAST,50,2013,1,268500,268000,15097000,56.3
ILLINOIS,17,LIVINGSTON,105,EAST,50,2014,1,277500,277000,16232000,58.6
ILLINOIS,17,LIVINGSTON,105,EAST,50,2015,1,279000,278500,16569000,59.5
ILLINOIS,17,LIVINGSTON,105,EAST,50,2016,1,276500,275500,16692000,60.6
ILLINOIS,17,LIVINGSTON,105,EAST,50,2017,1,287000,286000,16813000,58.8
ILLINOIS,17,LIVINGSTON,105,EAST,50,2018,1,284000,276500,16856000,61
ILLINOIS,17,LIVINGSTON,105,EAST,50,2019,1,284000,283500,16121000,56.9
ILLINOIS,17,LIVINGSTON,105,EAST,50,2020,1,283000,282000,15792000,56
ILLINOIS,17,LIVINGSTON,105,EAST,50,2021,1,286000,284000,18744000,66
ILLINOIS,17,LIVINGSTON,105,EAST,50,2022,1,283000,282000,17907000,63.5
ILLINOIS,17,LIVINGSTON,105,EAST,50,2023,1,283000,282000,19091000,67.7
ILLINOIS,17,LIVINGSTON,105,EAST,50,2024,1,282500,281500,19508000,69.3
ILLINOIS,17,LIVINGSTON,105,EAST,50,2025,1,283000,281000,19614000,69.8
ILLINOIS,17,LOGAN,107,CENTRAL,40,1980,1,148500,148000,5448300,37
ILLINOIS,17,LOGAN,107,CENTRAL,40,1981,1,152300,150000,6225300,41.5
ILLINOIS,17,LOGAN,107,CENTRAL,40,1982,1,146300,145500,6186600,42.5
ILLINOIS,17,LOGAN,107,CENTRAL,40,1983,1,153600,153500,5501300,36
ILLINOIS,17,LOGAN,107,CENTRAL,40,1984,1,151600,150000,5755100,38.5
ILLINOIS,17,LOGAN,107,CENTRAL,40,1985,1,151100,149000,7424900,50
ILLINOIS,17,LOGAN,107,CENTRAL,40,1986,1,143600,143500,6664400,46.5
ILLINOIS,17,LOGAN,107,CENTRAL,40,1987,1,144000,143000,5711200,40
ILLINOIS,17,LOGAN,107,CENTRAL,40,1988,1,152900,152700,4376500,28.5
ILLINOIS,17,LOGAN,107,CENTRAL,40,1989,1,154000,153700,7403700,48
ILLINOIS,17,LOGAN,107,CENTRAL,40,1990,1,158400,156300,7216400,46
ILLINOIS,17,LOGAN,107,CENTRAL,40,1991,1,155000,153200,7430200,48.5
ILLINOIS,17,LOGAN,107,CENTRAL,40,1992,1,159000,156600,7281900,46.5
ILLINOIS,17,LOGAN,107,CENTRAL,40,1993,1,157000,154000,7007000,45.5
ILLINOIS,17,LOGAN,107,CENTRAL,40,1994,1,157000,155700,7707150,49.5
ILLINOIS,17,LOGAN,107,CENTRAL,40,1995,1,159000,158400,6732000,42.5
ILLINOIS,17,LOGAN,107,CENTRAL,40,1996,1,155000,154900,7280300,47
ILLINOIS,17,LOGAN,107,CENTRAL,40,1997,1,165000,164100,7302450,44.5
ILLINOIS,17,LOGAN,107,CENTRAL,40,1998,1,173000,172400,8447600,49
ILLINOIS,17,LOGAN,107,CENTRAL,40,1999,1,170000,169300,8465000,50
ILLINOIS,17,LOGAN,107,CENTRAL,40,2000,1,163000,162700,7646900,47
ILLINOIS,17,LOGAN,107,CENTRAL,40,2001,1,165000,164100,7712700,47
ILLINOIS,17,LOGAN,107,CENTRAL,40,2002,1,162000,161700,8408400,52
ILLINOIS,17,LOGAN,107,CENTRAL,40,2003,1,154000,153700,6301700,41
ILLINOIS,17,LOGAN,107,CENTRAL,40,2004,1,148000,147300,8248800,56
ILLINOIS,17,LOGAN,107,CENTRAL,40,2005,1,141000,140400,7441200,53
ILLINOIS,17,LOGAN,107,CENTRAL,40,2006,1,150000,149400,7768800,52
ILLINOIS,17,LOGAN,107,CENTRAL,40,2007,1,111000,110800,5540000,50
ILLINOIS,17,LOGAN,107,CENTRAL,40,2008,1,122000,119300,5965000,50
ILLINOIS,17,LOGAN,107,CENTRAL,40,2009,1,120000,119300,6084300,51
ILLINOIS,17,LOGAN,107,CENTRAL,40,2010,1,126000,125400,7229000,57.6
ILLINOIS,17,LOGAN,107,CENTRAL,40,2011,1,121000,120900,6671000,55.2
ILLINOIS,17,LOGAN,107,CENTRAL,40,2012,1,119000,118300,5593000,47.3
ILLINOIS,17,LOGAN,107,CENTRAL,40,2013,1,127500,127500,7344000,57.6
ILLINOIS,17,LOGAN,107,CENTRAL,40,2014,1,136500,135900,8673000,63.8
ILLINOIS,17,LOGAN,107,CENTRAL,40,2015,1,140500,140500,7955000,56.6
ILLINOIS,17,LOGAN,107,CENTRAL,40,2016,1,138000,137500,9156000,66.6
ILLINOIS,17,LOGAN,107,CENTRAL,40,2017,1,156500,155800,10087000,64.7
ILLINOIS,17,LOGAN,107,CENTRAL,40,2018,1,156000,152200,10663000,70.1
ILLINOIS,17,LOGAN,107,CENTRAL,40,2020,1,145000,144400,9920000,68.7
ILLINOIS,17,LOGAN,107,CENTRAL,40,2022,1,153000,152500,10950000,71.8
ILLINOIS,17,LOGAN,107,CENTRAL,40,2023,1,153000,152200,10410000,68.4
ILLINOIS,17,LOGAN,107,CENTRAL,40,2024,1,157000,156500,11581000,74
ILLINOIS,17,MACON,115,CENTRAL,40,1980,1,141500,141000,4835100,34.5
ILLINOIS,17,MACON,115,CENTRAL,40,1981,1,140200,139000,5768800,41.5
ILLINOIS,17,MACON,115,CENTRAL,40,1982,1,140400,140000,5812600,41.5
ILLINOIS,17,MACON,115,CENTRAL,40,1983,1,140900,140000,4515700,32.5
ILLINOIS,17,MACON,115,CENTRAL,40,1984,1,137600,136000,4630900,34
ILLINOIS,17,MACON,115,CENTRAL,40,1985,1,135800,135000,6659300,49.5
ILLINOIS,17,MACON,115,CENTRAL,40,1986,1,136100,135900,6175700,45.5
ILLINOIS,17,MACON,115,CENTRAL,40,1987,1,136600,135700,5758400,42.5
ILLINOIS,17,MACON,115,CENTRAL,40,1988,1,137400,137300,4142300,30
ILLINOIS,17,MACON,115,CENTRAL,40,1989,1,135400,135100,6038100,44.5
ILLINOIS,17,MACON,115,CENTRAL,40,1990,1,136300,136000,5878300,43
ILLINOIS,17,MACON,115,CENTRAL,40,1991,1,138000,137000,6439000,47
ILLINOIS,17,MACON,115,CENTRAL,40,1992,1,139000,138200,6702700,48.5
ILLINOIS,17,MACON,115,CENTRAL,40,1993,1,138000,135000,6480000,48
ILLINOIS,17,MACON,115,CENTRAL,40,1994,1,138000,135600,6644400,49
ILLINOIS,17,MACON,115,CENTRAL,40,1995,1,138000,137200,5419400,39.5
ILLINOIS,17,MACON,115,CENTRAL,40,1996,1,136000,135700,6106500,45
ILLINOIS,17,MACON,115,CENTRAL,40,1997,1,142000,141400,6292300,44.5
ILLINOIS,17,MACON,115,CENTRAL,40,1998,1,152000,151800,7362300,48.5
ILLINOIS,17,MACON,115,CENTRAL,40,1999,1,148000,147400,7517400,51
ILLINOIS,17,MACON,115,CENTRAL,40,2000,1,148000,147800,7242200,49
ILLINOIS,17,MACON,115,CENTRAL,40,2001,1,141000,140300,6594100,47
ILLINOIS,17,MACON,115,CENTRAL,40,2002,1,135000,134700,6600300,49
ILLINOIS,17,MACON,115,CENTRAL,40,2003,1,136000,135800,5975200,44
ILLINOIS,17,MACON,115,CENTRAL,40,2004,1,131000,130300,7166500,55
ILLINOIS,17,MACON,115,CENTRAL,40,2005,1,124000,123500,6669000,54
ILLINOIS,17,MACON,115,CENTRAL,40,2006,1,123000,122500,6860000,56
ILLINOIS,17,MACON,115,CENTRAL,40,2007,1,88000,87800,4653400,53
ILLINOIS,17,MACON,115,CENTRAL,40,2008,1,103000,102500,5227500,51
ILLINOIS,17,MACON,115,CENTRAL,40,2009,1,100000,99300,5461500,55
ILLINOIS,17,MACON,115,CENTRAL,40,2010,1,109000,108200,6532000,60.4
ILLINOIS,17,MACON,115,CENTRAL,40,2011,1,104000,103900,4855000,46.7
ILLINOIS,17,MACON,115,CENTRAL,40,2012,1,114000,112300,5031000,44.8
ILLINOIS,17,MACON,115,CENTRAL,40,2013,1,124500,124500,7031000,56.5
ILLINOIS,17,MACON,115,CENTRAL,40,2014,1,121500,121200,8163000,67.4
ILLINOIS,17,MACON,115,CENTRAL,40,2015,1,127000,127000,8564000,67.4
ILLINOIS,17,MACON,115,CENTRAL,40,2016,1,124500,123900,8453000,68.2
ILLINOIS,17,MACON,115,CENTRAL,40,2017,1,138000,137300,9088000,66.2
ILLINOIS,17,MACON,115,CENTRAL,40,2018,1,133000,129700,9753000,75.2
ILLINOIS,17,MACON,115,CENTRAL,40,2019,1,133500,133500,8518000,63.8
ILLINOIS,17,MACON,115,CENTRAL,40,2020,1,131500,130900,8666000,66.2
ILLINOIS,17,MACON,115,CENTRAL,40,2021,1,145500,144200,10728000,74.4
ILLINOIS,17,MACON,115,CENTRAL,40,2022,1,136500,136100,10044000,73.8
ILLINOIS,17,MACON,115,CENTRAL,40,2024,1,136000,135000,10500000,77.8
ILLINOIS,17,MACON,115,CENTRAL,40,2025,1,137000,136200,10344000,75.9
ILLINOIS,17,MACOUPIN,117,WEST SOUTHWEST,60,1980,1,184800,184000,5757500,31.5
ILLINOIS,17,MACOUPIN,117,WEST SOUTHWEST,60,1981,1,162500,160000,6235800,39
ILLINOIS,17,MACOUPIN,117,WEST SOUTHWEST,60,1982,1,161500,161000,6110600,38
ILLINOIS,17,MACOUPIN,117,WEST SOUTHWEST,60,1983,1,166800,165000,3539000,21.5
ILLINOIS,17,MACOUPIN,117,WEST SOUTHWEST,60,1984,1,166700,163000,5195500,32
ILLINOIS,17,MACOUPIN,117,WEST SOUTHWEST,60,1985,1,173000,168000,7005100,41.5
ILLINOIS,17,MACOUPIN,117,WEST SOUTHWEST,60,1986,1,166000,165500,6611700,40
ILLINOIS,17,MACOUPIN,117,WEST SOUTHWEST,60,1987,1,157500,153500,5211000,34
ILLINOIS,17,MACOUPIN,117,WEST SOUTHWEST,60,1988,1,169400,154300,4422400,28.5
ILLINOIS,17,MACOUPIN,117,WEST SOUTHWEST,60,1989,1,155500,152900,6302200,41
ILLINOIS,17,MACOUPIN,117,WEST SOUTHWEST,60,1990,1,159600,158900,5385200,34
ILLINOIS,17,MACOUPIN,117,WEST SOUTHWEST,60,1991,1,152000,148600,6018300,40.5
ILLINOIS,17,MACOUPIN,117,WEST SOUTHWEST,60,1992,1,160000,159200,7084400,44.5
ILLINOIS,17,MACOUPIN,117,WEST SOUTHWEST,60,1993,1,161000,159000,6916500,43.5
ILLINOIS,17,MACOUPIN,117,WEST SOUTHWEST,60,1994,1,154000,152900,6804050,44.5
ILLINOIS,17,MACOUPIN,117,WEST SOUTHWEST,60,1995,1,165000,163600,6298600,38.5
ILLINOIS,17,MACOUPIN,117,WEST SOUTHWEST,60,1996,1,148000,147800,6059800,41
ILLINOIS,17,MACOUPIN,117,WEST SOUTHWEST,60,1997,1,148000,147400,5896000,40
ILLINOIS,17,MACOUPIN,117,WEST SOUTHWEST,60,1998,1,158000,157300,6685250,42.5
ILLINOIS,17,MACOUPIN,117,WEST SOUTHWEST,60,1999,1,158000,157200,5973600,38
ILLINOIS,17,MACOUPIN,117,WEST SOUTHWEST,60,2000,1,159000,158100,7272600,46
ILLINOIS,17,MACOUPIN,117,WEST SOUTHWEST,60,2001,1,158000,157000,6751000,43
ILLINOIS,17,MACOUPIN,117,WEST SOUTHWEST,60,2002,1,158000,157700,7727300,49
ILLINOIS,17,MACOUPIN,117,WEST SOUTHWEST,60,2003,1,154000,153700,6609100,43
ILLINOIS,17,MACOUPIN,117,WEST SOUTHWEST,60,2004,1,145000,144700,7235000,50
ILLINOIS,17,MACOUPIN,117,WEST SOUTHWEST,60,2005,1,134000,133000,5719000,43
ILLINOIS,17,MACOUPIN,117,WEST SOUTHWEST,60,2006,1,136000,135400,6363800,47
ILLINOIS,17,MACOUPIN,117,WEST SOUTHWEST,60,2007,1,108000,107800,3988600,37
ILLINOIS,17,MACOUPIN,117,WEST SOUTHWEST,60,2008,1,127000,125500,5773000,46
ILLINOIS,17,MACOUPIN,117,WEST SOUTHWEST,60,2009,1,138000,137700,5783400,42
ILLINOIS,17,MACOUPIN,117,WEST SOUTHWEST,60,2010,1,124000,123600,6841000,55.3
ILLINOIS,17,MACOUPIN,117,WEST SOUTHWEST,60,2011,1,128000,127800,5142000,40.2
ILLINOIS,17,MACOUPIN,117,WEST SOUTHWEST,60,2012,1,132000,130700,6017000,46
ILLINOIS,17,MACOUPIN,117,WEST SOUTHWEST,60,2013,1,153000,152900,7514000,49.1
ILLINOIS,17,MACOUPIN,117,WEST SOUTHWEST,60,2014,1,149500,149300,8653000,58
ILLINOIS,17,MACOUPIN,117,WEST SOUTHWEST,60,2015,1,149500,149300,8218000,55
ILLINOIS,17,MACOUPIN,117,WEST SOUTHWEST,60,2016,1,158000,157400,9976000,63.4
ILLINOIS,17,MACOUPIN,117,WEST SOUTHWEST,60,2017,1,163000,162000,9928000,61.3
ILLINOIS,17,MACOUPIN,117,WEST SOUTHWEST,60,2018,1,176000,171500,11949000,69.7
ILLINOIS,17,MACOUPIN,117,WEST SOUTHWEST,60,2019,1,165000,164600,9597000,58.3
ILLINOIS,17,MACOUPIN,117,WEST SOUTHWEST,60,2020,1,171000,170300,11478000,67.4
ILLINOIS,17,MACOUPIN,117,WEST SOUTHWEST,60,2021,1,171500,170200,12050000,70.8
ILLINOIS,17,MACOUPIN,117,WEST SOUTHWEST,60,2022,1,181500,180900,11777000,65.1
ILLINOIS,17,MACOUPIN,117,WEST SOUTHWEST,60,2023,1,169500,168700,10746000,63.7
ILLINOIS,17,MACOUPIN,117,WEST SOUTHWEST,60,2024,1,178000,177500,11555000,65.1
ILLINOIS,17,MACOUPIN,117,WEST SOUTHWEST,60,2025,1,163000,162000,10481000,64.7
ILLINOIS,17,MADISON,119,WEST SOUTHWEST,60,1980,1,127600,127000,3909900,31
ILLINOIS,17,MADISON,119,WEST SOUTHWEST,60,1981,1,135600,134000,5086800,38
ILLINOIS,17,MADISON,119,WEST SOUTHWEST,60,1982,1,125100,124500,4414400,35.5
ILLINOIS,17,MADISON,119,WEST SOUTHWEST,60,1983,1,131900,130500,2932300,22.5
ILLINOIS,17,MADISON,119,WEST SOUTHWEST,60,1984,1,133700,128000,3461800,27
ILLINOIS,17,MADISON,119,WEST SOUTHWEST,60,1985,1,131700,130000,4375700,33.5
ILLINOIS,17,MADISON,119,WEST SOUTHWEST,60,1986,1,124600,124400,4472800,36
ILLINOIS,17,MADISON,119,WEST SOUTHWEST,60,1987,1,122900,120500,3669600,30.5
ILLINOIS,17,MADISON,119,WEST SOUTHWEST,60,1988,1,102300,100800,2635600,26
ILLINOIS,17,MADISON,119,WEST SOUTHWEST,60,1989,1,94700,93600,3207200,34.5
ILLINOIS,17,MADISON,119,WEST SOUTHWEST,60,1990,1,95600,94500,2924200,31
ILLINOIS,17,MADISON,119,WEST SOUTHWEST,60,1991,1,107000,106300,3720500,35
ILLINOIS,17,MADISON,119,WEST SOUTHWEST,60,1992,1,110000,109000,4142000,38
ILLINOIS,17,MADISON,119,WEST SOUTHWEST,60,1993,1,112000,108000,4266000,39.5
ILLINOIS,17,MADISON,119,WEST SOUTHWEST,60,1994,1,105000,104800,3982400,38
ILLINOIS,17,MADISON,119,WEST SOUTHWEST,60,1995,1,123000,122000,3843000,31.5
ILLINOIS,17,MADISON,119,WEST SOUTHWEST,60,1996,1,116000,115800,4400400,38
ILLINOIS,17,MADISON,119,WEST SOUTHWEST,60,1997,1,118000,117200,4395000,37.5
ILLINOIS,17,MADISON,119,WEST SOUTHWEST,60,1998,1,121000,119900,4796000,40
ILLINOIS,17,MADISON,119,WEST SOUTHWEST,60,1999,1,125000,124500,4357500,35
ILLINOIS,17,MADISON,119,WEST SOUTHWEST,60,2000,1,128000,126500,5060000,40
ILLINOIS,17,MADISON,119,WEST SOUTHWEST,60,2001,1,128000,127200,5215200,41
ILLINOIS,17,MADISON,119,WEST SOUTHWEST,60,2002,1,128000,127000,5715000,45
ILLINOIS,17,MADISON,119,WEST SOUTHWEST,60,2003,1,125000,124800,4617600,37
ILLINOIS,17,MADISON,119,WEST SOUTHWEST,60,2004,1,124000,123600,5685600,46
ILLINOIS,17,MADISON,119,WEST SOUTHWEST,60,2005,1,121000,120400,4936400,41
ILLINOIS,17,MADISON,119,WEST SOUTHWEST,60,2006,1,129000,128100,4227300,33
ILLINOIS,17,MADISON,119,WEST SOUTHWEST,60,2007,1,111000,110900,3437900,31
ILLINOIS,17,MADISON,119,WEST SOUTHWEST,60,2008,1,128000,126900,5964300,47
ILLINOIS,17,MADISON,119,WEST SOUTHWEST,60,2009,1,129000,128700,5276700,41
ILLINOIS,17,MADISON,119,WEST SOUTHWEST,60,2010,1,113000,112400,5628000,50.1
ILLINOIS,17,MADISON,119,WEST SOUTHWEST,60,2011,1,117000,116000,4041000,34.8
ILLINOIS,17,MADISON,119,WEST SOUTHWEST,60,2012,1,116000,113800,4139000,36.4
ILLINOIS,17,MADISON,119,WEST SOUTHWEST,60,2013,1,115500,115200,4982000,43.2
ILLINOIS,17,MADISON,119,WEST SOUTHWEST,60,2014,1,116500,116300,6124000,52.7
ILLINOIS,17,MADISON,119,WEST SOUTHWEST,60,2015,1,115500,115300,6352000,55.1
ILLINOIS,17,MADISON,119,WEST SOUTHWEST,60,2016,1,117500,117000,6404000,54.7
ILLINOIS,17,MADISON,119,WEST SOUTHWEST,60,2017,1,120000,119500,6781000,56.7
ILLINOIS,17,MADISON,119,WEST SOUTHWEST,60,2018,1,122000,118800,7425000,62.5
ILLINOIS,17,MADISON,119,WEST SOUTHWEST,60,2019,1,119000,118500,6707000,56.6
ILLINOIS,17,MADISON,119,WEST SOUTHWEST,60,2020,1,114000,113400,6634000,58.5
ILLINOIS,17,MADISON,119,WEST SOUTHWEST,60,2021,1,116000,114700,6997000,61
ILLINOIS,17,MADISON,119,WEST SOUTHWEST,60,2022,1,118000,117500,7003000,59.6
ILLINOIS,17,MADISON,119,WEST SOUTHWEST,60,2023,1,112000,111400,6227000,55.9
ILLINOIS,17,MADISON,119,WEST SOUTHWEST,60,2024,1,114000,113400,6112000,53.9
ILLINOIS,17,MADISON,119,WEST SOUTHWEST,60,2025,1,108500,107700,6494000,60.3
ILLINOIS,17,MARION,121,EAST SOUTHEAST,70,1980,1,108500,108000,2507100,23
ILLINOIS,17,MARION,121,EAST SOUTHEAST,70,1981,1,109200,108000,3571700,33
ILLINOIS,17,MARION,121,EAST SOUTHEAST,70,1982,1,114800,114500,3783400,33
ILLINOIS,17,MARION,121,EAST SOUTHEAST,70,1983,1,105500,104500,1396700,13.5
ILLINOIS,17,MARION,121,EAST SOUTHEAST,70,1984,1,112200,105000,2176800,20.5
ILLINOIS,17,MARION,121,EAST SOUTHEAST,70,1985,1,99100,98000,3303200,33.5
ILLINOIS,17,MARION,121,EAST SOUTHEAST,70,1986,1,98500,97200,3057900,31.5
ILLINOIS,17,MARION,121,EAST SOUTHEAST,70,1987,1,91400,90500,2620500,29
ILLINOIS,17,MARION,121,EAST SOUTHEAST,70,1988,1,83800,82300,2027700,24.5
ILLINOIS,17,MARION,121,EAST SOUTHEAST,70,1989,1,89800,88800,2513600,28.5
ILLINOIS,17,MARION,121,EAST SOUTHEAST,70,1990,1,92800,92700,2367600,25.5
ILLINOIS,17,MARION,121,EAST SOUTHEAST,70,1991,1,91000,89800,2469500,27.5
ILLINOIS,17,MARION,121,EAST SOUTHEAST,70,1992,1,89000,88200,2910600,33
ILLINOIS,17,MARION,121,EAST SOUTHEAST,70,1993,1,87000,85000,3102500,36.5
ILLINOIS,17,MARION,121,EAST SOUTHEAST,70,1994,1,93000,92600,3055800,33
ILLINOIS,17,MARION,121,EAST SOUTHEAST,70,1995,1,103000,102200,2861600,28
ILLINOIS,17,MARION,121,EAST SOUTHEAST,70,1996,1,92000,91200,2462400,27
ILLINOIS,17,MARION,121,EAST SOUTHEAST,70,1997,1,95000,94200,3297000,35
ILLINOIS,17,MARION,121,EAST SOUTHEAST,70,1998,1,107000,106900,3794950,35.5
ILLINOIS,17,MARION,121,EAST SOUTHEAST,70,1999,1,104000,103800,3840600,37
ILLINOIS,17,MARION,121,EAST SOUTHEAST,70,2000,1,100000,99200,4067200,41
ILLINOIS,17,MARION,121,EAST SOUTHEAST,70,2001,1,102000,100400,4016000,40
ILLINOIS,17,MARION,121,EAST SOUTHEAST,70,2002,1,100000,99600,2788800,28
ILLINOIS,17,MARION,121,EAST SOUTHEAST,70,2003,1,104000,103600,2900800,28
ILLINOIS,17,MARION,121,EAST SOUTHEAST,70,2004,1,92000,90700,4172200,46
ILLINOIS,17,MARION,121,EAST SOUTHEAST,70,2005,1,93000,92300,3968900,43
ILLINOIS,17,MARION,121,EAST SOUTHEAST,70,2006,1,102000,101600,3860800,38
ILLINOIS,17,MARION,121,EAST SOUTHEAST,70,2007,1,93000,92900,2601200,28
ILLINOIS,17,MARION,121,EAST SOUTHEAST,70,2008,1,106000,105800,4761000,45
ILLINOIS,17,MARION,121,EAST SOUTHEAST,70,2009,1,105000,104800,3563200,34
ILLINOIS,17,MARION,121,EAST SOUTHEAST,70,2010,1,87000,86700,4097000,47.3
ILLINOIS,17,MARION,121,EAST SOUTHEAST,70,2011,1,91000,90800,3451000,38
ILLINOIS,17,MARION,121,EAST SOUTHEAST,70,2012,1,88000,84400,2342000,27.7
ILLINOIS,17,MARION,121,EAST SOUTHEAST,70,2013,1,92500,92300,3921000,42.5
ILLINOIS,17,MARION,121,EAST SOUTHEAST,70,2014,1,95000,94800,4800000,50.6
ILLINOIS,17,MARION,121,EAST SOUTHEAST,70,2015,1,81800,81600,3927000,48.1
ILLINOIS,17,MARION,121,EAST SOUTHEAST,70,2016,1,108000,105700,5638000,53.3
ILLINOIS,17,MARION,121,EAST SOUTHEAST,70,2017,1,104500,104000,4773000,45.9
ILLINOIS,17,MARION,121,EAST SOUTHEAST,70,2018,1,120000,117000,7084000,60.5
ILLINOIS,17,MARION,121,EAST SOUTHEAST,70,2019,1,96700,96200,4477000,46.5
ILLINOIS,17,MARION,121,EAST SOUTHEAST,70,2020,1,102000,101600,5578000,54.9
ILLINOIS,17,MARION,121,EAST SOUTHEAST,70,2021,1,101500,100600,6046000,60.1
ILLINOIS,17,MARION,121,EAST SOUTHEAST,70,2022,1,104000,103600,5625000,54.3
ILLINOIS,17,MARION,121,EAST SOUTHEAST,70,2023,1,95500,95100,5468000,57.5
ILLINOIS,17,MARION,121,EAST SOUTHEAST,70,2024,1,112500,111800,5814000,52
ILLINOIS,17,MARION,121,EAST SOUTHEAST,70,2025,1,99700,98700,4264000,43.2
ILLINOIS,17,MARSHALL,123,CENTRAL,40,1980,1,65200,65000,2556700,39.5
ILLINOIS,17,MARSHALL,123,CENTRAL,40,1981,1,63500,63000,2646500,42
ILLINOIS,17,MARSHALL,123,CENTRAL,40,1982,1,63700,63500,2604700,41
ILLINOIS,17,MARSHALL,123,CENTRAL,40,1983,1,62000,62000,2285500,37
ILLINOIS,17,MARSHALL,123,CENTRAL,40,1984,1,62700,62000,2259800,36.5
ILLINOIS,17,MARSHALL,123,CENTRAL,40,1985,1,64400,64000,3028200,47.5
ILLINOIS,17,MARSHALL,123,CENTRAL,40,1986,1,64000,63800,2771800,43.5
ILLINOIS,17,MARSHALL,123,CENTRAL,40,1987,1,62800,62300,2674800,43
ILLINOIS,17,MARSHALL,123,CENTRAL,40,1988,1,62900,62700,1607900,25.5
ILLINOIS,17,MARSHALL,123,CENTRAL,40,1989,1,68800,68700,3104600,45
ILLINOIS,17,MARSHALL,123,CENTRAL,40,1990,1,68000,67900,2968200,43.5
ILLINOIS,17,MARSHALL,123,CENTRAL,40,1991,1,69000,68400,2736000,40
ILLINOIS,17,MARSHALL,123,CENTRAL,40,1992,1,76000,75500,3322000,44
ILLINOIS,17,MARSHALL,123,CENTRAL,40,1993,1,69000,68000,3264000,48
ILLINOIS,17,MARSHALL,123,CENTRAL,40,1994,1,71000,70900,3580450,50.5
ILLINOIS,17,MARSHALL,123,CENTRAL,40,1995,1,77000,76500,3174750,41.5
ILLINOIS,17,MARSHALL,123,CENTRAL,40,1996,1,76000,75900,3339600,44
ILLINOIS,17,MARSHALL,123,CENTRAL,40,1997,1,80000,79700,3825600,48
ILLINOIS,17,MARSHALL,123,CENTRAL,40,1998,1,85000,84600,4060800,48
ILLINOIS,17,MARSHALL,123,CENTRAL,40,1999,1,81000,80700,3470100,43
ILLINOIS,17,MARSHALL,123,CENTRAL,40,2000,1,81000,80800,3716800,46
ILLINOIS,17,MARSHALL,123,CENTRAL,40,2001,1,82000,81600,3835200,47
ILLINOIS,17,MARSHALL,123,CENTRAL,40,2002,1,79000,78700,3698900,47
ILLINOIS,17,MARSHALL,123,CENTRAL,40,2003,1,77000,76900,2691500,35
ILLINOIS,17,MARSHALL,123,CENTRAL,40,2004,1,72000,71600,3794800,53
ILLINOIS,17,MARSHALL,123,CENTRAL,40,2005,1,68000,67700,3385000,50
ILLINOIS,17,MARSHALL,123,CENTRAL,40,2006,1,72000,71700,3728400,52
ILLINOIS,17,MARSHALL,123,CENTRAL,40,2007,1,57000,56900,2845000,50
ILLINOIS,17,MARSHALL,123,CENTRAL,40,2008,1,63000,62700,3197700,51
ILLINOIS,17,MARSHALL,123,CENTRAL,40,2009,1,64000,63700,2930200,46
ILLINOIS,17,MARSHALL,123,CENTRAL,40,2010,1,67000,66800,3555000,53.2
ILLINOIS,17,MARSHALL,123,CENTRAL,40,2011,1,64000,63900,3570000,55.9
ILLINOIS,17,MARSHALL,123,CENTRAL,40,2012,1,66000,65500,2950000,45
ILLINOIS,17,MARSHALL,123,CENTRAL,40,2013,1,74400,74300,4015000,54
ILLINOIS,17,MARSHALL,123,CENTRAL,40,2014,1,76600,76400,4626000,60.5
ILLINOIS,17,MARSHALL,123,CENTRAL,40,2015,1,79800,79600,4786000,60.1
ILLINOIS,17,MARSHALL,123,CENTRAL,40,2016,1,76800,76500,4843000,63.3
ILLINOIS,17,MARSHALL,123,CENTRAL,40,2017,1,81000,80600,4848000,60.1
ILLINOIS,17,MARSHALL,123,CENTRAL,40,2018,1,83000,80900,5301000,65.5
ILLINOIS,17,MARSHALL,123,CENTRAL,40,2019,1,77300,77200,4155000,53.8
ILLINOIS,17,MARSHALL,123,CENTRAL,40,2020,1,83300,82900,5231000,63.1
ILLINOIS,17,MARSHALL,123,CENTRAL,40,2022,1,86300,86000,5513000,64.1
ILLINOIS,17,MARSHALL,123,CENTRAL,40,2023,1,80900,80500,5538000,68.8
ILLINOIS,17,MARSHALL,123,CENTRAL,40,2025,1,81600,81100,5961000,73.5
ILLINOIS,17,MASON,125,CENTRAL,40,1980,1,103400,103000,3428100,33.5
ILLINOIS,17,MASON,125,CENTRAL,40,1981,1,110000,108000,4536900,42
ILLINOIS,17,MASON,125,CENTRAL,40,1982,1,109100,108500,4287700,39.5
ILLINOIS,17,MASON,125,CENTRAL,40,1983,1,108700,108000,2764700,25.5
ILLINOIS,17,MASON,125,CENTRAL,40,1984,1,104400,103000,3210900,31
ILLINOIS,17,MASON,125,CENTRAL,40,1985,1,102100,101000,4270400,42.5
ILLINOIS,17,MASON,125,CENTRAL,40,1986,1,104000,103600,3983600,38.5
ILLINOIS,17,MASON,125,CENTRAL,40,1987,1,98200,97400,2966100,30.5
ILLINOIS,17,MASON,125,CENTRAL,40,1988,1,93600,93300,2158000,23
ILLINOIS,17,MASON,125,CENTRAL,40,1989,1,84000,83900,2958200,35.5
ILLINOIS,17,MASON,125,CENTRAL,40,1990,1,81400,80000,3182800,40
ILLINOIS,17,MASON,125,CENTRAL,40,1991,1,91000,88000,3168000,36
ILLINOIS,17,MASON,125,CENTRAL,40,1992,1,92000,91400,3884500,42.5
ILLINOIS,17,MASON,125,CENTRAL,40,1993,1,82000,75000,3037500,40.5
ILLINOIS,17,MASON,125,CENTRAL,40,1994,1,89000,88700,3902800,44
ILLINOIS,17,MASON,125,CENTRAL,40,1995,1,75000,74300,2860550,38.5
ILLINOIS,17,MASON,125,CENTRAL,40,1996,1,82000,81900,3071250,37.5
ILLINOIS,17,MASON,125,CENTRAL,40,1997,1,86000,85700,3556550,41.5
ILLINOIS,17,MASON,125,CENTRAL,40,1998,1,97000,96200,4425200,46
ILLINOIS,17,MASON,125,CENTRAL,40,1999,1,96000,95000,4180000,44
ILLINOIS,17,MASON,125,CENTRAL,40,2000,1,98000,97900,4307600,44
ILLINOIS,17,MASON,125,CENTRAL,40,2001,1,105000,104200,4480600,43
ILLINOIS,17,MASON,125,CENTRAL,40,2002,1,95000,94700,4450900,47
ILLINOIS,17,MASON,125,CENTRAL,40,2003,1,95000,94900,3985800,42
ILLINOIS,17,MASON,125,CENTRAL,40,2004,1,89000,88600,4341400,49
ILLINOIS,17,MASON,125,CENTRAL,40,2005,1,79000,78300,3053700,39
ILLINOIS,17,MASON,125,CENTRAL,40,2006,1,88000,87700,4121900,47
ILLINOIS,17,MASON,125,CENTRAL,40,2007,1,66000,65800,2434600,37
ILLINOIS,17,MASON,125,CENTRAL,40,2008,1,68000,65000,3185000,49
ILLINOIS,17,MASON,125,CENTRAL,40,2009,1,75000,73900,3399400,46
ILLINOIS,17,MASON,125,CENTRAL,40,2010,1,76000,75800,3692000,48.7
ILLINOIS,17,MASON,125,CENTRAL,40,2011,1,81000,80400,3559000,44.3
ILLINOIS,17,MASON,125,CENTRAL,40,2012,1,74000,73700,2709000,36.8
ILLINOIS,17,MASON,125,CENTRAL,40,2013,1,71400,71400,3601000,50.4
ILLINOIS,17,MASON,125,CENTRAL,40,2014,1,75300,75100,3997000,53.2
ILLINOIS,17,MASON,125,CENTRAL,40,2015,1,75200,74900,3850000,51.4
ILLINOIS,17,MASON,125,CENTRAL,40,2016,1,80500,80200,4750000,59.2
ILLINOIS,17,MASON,125,CENTRAL,40,2017,1,96100,95500,5934000,62.1
ILLINOIS,17,MASON,125,CENTRAL,40,2019,1,85000,84900,4707000,55.4
ILLINOIS,17,MASON,125,CENTRAL,40,2020,1,88000,87600,5361000,61.2
ILLINOIS,17,MASON,125,CENTRAL,40,2021,1,94400,93700,6062000,64.7
ILLINOIS,17,MASON,125,CENTRAL,40,2022,1,99000,98700,6179000,62.6
ILLINOIS,17,MASON,125,CENTRAL,40,2023,1,89500,89100,6068000,68.1
ILLINOIS,17,MASON,125,CENTRAL,40,2024,1,98900,98500,6600000,67
ILLINOIS,17,MASON,125,CENTRAL,40,2025,1,91100,90600,6206000,68.5
ILLINOIS,17,MASSAC,127,SOUTHEAST,90,1980,1,27300,27000,497700,18.5
ILLINOIS,17,MASSAC,127,SOUTHEAST,90,1981,1,28200,28000,652000,23.5
ILLINOIS,17,MASSAC,127,SOUTHEAST,90,1982,1,25600,25500,809400,31.5
ILLINOIS,17,MASSAC,127,SOUTHEAST,90,1983,1,22400,22000,337500,15.5
ILLINOIS,17,MASSAC,127,SOUTHEAST,90,1984,1,24900,24000,667200,28
ILLINOIS,17,MASSAC,127,SOUTHEAST,90,1985,1,23800,23500,708300,30
ILLINOIS,17,MASSAC,127,SOUTHEAST,90,1986,1,24900,24800,705900,28.5
ILLINOIS,17,MASSAC,127,SOUTHEAST,90,1987,1,22900,22600,575400,25.5
ILLINOIS,17,MASSAC,127,SOUTHEAST,90,1988,1,20100,18000,524900,29
ILLINOIS,17,MASSAC,127,SOUTHEAST,90,1989,1,23500,23400,685600,29.5
ILLINOIS,17,MASSAC,127,SOUTHEAST,90,1990,1,26300,25700,782600,30.5
ILLINOIS,17,MASSAC,127,SOUTHEAST,90,1991,1,26000,25800,722400,28
ILLINOIS,17,MASSAC,127,SOUTHEAST,90,1992,1,29000,28800,1123200,39
ILLINOIS,17,MASSAC,127,SOUTHEAST,90,1993,1,27000,26000,780000,30
ILLINOIS,17,MASSAC,127,SOUTHEAST,90,1994,1,31000,30100,1128750,37.5
ILLINOIS,17,MASSAC,127,SOUTHEAST,90,1995,1,31000,30100,993300,33
ILLINOIS,17,MASSAC,127,SOUTHEAST,90,1996,1,37000,36900,1236150,33.5
ILLINOIS,17,MASSAC,127,SOUTHEAST,90,1997,1,32000,31900,941050,29.5
ILLINOIS,17,MASSAC,127,SOUTHEAST,90,1998,1,42000,41900,1194150,28.5
ILLINOIS,17,MASSAC,127,SOUTHEAST,90,1999,1,39000,38800,814800,21
ILLINOIS,17,MASSAC,127,SOUTHEAST,90,2000,1,36000,35800,1217200,34
ILLINOIS,17,MASSAC,127,SOUTHEAST,90,2001,1,38000,37800,1436400,38
ILLINOIS,17,MASSAC,127,SOUTHEAST,90,2002,1,42000,41800,877800,21
ILLINOIS,17,MASSAC,127,SOUTHEAST,90,2003,1,39000,38900,1594900,41
ILLINOIS,17,MASSAC,127,SOUTHEAST,90,2004,1,39000,38900,1400400,36
ILLINOIS,17,MASSAC,127,SOUTHEAST,90,2005,1,37000,35700,1428000,40
ILLINOIS,17,MASSAC,127,SOUTHEAST,90,2006,1,34000,33800,1318200,39
ILLINOIS,17,MASSAC,127,SOUTHEAST,90,2007,1,25000,24800,595200,24
ILLINOIS,17,MASSAC,127,SOUTHEAST,90,2008,1,35000,34900,1396000,40
ILLINOIS,17,MASSAC,127,SOUTHEAST,90,2009,1,40000,39700,1746800,44
ILLINOIS,17,MASSAC,127,SOUTHEAST,90,2010,1,32000,31900,1062000,33.3
ILLINOIS,17,MASSAC,127,SOUTHEAST,90,2011,1,33000,32900,1292000,39.3
ILLINOIS,17,MASSAC,127,SOUTHEAST,90,2012,1,31000,30400,953000,31.3
ILLINOIS,17,MASSAC,127,SOUTHEAST,90,2013,1,36200,36200,1824000,50.4
ILLINOIS,17,MASSAC,127,SOUTHEAST,90,2014,1,34400,34300,1553000,45.3
ILLINOIS,17,MASSAC,127,SOUTHEAST,90,2015,1,34900,34800,1746000,50.2
ILLINOIS,17,MASSAC,127,SOUTHEAST,90,2016,1,36000,35900,1707000,47.5
ILLINOIS,17,MASSAC,127,SOUTHEAST,90,2019,1,31400,30000,1306000,43.5
ILLINOIS,17,MASSAC,127,SOUTHEAST,90,2020,1,35700,35500,1832000,51.6
ILLINOIS,17,MASSAC,127,SOUTHEAST,90,2021,1,35600,35300,1853000,52.5
ILLINOIS,17,MASSAC,127,SOUTHEAST,90,2022,1,36700,36300,1815000,50
ILLINOIS,17,MASSAC,127,SOUTHEAST,90,2023,1,35600,35400,1781000,50.3
ILLINOIS,17,MASSAC,127,SOUTHEAST,90,2024,1,38000,37800,1871000,49.5
ILLINOIS,17,MASSAC,127,SOUTHEAST,90,2025,1,33300,33000,1630000,49.4
ILLINOIS,17,MCDONOUGH,109,WEST,30,1980,1,116800,116000,4381000,38
ILLINOIS,17,MCDONOUGH,109,WEST,30,1981,1,113500,112000,4487000,40
ILLINOIS,17,MCDONOUGH,109,WEST,30,1982,1,110700,110500,4567600,41.5
ILLINOIS,17,MCDONOUGH,109,WEST,30,1983,1,112900,112500,3654300,32.5
ILLINOIS,17,MCDONOUGH,109,WEST,30,1984,1,109200,108000,3825300,35.5
ILLINOIS,17,MCDONOUGH,109,WEST,30,1985,1,106700,106000,4415600,41.5
ILLINOIS,17,MCDONOUGH,109,WEST,30,1986,1,109900,109400,4862200,44.5
ILLINOIS,17,MCDONOUGH,109,WEST,30,1987,1,110500,109800,4001500,36.5
ILLINOIS,17,MCDONOUGH,109,WEST,30,1988,1,122700,122500,4188500,34
ILLINOIS,17,MCDONOUGH,109,WEST,30,1989,1,119000,118800,4424700,37
ILLINOIS,17,MCDONOUGH,109,WEST,30,1990,1,122600,120000,5363600,44.5
ILLINOIS,17,MCDONOUGH,109,WEST,30,1991,1,124000,121900,5790250,47.5
ILLINOIS,17,MCDONOUGH,109,WEST,30,1992,1,128000,127600,5805800,45.5
ILLINOIS,17,MCDONOUGH,109,WEST,30,1993,1,122000,120000,5460000,45.5
ILLINOIS,17,MCDONOUGH,109,WEST,30,1994,1,120000,119200,6079200,51
ILLINOIS,17,MCDONOUGH,109,WEST,30,1995,1,123000,122600,4904000,40
ILLINOIS,17,MCDONOUGH,109,WEST,30,1996,1,125000,124800,5803200,46.5
ILLINOIS,17,MCDONOUGH,109,WEST,30,1997,1,130000,129300,6141750,47.5
ILLINOIS,17,MCDONOUGH,109,WEST,30,1998,1,132000,131600,6777400,51.5
ILLINOIS,17,MCDONOUGH,109,WEST,30,1999,1,136000,135400,6363800,47
ILLINOIS,17,MCDONOUGH,109,WEST,30,2000,1,128000,127700,5746500,45
ILLINOIS,17,MCDONOUGH,109,WEST,30,2001,1,126000,125200,6009600,48
ILLINOIS,17,MCDONOUGH,109,WEST,30,2002,1,124000,123700,6308700,51
ILLINOIS,17,MCDONOUGH,109,WEST,30,2003,1,119000,118800,5227200,44
ILLINOIS,17,MCDONOUGH,109,WEST,30,2004,1,124000,123700,6432400,52
ILLINOIS,17,MCDONOUGH,109,WEST,30,2005,1,118000,117500,5757500,49
ILLINOIS,17,MCDONOUGH,109,WEST,30,2006,1,120000,119500,5855500,49
ILLINOIS,17,MCDONOUGH,109,WEST,30,2007,1,103000,102900,5042100,49
ILLINOIS,17,MCDONOUGH,109,WEST,30,2008,1,105000,104800,5659200,54
ILLINOIS,17,MCDONOUGH,109,WEST,30,2009,1,109000,108800,5657600,52
ILLINOIS,17,MCDONOUGH,109,WEST,30,2010,1,108000,107400,5707000,53.1
ILLINOIS,17,MCDONOUGH,109,WEST,30,2011,1,102000,101800,5956000,58.5
ILLINOIS,17,MCDONOUGH,109,WEST,30,2012,1,102000,101500,5070000,50
ILLINOIS,17,MCDONOUGH,109,WEST,30,2013,1,111500,111500,6077000,54.5
ILLINOIS,17,MCDONOUGH,109,WEST,30,2014,1,113000,112900,6142000,54.4
ILLINOIS,17,MCDONOUGH,109,WEST,30,2015,1,110500,109800,6556000,59.7
ILLINOIS,17,MCDONOUGH,109,WEST,30,2016,1,116000,115700,7231000,62.5
ILLINOIS,17,MCDONOUGH,109,WEST,30,2017,1,121500,121200,7843000,64.7
ILLINOIS,17,MCDONOUGH,109,WEST,30,2018,1,123000,119900,8315000,69.3
ILLINOIS,17,MCDONOUGH,109,WEST,30,2019,1,122000,121500,7312000,60.2
ILLINOIS,17,MCDONOUGH,109,WEST,30,2020,1,121000,120500,7845000,65.1
ILLINOIS,17,MCDONOUGH,109,WEST,30,2022,1,123000,122600,8128000,66.3
ILLINOIS,17,MCDONOUGH,109,WEST,30,2023,1,128000,127500,8645000,67.8
ILLINOIS,17,MCHENRY,111,NORTHEAST,20,1980,1,49200,49000,1800400,36.5
ILLINOIS,17,MCHENRY,111,NORTHEAST,20,1981,1,42900,42500,1655400,39
ILLINOIS,17,MCHENRY,111,NORTHEAST,20,1982,1,45800,45500,1688500,37
ILLINOIS,17,MCHENRY,111,NORTHEAST,20,1983,1,38600,38500,1378400,36
ILLINOIS,17,MCHENRY,111,NORTHEAST,20,1984,1,41000,40000,1249500,31
ILLINOIS,17,MCHENRY,111,NORTHEAST,20,1985,1,38300,38000,1396700,37
ILLINOIS,17,MCHENRY,111,NORTHEAST,20,1986,1,40400,40200,1385200,34.5
ILLINOIS,17,MCHENRY,111,NORTHEAST,20,1987,1,38500,38200,1640100,43
ILLINOIS,17,MCHENRY,111,NORTHEAST,20,1988,1,45500,44100,1130900,25.5
ILLINOIS,17,MCHENRY,111,NORTHEAST,20,1989,1,45500,45200,1907900,42
ILLINOIS,17,MCHENRY,111,NORTHEAST,20,1990,1,45800,45600,1903800,42
ILLINOIS,17,MCHENRY,111,NORTHEAST,20,1991,1,52000,51900,1427250,27.5
ILLINOIS,17,MCHENRY,111,NORTHEAST,20,1992,1,62000,61700,2529700,41
ILLINOIS,17,MCHENRY,111,NORTHEAST,20,1993,1,58000,56000,1960000,35
ILLINOIS,17,MCHENRY,111,NORTHEAST,20,1994,1,60000,59600,2860800,48
ILLINOIS,17,MCHENRY,111,NORTHEAST,20,1995,1,64000,63900,2939400,46
ILLINOIS,17,MCHENRY,111,NORTHEAST,20,1996,1,75000,74400,2529600,34
ILLINOIS,17,MCHENRY,111,NORTHEAST,20,1997,1,75000,74600,3319700,44.5
ILLINOIS,17,MCHENRY,111,NORTHEAST,20,1998,1,78000,77800,3890000,50
ILLINOIS,17,MCHENRY,111,NORTHEAST,20,1999,1,82000,81400,3581600,44
ILLINOIS,17,MCHENRY,111,NORTHEAST,20,2000,1,73000,72500,2175000,30
ILLINOIS,17,MCHENRY,111,NORTHEAST,20,2001,1,77000,76400,3285200,43
ILLINOIS,17,MCHENRY,111,NORTHEAST,20,2002,1,70000,69500,2224000,32
ILLINOIS,17,MCHENRY,111,NORTHEAST,20,2003,1,74000,73900,2143100,29
ILLINOIS,17,MCHENRY,111,NORTHEAST,20,2004,1,57000,56900,2446700,43
ILLINOIS,17,MCHENRY,111,NORTHEAST,20,2005,1,63000,62700,2257200,36
ILLINOIS,17,MCHENRY,111,NORTHEAST,20,2006,1,62000,61700,2899900,47
ILLINOIS,17,MCHENRY,111,NORTHEAST,20,2007,1,42000,41900,2011200,48
ILLINOIS,17,MCHENRY,111,NORTHEAST,20,2008,1,47000,46700,1821300,39
ILLINOIS,17,MCHENRY,111,NORTHEAST,20,2009,1,50000,49900,2145700,43
ILLINOIS,17,MCHENRY,111,NORTHEAST,20,2010,1,53000,52800,2982000,56.5
ILLINOIS,17,MCHENRY,111,NORTHEAST,20,2011,1,47000,46900,2374000,50.6
ILLINOIS,17,MCHENRY,111,NORTHEAST,20,2012,1,48000,47900,2022000,42.2
ILLINOIS,17,MCHENRY,111,NORTHEAST,20,2013,1,49300,49200,2454000,49.9
ILLINOIS,17,MCHENRY,111,NORTHEAST,20,2014,1,53800,53800,3013000,56
ILLINOIS,17,MCHENRY,111,NORTHEAST,20,2015,1,59900,59900,3349000,55.9
ILLINOIS,17,MCHENRY,111,NORTHEAST,20,2016,1,57700,57600,3407000,59.1
ILLINOIS,17,MCHENRY,111,NORTHEAST,20,2017,1,65000,64700,3057000,47.2
ILLINOIS,17,MCHENRY,111,NORTHEAST,20,2018,1,64000,62200,3663000,58.9
ILLINOIS,17,MCHENRY,111,NORTHEAST,20,2020,1,62400,62100,3260000,52.5
ILLINOIS,17,MCHENRY,111,NORTHEAST,20,2025,1,55800,55500,3663000,66
ILLINOIS,17,MCLEAN,113,CENTRAL,40,1980,1,283100,282000,10523400,37.5
ILLINOIS,17,MCLEAN,113,CENTRAL,40,1981,1,295900,293000,11270300,38.5
ILLINOIS,17,MCLEAN,113,CENTRAL,40,1982,1,291600,290500,12642500,43.5
ILLINOIS,17,MCLEAN,113,CENTRAL,40,1983,1,289800,289500,10968100,38
ILLINOIS,17,MCLEAN,113,CENTRAL,40,1984,1,299500,296000,10504900,35.5
ILLINOIS,17,MCLEAN,113,CENTRAL,40,1985,1,297800,294000,15390500,52.5
ILLINOIS,17,MCLEAN,113,CENTRAL,40,1986,1,287700,286600,12880700,45
ILLINOIS,17,MCLEAN,113,CENTRAL,40,1987,1,287600,285500,12542600,44
ILLINOIS,17,MCLEAN,113,CENTRAL,40,1988,1,297300,296700,7608700,25.5
ILLINOIS,17,MCLEAN,113,CENTRAL,40,1989,1,294000,293600,14434400,49
ILLINOIS,17,MCLEAN,113,CENTRAL,40,1990,1,305500,305400,14249700,46.5
ILLINOIS,17,MCLEAN,113,CENTRAL,40,1991,1,300000,297300,11446150,38.5
ILLINOIS,17,MCLEAN,113,CENTRAL,40,1992,1,319000,316800,15048000,47.5
ILLINOIS,17,MCLEAN,113,CENTRAL,40,1993,1,300000,298000,14155000,47.5
ILLINOIS,17,MCLEAN,113,CENTRAL,40,1994,1,308000,305900,14530250,47.5
ILLINOIS,17,MCLEAN,113,CENTRAL,40,1995,1,298000,296500,13490750,45.5
ILLINOIS,17,MCLEAN,113,CENTRAL,40,1996,1,308000,307800,14466600,47
ILLINOIS,17,MCLEAN,113,CENTRAL,40,1997,1,316000,314200,14767400,47
ILLINOIS,17,MCLEAN,113,CENTRAL,40,1998,1,329000,328400,15763200,48
ILLINOIS,17,MCLEAN,113,CENTRAL,40,1999,1,323000,322100,16105000,50
ILLINOIS,17,MCLEAN,113,CENTRAL,40,2000,1,311000,310700,14602900,47
ILLINOIS,17,MCLEAN,113,CENTRAL,40,2001,1,306000,304300,14910700,49
ILLINOIS,17,MCLEAN,113,CENTRAL,40,2002,1,305000,304500,16443000,54
ILLINOIS,17,MCLEAN,113,CENTRAL,40,2003,1,290000,289600,10425600,36
ILLINOIS,17,MCLEAN,113,CENTRAL,40,2004,1,268000,266700,14401800,54
ILLINOIS,17,MCLEAN,113,CENTRAL,40,2005,1,264000,262200,14158800,54
ILLINOIS,17,MCLEAN,113,CENTRAL,40,2006,1,276000,275100,14855400,54
ILLINOIS,17,MCLEAN,113,CENTRAL,40,2007,1,226000,225600,12182400,54
ILLINOIS,17,MCLEAN,113,CENTRAL,40,2008,1,243000,242000,12342000,51
ILLINOIS,17,MCLEAN,113,CENTRAL,40,2009,1,244000,241500,13041000,54
ILLINOIS,17,MCLEAN,113,CENTRAL,40,2010,1,271000,270000,15805000,58.5
ILLINOIS,17,MCLEAN,113,CENTRAL,40,2011,1,261000,260500,14581000,56
ILLINOIS,17,MCLEAN,113,CENTRAL,40,2012,1,282000,281000,14701000,52.3
ILLINOIS,17,MCLEAN,113,CENTRAL,40,2013,1,287500,287000,16561000,57.7
ILLINOIS,17,MCLEAN,113,CENTRAL,40,2014,1,294500,294000,18584000,63.2
ILLINOIS,17,MCLEAN,113,CENTRAL,40,2015,1,300000,299500,19341000,64.6
ILLINOIS,17,MCLEAN,113,CENTRAL,40,2016,1,297500,297000,18950000,63.8
ILLINOIS,17,MCLEAN,113,CENTRAL,40,2017,1,311500,310000,20699000,66.8
ILLINOIS,17,MCLEAN,113,CENTRAL,40,2018,1,312000,304000,20531000,67.5
ILLINOIS,17,MCLEAN,113,CENTRAL,40,2019,1,297500,297000,18123000,61
ILLINOIS,17,MCLEAN,113,CENTRAL,40,2020,1,307500,306500,19592000,63.9
ILLINOIS,17,MCLEAN,113,CENTRAL,40,2021,1,306000,303500,20460000,67.4
ILLINOIS,17,MCLEAN,113,CENTRAL,40,2022,1,309000,308000,21186000,68.8
ILLINOIS,17,MCLEAN,113,CENTRAL,40,2023,1,302000,300500,21587000,71.8
ILLINOIS,17,MCLEAN,113,CENTRAL,40,2024,1,306500,305000,22634000,74.2
ILLINOIS,17,MCLEAN,113,CENTRAL,40,2025,1,296000,294000,21742000,74
ILLINOIS,17,MENARD,129,CENTRAL,40,1980,1,68200,68000,2674700,39.5
ILLINOIS,17,MENARD,129,CENTRAL,40,1981,1,75700,75000,3150600,42
ILLINOIS,17,MENARD,129,CENTRAL,40,1982,1,72800,72500,3046400,42
ILLINOIS,17,MENARD,129,CENTRAL,40,1983,1,76100,76000,2373600,31
ILLINOIS,17,MENARD,129,CENTRAL,40,1984,1,73900,73000,2730800,37.5
ILLINOIS,17,MENARD,129,CENTRAL,40,1985,1,74400,74000,3575800,48.5
ILLINOIS,17,MENARD,129,CENTRAL,40,1986,1,71400,70600,3067200,43.5
ILLINOIS,17,MENARD,129,CENTRAL,40,1987,1,70200,69600,2501800,36
ILLINOIS,17,MENARD,129,CENTRAL,40,1988,1,70000,69900,1898000,27
ILLINOIS,17,MENARD,129,CENTRAL,40,1989,1,69800,69700,3184400,45.5
ILLINOIS,17,MENARD,129,CENTRAL,40,1990,1,69700,69500,2969900,42.5
ILLINOIS,17,MENARD,129,CENTRAL,40,1991,1,70000,69400,3261800,47
ILLINOIS,17,MENARD,129,CENTRAL,40,1992,1,71000,70600,3212300,45.5
ILLINOIS,17,MENARD,129,CENTRAL,40,1993,1,70000,69000,3139500,45.5
ILLINOIS,17,MENARD,129,CENTRAL,40,1994,1,70000,69900,3320250,47.5
ILLINOIS,17,MENARD,129,CENTRAL,40,1995,1,72000,71800,2907900,40.5
ILLINOIS,17,MENARD,129,CENTRAL,40,1996,1,60000,59800,2511600,42
ILLINOIS,17,MENARD,129,CENTRAL,40,1997,1,64000,63800,2807200,44
ILLINOIS,17,MENARD,129,CENTRAL,40,1998,1,68000,67800,3220500,47.5
ILLINOIS,17,MENARD,129,CENTRAL,40,1999,1,75000,74600,3655400,49
ILLINOIS,17,MENARD,129,CENTRAL,40,2000,1,76000,75900,3263700,43
ILLINOIS,17,MENARD,129,CENTRAL,40,2001,1,76000,75500,3624000,48
ILLINOIS,17,MENARD,129,CENTRAL,40,2002,1,72000,71700,3441600,48
ILLINOIS,17,MENARD,129,CENTRAL,40,2003,1,72000,71900,3163600,44
ILLINOIS,17,MENARD,129,CENTRAL,40,2004,1,70000,69500,3614000,52
ILLINOIS,17,MENARD,129,CENTRAL,40,2005,1,67000,66700,3068200,46
ILLINOIS,17,MENARD,129,CENTRAL,40,2006,1,68000,67700,3317300,49
ILLINOIS,17,MENARD,129,CENTRAL,40,2007,1,54000,53900,2479400,46
ILLINOIS,17,MENARD,129,CENTRAL,40,2008,1,60000,59800,2870400,48
ILLINOIS,17,MENARD,129,CENTRAL,40,2009,1,60000,59700,2985000,50
ILLINOIS,17,MENARD,129,CENTRAL,40,2010,1,62000,60000,3252000,54.2
ILLINOIS,17,MENARD,129,CENTRAL,40,2011,1,62000,61900,3170000,51.2
ILLINOIS,17,MENARD,129,CENTRAL,40,2012,1,59000,58700,2413000,41.1
ILLINOIS,17,MENARD,129,CENTRAL,40,2014,1,59100,59000,3550000,60.2
ILLINOIS,17,MENARD,129,CENTRAL,40,2015,1,61600,61300,3680000,60
ILLINOIS,17,MENARD,129,CENTRAL,40,2016,1,62100,61500,3910000,63.6
ILLINOIS,17,MENARD,129,CENTRAL,40,2017,1,66700,66300,4235000,63.9
ILLINOIS,17,MENARD,129,CENTRAL,40,2018,1,71000,69100,4743000,68.6
ILLINOIS,17,MENARD,129,CENTRAL,40,2019,1,65200,59000,3657000,62
ILLINOIS,17,MENARD,129,CENTRAL,40,2020,1,64100,63800,4294000,67.3
ILLINOIS,17,MENARD,129,CENTRAL,40,2021,1,66300,65800,4369000,66.4
ILLINOIS,17,MENARD,129,CENTRAL,40,2022,1,69500,69300,4705000,67.9
ILLINOIS,17,MENARD,129,CENTRAL,40,2023,1,64200,63900,4294000,67.2
ILLINOIS,17,MERCER,131,NORTHWEST,10,1980,1,50700,50500,1995100,39.5
ILLINOIS,17,MERCER,131,NORTHWEST,10,1981,1,47800,47500,2044800,43
ILLINOIS,17,MERCER,131,NORTHWEST,10,1982,1,50300,49000,1909800,39
ILLINOIS,17,MERCER,131,NORTHWEST,10,1983,1,47300,47000,1880800,40
ILLINOIS,17,MERCER,131,NORTHWEST,10,1984,1,51500,51000,1888400,37
ILLINOIS,17,MERCER,131,NORTHWEST,10,1985,1,57400,57000,2495300,44
ILLINOIS,17,MERCER,131,NORTHWEST,10,1986,1,60600,60500,2658700,44
ILLINOIS,17,MERCER,131,NORTHWEST,10,1987,1,56800,56400,2365200,42
ILLINOIS,17,MERCER,131,NORTHWEST,10,1988,1,61100,60800,2109400,34.5
ILLINOIS,17,MERCER,131,NORTHWEST,10,1989,1,76500,76200,3065100,40
ILLINOIS,17,MERCER,131,NORTHWEST,10,1990,1,76100,76100,3476100,45.5
ILLINOIS,17,MERCER,131,NORTHWEST,10,1991,1,80000,78800,3940000,50
ILLINOIS,17,MERCER,131,NORTHWEST,10,1992,1,86000,85000,3697500,43.5
ILLINOIS,17,MERCER,131,NORTHWEST,10,1993,1,83000,79000,3436500,43.5
ILLINOIS,17,MERCER,131,NORTHWEST,10,1994,1,85000,84600,4483800,53
ILLINOIS,17,MERCER,131,NORTHWEST,10,1995,1,90000,89400,3978300,44.5
ILLINOIS,17,MERCER,131,NORTHWEST,10,1996,1,104000,103700,4614650,44.5
ILLINOIS,17,MERCER,131,NORTHWEST,10,1997,1,100000,99400,4820900,48.5
ILLINOIS,17,MERCER,131,NORTHWEST,10,1998,1,113000,112400,5957200,53
ILLINOIS,17,MERCER,131,NORTHWEST,10,1999,1,109000,108000,5184000,48
ILLINOIS,17,MERCER,131,NORTHWEST,10,2000,1,109000,108600,5212800,48
ILLINOIS,17,MERCER,131,NORTHWEST,10,2001,1,112000,111400,5235800,47
ILLINOIS,17,MERCER,131,NORTHWEST,10,2002,1,105000,104700,5653800,54
ILLINOIS,17,MERCER,131,NORTHWEST,10,2003,1,104000,103800,3633000,35
ILLINOIS,17,MERCER,131,NORTHWEST,10,2004,1,104000,103700,5496100,53
ILLINOIS,17,MERCER,131,NORTHWEST,10,2005,1,106000,105600,5385600,51
ILLINOIS,17,MERCER,131,NORTHWEST,10,2006,1,109000,108400,5203200,48
ILLINOIS,17,MERCER,131,NORTHWEST,10,2007,1,87000,86800,4426800,51
ILLINOIS,17,MERCER,131,NORTHWEST,10,2008,1,95000,94800,4550400,48
ILLINOIS,17,MERCER,131,NORTHWEST,10,2009,1,95000,94300,4432100,47
ILLINOIS,17,MERCER,131,NORTHWEST,10,2010,1,101000,100600,5320000,52.9
ILLINOIS,17,MERCER,131,NORTHWEST,10,2011,1,95000,94600,5005000,52.9
ILLINOIS,17,MERCER,131,NORTHWEST,10,2012,1,100000,99600,5585000,56.1
ILLINOIS,17,MERCER,131,NORTHWEST,10,2013,1,101500,101200,4885000,48.3
ILLINOIS,17,MERCER,131,NORTHWEST,10,2014,1,107000,106500,6070000,57
ILLINOIS,17,MERCER,131,NORTHWEST,10,2015,1,110000,109900,6513000,59.3
ILLINOIS,17,MERCER,131,NORTHWEST,10,2016,1,103500,103200,6186000,59.9
ILLINOIS,17,MERCER,131,NORTHWEST,10,2017,1,108000,107500,6450000,60
ILLINOIS,17,MERCER,131,NORTHWEST,10,2018,1,105000,102100,6453000,63.2
ILLINOIS,17,MERCER,131,NORTHWEST,10,2019,1,99700,98700,5125000,51.9
ILLINOIS,17,MERCER,131,NORTHWEST,10,2020,1,101000,100600,5976000,59.4
ILLINOIS,17,MERCER,131,NORTHWEST,10,2022,1,107500,107100,6962000,65
ILLINOIS,17,MERCER,131,NORTHWEST,10,2023,1,106500,106000,6900000,65.1
ILLINOIS,17,MONROE,133,SOUTHWEST,80,1980,1,55400,55000,1613000,29.5
ILLINOIS,17,MONROE,133,SOUTHWEST,80,1981,1,57500,56500,1949900,34.5
ILLINOIS,17,MONROE,133,SOUTHWEST,80,1982,1,59800,59500,2211000,37
ILLINOIS,17,MONROE,133,SOUTHWEST,80,1983,1,57700,57500,1554000,27
ILLINOIS,17,MONROE,133,SOUTHWEST,80,1984,1,54900,53000,1471400,28
ILLINOIS,17,MONROE,133,SOUTHWEST,80,1985,1,60500,60000,1991700,33
ILLINOIS,17,MONROE,133,SOUTHWEST,80,1986,1,59300,56600,1893700,33.5
ILLINOIS,17,MONROE,133,SOUTHWEST,80,1987,1,54700,53900,1776000,33
ILLINOIS,17,MONROE,133,SOUTHWEST,80,1988,1,58100,54100,1251300,23
ILLINOIS,17,MONROE,133,SOUTHWEST,80,1989,1,59100,59000,2109600,36
ILLINOIS,17,MONROE,133,SOUTHWEST,80,1990,1,57500,56500,1887100,33.5
ILLINOIS,17,MONROE,133,SOUTHWEST,80,1991,1,57000,55700,2144450,38.5
ILLINOIS,17,MONROE,133,SOUTHWEST,80,1992,1,59000,58700,2025150,34.5
ILLINOIS,17,MONROE,133,SOUTHWEST,80,1993,1,52000,34200,1280000,37.5
ILLINOIS,17,MONROE,133,SOUTHWEST,80,1994,1,62000,61600,2340800,38
ILLINOIS,17,MONROE,133,SOUTHWEST,80,1995,1,56000,55700,1754550,31.5
ILLINOIS,17,MONROE,133,SOUTHWEST,80,1996,1,59000,58100,2236850,38.5
ILLINOIS,17,MONROE,133,SOUTHWEST,80,1997,1,62000,61800,2224800,36
ILLINOIS,17,MONROE,133,SOUTHWEST,80,1998,1,61000,60500,2238500,37
ILLINOIS,17,MONROE,133,SOUTHWEST,80,1999,1,70000,69700,2300100,33
ILLINOIS,17,MONROE,133,SOUTHWEST,80,2000,1,74000,73900,3029900,41
ILLINOIS,17,MONROE,133,SOUTHWEST,80,2001,1,76000,75400,3016000,40
ILLINOIS,17,MONROE,133,SOUTHWEST,80,2002,1,77000,76300,2289000,30
ILLINOIS,17,MONROE,133,SOUTHWEST,80,2003,1,75000,74800,2618000,35
ILLINOIS,17,MONROE,133,SOUTHWEST,80,2004,1,76000,75800,3486800,46
ILLINOIS,17,MONROE,133,SOUTHWEST,80,2005,1,72000,71700,2796300,39
ILLINOIS,17,MONROE,133,SOUTHWEST,80,2006,1,80000,79500,2544000,32
ILLINOIS,17,MONROE,133,SOUTHWEST,80,2007,1,67000,66900,1806300,27
ILLINOIS,17,MONROE,133,SOUTHWEST,80,2008,1,71000,70200,3229200,46
ILLINOIS,17,MONROE,133,SOUTHWEST,80,2009,1,79000,78700,3305400,42
ILLINOIS,17,MONROE,133,SOUTHWEST,80,2010,1,68000,67700,3054000,45.1
ILLINOIS,17,MONROE,133,SOUTHWEST,80,2011,1,68000,67500,2299000,34.1
ILLINOIS,17,MONROE,133,SOUTHWEST,80,2012,1,75000,74000,2920000,39.5
ILLINOIS,17,MONROE,133,SOUTHWEST,80,2013,1,75400,75300,2517000,33.4
ILLINOIS,17,MONROE,133,SOUTHWEST,80,2014,1,76700,75900,3554000,46.8
ILLINOIS,17,MONROE,133,SOUTHWEST,80,2015,1,74700,72800,3251000,44.7
ILLINOIS,17,MONROE,133,SOUTHWEST,80,2016,1,79000,78800,3811000,48.4
ILLINOIS,17,MONROE,133,SOUTHWEST,80,2017,1,84800,84400,3663000,43.4
ILLINOIS,17,MONROE,133,SOUTHWEST,80,2018,1,84000,81700,4421000,54.1
ILLINOIS,17,MONROE,133,SOUTHWEST,80,2019,1,66500,66400,3135000,47.2
ILLINOIS,17,MONROE,133,SOUTHWEST,80,2020,1,76100,75800,4222000,55.7
ILLINOIS,17,MONROE,133,SOUTHWEST,80,2021,1,82600,81600,4594000,56.3
ILLINOIS,17,MONROE,133,SOUTHWEST,80,2022,1,87400,87100,4625000,53.1
ILLINOIS,17,MONROE,133,SOUTHWEST,80,2023,1,83500,83100,3864000,46.5
ILLINOIS,17,MONROE,133,SOUTHWEST,80,2024,1,83100,81700,4240000,51.9
ILLINOIS,17,MONROE,133,SOUTHWEST,80,2025,1,83900,83400,3911000,46.9
ILLINOIS,17,MONTGOMERY,135,WEST SOUTHWEST,60,1980,1,152700,152000,5216500,34.5
ILLINOIS,17,MONTGOMERY,135,WEST SOUTHWEST,60,1981,1,158700,157000,6039400,38.5
ILLINOIS,17,MONTGOMERY,135,WEST SOUTHWEST,60,1982,1,154800,153500,5749200,37.5
ILLINOIS,17,MONTGOMERY,135,WEST SOUTHWEST,60,1983,1,154200,153500,3605900,23.5
ILLINOIS,17,MONTGOMERY,135,WEST SOUTHWEST,60,1984,1,158100,155000,4641100,30
ILLINOIS,17,MONTGOMERY,135,WEST SOUTHWEST,60,1985,1,160100,158000,6111900,38.5
ILLINOIS,17,MONTGOMERY,135,WEST SOUTHWEST,60,1986,1,153300,153100,6192700,40.5
ILLINOIS,17,MONTGOMERY,135,WEST SOUTHWEST,60,1987,1,147700,144200,4895300,34
ILLINOIS,17,MONTGOMERY,135,WEST SOUTHWEST,60,1988,1,145400,143300,3602700,25
ILLINOIS,17,MONTGOMERY,135,WEST SOUTHWEST,60,1989,1,141200,138800,5307400,38
ILLINOIS,17,MONTGOMERY,135,WEST SOUTHWEST,60,1990,1,143700,141900,4530300,32
ILLINOIS,17,MONTGOMERY,135,WEST SOUTHWEST,60,1991,1,140000,138800,5066200,36.5
ILLINOIS,17,MONTGOMERY,135,WEST SOUTHWEST,60,1992,1,137000,135300,5817900,43
ILLINOIS,17,MONTGOMERY,135,WEST SOUTHWEST,60,1993,1,134000,133000,5852000,44
ILLINOIS,17,MONTGOMERY,135,WEST SOUTHWEST,60,1994,1,135000,134100,5565150,41.5
ILLINOIS,17,MONTGOMERY,135,WEST SOUTHWEST,60,1995,1,142000,141100,5150150,36.5
ILLINOIS,17,MONTGOMERY,135,WEST SOUTHWEST,60,1996,1,141000,140700,5557650,39.5
ILLINOIS,17,MONTGOMERY,135,WEST SOUTHWEST,60,1997,1,145000,144200,5623800,39
ILLINOIS,17,MONTGOMERY,135,WEST SOUTHWEST,60,1998,1,145000,144400,6281400,43.5
ILLINOIS,17,MONTGOMERY,135,WEST SOUTHWEST,60,1999,1,152000,151200,5140800,34
ILLINOIS,17,MONTGOMERY,135,WEST SOUTHWEST,60,2000,1,156000,155300,6677900,43
ILLINOIS,17,MONTGOMERY,135,WEST SOUTHWEST,60,2001,1,152000,150400,6617600,44
ILLINOIS,17,MONTGOMERY,135,WEST SOUTHWEST,60,2002,1,154000,153700,6916500,45
ILLINOIS,17,MONTGOMERY,135,WEST SOUTHWEST,60,2003,1,148000,147200,5888000,40
ILLINOIS,17,MONTGOMERY,135,WEST SOUTHWEST,60,2004,1,149000,148600,7430000,50
ILLINOIS,17,MONTGOMERY,135,WEST SOUTHWEST,60,2005,1,142000,141300,6358500,45
ILLINOIS,17,MONTGOMERY,135,WEST SOUTHWEST,60,2006,1,145000,143700,6753900,47
ILLINOIS,17,MONTGOMERY,135,WEST SOUTHWEST,60,2007,1,124000,123900,4584300,37
ILLINOIS,17,MONTGOMERY,135,WEST SOUTHWEST,60,2008,1,137000,136800,6703200,49
ILLINOIS,17,MONTGOMERY,135,WEST SOUTHWEST,60,2009,1,139000,138700,6102800,44
ILLINOIS,17,MONTGOMERY,135,WEST SOUTHWEST,60,2010,1,135000,134600,7476000,55.5
ILLINOIS,17,MONTGOMERY,135,WEST SOUTHWEST,60,2011,1,141000,140900,6223000,44.2
ILLINOIS,17,MONTGOMERY,135,WEST SOUTHWEST,60,2012,1,144000,142300,6044000,42.5
ILLINOIS,17,MONTGOMERY,135,WEST SOUTHWEST,60,2013,1,149000,149000,7446000,50
ILLINOIS,17,MONTGOMERY,135,WEST SOUTHWEST,60,2014,1,145500,145400,8347000,57.4
ILLINOIS,17,MONTGOMERY,135,WEST SOUTHWEST,60,2015,1,147500,147400,8348000,56.6
ILLINOIS,17,MONTGOMERY,135,WEST SOUTHWEST,60,2016,1,147000,146700,9020000,61.5
ILLINOIS,17,MONTGOMERY,135,WEST SOUTHWEST,60,2017,1,156500,155900,9651000,61.9
ILLINOIS,17,MONTGOMERY,135,WEST SOUTHWEST,60,2018,1,161000,156800,11446000,73
ILLINOIS,17,MONTGOMERY,135,WEST SOUTHWEST,60,2019,1,159000,158300,9741000,61.5
ILLINOIS,17,MONTGOMERY,135,WEST SOUTHWEST,60,2020,1,154000,153300,9689000,63.2
ILLINOIS,17,MONTGOMERY,135,WEST SOUTHWEST,60,2022,1,160000,159500,10942000,68.6
ILLINOIS,17,MONTGOMERY,135,WEST SOUTHWEST,60,2023,1,157500,156800,10176000,64.9
ILLINOIS,17,MONTGOMERY,135,WEST SOUTHWEST,60,2024,1,154500,154000,9794000,63.6
ILLINOIS,17,MORGAN,137,WEST SOUTHWEST,60,1980,1,104500,104000,3936600,38
ILLINOIS,17,MORGAN,137,WEST SOUTHWEST,60,1981,1,109000,108000,4701200,43.5
ILLINOIS,17,MORGAN,137,WEST SOUTHWEST,60,1982,1,111000,110000,4724200,43
ILLINOIS,17,MORGAN,137,WEST SOUTHWEST,60,1983,1,109400,109000,3228500,29.5
ILLINOIS,17,MORGAN,137,WEST SOUTHWEST,60,1984,1,104000,102000,3891600,38
ILLINOIS,17,MORGAN,137,WEST SOUTHWEST,60,1985,1,107800,107000,5160400,48
ILLINOIS,17,MORGAN,137,WEST SOUTHWEST,60,1986,1,112700,112400,5163900,46
ILLINOIS,17,MORGAN,137,WEST SOUTHWEST,60,1987,1,111900,109300,4201600,38.5
ILLINOIS,17,MORGAN,137,WEST SOUTHWEST,60,1988,1,112700,112300,3670400,32.5
ILLINOIS,17,MORGAN,137,WEST SOUTHWEST,60,1989,1,110600,109400,5161200,47
ILLINOIS,17,MORGAN,137,WEST SOUTHWEST,60,1990,1,113500,113400,4790100,42
ILLINOIS,17,MORGAN,137,WEST SOUTHWEST,60,1991,1,109000,108300,5198400,48
ILLINOIS,17,MORGAN,137,WEST SOUTHWEST,60,1992,1,112000,110700,5036850,45.5
ILLINOIS,17,MORGAN,137,WEST SOUTHWEST,60,1993,1,114000,112000,5320000,47.5
ILLINOIS,17,MORGAN,137,WEST SOUTHWEST,60,1994,1,118000,117500,5992500,51
ILLINOIS,17,MORGAN,137,WEST SOUTHWEST,60,1995,1,114000,113300,4928550,43.5
ILLINOIS,17,MORGAN,137,WEST SOUTHWEST,60,1996,1,118000,117700,5355350,45.5
ILLINOIS,17,MORGAN,137,WEST SOUTHWEST,60,1997,1,123000,122500,5512500,45
ILLINOIS,17,MORGAN,137,WEST SOUTHWEST,60,1998,1,124000,123200,5790400,47
ILLINOIS,17,MORGAN,137,WEST SOUTHWEST,60,1999,1,122000,121100,5570600,46
ILLINOIS,17,MORGAN,137,WEST SOUTHWEST,60,2000,1,122000,121800,5724600,47
ILLINOIS,17,MORGAN,137,WEST SOUTHWEST,60,2001,1,122000,120700,5793600,48
ILLINOIS,17,MORGAN,137,WEST SOUTHWEST,60,2002,1,119000,118700,6053700,51
ILLINOIS,17,MORGAN,137,WEST SOUTHWEST,60,2003,1,119000,118800,5702400,48
ILLINOIS,17,MORGAN,137,WEST SOUTHWEST,60,2004,1,115000,114700,6308500,55
ILLINOIS,17,MORGAN,137,WEST SOUTHWEST,60,2005,1,107000,106300,5208700,49
ILLINOIS,17,MORGAN,137,WEST SOUTHWEST,60,2006,1,115000,114500,6068500,53
ILLINOIS,17,MORGAN,137,WEST SOUTHWEST,60,2007,1,91000,90900,4181400,46
ILLINOIS,17,MORGAN,137,WEST SOUTHWEST,60,2008,1,103000,100800,5241600,52
ILLINOIS,17,MORGAN,137,WEST SOUTHWEST,60,2009,1,96000,95500,4966000,52
ILLINOIS,17,MORGAN,137,WEST SOUTHWEST,60,2010,1,103000,102400,5544000,54.1
ILLINOIS,17,MORGAN,137,WEST SOUTHWEST,60,2011,1,99000,98700,4992000,50.6
ILLINOIS,17,MORGAN,137,WEST SOUTHWEST,60,2012,1,100000,98800,4582000,46.4
ILLINOIS,17,MORGAN,137,WEST SOUTHWEST,60,2013,1,102500,102500,5750000,56.1
ILLINOIS,17,MORGAN,137,WEST SOUTHWEST,60,2014,1,108000,107800,6382000,59.2
ILLINOIS,17,MORGAN,137,WEST SOUTHWEST,60,2015,1,108500,108300,6292000,58.1
ILLINOIS,17,MORGAN,137,WEST SOUTHWEST,60,2016,1,108000,107500,6496000,60.4
ILLINOIS,17,MORGAN,137,WEST SOUTHWEST,60,2017,1,124500,124000,7469000,60.2
ILLINOIS,17,MORGAN,137,WEST SOUTHWEST,60,2018,1,126000,122500,9770000,79.8
ILLINOIS,17,MORGAN,137,WEST SOUTHWEST,60,2019,1,120000,119800,7675000,64.1
ILLINOIS,17,MORGAN,137,WEST SOUTHWEST,60,2020,1,119000,118500,7454000,62.9
ILLINOIS,17,MORGAN,137,WEST SOUTHWEST,60,2022,1,123000,122500,8575000,70
ILLINOIS,17,MORGAN,137,WEST SOUTHWEST,60,2023,1,119000,117500,7990000,68
ILLINOIS,17,MORGAN,137,WEST SOUTHWEST,60,2024,1,124500,124000,9027000,72.8
ILLINOIS,17,MOULTRIE,139,EAST SOUTHEAST,70,1980,1,82400,82000,2979500,36.5
ILLINOIS,17,MOULTRIE,139,EAST SOUTHEAST,70,1981,1,78600,78000,3373300,43
ILLINOIS,17,MOULTRIE,139,EAST SOUTHEAST,70,1982,1,78200,78000,3319300,42.5
ILLINOIS,17,MOULTRIE,139,EAST SOUTHEAST,70,1983,1,80100,80000,2878700,36
ILLINOIS,17,MOULTRIE,139,EAST SOUTHEAST,70,1984,1,83100,82000,2530200,31
ILLINOIS,17,MOULTRIE,139,EAST SOUTHEAST,70,1985,1,82600,82000,4042700,49.5
ILLINOIS,17,MOULTRIE,139,EAST SOUTHEAST,70,1986,1,80400,80000,3875100,48.5
ILLINOIS,17,MOULTRIE,139,EAST SOUTHEAST,70,1987,1,78100,77300,3280200,42.5
ILLINOIS,17,MOULTRIE,139,EAST SOUTHEAST,70,1988,1,78800,78700,2216000,28
ILLINOIS,17,MOULTRIE,139,EAST SOUTHEAST,70,1989,1,76800,76400,3300800,43
ILLINOIS,17,MOULTRIE,139,EAST SOUTHEAST,70,1990,1,97300,96800,4088900,42
ILLINOIS,17,MOULTRIE,139,EAST SOUTHEAST,70,1991,1,81000,80000,3040000,38
ILLINOIS,17,MOULTRIE,139,EAST SOUTHEAST,70,1992,1,86000,84800,4197600,49.5
ILLINOIS,17,MOULTRIE,139,EAST SOUTHEAST,70,1993,1,83000,82000,3895000,47.5
ILLINOIS,17,MOULTRIE,139,EAST SOUTHEAST,70,1994,1,79000,78900,3905550,49.5
ILLINOIS,17,MOULTRIE,139,EAST SOUTHEAST,70,1995,1,80000,79600,3263600,41
ILLINOIS,17,MOULTRIE,139,EAST SOUTHEAST,70,1996,1,80000,79800,3271800,41
ILLINOIS,17,MOULTRIE,139,EAST SOUTHEAST,70,1997,1,83000,82700,3597450,43.5
ILLINOIS,17,MOULTRIE,139,EAST SOUTHEAST,70,1998,1,87000,86900,3910500,45
ILLINOIS,17,MOULTRIE,139,EAST SOUTHEAST,70,1999,1,85000,84700,3811500,45
ILLINOIS,17,MOULTRIE,139,EAST SOUTHEAST,70,2000,1,85000,84900,4075200,48
ILLINOIS,17,MOULTRIE,139,EAST SOUTHEAST,70,2001,1,84000,83500,4175000,50
ILLINOIS,17,MOULTRIE,139,EAST SOUTHEAST,70,2002,1,84000,83700,3682800,44
ILLINOIS,17,MOULTRIE,139,EAST SOUTHEAST,70,2003,1,79000,78800,3624800,46
ILLINOIS,17,MOULTRIE,139,EAST SOUTHEAST,70,2004,1,78000,77800,4279000,55
ILLINOIS,17,MOULTRIE,139,EAST SOUTHEAST,70,2005,1,72000,71800,3805400,53
ILLINOIS,17,MOULTRIE,139,EAST SOUTHEAST,70,2006,1,76000,75600,4158000,55
ILLINOIS,17,MOULTRIE,139,EAST SOUTHEAST,70,2007,1,61000,60900,3349500,55
ILLINOIS,17,MOULTRIE,139,EAST SOUTHEAST,70,2008,1,68000,67400,3437400,51
ILLINOIS,17,MOULTRIE,139,EAST SOUTHEAST,70,2009,1,70000,69700,3833500,55
ILLINOIS,17,MOULTRIE,139,EAST SOUTHEAST,70,2010,1,72000,71800,4507000,62.8
ILLINOIS,17,MOULTRIE,139,EAST SOUTHEAST,70,2011,1,70000,69900,3380000,48.4
ILLINOIS,17,MOULTRIE,139,EAST SOUTHEAST,70,2012,1,72000,71700,3264000,45.5
ILLINOIS,17,MOULTRIE,139,EAST SOUTHEAST,70,2013,1,75300,75300,4290000,57
ILLINOIS,17,MOULTRIE,139,EAST SOUTHEAST,70,2014,1,77100,77000,4895000,63.6
ILLINOIS,17,MOULTRIE,139,EAST SOUTHEAST,70,2015,1,78900,78800,5105000,64.8
ILLINOIS,17,MOULTRIE,139,EAST SOUTHEAST,70,2016,1,78800,78400,5372000,68.5
ILLINOIS,17,MOULTRIE,139,EAST SOUTHEAST,70,2017,1,81500,81100,5384000,66.4
ILLINOIS,17,MOULTRIE,139,EAST SOUTHEAST,70,2018,1,83000,81000,6150000,75.9
ILLINOIS,17,MOULTRIE,139,EAST SOUTHEAST,70,2019,1,81300,81200,4819000,59.3
ILLINOIS,17,MOULTRIE,139,EAST SOUTHEAST,70,2020,1,81400,81100,5272000,65
ILLINOIS,17,MOULTRIE,139,EAST SOUTHEAST,70,2021,1,85300,84600,6125000,72.4
ILLINOIS,17,MOULTRIE,139,EAST SOUTHEAST,70,2022,1,81400,81100,5330000,65.7
ILLINOIS,17,MOULTRIE,139,EAST SOUTHEAST,70,2023,1,81400,81000,5873000,72.5
ILLINOIS,17,MOULTRIE,139,EAST SOUTHEAST,70,2025,1,81700,81200,5400000,66.5
ILLINOIS,17,OGLE,141,NORTHWEST,10,1980,1,74300,74000,2960500,40
ILLINOIS,17,OGLE,141,NORTHWEST,10,1981,1,62000,61500,2709800,44
ILLINOIS,17,OGLE,141,NORTHWEST,10,1982,1,65800,65200,2606300,40
ILLINOIS,17,OGLE,141,NORTHWEST,10,1983,1,61100,61000,2315900,38
ILLINOIS,17,OGLE,141,NORTHWEST,10,1984,1,66400,65500,2425300,37
ILLINOIS,17,OGLE,141,NORTHWEST,10,1985,1,65700,65000,2780200,43
ILLINOIS,17,OGLE,141,NORTHWEST,10,1986,1,66100,65900,2698500,41
ILLINOIS,17,OGLE,141,NORTHWEST,10,1987,1,62500,62000,2909500,47
ILLINOIS,17,OGLE,141,NORTHWEST,10,1988,1,64600,63900,1895700,29.5
ILLINOIS,17,OGLE,141,NORTHWEST,10,1989,1,72000,71400,3226600,45
ILLINOIS,17,OGLE,141,NORTHWEST,10,1990,1,67900,65300,3047000,46.5
ILLINOIS,17,OGLE,141,NORTHWEST,10,1991,1,72000,71200,3275200,46
ILLINOIS,17,OGLE,141,NORTHWEST,10,1992,1,79000,78200,3401700,43.5
ILLINOIS,17,OGLE,141,NORTHWEST,10,1993,1,78000,76500,3268000,42.5
ILLINOIS,17,OGLE,141,NORTHWEST,10,1994,1,83000,82600,4130000,50
ILLINOIS,17,OGLE,141,NORTHWEST,10,1995,1,88000,87800,4214400,48
ILLINOIS,17,OGLE,141,NORTHWEST,10,1996,1,101000,98700,4145400,42
ILLINOIS,17,OGLE,141,NORTHWEST,10,1997,1,105000,104600,5020800,48
ILLINOIS,17,OGLE,141,NORTHWEST,10,1998,1,105000,104900,5717050,54.5
ILLINOIS,17,OGLE,141,NORTHWEST,10,1999,1,120000,119500,6094500,51
ILLINOIS,17,OGLE,141,NORTHWEST,10,2000,1,121000,120500,5181500,43
ILLINOIS,17,OGLE,141,NORTHWEST,10,2001,1,126000,125100,5879700,47
ILLINOIS,17,OGLE,141,NORTHWEST,10,2002,1,123000,122700,5153400,42
ILLINOIS,17,OGLE,141,NORTHWEST,10,2003,1,114000,112900,3048300,27
ILLINOIS,17,OGLE,141,NORTHWEST,10,2004,1,106000,105800,5290000,50
ILLINOIS,17,OGLE,141,NORTHWEST,10,2005,1,97000,96400,4434400,46
ILLINOIS,17,OGLE,141,NORTHWEST,10,2006,1,102000,101500,5481000,54
ILLINOIS,17,OGLE,141,NORTHWEST,10,2007,1,74000,73800,3763800,51
ILLINOIS,17,OGLE,141,NORTHWEST,10,2008,1,73000,72900,3280500,45
ILLINOIS,17,OGLE,141,NORTHWEST,10,2009,1,87000,86900,3910500,45
ILLINOIS,17,OGLE,141,NORTHWEST,10,2010,1,86000,85400,4832000,56.6
ILLINOIS,17,OGLE,141,NORTHWEST,10,2011,1,76000,75900,4544000,59.9
ILLINOIS,17,OGLE,141,NORTHWEST,10,2012,1,82000,81300,4130000,50.8
ILLINOIS,17,OGLE,141,NORTHWEST,10,2013,1,76400,76400,4138000,54.2
ILLINOIS,17,OGLE,141,NORTHWEST,10,2014,1,98900,98700,5943000,60.2
ILLINOIS,17,OGLE,141,NORTHWEST,10,2015,1,97500,97400,5867000,60.2
ILLINOIS,17,OGLE,141,NORTHWEST,10,2016,1,104000,103000,6759000,65.6
ILLINOIS,17,OGLE,141,NORTHWEST,10,2017,1,110000,109500,6022000,55
ILLINOIS,17,OGLE,141,NORTHWEST,10,2018,1,116000,112700,7241000,64.3
ILLINOIS,17,OGLE,141,NORTHWEST,10,2019,1,99500,98600,5905000,59.9
ILLINOIS,17,OGLE,141,NORTHWEST,10,2020,1,107500,106700,6605000,61.9
ILLINOIS,17,OGLE,141,NORTHWEST,10,2021,1,115000,114000,7045000,61.8
ILLINOIS,17,OGLE,141,NORTHWEST,10,2022,1,130000,129600,8761000,67.6
ILLINOIS,17,OGLE,141,NORTHWEST,10,2023,1,113500,113000,6983000,61.8
ILLINOIS,17,OTHER (COMBINED) COUNTIES,,NORTHWEST,10,2018,0,75000,72600,4303000,59.3
ILLINOIS,17,OTHER (COMBINED) COUNTIES,,NORTHWEST,10,2019,0,141700,140400,7766000,55.3
ILLINOIS,17,OTHER (COMBINED) COUNTIES,,NORTHEAST,20,2008,0,10000,9700,395400,41
ILLINOIS,17,OTHER (COMBINED) COUNTIES,,NORTHEAST,20,2009,0,8000,7700,292600,38
ILLINOIS,17,OTHER (COMBINED) COUNTIES,,NORTHEAST,20,2010,0,7000,6900,345000,50
ILLINOIS,17,OTHER (COMBINED) COUNTIES,,NORTHEAST,20,2011,0,14000,13800,576000,41.7
ILLINOIS,17,OTHER (COMBINED) COUNTIES,,NORTHEAST,20,2012,0,7000,7000,295000,42.1
ILLINOIS,17,OTHER (COMBINED) COUNTIES,,NORTHEAST,20,2013,0,19100,19000,808000,42.5
ILLINOIS,17,OTHER (COMBINED) COUNTIES,,NORTHEAST,20,2014,0,68400,68240,3887000,57
ILLINOIS,17,OTHER (COMBINED) COUNTIES,,NORTHEAST,20,2015,0,66600,66400,3434000,51.7
ILLINOIS,17,OTHER (COMBINED) COUNTIES,,NORTHEAST,20,2016,0,67500,67200,3936000,58.6
ILLINOIS,17,OTHER (COMBINED) COUNTIES,,NORTHEAST,20,2017,0,16600,16300,712000,43.7
ILLINOIS,17,OTHER (COMBINED) COUNTIES,,NORTHEAST,20,2018,0,8000,7600,362000,47.6
ILLINOIS,17,OTHER (COMBINED) COUNTIES,,NORTHEAST,20,2019,0,53800,53600,2641000,49.3
ILLINOIS,17,OTHER (COMBINED) COUNTIES,,WEST,30,2019,0,261900,260700,14871000,57
ILLINOIS,17,OTHER (COMBINED) COUNTIES,,CENTRAL,40,2013,0,152900,152900,8631000,56.4
ILLINOIS,17,OTHER (COMBINED) COUNTIES,,CENTRAL,40,2018,0,174000,169500,10780000,63.6
ILLINOIS,17,OTHER (COMBINED) COUNTIES,,CENTRAL,40,2019,0,249300,249200,15506000,62.2
ILLINOIS,17,OTHER (COMBINED) COUNTIES,,EAST,50,2019,0,326000,325300,18965000,58.3
ILLINOIS,17,OTHER (COMBINED) COUNTIES,,WEST SOUTHWEST,60,2013,0,93400,93200,3773000,40.5
ILLINOIS,17,OTHER (COMBINED) COUNTIES,,WEST SOUTHWEST,60,2016,0,101800,101400,5833000,57.5
ILLINOIS,17,OTHER (COMBINED) COUNTIES,,WEST SOUTHWEST,60,2018,0,109000,106000,6961000,65.7
ILLINOIS,17,OTHER (COMBINED) COUNTIES,,WEST SOUTHWEST,60,2019,0,403500,402400,23840000,59.2
ILLINOIS,17,OTHER (COMBINED) COUNTIES,,EAST SOUTHEAST,70,2016,0,185500,184600,10543000,57.1
ILLINOIS,17,OTHER (COMBINED) COUNTIES,,EAST SOUTHEAST,70,2019,0,188000,185600,8268000,44.5
ILLINOIS,17,OTHER (COMBINED) COUNTIES,,SOUTHWEST,80,2012,0,54000,52200,1700000,32.6
ILLINOIS,17,OTHER (COMBINED) COUNTIES,,SOUTHWEST,80,2013,0,54300,54200,2383000,44
ILLINOIS,17,OTHER (COMBINED) COUNTIES,,SOUTHWEST,80,2014,0,63800,63600,2740000,43.1
ILLINOIS,17,OTHER (COMBINED) COUNTIES,,SOUTHWEST,80,2015,0,142400,132600,5777000,43.6
ILLINOIS,17,OTHER (COMBINED) COUNTIES,,SOUTHWEST,80,2016,0,117800,116400,5130000,44.1
ILLINOIS,17,OTHER (COMBINED) COUNTIES,,SOUTHWEST,80,2018,0,102000,98000,4555000,46.5
ILLINOIS,17,OTHER (COMBINED) COUNTIES,,SOUTHWEST,80,2019,0,63800,62000,2426000,39.1
ILLINOIS,17,OTHER (COMBINED) COUNTIES,,SOUTHEAST,90,2008,0,17000,16800,621500,37
ILLINOIS,17,OTHER (COMBINED) COUNTIES,,SOUTHEAST,90,2009,0,19000,18600,743000,40
ILLINOIS,17,OTHER (COMBINED) COUNTIES,,SOUTHEAST,90,2011,0,17000,16700,603000,36.1
ILLINOIS,17,OTHER (COMBINED) COUNTIES,,SOUTHEAST,90,2012,0,16000,15500,511000,33
ILLINOIS,17,OTHER (COMBINED) COUNTIES,,SOUTHEAST,90,2013,0,20100,20100,810000,40.3
ILLINOIS,17,OTHER (COMBINED) COUNTIES,,SOUTHEAST,90,2014,0,19500,19300,819000,42.4
ILLINOIS,17,OTHER (COMBINED) COUNTIES,,SOUTHEAST,90,2015,0,195700,188500,9402000,49.9
ILLINOIS,17,OTHER (COMBINED) COUNTIES,,SOUTHEAST,90,2017,0,47100,46200,2228000,48.2
ILLINOIS,17,OTHER (COMBINED) COUNTIES,,SOUTHEAST,90,2018,0,110000,106800,5324000,49.9
ILLINOIS,17,OTHER (COMBINED) COUNTIES,,SOUTHEAST,90,2019,0,249200,246300,10963000,44.5
ILLINOIS,17,OTHER COUNTIES,,,99,2020,0,94700,94270,5742000,60.9
ILLINOIS,17,OTHER COUNTIES,,,99,2021,0,2496100,2474480,162395000,65.6
ILLINOIS,17,OTHER COUNTIES,,,99,2022,0,559600,557200,33779000,60.6
ILLINOIS,17,OTHER COUNTIES,,,99,2023,0,764600,761130,46203000,60.7
ILLINOIS,17,OTHER COUNTIES,,,99,2024,0,3679500,3664400,236579000,64.6
ILLINOIS,17,OTHER COUNTIES,,,99,2025,0,4004300,3978500,253065000,63.6
ILLINOIS,17,PEORIA,143,CENTRAL,40,1980,1,64200,64000,2452800,38.5
ILLINOIS,17,PEORIA,143,CENTRAL,40,1981,1,67600,67000,2848500,42.5
ILLINOIS,17,PEORIA,143,CENTRAL,40,1982,1,67800,67200,2790100,41.5
ILLINOIS,17,PEORIA,143,CENTRAL,40,1983,1,67100,67000,2298300,34.5
ILLINOIS,17,PEORIA,143,CENTRAL,40,1984,1,64800,64000,2179300,34
ILLINOIS,17,PEORIA,143,CENTRAL,40,1985,1,67600,67000,3170100,47.5
ILLINOIS,17,PEORIA,143,CENTRAL,40,1986,1,70800,70400,3199200,45.5
ILLINOIS,17,PEORIA,143,CENTRAL,40,1987,1,69200,68600,2739800,40
ILLINOIS,17,PEORIA,143,CENTRAL,40,1988,1,67100,66300,2033600,30.5
ILLINOIS,17,PEORIA,143,CENTRAL,40,1989,1,73500,73400,3134700,42.5
ILLINOIS,17,PEORIA,143,CENTRAL,40,1990,1,80500,80300,3431400,42.5
ILLINOIS,17,PEORIA,143,CENTRAL,40,1991,1,82000,80700,3550800,44
ILLINOIS,17,PEORIA,143,CENTRAL,40,1992,1,83000,82500,3588750,43.5
ILLINOIS,17,PEORIA,143,CENTRAL,40,1993,1,82000,80000,3760000,47
ILLINOIS,17,PEORIA,143,CENTRAL,40,1994,1,84000,83900,4069150,48.5
ILLINOIS,17,PEORIA,143,CENTRAL,40,1995,1,83000,82700,3514750,42.5
ILLINOIS,17,PEORIA,143,CENTRAL,40,1996,1,84000,83600,3720200,44.5
ILLINOIS,17,PEORIA,143,CENTRAL,40,1997,1,90000,89600,4256000,47.5
ILLINOIS,17,PEORIA,143,CENTRAL,40,1998,1,92000,91600,4763200,52
ILLINOIS,17,PEORIA,143,CENTRAL,40,1999,1,90000,89600,4211200,47
ILLINOIS,17,PEORIA,143,CENTRAL,40,2000,1,89000,88800,4084800,46
ILLINOIS,17,PEORIA,143,CENTRAL,40,2001,1,91000,90500,4163000,46
ILLINOIS,17,PEORIA,143,CENTRAL,40,2002,1,91000,90100,4324800,48
ILLINOIS,17,PEORIA,143,CENTRAL,40,2003,1,86000,85900,3350100,39
ILLINOIS,17,PEORIA,143,CENTRAL,40,2004,1,83000,82300,4526500,55
ILLINOIS,17,PEORIA,143,CENTRAL,40,2005,1,80000,78500,3532500,45
ILLINOIS,17,PEORIA,143,CENTRAL,40,2006,1,81000,80700,4196400,52
ILLINOIS,17,PEORIA,143,CENTRAL,40,2007,1,67000,66900,3211200,48
ILLINOIS,17,PEORIA,143,CENTRAL,40,2008,1,69000,68800,3577600,52
ILLINOIS,17,PEORIA,143,CENTRAL,40,2009,1,71000,70700,3181500,45
ILLINOIS,17,PEORIA,143,CENTRAL,40,2010,1,76000,75800,4153000,54.8
ILLINOIS,17,PEORIA,143,CENTRAL,40,2011,1,77000,76900,4458000,58
ILLINOIS,17,PEORIA,143,CENTRAL,40,2012,1,80000,79700,4308000,54.1
ILLINOIS,17,PEORIA,143,CENTRAL,40,2013,1,83500,83400,4254000,51
ILLINOIS,17,PEORIA,143,CENTRAL,40,2014,1,84400,84200,4827000,57.3
ILLINOIS,17,PEORIA,143,CENTRAL,40,2015,1,86600,86400,5248000,60.7
ILLINOIS,17,PEORIA,143,CENTRAL,40,2016,1,84900,84300,5054000,60
ILLINOIS,17,PEORIA,143,CENTRAL,40,2017,1,87300,86800,5544000,63.9
ILLINOIS,17,PEORIA,143,CENTRAL,40,2018,1,88000,85600,5697000,66.6
ILLINOIS,17,PEORIA,143,CENTRAL,40,2019,1,84500,82500,4568000,55.4
ILLINOIS,17,PEORIA,143,CENTRAL,40,2020,1,83700,83300,5431000,65.2
ILLINOIS,17,PEORIA,143,CENTRAL,40,2021,1,86600,85900,5987000,69.7
ILLINOIS,17,PEORIA,143,CENTRAL,40,2022,1,87400,87100,5574000,64
ILLINOIS,17,PEORIA,143,CENTRAL,40,2023,1,85600,85200,6024000,70.7
ILLINOIS,17,PEORIA,143,CENTRAL,40,2024,1,89200,88900,6152000,69.2
ILLINOIS,17,PEORIA,143,CENTRAL,40,2025,1,84000,83500,5979000,71.6
ILLINOIS,17,PERRY,145,SOUTHWEST,80,1980,1,60500,60000,1580700,26.5
ILLINOIS,17,PERRY,145,SOUTHWEST,80,1981,1,64600,64000,1747200,27.5
ILLINOIS,17,PERRY,145,SOUTHWEST,80,1982,1,67700,67000,1951400,29
ILLINOIS,17,PERRY,145,SOUTHWEST,80,1983,1,71700,71000,1158500,16.5
ILLINOIS,17,PERRY,145,SOUTHWEST,80,1984,1,62600,61000,1284800,21
ILLINOIS,17,PERRY,145,SOUTHWEST,80,1985,1,58900,58000,1721100,29.5
ILLINOIS,17,PERRY,145,SOUTHWEST,80,1986,1,58900,56900,1875300,33
ILLINOIS,17,PERRY,145,SOUTHWEST,80,1987,1,53200,52400,1648100,31.5
ILLINOIS,17,PERRY,145,SOUTHWEST,80,1988,1,53800,52900,1330000,25
ILLINOIS,17,PERRY,145,SOUTHWEST,80,1989,1,54100,53900,1311600,24.5
ILLINOIS,17,PERRY,145,SOUTHWEST,80,1990,1,56500,55900,1565000,28
ILLINOIS,17,PERRY,145,SOUTHWEST,80,1991,1,55000,53900,1509200,28
ILLINOIS,17,PERRY,145,SOUTHWEST,80,1992,1,58000,57600,1756800,30.5
ILLINOIS,17,PERRY,145,SOUTHWEST,80,1993,1,56000,55000,2007500,36.5
ILLINOIS,17,PERRY,145,SOUTHWEST,80,1994,1,60000,59300,1956900,33
ILLINOIS,17,PERRY,145,SOUTHWEST,80,1995,1,65000,64700,1682200,26
ILLINOIS,17,PERRY,145,SOUTHWEST,80,1996,1,56000,55100,1542800,28
ILLINOIS,17,PERRY,145,SOUTHWEST,80,1997,1,61000,60800,2006400,33
ILLINOIS,17,PERRY,145,SOUTHWEST,80,1998,1,60000,59300,1719700,29
ILLINOIS,17,PERRY,145,SOUTHWEST,80,1999,1,70000,69800,1745000,25
ILLINOIS,17,PERRY,145,SOUTHWEST,80,2000,1,72000,71700,2437800,34
ILLINOIS,17,PERRY,145,SOUTHWEST,80,2001,1,76000,75600,2948400,39
ILLINOIS,17,PERRY,145,SOUTHWEST,80,2002,1,85000,84700,1948100,23
ILLINOIS,17,PERRY,145,SOUTHWEST,80,2003,1,91000,90900,2454300,27
ILLINOIS,17,PERRY,145,SOUTHWEST,80,2004,1,80000,79800,3351600,42
ILLINOIS,17,PERRY,145,SOUTHWEST,80,2005,1,77000,76700,3144700,41
ILLINOIS,17,PERRY,145,SOUTHWEST,80,2006,1,90000,89600,3315200,37
ILLINOIS,17,PERRY,145,SOUTHWEST,80,2007,1,75000,74800,1570800,21
ILLINOIS,17,PERRY,145,SOUTHWEST,80,2008,1,87000,86300,3969800,46
ILLINOIS,17,PERRY,145,SOUTHWEST,80,2009,1,88000,85300,3070800,36
ILLINOIS,17,PERRY,145,SOUTHWEST,80,2010,1,80000,79700,3398000,42.6
ILLINOIS,17,PERRY,145,SOUTHWEST,80,2011,1,77000,75800,2562000,33.8
ILLINOIS,17,PERRY,145,SOUTHWEST,80,2012,1,82000,73400,1676000,22.8
ILLINOIS,17,PERRY,145,SOUTHWEST,80,2013,1,87600,87500,2971000,34
ILLINOIS,17,PERRY,145,SOUTHWEST,80,2014,1,86300,86100,3529000,41
ILLINOIS,17,PERRY,145,SOUTHWEST,80,2015,1,76200,76000,3258000,42.9
ILLINOIS,17,PERRY,145,SOUTHWEST,80,2016,1,92000,91400,4386000,48
ILLINOIS,17,PERRY,145,SOUTHWEST,80,2017,1,94000,93700,4002000,42.7
ILLINOIS,17,PERRY,145,SOUTHWEST,80,2018,1,97000,94400,4953000,52.5
ILLINOIS,17,PERRY,145,SOUTHWEST,80,2019,1,95100,95000,3380000,35.6
ILLINOIS,17,PERRY,145,SOUTHWEST,80,2020,1,91100,90700,4372000,48.2
ILLINOIS,17,PERRY,145,SOUTHWEST,80,2021,1,91800,90900,4836000,53.2
ILLINOIS,17,PERRY,145,SOUTHWEST,80,2022,1,96700,96300,4179000,43.4
ILLINOIS,17,PERRY,145,SOUTHWEST,80,2023,1,87300,86900,4197000,48.3
ILLINOIS,17,PERRY,145,SOUTHWEST,80,2024,1,96600,95700,4890000,51.1
ILLINOIS,17,PERRY,145,SOUTHWEST,80,2025,1,92700,91900,3217000,35
ILLINOIS,17,PIATT,147,EAST,50,1980,1,110500,110000,4188800,38
ILLINOIS,17,PIATT,147,EAST,50,1981,1,117000,116000,4622700,40
ILLINOIS,17,PIATT,147,EAST,50,1982,1,115500,115000,4980200,43.5
ILLINOIS,17,PIATT,147,EAST,50,1983,1,119300,119000,4328800,36.5
ILLINOIS,17,PIATT,147,EAST,50,1984,1,121300,120000,4208600,35
ILLINOIS,17,PIATT,147,EAST,50,1985,1,119900,119000,6042500,51
ILLINOIS,17,PIATT,147,EAST,50,1986,1,114600,114400,5484300,48
ILLINOIS,17,PIATT,147,EAST,50,1987,1,111800,110800,5254900,47.5
ILLINOIS,17,PIATT,147,EAST,50,1988,1,110500,110200,3435500,31
ILLINOIS,17,PIATT,147,EAST,50,1989,1,116000,115600,5224000,45
ILLINOIS,17,PIATT,147,EAST,50,1990,1,118700,118600,5301000,44.5
ILLINOIS,17,PIATT,147,EAST,50,1991,1,122000,121200,5514600,45.5
ILLINOIS,17,PIATT,147,EAST,50,1992,1,126000,125700,6159300,49
ILLINOIS,17,PIATT,147,EAST,50,1993,1,125000,124000,6200000,50
ILLINOIS,17,PIATT,147,EAST,50,1994,1,120000,119600,6219200,52
ILLINOIS,17,PIATT,147,EAST,50,1995,1,120000,119400,5134200,43
ILLINOIS,17,PIATT,147,EAST,50,1996,1,115000,114900,5572650,48.5
ILLINOIS,17,PIATT,147,EAST,50,1997,1,117000,116700,5426550,46.5
ILLINOIS,17,PIATT,147,EAST,50,1998,1,122000,120700,5612550,46.5
ILLINOIS,17,PIATT,147,EAST,50,1999,1,126000,125400,6897000,55
ILLINOIS,17,PIATT,147,EAST,50,2000,1,120000,119800,5990000,50
ILLINOIS,17,PIATT,147,EAST,50,2001,1,128000,126700,6081600,48
ILLINOIS,17,PIATT,147,EAST,50,2002,1,122000,121700,6328400,52
ILLINOIS,17,PIATT,147,EAST,50,2003,1,123000,122400,5018400,41
ILLINOIS,17,PIATT,147,EAST,50,2004,1,116000,115600,6242400,54
ILLINOIS,17,PIATT,147,EAST,50,2005,1,114000,113500,6356000,56
ILLINOIS,17,PIATT,147,EAST,50,2006,1,115000,114500,6297500,55
ILLINOIS,17,PIATT,147,EAST,50,2007,1,94000,93900,5352300,57
ILLINOIS,17,PIATT,147,EAST,50,2008,1,109000,108500,5425000,50
ILLINOIS,17,PIATT,147,EAST,50,2009,1,111000,110800,6204800,56
ILLINOIS,17,PIATT,147,EAST,50,2010,1,112000,111400,7052000,63.3
ILLINOIS,17,PIATT,147,EAST,50,2011,1,108000,107800,5715000,53
ILLINOIS,17,PIATT,147,EAST,50,2012,1,116000,115100,5912000,51.4
ILLINOIS,17,PIATT,147,EAST,50,2013,1,108500,108500,6319000,58.2
ILLINOIS,17,PIATT,147,EAST,50,2014,1,122500,122200,8465000,69.3
ILLINOIS,17,PIATT,147,EAST,50,2015,1,120500,120300,8788000,73.1
ILLINOIS,17,PIATT,147,EAST,50,2016,1,124500,124000,8837000,71.3
ILLINOIS,17,PIATT,147,EAST,50,2017,1,132000,131500,9125000,69.4
ILLINOIS,17,PIATT,147,EAST,50,2018,1,128000,124600,9647000,77.4
ILLINOIS,17,PIATT,147,EAST,50,2020,1,122000,121400,8704000,71.7
ILLINOIS,17,PIATT,147,EAST,50,2021,1,119500,118500,9160000,77.3
ILLINOIS,17,PIATT,147,EAST,50,2022,1,120500,120100,8911000,74.2
ILLINOIS,17,PIATT,147,EAST,50,2023,1,118500,117900,8748000,74.2
ILLINOIS,17,PIATT,147,EAST,50,2024,1,121000,120600,9355000,77.6
ILLINOIS,17,PIATT,147,EAST,50,2025,1,117000,116300,8478000,72.9
ILLINOIS,17,PIKE,149,WEST SOUTHWEST,60,1980,1,107500,107000,3510100,33
ILLINOIS,17,PIKE,149,WEST SOUTHWEST,60,1981,1,106100,105000,3773400,36
ILLINOIS,17,PIKE,149,WEST SOUTHWEST,60,1982,1,108100,107500,3972700,37
ILLINOIS,17,PIKE,149,WEST SOUTHWEST,60,1983,1,110300,108000,2702500,25
ILLINOIS,17,PIKE,149,WEST SOUTHWEST,60,1984,1,101600,100000,2897700,29
ILLINOIS,17,PIKE,149,WEST SOUTHWEST,60,1985,1,109400,108000,4015000,37
ILLINOIS,17,PIKE,149,WEST SOUTHWEST,60,1986,1,109600,108900,4078600,37.5
ILLINOIS,17,PIKE,149,WEST SOUTHWEST,60,1987,1,103100,100700,3468800,34.5
ILLINOIS,17,PIKE,149,WEST SOUTHWEST,60,1988,1,103300,103000,3314600,32
ILLINOIS,17,PIKE,149,WEST SOUTHWEST,60,1989,1,96500,95100,3589200,37.5
ILLINOIS,17,PIKE,149,WEST SOUTHWEST,60,1990,1,94000,93700,3359600,36
ILLINOIS,17,PIKE,149,WEST SOUTHWEST,60,1991,1,103000,102700,4210700,41
ILLINOIS,17,PIKE,149,WEST SOUTHWEST,60,1992,1,97000,96000,3744000,39
ILLINOIS,17,PIKE,149,WEST SOUTHWEST,60,1993,1,87000,65000,2567500,39.5
ILLINOIS,17,PIKE,149,WEST SOUTHWEST,60,1994,1,99000,97900,4062850,41.5
ILLINOIS,17,PIKE,149,WEST SOUTHWEST,60,1995,1,98000,97200,3888000,40
ILLINOIS,17,PIKE,149,WEST SOUTHWEST,60,1996,1,104000,103800,4152000,40
ILLINOIS,17,PIKE,149,WEST SOUTHWEST,60,1997,1,108000,107500,4837500,45
ILLINOIS,17,PIKE,149,WEST SOUTHWEST,60,1998,1,119000,118600,5040500,42.5
ILLINOIS,17,PIKE,149,WEST SOUTHWEST,60,1999,1,108000,107600,3766000,35
ILLINOIS,17,PIKE,149,WEST SOUTHWEST,60,2000,1,109000,108900,4682700,43
ILLINOIS,17,PIKE,149,WEST SOUTHWEST,60,2001,1,105000,103500,4761000,46
ILLINOIS,17,PIKE,149,WEST SOUTHWEST,60,2002,1,97000,96700,4158100,43
ILLINOIS,17,PIKE,149,WEST SOUTHWEST,60,2003,1,105000,104800,4506400,43
ILLINOIS,17,PIKE,149,WEST SOUTHWEST,60,2004,1,100000,99300,4965000,50
ILLINOIS,17,PIKE,149,WEST SOUTHWEST,60,2005,1,93000,92100,4144500,45
ILLINOIS,17,PIKE,149,WEST SOUTHWEST,60,2006,1,104000,103200,5056800,49
ILLINOIS,17,PIKE,149,WEST SOUTHWEST,60,2007,1,71000,70900,2694200,38
ILLINOIS,17,PIKE,149,WEST SOUTHWEST,60,2008,1,89000,86400,3542400,41
ILLINOIS,17,PIKE,149,WEST SOUTHWEST,60,2009,1,92000,91800,4406400,48
ILLINOIS,17,PIKE,149,WEST SOUTHWEST,60,2010,1,99000,98000,5187000,52.9
ILLINOIS,17,PIKE,149,WEST SOUTHWEST,60,2011,1,96000,95900,4267000,44.5
ILLINOIS,17,PIKE,149,WEST SOUTHWEST,60,2012,1,93000,92500,4107000,44.4
ILLINOIS,17,PIKE,149,WEST SOUTHWEST,60,2013,1,110500,110300,5002000,45.3
ILLINOIS,17,PIKE,149,WEST SOUTHWEST,60,2014,1,108500,108200,5452000,50.4
ILLINOIS,17,PIKE,149,WEST SOUTHWEST,60,2015,1,102000,100900,4816000,47.7
ILLINOIS,17,PIKE,149,WEST SOUTHWEST,60,2016,1,108000,107500,6241000,58.1
ILLINOIS,17,PIKE,149,WEST SOUTHWEST,60,2017,1,131000,130500,7526000,57.7
ILLINOIS,17,PIKE,149,WEST SOUTHWEST,60,2018,1,130000,126300,7734000,61.2
ILLINOIS,17,PIKE,149,WEST SOUTHWEST,60,2020,1,124500,123900,7694000,62.1
ILLINOIS,17,PIKE,149,WEST SOUTHWEST,60,2023,1,130000,129500,7757000,59.9
ILLINOIS,17,PIKE,149,WEST SOUTHWEST,60,2024,1,132500,131900,8415000,63.8
ILLINOIS,17,POPE,151,SOUTHEAST,90,1980,1,11100,11000,202800,18.5
ILLINOIS,17,POPE,151,SOUTHEAST,90,1981,1,15400,15000,379600,25.5
ILLINOIS,17,POPE,151,SOUTHEAST,90,1982,1,13500,13500,367300,27
ILLINOIS,17,POPE,151,SOUTHEAST,90,1983,1,13500,13000,199400,15.5
ILLINOIS,17,POPE,151,SOUTHEAST,90,1984,1,20500,20000,517700,26
ILLINOIS,17,POPE,151,SOUTHEAST,90,1985,1,20600,18500,539000,29
ILLINOIS,17,POPE,151,SOUTHEAST,90,1986,1,15400,15300,420200,27.5
ILLINOIS,17,POPE,151,SOUTHEAST,90,1987,1,10000,9900,232300,23.5
ILLINOIS,17,POPE,151,SOUTHEAST,90,1988,1,10600,10500,211200,20
ILLINOIS,17,POPE,151,SOUTHEAST,90,1989,1,11000,10700,366600,34.5
ILLINOIS,17,POPE,151,SOUTHEAST,90,1990,1,9300,9300,251200,27
ILLINOIS,17,POPE,151,SOUTHEAST,90,1991,1,9000,8400,180600,21.5
ILLINOIS,17,POPE,151,SOUTHEAST,90,1992,1,8000,7900,252800,32
ILLINOIS,17,POPE,151,SOUTHEAST,90,1993,1,7000,6900,179400,26
ILLINOIS,17,POPE,151,SOUTHEAST,90,1994,1,8000,7700,265650,34.5
ILLINOIS,17,POPE,151,SOUTHEAST,90,1995,1,9000,8900,298150,33.5
ILLINOIS,17,POPE,151,SOUTHEAST,90,1996,1,11000,10900,305200,28
ILLINOIS,17,POPE,151,SOUTHEAST,90,1997,1,10000,9900,262350,26.5
ILLINOIS,17,POPE,151,SOUTHEAST,90,1998,1,11000,10900,316100,29
ILLINOIS,17,POPE,151,SOUTHEAST,90,1999,1,11000,10900,163500,15
ILLINOIS,17,POPE,151,SOUTHEAST,90,2000,1,9000,8900,240300,27
ILLINOIS,17,POPE,151,SOUTHEAST,90,2001,1,12000,11900,368900,31
ILLINOIS,17,POPE,151,SOUTHEAST,90,2002,1,12000,11500,264500,23
ILLINOIS,17,POPE,151,SOUTHEAST,90,2003,1,11000,10300,329600,32
ILLINOIS,17,POPE,151,SOUTHEAST,90,2004,1,11000,10900,403300,37
ILLINOIS,17,POPE,151,SOUTHEAST,90,2005,1,11000,10900,425100,39
ILLINOIS,17,POPE,151,SOUTHEAST,90,2006,1,12000,11600,475600,41
ILLINOIS,17,POPE,151,SOUTHEAST,90,2007,1,13000,12400,235600,19
ILLINOIS,17,POPE,151,SOUTHEAST,90,2010,1,12000,11900,323000,27.1
ILLINOIS,17,POPE,151,SOUTHEAST,90,2015,1,14300,14100,680000,48.2
ILLINOIS,17,POPE,151,SOUTHEAST,90,2016,1,14600,14400,505000,35.1
ILLINOIS,17,POPE,151,SOUTHEAST,90,2017,1,15700,15300,683000,44.6
ILLINOIS,17,POPE,151,SOUTHEAST,90,2020,1,16000,15900,844000,53.1
ILLINOIS,17,POPE,151,SOUTHEAST,90,2024,1,18000,17700,848000,47.9
ILLINOIS,17,POPE,151,SOUTHEAST,90,2025,1,15000,14700,528000,35.9
ILLINOIS,17,PULASKI,153,SOUTHWEST,80,1980,1,32200,32000,763500,24
ILLINOIS,17,PULASKI,153,SOUTHWEST,80,1981,1,34300,34000,910700,27
ILLINOIS,17,PULASKI,153,SOUTHWEST,80,1982,1,38100,38000,1221200,32
ILLINOIS,17,PULASKI,153,SOUTHWEST,80,1983,1,33300,33000,639400,19.5
ILLINOIS,17,PULASKI,153,SOUTHWEST,80,1984,1,34900,34000,1041600,30.5
ILLINOIS,17,PULASKI,153,SOUTHWEST,80,1985,1,32300,32000,965700,30
ILLINOIS,17,PULASKI,153,SOUTHWEST,80,1986,1,33000,32900,985800,30
ILLINOIS,17,PULASKI,153,SOUTHWEST,80,1987,1,29900,29400,821900,28
ILLINOIS,17,PULASKI,153,SOUTHWEST,80,1988,1,26900,26300,740600,28
ILLINOIS,17,PULASKI,153,SOUTHWEST,80,1989,1,29700,29600,793800,27
ILLINOIS,17,PULASKI,153,SOUTHWEST,80,1990,1,31500,31300,1060800,34
ILLINOIS,17,PULASKI,153,SOUTHWEST,80,1991,1,31000,30400,805600,26.5
ILLINOIS,17,PULASKI,153,SOUTHWEST,80,1992,1,31000,30800,1124200,36.5
ILLINOIS,17,PULASKI,153,SOUTHWEST,80,1993,1,32000,31500,1134000,36
ILLINOIS,17,PULASKI,153,SOUTHWEST,80,1994,1,35000,34400,1307200,38
ILLINOIS,17,PULASKI,153,SOUTHWEST,80,1995,1,30000,29900,882050,29.5
ILLINOIS,17,PULASKI,153,SOUTHWEST,80,1996,1,33000,32900,1102150,33.5
ILLINOIS,17,PULASKI,153,SOUTHWEST,80,1997,1,36000,35900,1184700,33
ILLINOIS,17,PULASKI,153,SOUTHWEST,80,1998,1,36000,35700,1231650,34.5
ILLINOIS,17,PULASKI,153,SOUTHWEST,80,1999,1,36000,35700,999600,28
ILLINOIS,17,PULASKI,153,SOUTHWEST,80,2000,1,33000,32900,1085700,33
ILLINOIS,17,PULASKI,153,SOUTHWEST,80,2001,1,35000,34800,1357200,39
ILLINOIS,17,PULASKI,153,SOUTHWEST,80,2002,1,37000,36800,1140800,31
ILLINOIS,17,PULASKI,153,SOUTHWEST,80,2003,1,34000,33900,1220400,36
ILLINOIS,17,PULASKI,153,SOUTHWEST,80,2004,1,34000,33900,1457700,43
ILLINOIS,17,PULASKI,153,SOUTHWEST,80,2005,1,33000,32900,1414700,43
ILLINOIS,17,PULASKI,153,SOUTHWEST,80,2006,1,36000,35700,1535100,43
ILLINOIS,17,PULASKI,153,SOUTHWEST,80,2007,1,30000,29900,1076400,36
ILLINOIS,17,PULASKI,153,SOUTHWEST,80,2008,1,35000,34800,1461600,42
ILLINOIS,17,PULASKI,153,SOUTHWEST,80,2009,1,37000,36900,1660500,45
ILLINOIS,17,PULASKI,153,SOUTHWEST,80,2010,1,34000,33900,1326000,39.1
ILLINOIS,17,PULASKI,153,SOUTHWEST,80,2011,1,37000,36800,1487000,40.4
ILLINOIS,17,PULASKI,153,SOUTHWEST,80,2012,1,34000,33600,1244000,37
ILLINOIS,17,PULASKI,153,SOUTHWEST,80,2013,1,36200,36100,1627000,45.1
ILLINOIS,17,PULASKI,153,SOUTHWEST,80,2014,1,36600,36500,1700000,46.6
ILLINOIS,17,PULASKI,153,SOUTHWEST,80,2015,1,38000,36800,1695000,46.1
ILLINOIS,17,PULASKI,153,SOUTHWEST,80,2016,1,39500,39400,1751000,44.4
ILLINOIS,17,PULASKI,153,SOUTHWEST,80,2017,1,44100,44000,1956000,44.5
ILLINOIS,17,PULASKI,153,SOUTHWEST,80,2018,1,47000,45700,2204000,48.2
ILLINOIS,17,PULASKI,153,SOUTHWEST,80,2019,1,37800,37500,1621000,43.2
ILLINOIS,17,PULASKI,153,SOUTHWEST,80,2020,1,43800,43600,2389000,54.8
ILLINOIS,17,PULASKI,153,SOUTHWEST,80,2021,1,43000,42600,2420000,56.8
ILLINOIS,17,PULASKI,153,SOUTHWEST,80,2022,1,45000,44900,2402000,53.5
ILLINOIS,17,PULASKI,153,SOUTHWEST,80,2023,1,43200,43000,2167000,50.4
ILLINOIS,17,PULASKI,153,SOUTHWEST,80,2025,1,40200,39700,1727000,43.5
ILLINOIS,17,PUTNAM,155,NORTHWEST,10,1980,1,24100,24000,960200,40
ILLINOIS,17,PUTNAM,155,NORTHWEST,10,1981,1,22300,22100,962600,43.5
ILLINOIS,17,PUTNAM,155,NORTHWEST,10,1982,1,22300,22200,876300,39.5
ILLINOIS,17,PUTNAM,155,NORTHWEST,10,1983,1,21500,21500,860400,40
ILLINOIS,17,PUTNAM,155,NORTHWEST,10,1984,1,22700,22500,843900,37.5
ILLINOIS,17,PUTNAM,155,NORTHWEST,10,1985,1,23200,23000,1064800,46.5
ILLINOIS,17,PUTNAM,155,NORTHWEST,10,1986,1,24900,24700,1085400,44
ILLINOIS,17,PUTNAM,155,NORTHWEST,10,1987,1,24400,24200,1087300,45
ILLINOIS,17,PUTNAM,155,NORTHWEST,10,1988,1,24900,24600,692700,28
ILLINOIS,17,PUTNAM,155,NORTHWEST,10,1989,1,26700,26600,1122800,42
ILLINOIS,17,PUTNAM,155,NORTHWEST,10,1990,1,25300,24400,1114600,45.5
ILLINOIS,17,PUTNAM,155,NORTHWEST,10,1991,1,27000,26900,1210500,45
ILLINOIS,17,PUTNAM,155,NORTHWEST,10,1992,1,28000,27700,1218800,44
ILLINOIS,17,PUTNAM,155,NORTHWEST,10,1993,1,26000,25500,1235000,48.5
ILLINOIS,17,PUTNAM,155,NORTHWEST,10,1994,1,26000,25600,1305600,51
ILLINOIS,17,PUTNAM,155,NORTHWEST,10,1995,1,30000,29800,1326100,44.5
ILLINOIS,17,PUTNAM,155,NORTHWEST,10,1996,1,28000,27700,1329600,48
ILLINOIS,17,PUTNAM,155,NORTHWEST,10,1997,1,28000,27700,1329600,48
ILLINOIS,17,PUTNAM,155,NORTHWEST,10,1998,1,28000,27900,1395000,50
ILLINOIS,17,PUTNAM,155,NORTHWEST,10,1999,1,30000,29800,1400600,47
ILLINOIS,17,PUTNAM,155,NORTHWEST,10,2000,1,30000,29900,1435200,48
ILLINOIS,17,PUTNAM,155,NORTHWEST,10,2001,1,31000,30800,1478400,48
ILLINOIS,17,PUTNAM,155,NORTHWEST,10,2002,1,28000,27800,1362200,49
ILLINOIS,17,PUTNAM,155,NORTHWEST,10,2003,1,27000,26900,968400,36
ILLINOIS,17,PUTNAM,155,NORTHWEST,10,2004,1,25000,24900,1319700,53
ILLINOIS,17,PUTNAM,155,NORTHWEST,10,2005,1,24000,23900,1171100,49
ILLINOIS,17,PUTNAM,155,NORTHWEST,10,2006,1,25000,24900,1294800,52
ILLINOIS,17,PUTNAM,155,NORTHWEST,10,2007,1,17000,16900,794300,47
ILLINOIS,17,PUTNAM,155,NORTHWEST,10,2008,1,21000,20900,1045000,50
ILLINOIS,17,PUTNAM,155,NORTHWEST,10,2009,1,22000,21900,1073100,49
ILLINOIS,17,PUTNAM,155,NORTHWEST,10,2010,1,19000,18900,974000,51.5
ILLINOIS,17,PUTNAM,155,NORTHWEST,10,2011,1,20000,20000,1150000,57.5
ILLINOIS,17,PUTNAM,155,NORTHWEST,10,2012,1,20000,19900,1052000,52.9
ILLINOIS,17,PUTNAM,155,NORTHWEST,10,2013,1,23100,23000,1294000,56.3
ILLINOIS,17,PUTNAM,155,NORTHWEST,10,2014,1,23600,23500,1402000,59.7
ILLINOIS,17,PUTNAM,155,NORTHWEST,10,2015,1,24500,24400,1463000,60
ILLINOIS,17,PUTNAM,155,NORTHWEST,10,2016,1,24400,24100,1526000,63.3
ILLINOIS,17,PUTNAM,155,NORTHWEST,10,2017,1,27000,26800,1534000,57.2
ILLINOIS,17,PUTNAM,155,NORTHWEST,10,2020,1,25100,25000,1545000,61.8
ILLINOIS,17,PUTNAM,155,NORTHWEST,10,2021,1,25700,25500,1586000,62.2
ILLINOIS,17,PUTNAM,155,NORTHWEST,10,2022,1,26000,25900,1673000,64.6
ILLINOIS,17,PUTNAM,155,NORTHWEST,10,2023,1,26100,26000,1680000,64.6
ILLINOIS,17,PUTNAM,155,NORTHWEST,10,2025,1,24500,24300,1567000,64.5
ILLINOIS,17,RANDOLPH,157,SOUTHWEST,80,1980,1,61500,61000,1667700,27.5
ILLINOIS,17,RANDOLPH,157,SOUTHWEST,80,1981,1,70600,69500,2219600,32
ILLINOIS,17,RANDOLPH,157,SOUTHWEST,80,1982,1,74300,74000,2526800,34
ILLINOIS,17,RANDOLPH,157,SOUTHWEST,80,1983,1,72100,71000,1303400,18.5
ILLINOIS,17,RANDOLPH,157,SOUTHWEST,80,1984,1,67700,65000,1866800,28.5
ILLINOIS,17,RANDOLPH,157,SOUTHWEST,80,1985,1,71700,71000,2142600,30
ILLINOIS,17,RANDOLPH,157,SOUTHWEST,80,1986,1,71800,71300,2207500,31
ILLINOIS,17,RANDOLPH,157,SOUTHWEST,80,1987,1,66200,65300,2119000,32.5
ILLINOIS,17,RANDOLPH,157,SOUTHWEST,80,1988,1,74300,72500,1676900,23
ILLINOIS,17,RANDOLPH,157,SOUTHWEST,80,1989,1,69000,68800,2050000,30
ILLINOIS,17,RANDOLPH,157,SOUTHWEST,80,1990,1,83000,82100,2701800,33
ILLINOIS,17,RANDOLPH,157,SOUTHWEST,80,1991,1,71000,69500,2258750,32.5
ILLINOIS,17,RANDOLPH,157,SOUTHWEST,80,1992,1,74000,73200,2379000,32.5
ILLINOIS,17,RANDOLPH,157,SOUTHWEST,80,1993,1,65000,58000,2117000,36.5
ILLINOIS,17,RANDOLPH,157,SOUTHWEST,80,1994,1,75000,74500,2458500,33
ILLINOIS,17,RANDOLPH,157,SOUTHWEST,80,1995,1,74000,73900,1995300,27
ILLINOIS,17,RANDOLPH,157,SOUTHWEST,80,1996,1,80000,79200,2534400,32
ILLINOIS,17,RANDOLPH,157,SOUTHWEST,80,1997,1,89000,88600,2879500,32.5
ILLINOIS,17,RANDOLPH,157,SOUTHWEST,80,1998,1,89000,88200,2910600,33
ILLINOIS,17,RANDOLPH,157,SOUTHWEST,80,1999,1,93000,92300,3045900,33
ILLINOIS,17,RANDOLPH,157,SOUTHWEST,80,2000,1,98000,97100,3592700,37
ILLINOIS,17,RANDOLPH,157,SOUTHWEST,80,2001,1,101000,100200,3707400,37
ILLINOIS,17,RANDOLPH,157,SOUTHWEST,80,2002,1,105000,103400,2895200,28
ILLINOIS,17,RANDOLPH,157,SOUTHWEST,80,2003,1,104000,103600,3004400,29
ILLINOIS,17,RANDOLPH,157,SOUTHWEST,80,2004,1,107000,106400,4468800,42
ILLINOIS,17,RANDOLPH,157,SOUTHWEST,80,2005,1,100000,99400,4075400,41
ILLINOIS,17,RANDOLPH,157,SOUTHWEST,80,2006,1,114000,113400,3742200,33
ILLINOIS,17,RANDOLPH,157,SOUTHWEST,80,2007,1,94000,93700,2623600,28
ILLINOIS,17,RANDOLPH,157,SOUTHWEST,80,2008,1,107000,106500,4792500,45
ILLINOIS,17,RANDOLPH,157,SOUTHWEST,80,2009,1,112000,110300,4301700,39
ILLINOIS,17,RANDOLPH,157,SOUTHWEST,80,2010,1,103000,102400,4427000,43.2
ILLINOIS,17,RANDOLPH,157,SOUTHWEST,80,2011,1,106000,105700,3766000,35.6
ILLINOIS,17,RANDOLPH,157,SOUTHWEST,80,2012,1,107000,106100,3680000,34.7
ILLINOIS,17,RANDOLPH,157,SOUTHWEST,80,2013,1,112500,112300,4427000,39.4
ILLINOIS,17,RANDOLPH,157,SOUTHWEST,80,2014,1,110500,110000,4999000,45.4
ILLINOIS,17,RANDOLPH,157,SOUTHWEST,80,2015,1,104000,102400,4272000,41.7
ILLINOIS,17,RANDOLPH,157,SOUTHWEST,80,2016,1,108500,108300,5414000,50
ILLINOIS,17,RANDOLPH,157,SOUTHWEST,80,2017,1,114500,114300,5071000,44.4
ILLINOIS,17,RANDOLPH,157,SOUTHWEST,80,2018,1,118000,113900,5935000,52.1
ILLINOIS,17,RANDOLPH,157,SOUTHWEST,80,2019,1,96800,96000,3994000,41.6
ILLINOIS,17,RANDOLPH,157,SOUTHWEST,80,2020,1,112500,112000,5981000,53.4
ILLINOIS,17,RANDOLPH,157,SOUTHWEST,80,2021,1,113500,112500,6221000,55.3
ILLINOIS,17,RANDOLPH,157,SOUTHWEST,80,2022,1,120500,120100,6041000,50.3
ILLINOIS,17,RANDOLPH,157,SOUTHWEST,80,2023,1,114000,113500,5766000,50.8
ILLINOIS,17,RANDOLPH,157,SOUTHWEST,80,2024,1,117500,115700,5820000,50.3
ILLINOIS,17,RANDOLPH,157,SOUTHWEST,80,2025,1,112500,111800,4807000,43
ILLINOIS,17,RICHLAND,159,EAST SOUTHEAST,70,1980,1,74300,74000,1867200,25
ILLINOIS,17,RICHLAND,159,EAST SOUTHEAST,70,1981,1,75400,74000,2560200,34.5
ILLINOIS,17,RICHLAND,159,EAST SOUTHEAST,70,1982,1,79800,79500,2666700,33.5
ILLINOIS,17,RICHLAND,159,EAST SOUTHEAST,70,1983,1,74200,73500,1246800,17
ILLINOIS,17,RICHLAND,159,EAST SOUTHEAST,70,1984,1,88600,86000,2156000,25
ILLINOIS,17,RICHLAND,159,EAST SOUTHEAST,70,1985,1,76600,76000,2599900,34
ILLINOIS,17,RICHLAND,159,EAST SOUTHEAST,70,1986,1,71600,71300,2492400,35
ILLINOIS,17,RICHLAND,159,EAST SOUTHEAST,70,1987,1,68500,67800,1929300,28.5
ILLINOIS,17,RICHLAND,159,EAST SOUTHEAST,70,1988,1,65800,64600,1429200,22
ILLINOIS,17,RICHLAND,159,EAST SOUTHEAST,70,1989,1,72000,71600,2417800,34
ILLINOIS,17,RICHLAND,159,EAST SOUTHEAST,70,1990,1,82800,82300,2465800,30
ILLINOIS,17,RICHLAND,159,EAST SOUTHEAST,70,1991,1,71000,70000,1610000,23
ILLINOIS,17,RICHLAND,159,EAST SOUTHEAST,70,1992,1,79000,78400,2900800,37
ILLINOIS,17,RICHLAND,159,EAST SOUTHEAST,70,1993,1,74000,73000,2810500,38.5
ILLINOIS,17,RICHLAND,159,EAST SOUTHEAST,70,1994,1,77000,76900,2999100,39
ILLINOIS,17,RICHLAND,159,EAST SOUTHEAST,70,1995,1,90000,88900,2711450,30.5
ILLINOIS,17,RICHLAND,159,EAST SOUTHEAST,70,1996,1,90000,89900,2921750,32.5
ILLINOIS,17,RICHLAND,159,EAST SOUTHEAST,70,1997,1,84000,83800,3100600,37
ILLINOIS,17,RICHLAND,159,EAST SOUTHEAST,70,1998,1,96000,95400,3482100,36.5
ILLINOIS,17,RICHLAND,159,EAST SOUTHEAST,70,1999,1,99000,98700,2961000,30
ILLINOIS,17,RICHLAND,159,EAST SOUTHEAST,70,2000,1,98000,95000,3990000,42
ILLINOIS,17,RICHLAND,159,EAST SOUTHEAST,70,2001,1,96000,95400,3816000,40
ILLINOIS,17,RICHLAND,159,EAST SOUTHEAST,70,2002,1,99000,98700,2961000,30
ILLINOIS,17,RICHLAND,159,EAST SOUTHEAST,70,2003,1,111000,110700,4206600,38
ILLINOIS,17,RICHLAND,159,EAST SOUTHEAST,70,2004,1,95000,94500,4252500,45
ILLINOIS,17,RICHLAND,159,EAST SOUTHEAST,70,2005,1,92000,91600,3480800,38
ILLINOIS,17,RICHLAND,159,EAST SOUTHEAST,70,2006,1,104000,103500,4450500,43
ILLINOIS,17,RICHLAND,159,EAST SOUTHEAST,70,2007,1,77000,76800,1996800,26
ILLINOIS,17,RICHLAND,159,EAST SOUTHEAST,70,2008,1,117000,116900,4792900,41
ILLINOIS,17,RICHLAND,159,EAST SOUTHEAST,70,2009,1,114000,113000,3842000,34
ILLINOIS,17,RICHLAND,159,EAST SOUTHEAST,70,2010,1,78000,77700,3383000,43.5
ILLINOIS,17,RICHLAND,159,EAST SOUTHEAST,70,2011,1,86000,85600,3050000,35.6
ILLINOIS,17,RICHLAND,159,EAST SOUTHEAST,70,2012,1,76000,73600,1987000,27
ILLINOIS,17,RICHLAND,159,EAST SOUTHEAST,70,2013,1,84500,84400,3137000,37.2
ILLINOIS,17,RICHLAND,159,EAST SOUTHEAST,70,2014,1,87500,87400,4540000,51.9
ILLINOIS,17,RICHLAND,159,EAST SOUTHEAST,70,2015,1,84100,83200,3997000,48
ILLINOIS,17,RICHLAND,159,EAST SOUTHEAST,70,2016,1,94800,94000,4866000,51.8
ILLINOIS,17,RICHLAND,159,EAST SOUTHEAST,70,2017,1,91500,91000,4440000,48.8
ILLINOIS,17,RICHLAND,159,EAST SOUTHEAST,70,2018,1,90000,87100,4904000,56.3
ILLINOIS,17,RICHLAND,159,EAST SOUTHEAST,70,2020,1,83400,82200,4439000,54
ILLINOIS,17,RICHLAND,159,EAST SOUTHEAST,70,2022,1,87300,85600,4802000,56.1
ILLINOIS,17,RICHLAND,159,EAST SOUTHEAST,70,2023,1,83100,82700,4854000,58.7
ILLINOIS,17,RICHLAND,159,EAST SOUTHEAST,70,2024,1,94700,94300,5215000,55.3
ILLINOIS,17,RICHLAND,159,EAST SOUTHEAST,70,2025,1,92000,91200,4131000,45.3
ILLINOIS,17,ROCK ISLAND,161,NORTHWEST,10,1980,1,24600,24500,931200,38
ILLINOIS,17,ROCK ISLAND,161,NORTHWEST,10,1981,1,21300,21000,914700,43.5
ILLINOIS,17,ROCK ISLAND,161,NORTHWEST,10,1982,1,21200,21000,808000,38.5
ILLINOIS,17,ROCK ISLAND,161,NORTHWEST,10,1983,1,21600,21500,849300,39.5
ILLINOIS,17,ROCK ISLAND,161,NORTHWEST,10,1984,1,21200,21000,747300,35.5
ILLINOIS,17,ROCK ISLAND,161,NORTHWEST,10,1985,1,22200,22000,929900,42.5
ILLINOIS,17,ROCK ISLAND,161,NORTHWEST,10,1986,1,26000,25800,1095100,42.5
ILLINOIS,17,ROCK ISLAND,161,NORTHWEST,10,1987,1,27500,27300,1185700,43.5
ILLINOIS,17,ROCK ISLAND,161,NORTHWEST,10,1988,1,29200,28600,934700,32.5
ILLINOIS,17,ROCK ISLAND,161,NORTHWEST,10,1989,1,36500,36400,1608800,44
ILLINOIS,17,ROCK ISLAND,161,NORTHWEST,10,1990,1,37000,35400,1564900,44
ILLINOIS,17,ROCK ISLAND,161,NORTHWEST,10,1991,1,40000,39500,1757750,44.5
ILLINOIS,17,ROCK ISLAND,161,NORTHWEST,10,1992,1,45000,44500,1980250,44.5
ILLINOIS,17,ROCK ISLAND,161,NORTHWEST,10,1993,1,42000,39000,1638000,42
ILLINOIS,17,ROCK ISLAND,161,NORTHWEST,10,1994,1,46000,45600,2280000,50
ILLINOIS,17,ROCK ISLAND,161,NORTHWEST,10,1995,1,47000,46800,2012400,43
ILLINOIS,17,ROCK ISLAND,161,NORTHWEST,10,1996,1,50000,49800,2315700,46.5
ILLINOIS,17,ROCK ISLAND,161,NORTHWEST,10,1997,1,49000,48800,2342400,48
ILLINOIS,17,ROCK ISLAND,161,NORTHWEST,10,1998,1,53000,52700,2714050,51.5
ILLINOIS,17,ROCK ISLAND,161,NORTHWEST,10,1999,1,51000,50800,2235200,44
ILLINOIS,17,ROCK ISLAND,161,NORTHWEST,10,2000,1,55000,54700,2461500,45
ILLINOIS,17,ROCK ISLAND,161,NORTHWEST,10,2001,1,57000,56700,2664900,47
ILLINOIS,17,ROCK ISLAND,161,NORTHWEST,10,2002,1,55000,54700,2899100,53
ILLINOIS,17,ROCK ISLAND,161,NORTHWEST,10,2003,1,53000,52900,1904400,36
ILLINOIS,17,ROCK ISLAND,161,NORTHWEST,10,2004,1,50000,49900,2594800,52
ILLINOIS,17,ROCK ISLAND,161,NORTHWEST,10,2005,1,47000,46700,2054800,44
ILLINOIS,17,ROCK ISLAND,161,NORTHWEST,10,2006,1,51000,50800,2489200,49
ILLINOIS,17,ROCK ISLAND,161,NORTHWEST,10,2007,1,39000,38900,2061700,53
ILLINOIS,17,ROCK ISLAND,161,NORTHWEST,10,2008,1,43000,42900,2059200,48
ILLINOIS,17,ROCK ISLAND,161,NORTHWEST,10,2009,1,43000,42900,2059200,48
ILLINOIS,17,ROCK ISLAND,161,NORTHWEST,10,2010,1,43000,42800,2134000,49.9
ILLINOIS,17,ROCK ISLAND,161,NORTHWEST,10,2011,1,42000,42000,2495000,59.4
ILLINOIS,17,ROCK ISLAND,161,NORTHWEST,10,2012,1,44000,43800,2204000,50.3
ILLINOIS,17,ROCK ISLAND,161,NORTHWEST,10,2013,1,47300,47000,2193000,46.7
ILLINOIS,17,ROCK ISLAND,161,NORTHWEST,10,2014,1,42900,41800,2311000,55.3
ILLINOIS,17,ROCK ISLAND,161,NORTHWEST,10,2015,1,45700,45600,2653000,58.2
ILLINOIS,17,ROCK ISLAND,161,NORTHWEST,10,2016,1,46700,46500,2696000,58
ILLINOIS,17,ROCK ISLAND,161,NORTHWEST,10,2017,1,45500,45200,2649000,58.6
ILLINOIS,17,ROCK ISLAND,161,NORTHWEST,10,2018,1,51000,49500,2993000,60.5
ILLINOIS,17,ROCK ISLAND,161,NORTHWEST,10,2020,1,48000,47800,2930000,61.3
ILLINOIS,17,ROCK ISLAND,161,NORTHWEST,10,2021,1,50600,50200,3243000,64.6
ILLINOIS,17,ROCK ISLAND,161,NORTHWEST,10,2022,1,51500,51300,3401000,66.3
ILLINOIS,17,ROCK ISLAND,161,NORTHWEST,10,2023,1,49900,49700,3156000,63.5
ILLINOIS,17,ROCK ISLAND,161,NORTHWEST,10,2025,1,47500,47200,3323000,70.4
ILLINOIS,17,SALINE,165,SOUTHEAST,90,1980,1,50600,50000,1046200,21
ILLINOIS,17,SALINE,165,SOUTHEAST,90,1981,1,43700,43000,1044800,24.5
ILLINOIS,17,SALINE,165,SOUTHEAST,90,1982,1,46700,46500,1405600,30
ILLINOIS,17,SALINE,165,SOUTHEAST,90,1983,1,40900,40500,807700,20
ILLINOIS,17,SALINE,165,SOUTHEAST,90,1984,1,44100,43000,1195500,28
ILLINOIS,17,SALINE,165,SOUTHEAST,90,1985,1,44300,44000,1480800,33.5
ILLINOIS,17,SALINE,165,SOUTHEAST,90,1986,1,45100,44900,1479800,33
ILLINOIS,17,SALINE,165,SOUTHEAST,90,1987,1,40700,40200,1204100,30
ILLINOIS,17,SALINE,165,SOUTHEAST,90,1988,1,38800,38000,1127300,29.5
ILLINOIS,17,SALINE,165,SOUTHEAST,90,1989,1,37900,37800,1201400,32
ILLINOIS,17,SALINE,165,SOUTHEAST,90,1990,1,44900,43600,1413400,32.5
ILLINOIS,17,SALINE,165,SOUTHEAST,90,1991,1,43000,42800,1433800,33.5
ILLINOIS,17,SALINE,165,SOUTHEAST,90,1992,1,45000,44700,1810350,40.5
ILLINOIS,17,SALINE,165,SOUTHEAST,90,1993,1,45000,44800,1523200,34
ILLINOIS,17,SALINE,165,SOUTHEAST,90,1994,1,45000,44600,1516400,34
ILLINOIS,17,SALINE,165,SOUTHEAST,90,1995,1,43000,42700,1152900,27
ILLINOIS,17,SALINE,165,SOUTHEAST,90,1996,1,54000,53900,1967350,36.5
ILLINOIS,17,SALINE,165,SOUTHEAST,90,1997,1,47000,46000,1656000,36
ILLINOIS,17,SALINE,165,SOUTHEAST,90,1998,1,46000,45900,1445850,31.5
ILLINOIS,17,SALINE,165,SOUTHEAST,90,1999,1,44000,43800,1226400,28
ILLINOIS,17,SALINE,165,SOUTHEAST,90,2000,1,50000,49600,1984000,40
ILLINOIS,17,SALINE,165,SOUTHEAST,90,2001,1,58000,57600,2592000,45
ILLINOIS,17,SALINE,165,SOUTHEAST,90,2002,1,56000,55500,1332000,24
ILLINOIS,17,SALINE,165,SOUTHEAST,90,2003,1,53000,52900,2010200,38
ILLINOIS,17,SALINE,165,SOUTHEAST,90,2004,1,53000,52800,2270400,43
ILLINOIS,17,SALINE,165,SOUTHEAST,90,2005,1,54000,53800,2474800,46
ILLINOIS,17,SALINE,165,SOUTHEAST,90,2006,1,60000,59700,2686500,45
ILLINOIS,17,SALINE,165,SOUTHEAST,90,2007,1,49000,48300,1304100,27
ILLINOIS,17,SALINE,165,SOUTHEAST,90,2008,1,60000,59900,2396000,40
ILLINOIS,17,SALINE,165,SOUTHEAST,90,2009,1,55000,54800,2466000,45
ILLINOIS,17,SALINE,165,SOUTHEAST,90,2010,1,56000,55900,2186000,39.1
ILLINOIS,17,SALINE,165,SOUTHEAST,90,2011,1,56000,55900,2049000,36.7
ILLINOIS,17,SALINE,165,SOUTHEAST,90,2012,1,53000,52000,1555000,29.9
ILLINOIS,17,SALINE,165,SOUTHEAST,90,2013,1,51300,51000,2398000,47
ILLINOIS,17,SALINE,165,SOUTHEAST,90,2014,1,52500,52400,2427000,46.3
ILLINOIS,17,SALINE,165,SOUTHEAST,90,2016,1,56300,56200,2629000,46.8
ILLINOIS,17,SALINE,165,SOUTHEAST,90,2017,1,57100,56900,2839000,49.9
ILLINOIS,17,SALINE,165,SOUTHEAST,90,2018,1,67000,65100,3214000,49.4
ILLINOIS,17,SALINE,165,SOUTHEAST,90,2020,1,58900,58600,3457000,59
ILLINOIS,17,SALINE,165,SOUTHEAST,90,2021,1,57300,56800,3363000,59.2
ILLINOIS,17,SALINE,165,SOUTHEAST,90,2022,1,63300,63100,3332000,52.8
ILLINOIS,17,SALINE,165,SOUTHEAST,90,2023,1,55400,55100,3047000,55.3
ILLINOIS,17,SANGAMON,167,WEST SOUTHWEST,60,1980,1,191700,191000,7326100,38.5
ILLINOIS,17,SANGAMON,167,WEST SOUTHWEST,60,1981,1,192200,189000,8322600,44
ILLINOIS,17,SANGAMON,167,WEST SOUTHWEST,60,1982,1,191200,190500,8466900,44.5
ILLINOIS,17,SANGAMON,167,WEST SOUTHWEST,60,1983,1,193100,192500,6390000,33
ILLINOIS,17,SANGAMON,167,WEST SOUTHWEST,60,1984,1,193900,190500,7268100,38
ILLINOIS,17,SANGAMON,167,WEST SOUTHWEST,60,1985,1,195800,194000,9551200,49
ILLINOIS,17,SANGAMON,167,WEST SOUTHWEST,60,1986,1,204300,203600,9862200,48.5
ILLINOIS,17,SANGAMON,167,WEST SOUTHWEST,60,1987,1,203400,198400,8221000,41.5
ILLINOIS,17,SANGAMON,167,WEST SOUTHWEST,60,1988,1,204300,203600,6347300,31
ILLINOIS,17,SANGAMON,167,WEST SOUTHWEST,60,1989,1,202000,199300,9600400,48
ILLINOIS,17,SANGAMON,167,WEST SOUTHWEST,60,1990,1,190700,190200,8594700,45
ILLINOIS,17,SANGAMON,167,WEST SOUTHWEST,60,1991,1,194000,193500,9384050,48.5
ILLINOIS,17,SANGAMON,167,WEST SOUTHWEST,60,1992,1,200000,199100,9657600,48.5
ILLINOIS,17,SANGAMON,167,WEST SOUTHWEST,60,1993,1,207000,204000,9588000,47
ILLINOIS,17,SANGAMON,167,WEST SOUTHWEST,60,1994,1,207000,205700,10182150,49.5
ILLINOIS,17,SANGAMON,167,WEST SOUTHWEST,60,1995,1,200000,198900,8353800,42
ILLINOIS,17,SANGAMON,167,WEST SOUTHWEST,60,1996,1,198000,197700,9094200,46
ILLINOIS,17,SANGAMON,167,WEST SOUTHWEST,60,1997,1,199000,198300,8824350,44.5
ILLINOIS,17,SANGAMON,167,WEST SOUTHWEST,60,1998,1,217000,215900,10687050,49.5
ILLINOIS,17,SANGAMON,167,WEST SOUTHWEST,60,1999,1,194000,193200,8887200,46
ILLINOIS,17,SANGAMON,167,WEST SOUTHWEST,60,2000,1,195000,194800,9350400,48
ILLINOIS,17,SANGAMON,167,WEST SOUTHWEST,60,2001,1,187000,185900,8923200,48
ILLINOIS,17,SANGAMON,167,WEST SOUTHWEST,60,2002,1,176000,175700,8960700,51
ILLINOIS,17,SANGAMON,167,WEST SOUTHWEST,60,2003,1,172000,171700,8241600,48
ILLINOIS,17,SANGAMON,167,WEST SOUTHWEST,60,2004,1,158000,157600,8510400,54
ILLINOIS,17,SANGAMON,167,WEST SOUTHWEST,60,2005,1,143000,142400,7547200,53
ILLINOIS,17,SANGAMON,167,WEST SOUTHWEST,60,2006,1,146000,145400,7851600,54
ILLINOIS,17,SANGAMON,167,WEST SOUTHWEST,60,2007,1,121000,120900,6165900,51
ILLINOIS,17,SANGAMON,167,WEST SOUTHWEST,60,2008,1,118000,117000,5967000,51
ILLINOIS,17,SANGAMON,167,WEST SOUTHWEST,60,2009,1,119000,118300,6269900,53
ILLINOIS,17,SANGAMON,167,WEST SOUTHWEST,60,2010,1,136000,135200,8161000,60.4
ILLINOIS,17,SANGAMON,167,WEST SOUTHWEST,60,2011,1,129000,128700,7217000,56.1
ILLINOIS,17,SANGAMON,167,WEST SOUTHWEST,60,2012,1,134000,133500,6611000,49.5
ILLINOIS,17,SANGAMON,167,WEST SOUTHWEST,60,2013,1,141000,141000,8033000,57
ILLINOIS,17,SANGAMON,167,WEST SOUTHWEST,60,2014,1,153500,153200,9690000,63.3
ILLINOIS,17,SANGAMON,167,WEST SOUTHWEST,60,2015,1,151500,151200,9185000,60.7
ILLINOIS,17,SANGAMON,167,WEST SOUTHWEST,60,2016,1,145500,143000,9472000,66.2
ILLINOIS,17,SANGAMON,167,WEST SOUTHWEST,60,2017,1,168500,167700,11795000,70.3
ILLINOIS,17,SANGAMON,167,WEST SOUTHWEST,60,2018,1,192000,187100,15052000,80.4
ILLINOIS,17,SANGAMON,167,WEST SOUTHWEST,60,2019,1,166000,164400,10764000,65.5
ILLINOIS,17,SANGAMON,167,WEST SOUTHWEST,60,2020,1,162500,161800,11132000,68.8
ILLINOIS,17,SANGAMON,167,WEST SOUTHWEST,60,2021,1,183000,181700,13101000,72.1
ILLINOIS,17,SANGAMON,167,WEST SOUTHWEST,60,2022,1,184500,183700,13355000,72.7
ILLINOIS,17,SANGAMON,167,WEST SOUTHWEST,60,2023,1,172000,171300,12351000,72.1
ILLINOIS,17,SANGAMON,167,WEST SOUTHWEST,60,2024,1,183000,182000,14061000,77.3
ILLINOIS,17,SANGAMON,167,WEST SOUTHWEST,60,2025,1,162000,161000,11512000,71.5
ILLINOIS,17,SCHUYLER,169,WEST,30,1980,1,62400,62000,1971900,32
ILLINOIS,17,SCHUYLER,169,WEST,30,1981,1,53500,52500,1943500,37
ILLINOIS,17,SCHUYLER,169,WEST,30,1982,1,55700,55500,2100600,38
ILLINOIS,17,SCHUYLER,169,WEST,30,1983,1,54600,54500,1236400,22.5
ILLINOIS,17,SCHUYLER,169,WEST,30,1984,1,52600,52000,1493400,28.5
ILLINOIS,17,SCHUYLER,169,WEST,30,1985,1,56500,56000,2023600,36
ILLINOIS,17,SCHUYLER,169,WEST,30,1986,1,56900,56000,2181300,39
ILLINOIS,17,SCHUYLER,169,WEST,30,1987,1,56400,56000,1845200,33
ILLINOIS,17,SCHUYLER,169,WEST,30,1988,1,51700,51700,1481800,28.5
ILLINOIS,17,SCHUYLER,169,WEST,30,1989,1,51000,50900,1921000,37.5
ILLINOIS,17,SCHUYLER,169,WEST,30,1990,1,51700,51400,1792500,35
ILLINOIS,17,SCHUYLER,169,WEST,30,1991,1,60000,58700,2230600,38
ILLINOIS,17,SCHUYLER,169,WEST,30,1992,1,62000,61700,2560550,41.5
ILLINOIS,17,SCHUYLER,169,WEST,30,1993,1,63000,62000,2728000,44
ILLINOIS,17,SCHUYLER,169,WEST,30,1994,1,64000,63800,2934800,46
ILLINOIS,17,SCHUYLER,169,WEST,30,1995,1,63000,62400,2340000,37.5
ILLINOIS,17,SCHUYLER,169,WEST,30,1996,1,60000,59800,2392000,40
ILLINOIS,17,SCHUYLER,169,WEST,30,1997,1,57000,56700,2239650,39.5
ILLINOIS,17,SCHUYLER,169,WEST,30,1998,1,60000,59700,2686500,45
ILLINOIS,17,SCHUYLER,169,WEST,30,1999,1,56000,55700,2172300,39
ILLINOIS,17,SCHUYLER,169,WEST,30,2000,1,62000,61900,2785500,45
ILLINOIS,17,SCHUYLER,169,WEST,30,2001,1,60000,59600,2741600,46
ILLINOIS,17,SCHUYLER,169,WEST,30,2002,1,62000,61700,2653100,43
ILLINOIS,17,SCHUYLER,169,WEST,30,2003,1,56000,55900,2403700,43
ILLINOIS,17,SCHUYLER,169,WEST,30,2004,1,64000,63500,3302000,52
ILLINOIS,17,SCHUYLER,169,WEST,30,2005,1,54000,53800,2367200,44
ILLINOIS,17,SCHUYLER,169,WEST,30,2006,1,59000,58800,2410800,41
ILLINOIS,17,SCHUYLER,169,WEST,30,2007,1,41000,40800,1550400,38
ILLINOIS,17,SCHUYLER,169,WEST,30,2008,1,50000,49700,2286200,46
ILLINOIS,17,SCHUYLER,169,WEST,30,2009,1,56000,55400,2659200,48
ILLINOIS,17,SCHUYLER,169,WEST,30,2010,1,50000,49600,2413000,48.6
ILLINOIS,17,SCHUYLER,169,WEST,30,2011,1,52000,51800,2337000,45.1
ILLINOIS,17,SCHUYLER,169,WEST,30,2012,1,49000,48500,1794000,37
ILLINOIS,17,SCHUYLER,169,WEST,30,2013,1,54400,54300,2704000,49.8
ILLINOIS,17,SCHUYLER,169,WEST,30,2014,1,55000,54800,2872000,52.4
ILLINOIS,17,SCHUYLER,169,WEST,30,2015,1,54200,53900,2870000,53.2
ILLINOIS,17,SCHUYLER,169,WEST,30,2016,1,56700,56500,3216000,56.9
ILLINOIS,17,SCHUYLER,169,WEST,30,2017,1,63500,63200,3701000,58.6
ILLINOIS,17,SCHUYLER,169,WEST,30,2018,1,59000,57500,3442000,59.9
ILLINOIS,17,SCHUYLER,169,WEST,30,2020,1,59700,59400,3451000,58.1
ILLINOIS,17,SCHUYLER,169,WEST,30,2021,1,61200,60700,3836000,63.2
ILLINOIS,17,SCHUYLER,169,WEST,30,2022,1,62300,62100,3920000,63.1
ILLINOIS,17,SCHUYLER,169,WEST,30,2023,1,58600,58300,3521000,60.4
ILLINOIS,17,SCOTT,171,WEST SOUTHWEST,60,1980,1,38200,38000,1265800,33.5
ILLINOIS,17,SCOTT,171,WEST SOUTHWEST,60,1981,1,42500,42000,1658200,39.5
ILLINOIS,17,SCOTT,171,WEST SOUTHWEST,60,1982,1,40700,40500,1557400,38.5
ILLINOIS,17,SCOTT,171,WEST SOUTHWEST,60,1983,1,38100,38000,931500,24.5
ILLINOIS,17,SCOTT,171,WEST SOUTHWEST,60,1984,1,42700,42000,1440100,34.5
ILLINOIS,17,SCOTT,171,WEST SOUTHWEST,60,1985,1,43300,43000,1728200,40
ILLINOIS,17,SCOTT,171,WEST SOUTHWEST,60,1986,1,45400,45200,1873400,41.5
ILLINOIS,17,SCOTT,171,WEST SOUTHWEST,60,1987,1,44300,43100,1420100,33
ILLINOIS,17,SCOTT,171,WEST SOUTHWEST,60,1988,1,45000,44900,1354600,30
ILLINOIS,17,SCOTT,171,WEST SOUTHWEST,60,1989,1,44400,44000,1726200,39
ILLINOIS,17,SCOTT,171,WEST SOUTHWEST,60,1990,1,45300,45300,1757700,39
ILLINOIS,17,SCOTT,171,WEST SOUTHWEST,60,1991,1,47000,46800,2059200,44
ILLINOIS,17,SCOTT,171,WEST SOUTHWEST,60,1992,1,44000,43500,1761750,40.5
ILLINOIS,17,SCOTT,171,WEST SOUTHWEST,60,1993,1,42000,39000,1677000,43
ILLINOIS,17,SCOTT,171,WEST SOUTHWEST,60,1994,1,42000,41800,1839200,44
ILLINOIS,17,SCOTT,171,WEST SOUTHWEST,60,1995,1,40000,39600,1544400,39
ILLINOIS,17,SCOTT,171,WEST SOUTHWEST,60,1996,1,36000,35900,1525750,42.5
ILLINOIS,17,SCOTT,171,WEST SOUTHWEST,60,1997,1,42000,41900,1759800,42
ILLINOIS,17,SCOTT,171,WEST SOUTHWEST,60,1998,1,50000,49600,2232000,45
ILLINOIS,17,SCOTT,171,WEST SOUTHWEST,60,1999,1,47000,46700,1727900,37
ILLINOIS,17,SCOTT,171,WEST SOUTHWEST,60,2000,1,45000,44900,2065400,46
ILLINOIS,17,SCOTT,171,WEST SOUTHWEST,60,2001,1,50000,49700,2087400,42
ILLINOIS,17,SCOTT,171,WEST SOUTHWEST,60,2002,1,46000,45500,2002000,44
ILLINOIS,17,SCOTT,171,WEST SOUTHWEST,60,2003,1,45000,44900,2065400,46
ILLINOIS,17,SCOTT,171,WEST SOUTHWEST,60,2004,1,45000,44900,2334800,52
ILLINOIS,17,SCOTT,171,WEST SOUTHWEST,60,2005,1,42000,41800,1964600,47
ILLINOIS,17,SCOTT,171,WEST SOUTHWEST,60,2006,1,45000,44800,2150400,48
ILLINOIS,17,SCOTT,171,WEST SOUTHWEST,60,2007,1,37000,36900,1476000,40
ILLINOIS,17,SCOTT,171,WEST SOUTHWEST,60,2008,1,39000,38500,1809500,47
ILLINOIS,17,SCOTT,171,WEST SOUTHWEST,60,2009,1,43000,42900,2187900,51
ILLINOIS,17,SCOTT,171,WEST SOUTHWEST,60,2010,1,41000,40800,2134000,52.3
ILLINOIS,17,SCOTT,171,WEST SOUTHWEST,60,2011,1,42000,41400,1840000,44.4
ILLINOIS,17,SCOTT,171,WEST SOUTHWEST,60,2012,1,41000,40800,1774000,43.5
ILLINOIS,17,SCOTT,171,WEST SOUTHWEST,60,2013,1,45200,45100,2402000,53.3
ILLINOIS,17,SCOTT,171,WEST SOUTHWEST,60,2014,1,40100,39900,2177000,54.6
ILLINOIS,17,SCOTT,171,WEST SOUTHWEST,60,2015,1,44900,43600,2212000,50.7
ILLINOIS,17,SCOTT,171,WEST SOUTHWEST,60,2016,1,41400,41100,2378000,57.9
ILLINOIS,17,SCOTT,171,WEST SOUTHWEST,60,2017,1,48500,48200,3033000,62.9
ILLINOIS,17,SCOTT,171,WEST SOUTHWEST,60,2020,1,48200,48000,3125000,65.1
ILLINOIS,17,SCOTT,171,WEST SOUTHWEST,60,2021,1,52900,52400,3401000,64.9
ILLINOIS,17,SCOTT,171,WEST SOUTHWEST,60,2022,1,52500,52300,3771000,72.1
ILLINOIS,17,SCOTT,171,WEST SOUTHWEST,60,2023,1,52200,52000,3214000,61.8
ILLINOIS,17,SHELBY,173,EAST SOUTHEAST,70,1980,1,170900,170000,5748100,34
ILLINOIS,17,SHELBY,173,EAST SOUTHEAST,70,1981,1,159200,158000,6350800,40
ILLINOIS,17,SHELBY,173,EAST SOUTHEAST,70,1982,1,156300,156000,5857600,37.5
ILLINOIS,17,SHELBY,173,EAST SOUTHEAST,70,1983,1,161100,160500,4455300,28
ILLINOIS,17,SHELBY,173,EAST SOUTHEAST,70,1984,1,162800,160000,4011200,25
ILLINOIS,17,SHELBY,173,EAST SOUTHEAST,70,1985,1,158400,157000,6634800,42.5
ILLINOIS,17,SHELBY,173,EAST SOUTHEAST,70,1986,1,154300,154000,6306100,41
ILLINOIS,17,SHELBY,173,EAST SOUTHEAST,70,1987,1,153500,152000,5539500,36.5
ILLINOIS,17,SHELBY,173,EAST SOUTHEAST,70,1988,1,152400,152100,4129900,27
ILLINOIS,17,SHELBY,173,EAST SOUTHEAST,70,1989,1,146600,145700,5137200,35.5
ILLINOIS,17,SHELBY,173,EAST SOUTHEAST,70,1990,1,150000,149500,5507200,37
ILLINOIS,17,SHELBY,173,EAST SOUTHEAST,70,1991,1,147000,145300,5448750,37.5
ILLINOIS,17,SHELBY,173,EAST SOUTHEAST,70,1992,1,149000,147700,6572650,44.5
ILLINOIS,17,SHELBY,173,EAST SOUTHEAST,70,1993,1,148000,146000,6424000,44
ILLINOIS,17,SHELBY,173,EAST SOUTHEAST,70,1994,1,146000,144700,6366800,44
ILLINOIS,17,SHELBY,173,EAST SOUTHEAST,70,1995,1,153000,152300,5482800,36
ILLINOIS,17,SHELBY,173,EAST SOUTHEAST,70,1996,1,153000,151600,4927000,32.5
ILLINOIS,17,SHELBY,173,EAST SOUTHEAST,70,1997,1,152000,151600,5760800,38
ILLINOIS,17,SHELBY,173,EAST SOUTHEAST,70,1998,1,165000,164900,6843350,41.5
ILLINOIS,17,SHELBY,173,EAST SOUTHEAST,70,1999,1,162000,160900,5953300,37
ILLINOIS,17,SHELBY,173,EAST SOUTHEAST,70,2000,1,166000,165700,7787900,47
ILLINOIS,17,SHELBY,173,EAST SOUTHEAST,70,2001,1,167000,165800,6797800,41
ILLINOIS,17,SHELBY,173,EAST SOUTHEAST,70,2002,1,169000,168500,6403000,38
ILLINOIS,17,SHELBY,173,EAST SOUTHEAST,70,2003,1,160000,159700,6707400,42
ILLINOIS,17,SHELBY,173,EAST SOUTHEAST,70,2004,1,160000,159600,7980000,50
ILLINOIS,17,SHELBY,173,EAST SOUTHEAST,70,2005,1,151000,150200,6608800,44
ILLINOIS,17,SHELBY,173,EAST SOUTHEAST,70,2006,1,158000,157300,7550400,48
ILLINOIS,17,SHELBY,173,EAST SOUTHEAST,70,2007,1,137000,136900,6708100,49
ILLINOIS,17,SHELBY,173,EAST SOUTHEAST,70,2008,1,151000,150800,7389200,49
ILLINOIS,17,SHELBY,173,EAST SOUTHEAST,70,2009,1,153000,152700,7329600,48
ILLINOIS,17,SHELBY,173,EAST SOUTHEAST,70,2010,1,153000,152500,8444000,55.4
ILLINOIS,17,SHELBY,173,EAST SOUTHEAST,70,2011,1,157000,156900,6863000,43.7
ILLINOIS,17,SHELBY,173,EAST SOUTHEAST,70,2012,1,152000,150600,6943000,46.1
ILLINOIS,17,SHELBY,173,EAST SOUTHEAST,70,2013,1,162500,162300,7955000,49
ILLINOIS,17,SHELBY,173,EAST SOUTHEAST,70,2014,1,161000,160700,9087000,56.5
ILLINOIS,17,SHELBY,173,EAST SOUTHEAST,70,2015,1,167000,166800,9938000,59.6
ILLINOIS,17,SHELBY,173,EAST SOUTHEAST,70,2016,1,166500,165900,9545000,57.5
ILLINOIS,17,SHELBY,173,EAST SOUTHEAST,70,2017,1,177500,176800,10785000,61
ILLINOIS,17,SHELBY,173,EAST SOUTHEAST,70,2018,1,178000,173800,12240000,70.4
ILLINOIS,17,SHELBY,173,EAST SOUTHEAST,70,2019,1,176500,175000,9833000,56.2
ILLINOIS,17,SHELBY,173,EAST SOUTHEAST,70,2020,1,170500,169700,10250000,60.4
ILLINOIS,17,SHELBY,173,EAST SOUTHEAST,70,2021,1,180500,178900,12040000,67.3
ILLINOIS,17,SHELBY,173,EAST SOUTHEAST,70,2022,1,174000,173400,11635000,67.1
ILLINOIS,17,SHELBY,173,EAST SOUTHEAST,70,2023,1,177500,176800,11174000,63.2
ILLINOIS,17,SHELBY,173,EAST SOUTHEAST,70,2025,1,177000,175800,10179000,57.9
ILLINOIS,17,ST CLAIR,163,SOUTHWEST,80,1980,1,116900,116000,3171400,27.5
ILLINOIS,17,ST CLAIR,163,SOUTHWEST,80,1981,1,109400,108000,4005400,37
ILLINOIS,17,ST CLAIR,163,SOUTHWEST,80,1982,1,115700,115000,4273400,37
ILLINOIS,17,ST CLAIR,163,SOUTHWEST,80,1983,1,106500,106000,2864700,27
ILLINOIS,17,ST CLAIR,163,SOUTHWEST,80,1984,1,107200,105000,3216800,30.5
ILLINOIS,17,ST CLAIR,163,SOUTHWEST,80,1985,1,116200,115000,3932900,34
ILLINOIS,17,ST CLAIR,163,SOUTHWEST,80,1986,1,107900,105200,3729900,35.5
ILLINOIS,17,ST CLAIR,163,SOUTHWEST,80,1987,1,102500,101100,3432100,34
ILLINOIS,17,ST CLAIR,163,SOUTHWEST,80,1988,1,101000,100200,2821400,28
ILLINOIS,17,ST CLAIR,163,SOUTHWEST,80,1989,1,113000,112000,3837700,34.5
ILLINOIS,17,ST CLAIR,163,SOUTHWEST,80,1990,1,115600,114400,3540000,31
ILLINOIS,17,ST CLAIR,163,SOUTHWEST,80,1991,1,105000,102400,3633500,35.5
ILLINOIS,17,ST CLAIR,163,SOUTHWEST,80,1992,1,108000,107400,4183150,39
ILLINOIS,17,ST CLAIR,163,SOUTHWEST,80,1993,1,100000,97000,3783000,39
ILLINOIS,17,ST CLAIR,163,SOUTHWEST,80,1994,1,113000,112200,4263600,38
ILLINOIS,17,ST CLAIR,163,SOUTHWEST,80,1995,1,113000,112900,3217650,28.5
ILLINOIS,17,ST CLAIR,163,SOUTHWEST,80,1996,1,105000,104600,3974800,38
ILLINOIS,17,ST CLAIR,163,SOUTHWEST,80,1997,1,107000,106600,4050800,38
ILLINOIS,17,ST CLAIR,163,SOUTHWEST,80,1998,1,116000,115600,4508400,39
ILLINOIS,17,ST CLAIR,163,SOUTHWEST,80,1999,1,118000,117500,4112500,35
ILLINOIS,17,ST CLAIR,163,SOUTHWEST,80,2000,1,119000,118900,4874900,41
ILLINOIS,17,ST CLAIR,163,SOUTHWEST,80,2001,1,118000,116700,4784700,41
ILLINOIS,17,ST CLAIR,163,SOUTHWEST,80,2002,1,121000,120400,3973200,33
ILLINOIS,17,ST CLAIR,163,SOUTHWEST,80,2003,1,118000,117200,3984800,34
ILLINOIS,17,ST CLAIR,163,SOUTHWEST,80,2004,1,117000,116700,5368200,46
ILLINOIS,17,ST CLAIR,163,SOUTHWEST,80,2005,1,113000,112500,4837500,43
ILLINOIS,17,ST CLAIR,163,SOUTHWEST,80,2006,1,117000,116500,4310500,37
ILLINOIS,17,ST CLAIR,163,SOUTHWEST,80,2007,1,122000,121500,3888000,32
ILLINOIS,17,ST CLAIR,163,SOUTHWEST,80,2008,1,116000,115100,5294600,46
ILLINOIS,17,ST CLAIR,163,SOUTHWEST,80,2009,1,126000,125400,5266800,42
ILLINOIS,17,ST CLAIR,163,SOUTHWEST,80,2010,1,106000,105600,5280000,50
ILLINOIS,17,ST CLAIR,163,SOUTHWEST,80,2011,1,111000,110800,3972000,35.8
ILLINOIS,17,ST CLAIR,163,SOUTHWEST,80,2012,1,106000,104300,3300000,31.6
ILLINOIS,17,ST CLAIR,163,SOUTHWEST,80,2013,1,110500,110500,4396000,39.8
ILLINOIS,17,ST CLAIR,163,SOUTHWEST,80,2014,1,107000,106600,5245000,49.2
ILLINOIS,17,ST CLAIR,163,SOUTHWEST,80,2015,1,104000,103500,4741000,45.8
ILLINOIS,17,ST CLAIR,163,SOUTHWEST,80,2016,1,104000,103800,5441000,52.4
ILLINOIS,17,ST CLAIR,163,SOUTHWEST,80,2017,1,113000,112800,5742000,50.9
ILLINOIS,17,ST CLAIR,163,SOUTHWEST,80,2018,1,113000,110100,6167000,56
ILLINOIS,17,ST CLAIR,163,SOUTHWEST,80,2019,1,112000,111800,5951000,53.2
ILLINOIS,17,ST CLAIR,163,SOUTHWEST,80,2020,1,107500,107000,5639000,52.7
ILLINOIS,17,ST CLAIR,163,SOUTHWEST,80,2021,1,112000,111000,6616000,59.6
ILLINOIS,17,ST CLAIR,163,SOUTHWEST,80,2022,1,114000,113600,6089000,53.6
ILLINOIS,17,ST CLAIR,163,SOUTHWEST,80,2023,1,108500,108000,5508000,51
ILLINOIS,17,ST CLAIR,163,SOUTHWEST,80,2024,1,116000,115300,6330000,54.9
ILLINOIS,17,ST CLAIR,163,SOUTHWEST,80,2025,1,110500,109800,4667000,42.5
ILLINOIS,17,STARK,175,CENTRAL,40,1980,1,40100,40000,1654100,41.5
ILLINOIS,17,STARK,175,CENTRAL,40,1981,1,44300,44000,1959700,44.5
ILLINOIS,17,STARK,175,CENTRAL,40,1982,1,48000,47300,2058500,43.5
ILLINOIS,17,STARK,175,CENTRAL,40,1983,1,42500,42500,1610200,38
ILLINOIS,17,STARK,175,CENTRAL,40,1984,1,53600,53000,2211400,41.5
ILLINOIS,17,STARK,175,CENTRAL,40,1985,1,54300,54000,2690900,50
ILLINOIS,17,STARK,175,CENTRAL,40,1986,1,49000,48800,2315100,47.5
ILLINOIS,17,STARK,175,CENTRAL,40,1987,1,45800,45400,2085200,46
ILLINOIS,17,STARK,175,CENTRAL,40,1988,1,44700,44500,1566300,35
ILLINOIS,17,STARK,175,CENTRAL,40,1989,1,56000,55900,2526100,45
ILLINOIS,17,STARK,175,CENTRAL,40,1990,1,58500,57400,2650200,46
ILLINOIS,17,STARK,175,CENTRAL,40,1991,1,61000,60200,2889600,48
ILLINOIS,17,STARK,175,CENTRAL,40,1992,1,64000,63600,2766600,43.5
ILLINOIS,17,STARK,175,CENTRAL,40,1993,1,64000,62000,2883000,46.5
ILLINOIS,17,STARK,175,CENTRAL,40,1994,1,65000,64200,3338400,52
ILLINOIS,17,STARK,175,CENTRAL,40,1995,1,65000,64800,2948400,45.5
ILLINOIS,17,STARK,175,CENTRAL,40,1996,1,61000,60900,3045000,50
ILLINOIS,17,STARK,175,CENTRAL,40,1997,1,65000,64800,3272400,50.5
ILLINOIS,17,STARK,175,CENTRAL,40,1998,1,65000,64800,3466800,53.5
ILLINOIS,17,STARK,175,CENTRAL,40,1999,1,68000,67700,3385000,50
ILLINOIS,17,STARK,175,CENTRAL,40,2000,1,70000,69900,3425100,49
ILLINOIS,17,STARK,175,CENTRAL,40,2001,1,73000,71400,3570000,50
ILLINOIS,17,STARK,175,CENTRAL,40,2002,1,69000,68700,3572400,52
ILLINOIS,17,STARK,175,CENTRAL,40,2003,1,70000,69900,2516400,36
ILLINOIS,17,STARK,175,CENTRAL,40,2004,1,68000,67700,3791200,56
ILLINOIS,17,STARK,175,CENTRAL,40,2005,1,63000,62700,2946900,47
ILLINOIS,17,STARK,175,CENTRAL,40,2006,1,72000,71700,3871800,54
ILLINOIS,17,STARK,175,CENTRAL,40,2007,1,51000,50900,2646800,52
ILLINOIS,17,STARK,175,CENTRAL,40,2008,1,62000,61700,3270100,53
ILLINOIS,17,STARK,175,CENTRAL,40,2009,1,61000,60700,2792200,46
ILLINOIS,17,STARK,175,CENTRAL,40,2010,1,61000,60800,3541000,58.2
ILLINOIS,17,STARK,175,CENTRAL,40,2011,1,55000,54900,3265000,59.5
ILLINOIS,17,STARK,175,CENTRAL,40,2012,1,61000,60700,3097000,51
ILLINOIS,17,STARK,175,CENTRAL,40,2013,1,65300,65300,3736000,57.2
ILLINOIS,17,STARK,175,CENTRAL,40,2014,1,66200,66100,3828000,57.9
ILLINOIS,17,STARK,175,CENTRAL,40,2015,1,70400,70300,4403000,62.6
ILLINOIS,17,STARK,175,CENTRAL,40,2016,1,65700,65200,4250000,65.2
ILLINOIS,17,STARK,175,CENTRAL,40,2017,1,71600,71100,4596000,64.6
ILLINOIS,17,STARK,175,CENTRAL,40,2019,1,60700,58700,3451000,58.8
ILLINOIS,17,STARK,175,CENTRAL,40,2020,1,66400,66100,4164000,63
ILLINOIS,17,STARK,175,CENTRAL,40,2021,1,67400,66900,4690000,70.1
ILLINOIS,17,STARK,175,CENTRAL,40,2022,1,66200,66000,4670000,70.8
ILLINOIS,17,STARK,175,CENTRAL,40,2023,1,66200,65900,4725000,71.7
ILLINOIS,17,STARK,175,CENTRAL,40,2025,1,67800,67400,5035000,74.7
ILLINOIS,17,STEPHENSON,177,NORTHWEST,10,1980,1,22600,22500,843900,37.5
ILLINOIS,17,STEPHENSON,177,NORTHWEST,10,1981,1,21200,21000,872100,41.5
ILLINOIS,17,STEPHENSON,177,NORTHWEST,10,1982,1,22100,22000,857400,39
ILLINOIS,17,STEPHENSON,177,NORTHWEST,10,1983,1,22100,22000,801400,36.5
ILLINOIS,17,STEPHENSON,177,NORTHWEST,10,1984,1,25300,25000,889600,35.5
ILLINOIS,17,STEPHENSON,177,NORTHWEST,10,1985,1,26200,26000,1072800,41.5
ILLINOIS,17,STEPHENSON,177,NORTHWEST,10,1986,1,27300,27200,1045900,38.5
ILLINOIS,17,STEPHENSON,177,NORTHWEST,10,1987,1,25100,24900,1131200,45.5
ILLINOIS,17,STEPHENSON,177,NORTHWEST,10,1988,1,25900,25400,791800,31
ILLINOIS,17,STEPHENSON,177,NORTHWEST,10,1989,1,28000,27600,1178700,42.5
ILLINOIS,17,STEPHENSON,177,NORTHWEST,10,1990,1,27800,25600,1194500,46.5
ILLINOIS,17,STEPHENSON,177,NORTHWEST,10,1991,1,31000,30800,1463000,47.5
ILLINOIS,17,STEPHENSON,177,NORTHWEST,10,1992,1,34000,33600,1428000,42.5
ILLINOIS,17,STEPHENSON,177,NORTHWEST,10,1993,1,41000,39000,1501500,38.5
ILLINOIS,17,STEPHENSON,177,NORTHWEST,10,1994,1,43000,42600,2172600,51
ILLINOIS,17,STEPHENSON,177,NORTHWEST,10,1995,1,45000,44900,2245000,50
ILLINOIS,17,STEPHENSON,177,NORTHWEST,10,1996,1,57000,56200,2276100,40.5
ILLINOIS,17,STEPHENSON,177,NORTHWEST,10,1997,1,59000,58800,2793000,47.5
ILLINOIS,17,STEPHENSON,177,NORTHWEST,10,1998,1,63000,62900,3396600,54
ILLINOIS,17,STEPHENSON,177,NORTHWEST,10,1999,1,76000,75600,3931200,52
ILLINOIS,17,STEPHENSON,177,NORTHWEST,10,2000,1,80000,79300,3489200,44
ILLINOIS,17,STEPHENSON,177,NORTHWEST,10,2001,1,85000,84500,3887000,46
ILLINOIS,17,STEPHENSON,177,NORTHWEST,10,2002,1,85000,83800,3771000,45
ILLINOIS,17,STEPHENSON,177,NORTHWEST,10,2003,1,97000,96800,2516800,26
ILLINOIS,17,STEPHENSON,177,NORTHWEST,10,2004,1,83000,82500,4125000,50
ILLINOIS,17,STEPHENSON,177,NORTHWEST,10,2005,1,80000,79600,3980000,50
ILLINOIS,17,STEPHENSON,177,NORTHWEST,10,2006,1,83000,82600,4543000,55
ILLINOIS,17,STEPHENSON,177,NORTHWEST,10,2007,1,56000,55900,3018600,54
ILLINOIS,17,STEPHENSON,177,NORTHWEST,10,2008,1,69000,68800,3096000,45
ILLINOIS,17,STEPHENSON,177,NORTHWEST,10,2009,1,70000,69100,3385900,49
ILLINOIS,17,STEPHENSON,177,NORTHWEST,10,2010,1,69000,67700,3798000,56.1
ILLINOIS,17,STEPHENSON,177,NORTHWEST,10,2011,1,62000,60600,3652000,60.3
ILLINOIS,17,STEPHENSON,177,NORTHWEST,10,2012,1,63000,62700,2706000,43.2
ILLINOIS,17,STEPHENSON,177,NORTHWEST,10,2013,1,67400,67300,3752000,55.8
ILLINOIS,17,STEPHENSON,177,NORTHWEST,10,2014,1,76200,76000,4346000,57.2
ILLINOIS,17,STEPHENSON,177,NORTHWEST,10,2015,1,79900,79700,4777000,59.9
ILLINOIS,17,STEPHENSON,177,NORTHWEST,10,2016,1,84100,83900,5563000,66.3
ILLINOIS,17,STEPHENSON,177,NORTHWEST,10,2017,1,89500,88900,5260000,59.2
ILLINOIS,17,STEPHENSON,177,NORTHWEST,10,2018,1,82000,79100,5005000,63.3
ILLINOIS,17,STEPHENSON,177,NORTHWEST,10,2019,1,72000,69900,3945000,56.4
ILLINOIS,17,STEPHENSON,177,NORTHWEST,10,2020,1,79600,79200,5077000,64.1
ILLINOIS,17,STEPHENSON,177,NORTHWEST,10,2021,1,78800,78100,5037000,64.5
ILLINOIS,17,STEPHENSON,177,NORTHWEST,10,2022,1,88500,88200,5495000,62.3
ILLINOIS,17,STEPHENSON,177,NORTHWEST,10,2023,1,80500,80100,5006000,62.5
ILLINOIS,17,STEPHENSON,177,NORTHWEST,10,2024,1,87300,86900,5761000,66.3
ILLINOIS,17,STEPHENSON,177,NORTHWEST,10,2025,1,80400,79900,5729000,71.7
ILLINOIS,17,TAZEWELL,179,CENTRAL,40,1980,1,96300,96000,3630900,38
ILLINOIS,17,TAZEWELL,179,CENTRAL,40,1981,1,100000,99000,4259000,43
ILLINOIS,17,TAZEWELL,179,CENTRAL,40,1982,1,101300,101000,4446000,44
ILLINOIS,17,TAZEWELL,179,CENTRAL,40,1983,1,98800,98500,3530100,36
ILLINOIS,17,TAZEWELL,179,CENTRAL,40,1984,1,99200,98000,3572000,36.5
ILLINOIS,17,TAZEWELL,179,CENTRAL,40,1985,1,105600,105000,5390900,51.5
ILLINOIS,17,TAZEWELL,179,CENTRAL,40,1986,1,106600,105300,4942900,47
ILLINOIS,17,TAZEWELL,179,CENTRAL,40,1987,1,104800,104100,4417500,42.5
ILLINOIS,17,TAZEWELL,179,CENTRAL,40,1988,1,108700,108300,2940600,27
ILLINOIS,17,TAZEWELL,179,CENTRAL,40,1989,1,111700,111500,5426300,48.5
ILLINOIS,17,TAZEWELL,179,CENTRAL,40,1990,1,115500,115300,4870300,42
ILLINOIS,17,TAZEWELL,179,CENTRAL,40,1991,1,117000,116000,5510000,47.5
ILLINOIS,17,TAZEWELL,179,CENTRAL,40,1992,1,121000,120200,5649400,47
ILLINOIS,17,TAZEWELL,179,CENTRAL,40,1993,1,122000,121000,5747700,47.5
ILLINOIS,17,TAZEWELL,179,CENTRAL,40,1994,1,129000,128000,6208000,48.5
ILLINOIS,17,TAZEWELL,179,CENTRAL,40,1995,1,118000,117600,5233200,44.5
ILLINOIS,17,TAZEWELL,179,CENTRAL,40,1996,1,130000,129900,5910450,45.5
ILLINOIS,17,TAZEWELL,179,CENTRAL,40,1997,1,128000,127500,6056250,47.5
ILLINOIS,17,TAZEWELL,179,CENTRAL,40,1998,1,135000,133000,6916000,52
ILLINOIS,17,TAZEWELL,179,CENTRAL,40,1999,1,128000,127500,6502500,51
ILLINOIS,17,TAZEWELL,179,CENTRAL,40,2000,1,126000,125800,6038400,48
ILLINOIS,17,TAZEWELL,179,CENTRAL,40,2001,1,130000,129300,6594300,51
ILLINOIS,17,TAZEWELL,179,CENTRAL,40,2002,1,126000,125700,6536400,52
ILLINOIS,17,TAZEWELL,179,CENTRAL,40,2003,1,121000,120800,4711200,39
ILLINOIS,17,TAZEWELL,179,CENTRAL,40,2004,1,121000,120400,6501600,54
ILLINOIS,17,TAZEWELL,179,CENTRAL,40,2005,1,112000,110900,5877700,53
ILLINOIS,17,TAZEWELL,179,CENTRAL,40,2006,1,117000,116500,6291000,54
ILLINOIS,17,TAZEWELL,179,CENTRAL,40,2007,1,98000,97800,5183400,53
ILLINOIS,17,TAZEWELL,179,CENTRAL,40,2008,1,100000,99800,5189600,52
ILLINOIS,17,TAZEWELL,179,CENTRAL,40,2009,1,106000,105400,5586200,53
ILLINOIS,17,TAZEWELL,179,CENTRAL,40,2010,1,108000,106900,6210000,58.1
ILLINOIS,17,TAZEWELL,179,CENTRAL,40,2011,1,102000,101900,5839000,57.3
ILLINOIS,17,TAZEWELL,179,CENTRAL,40,2012,1,109000,108000,5564000,51.5
ILLINOIS,17,TAZEWELL,179,CENTRAL,40,2013,1,110500,110300,6023000,54.6
ILLINOIS,17,TAZEWELL,179,CENTRAL,40,2014,1,116000,115700,7053000,61
ILLINOIS,17,TAZEWELL,179,CENTRAL,40,2015,1,112000,111700,6746000,60.4
ILLINOIS,17,TAZEWELL,179,CENTRAL,40,2016,1,117500,117000,7610000,65
ILLINOIS,17,TAZEWELL,179,CENTRAL,40,2017,1,120000,119300,7974000,66.8
ILLINOIS,17,TAZEWELL,179,CENTRAL,40,2018,1,130000,126700,9131000,72.1
ILLINOIS,17,TAZEWELL,179,CENTRAL,40,2019,1,120000,118500,7563000,63.8
ILLINOIS,17,TAZEWELL,179,CENTRAL,40,2020,1,123500,122900,7841000,63.8
ILLINOIS,17,TAZEWELL,179,CENTRAL,40,2021,1,121500,120400,8524000,70.8
ILLINOIS,17,TAZEWELL,179,CENTRAL,40,2022,1,125000,124600,8847000,71
ILLINOIS,17,TAZEWELL,179,CENTRAL,40,2023,1,121000,120400,8994000,74.7
ILLINOIS,17,TAZEWELL,179,CENTRAL,40,2024,1,125500,125100,9370000,74.9
ILLINOIS,17,TAZEWELL,179,CENTRAL,40,2025,1,122500,121800,9293000,76.3
ILLINOIS,17,UNION,181,SOUTHWEST,80,1980,1,34300,34000,692900,20.5
ILLINOIS,17,UNION,181,SOUTHWEST,80,1981,1,29000,28000,778800,28
ILLINOIS,17,UNION,181,SOUTHWEST,80,1982,1,32700,32000,932000,29
ILLINOIS,17,UNION,181,SOUTHWEST,80,1983,1,23700,23500,431400,18.5
ILLINOIS,17,UNION,181,SOUTHWEST,80,1984,1,23600,23000,704600,30.5
ILLINOIS,17,UNION,181,SOUTHWEST,80,1985,1,26300,26000,863100,33
ILLINOIS,17,UNION,181,SOUTHWEST,80,1986,1,27000,26000,805000,31
ILLINOIS,17,UNION,181,SOUTHWEST,80,1987,1,25400,25100,751800,30
ILLINOIS,17,UNION,181,SOUTHWEST,80,1988,1,25900,25700,723700,28
ILLINOIS,17,UNION,181,SOUTHWEST,80,1989,1,26000,25800,755900,29.5
ILLINOIS,17,UNION,181,SOUTHWEST,80,1990,1,54500,53800,1876200,35
ILLINOIS,17,UNION,181,SOUTHWEST,80,1991,1,25000,24100,771200,32
ILLINOIS,17,UNION,181,SOUTHWEST,80,1992,1,25000,24800,781200,31.5
ILLINOIS,17,UNION,181,SOUTHWEST,80,1993,1,23000,15000,510000,34
ILLINOIS,17,UNION,181,SOUTHWEST,80,1994,1,27000,26700,1054650,39.5
ILLINOIS,17,UNION,181,SOUTHWEST,80,1995,1,23000,22900,732800,32
ILLINOIS,17,UNION,181,SOUTHWEST,80,1996,1,28000,27600,938400,34
ILLINOIS,17,UNION,181,SOUTHWEST,80,1997,1,36000,35900,1310350,36.5
ILLINOIS,17,UNION,181,SOUTHWEST,80,1998,1,34000,33800,1166100,34.5
ILLINOIS,17,UNION,181,SOUTHWEST,80,1999,1,27000,26800,750400,28
ILLINOIS,17,UNION,181,SOUTHWEST,80,2000,1,27000,26200,969400,37
ILLINOIS,17,UNION,181,SOUTHWEST,80,2001,1,30000,29600,1154400,39
ILLINOIS,17,UNION,181,SOUTHWEST,80,2002,1,32000,31800,890400,28
ILLINOIS,17,UNION,181,SOUTHWEST,80,2003,1,30000,29700,1069200,36
ILLINOIS,17,UNION,181,SOUTHWEST,80,2004,1,28000,27900,1116000,40
ILLINOIS,17,UNION,181,SOUTHWEST,80,2005,1,29000,28800,1209600,42
ILLINOIS,17,UNION,181,SOUTHWEST,80,2006,1,31000,30900,1297800,42
ILLINOIS,17,UNION,181,SOUTHWEST,80,2007,1,28000,27800,945200,34
ILLINOIS,17,UNION,181,SOUTHWEST,80,2008,1,25000,23600,896800,38
ILLINOIS,17,UNION,181,SOUTHWEST,80,2009,1,30000,29300,1230600,42
ILLINOIS,17,UNION,181,SOUTHWEST,80,2010,1,25000,24800,814000,32.8
ILLINOIS,17,UNION,181,SOUTHWEST,80,2011,1,23000,22900,827000,36.1
ILLINOIS,17,UNION,181,SOUTHWEST,80,2012,1,30000,28900,882000,30.5
ILLINOIS,17,UNION,181,SOUTHWEST,80,2013,1,27200,27200,1256000,46.2
ILLINOIS,17,UNION,181,SOUTHWEST,80,2016,1,32200,32100,1407000,43.8
ILLINOIS,17,UNION,181,SOUTHWEST,80,2017,1,35300,35200,1818000,51.6
ILLINOIS,17,UNION,181,SOUTHWEST,80,2019,1,22000,21800,741000,34
ILLINOIS,17,UNION,181,SOUTHWEST,80,2020,1,31100,30900,1551000,50.2
ILLINOIS,17,UNION,181,SOUTHWEST,80,2021,1,34700,34200,1522000,44.5
ILLINOIS,17,UNION,181,SOUTHWEST,80,2022,1,33600,33500,1608000,48
ILLINOIS,17,UNION,181,SOUTHWEST,80,2023,1,33300,33100,1499000,45.3
ILLINOIS,17,VERMILION,183,EAST,50,1980,1,208900,208000,7399500,35.5
ILLINOIS,17,VERMILION,183,EAST,50,1981,1,205800,204000,7409200,36.5
ILLINOIS,17,VERMILION,183,EAST,50,1982,1,208400,207000,8443200,41
ILLINOIS,17,VERMILION,183,EAST,50,1983,1,209500,209000,7816900,37.5
ILLINOIS,17,VERMILION,183,EAST,50,1984,1,208200,206000,7224800,35
ILLINOIS,17,VERMILION,183,EAST,50,1985,1,204500,203000,9797400,48.5
ILLINOIS,17,VERMILION,183,EAST,50,1986,1,199200,198700,6945700,35
ILLINOIS,17,VERMILION,183,EAST,50,1987,1,196000,194500,7768100,40
ILLINOIS,17,VERMILION,183,EAST,50,1988,1,197600,197100,5153500,26
ILLINOIS,17,VERMILION,183,EAST,50,1989,1,197000,196400,7802600,39.5
ILLINOIS,17,VERMILION,183,EAST,50,1990,1,202800,200300,7870500,39.5
ILLINOIS,17,VERMILION,183,EAST,50,1991,1,203000,199300,6377600,32
ILLINOIS,17,VERMILION,183,EAST,50,1992,1,209000,208200,9369000,45
ILLINOIS,17,VERMILION,183,EAST,50,1993,1,208000,207000,9315000,45
ILLINOIS,17,VERMILION,183,EAST,50,1994,1,212000,210700,10113600,48
ILLINOIS,17,VERMILION,183,EAST,50,1995,1,215000,213900,8662950,40.5
ILLINOIS,17,VERMILION,183,EAST,50,1996,1,211000,210800,9380600,44.5
ILLINOIS,17,VERMILION,183,EAST,50,1997,1,210000,209400,9423000,45
ILLINOIS,17,VERMILION,183,EAST,50,1998,1,223000,221900,9208850,41.5
ILLINOIS,17,VERMILION,183,EAST,50,1999,1,222000,220800,9936000,45
ILLINOIS,17,VERMILION,183,EAST,50,2000,1,218000,217800,9801000,45
ILLINOIS,17,VERMILION,183,EAST,50,2001,1,216000,214700,10949700,51
ILLINOIS,17,VERMILION,183,EAST,50,2002,1,220000,219400,10750600,49
ILLINOIS,17,VERMILION,183,EAST,50,2003,1,206000,205500,7603500,37
ILLINOIS,17,VERMILION,183,EAST,50,2004,1,207000,206000,10712000,52
ILLINOIS,17,VERMILION,183,EAST,50,2005,1,201000,200200,10210200,51
ILLINOIS,17,VERMILION,183,EAST,50,2006,1,208000,207100,11183400,54
ILLINOIS,17,VERMILION,183,EAST,50,2007,1,186000,185600,10208000,55
ILLINOIS,17,VERMILION,183,EAST,50,2008,1,206000,205000,10045000,49
ILLINOIS,17,VERMILION,183,EAST,50,2009,1,193000,192600,10593000,55
ILLINOIS,17,VERMILION,183,EAST,50,2010,1,206000,205000,11318000,55.2
ILLINOIS,17,VERMILION,183,EAST,50,2011,1,195000,194700,8740000,44.9
ILLINOIS,17,VERMILION,183,EAST,50,2012,1,199000,197700,9220000,46.6
ILLINOIS,17,VERMILION,183,EAST,50,2013,1,197000,196800,10657000,54.2
ILLINOIS,17,VERMILION,183,EAST,50,2014,1,213000,212000,13266000,62.6
ILLINOIS,17,VERMILION,183,EAST,50,2015,1,214500,214000,13096000,61.2
ILLINOIS,17,VERMILION,183,EAST,50,2016,1,209000,208000,13443000,64.6
ILLINOIS,17,VERMILION,183,EAST,50,2017,1,215000,214500,13921000,64.9
ILLINOIS,17,VERMILION,183,EAST,50,2018,1,216000,210500,15101000,71.7
ILLINOIS,17,VERMILION,183,EAST,50,2020,1,210000,209000,12916000,61.8
ILLINOIS,17,VERMILION,183,EAST,50,2021,1,214000,212000,14289000,67.4
ILLINOIS,17,VERMILION,183,EAST,50,2022,1,214500,214000,14466000,67.6
ILLINOIS,17,VERMILION,183,EAST,50,2023,1,210000,209000,14296000,68.4
ILLINOIS,17,VERMILION,183,EAST,50,2024,1,209000,208000,14685000,70.6
ILLINOIS,17,VERMILION,183,EAST,50,2025,1,211000,209500,14539000,69.4
ILLINOIS,17,WABASH,185,SOUTHEAST,90,1980,1,35400,35000,976500,28
ILLINOIS,17,WABASH,185,SOUTHEAST,90,1981,1,41900,41500,1344500,32.5
ILLINOIS,17,WABASH,185,SOUTHEAST,90,1982,1,42000,41500,1442700,35
ILLINOIS,17,WABASH,185,SOUTHEAST,90,1983,1,47800,43000,1099400,25.5
ILLINOIS,17,WABASH,185,SOUTHEAST,90,1984,1,49200,48000,1495500,31
ILLINOIS,17,WABASH,185,SOUTHEAST,90,1985,1,46500,46000,1709900,37
ILLINOIS,17,WABASH,185,SOUTHEAST,90,1986,1,44300,44200,1677500,38
ILLINOIS,17,WABASH,185,SOUTHEAST,90,1987,1,40800,40300,1327900,33
ILLINOIS,17,WABASH,185,SOUTHEAST,90,1988,1,39900,38500,1026000,26.5
ILLINOIS,17,WABASH,185,SOUTHEAST,90,1989,1,44100,43900,1591500,36.5
ILLINOIS,17,WABASH,185,SOUTHEAST,90,1990,1,45700,45300,1646500,36.5
ILLINOIS,17,WABASH,185,SOUTHEAST,90,1991,1,47000,46700,1727900,37
ILLINOIS,17,WABASH,185,SOUTHEAST,90,1992,1,50000,49600,2132800,43
ILLINOIS,17,WABASH,185,SOUTHEAST,90,1993,1,49000,48800,1903200,39
ILLINOIS,17,WABASH,185,SOUTHEAST,90,1994,1,49000,48700,1899300,39
ILLINOIS,17,WABASH,185,SOUTHEAST,90,1995,1,52000,51800,1968400,38
ILLINOIS,17,WABASH,185,SOUTHEAST,90,1996,1,56000,55900,2263950,40.5
ILLINOIS,17,WABASH,185,SOUTHEAST,90,1997,1,51000,50800,1930400,38
ILLINOIS,17,WABASH,185,SOUTHEAST,90,1998,1,54000,53900,1886500,35
ILLINOIS,17,WABASH,185,SOUTHEAST,90,1999,1,55000,54700,1641000,30
ILLINOIS,17,WABASH,185,SOUTHEAST,90,2000,1,54000,53900,2209900,41
ILLINOIS,17,WABASH,185,SOUTHEAST,90,2001,1,57000,56700,2438100,43
ILLINOIS,17,WABASH,185,SOUTHEAST,90,2002,1,55000,54800,1698800,31
ILLINOIS,17,WABASH,185,SOUTHEAST,90,2003,1,57000,54000,1836000,34
ILLINOIS,17,WABASH,185,SOUTHEAST,90,2004,1,55000,54900,2690100,49
ILLINOIS,17,WABASH,185,SOUTHEAST,90,2005,1,55000,54800,2356400,43
ILLINOIS,17,WABASH,185,SOUTHEAST,90,2006,1,58000,57700,2711900,47
ILLINOIS,17,WABASH,185,SOUTHEAST,90,2007,1,49000,48900,1662600,34
ILLINOIS,17,WABASH,185,SOUTHEAST,90,2008,1,62000,61300,2697200,44
ILLINOIS,17,WABASH,185,SOUTHEAST,90,2009,1,60000,59900,2695500,45
ILLINOIS,17,WABASH,185,SOUTHEAST,90,2010,1,51000,50600,2256000,44.6
ILLINOIS,17,WABASH,185,SOUTHEAST,90,2011,1,50000,49500,2257000,45.6
ILLINOIS,17,WABASH,185,SOUTHEAST,90,2012,1,49000,48700,2002000,41.1
ILLINOIS,17,WABASH,185,SOUTHEAST,90,2013,1,55300,55000,2570000,46.7
ILLINOIS,17,WABASH,185,SOUTHEAST,90,2014,1,46600,46400,2405000,51.8
ILLINOIS,17,WABASH,185,SOUTHEAST,90,2015,1,46800,44500,2184000,49.1
ILLINOIS,17,WABASH,185,SOUTHEAST,90,2016,1,49000,48900,2701000,55.2
ILLINOIS,17,WABASH,185,SOUTHEAST,90,2017,1,50300,49600,2696000,54.4
ILLINOIS,17,WABASH,185,SOUTHEAST,90,2020,1,51400,51200,2790000,54.5
ILLINOIS,17,WABASH,185,SOUTHEAST,90,2021,1,54400,53900,3277000,60.8
ILLINOIS,17,WABASH,185,SOUTHEAST,90,2022,1,54100,53800,3126000,58.1
ILLINOIS,17,WABASH,185,SOUTHEAST,90,2023,1,52300,52000,3130000,60.2
ILLINOIS,17,WABASH,185,SOUTHEAST,90,2024,1,55200,55000,2932000,53.3
ILLINOIS,17,WABASH,185,SOUTHEAST,90,2025,1,53500,53000,2735000,51.6
ILLINOIS,17,WARREN,187,WEST,30,1980,1,66400,66000,2558300,39
ILLINOIS,17,WARREN,187,WEST,30,1981,1,62000,61000,2660300,43.5
ILLINOIS,17,WARREN,187,WEST,30,1982,1,61900,61500,2664600,43.5
ILLINOIS,17,WARREN,187,WEST,30,1983,1,62600,62500,2288000,36.5
ILLINOIS,17,WARREN,187,WEST,30,1984,1,63600,63000,2502800,39.5
ILLINOIS,17,WARREN,187,WEST,30,1985,1,64500,64000,3019400,47
ILLINOIS,17,WARREN,187,WEST,30,1986,1,68800,68600,3254400,47.5
ILLINOIS,17,WARREN,187,WEST,30,1987,1,65700,65300,2705800,41.5
ILLINOIS,17,WARREN,187,WEST,30,1988,1,68800,68400,2476300,36
ILLINOIS,17,WARREN,187,WEST,30,1989,1,79100,79000,3256200,41
ILLINOIS,17,WARREN,187,WEST,30,1990,1,87600,86600,4083400,47
ILLINOIS,17,WARREN,187,WEST,30,1991,1,94000,93400,5090300,54.5
ILLINOIS,17,WARREN,187,WEST,30,1992,1,100000,99700,4785600,48
ILLINOIS,17,WARREN,187,WEST,30,1993,1,94000,93000,4278000,46
ILLINOIS,17,WARREN,187,WEST,30,1994,1,99000,98100,5395500,55
ILLINOIS,17,WARREN,187,WEST,30,1995,1,101000,100700,4481150,44.5
ILLINOIS,17,WARREN,187,WEST,30,1996,1,107000,106800,5340000,50
ILLINOIS,17,WARREN,187,WEST,30,1997,1,114000,113600,5850400,51.5
ILLINOIS,17,WARREN,187,WEST,30,1998,1,115000,114900,6204600,54
ILLINOIS,17,WARREN,187,WEST,30,1999,1,121000,120300,6135300,51
ILLINOIS,17,WARREN,187,WEST,30,2000,1,119000,118800,5583600,47
ILLINOIS,17,WARREN,187,WEST,30,2001,1,125000,123900,6318900,51
ILLINOIS,17,WARREN,187,WEST,30,2002,1,121000,120700,6276400,52
ILLINOIS,17,WARREN,187,WEST,30,2003,1,123000,122700,5276100,43
ILLINOIS,17,WARREN,187,WEST,30,2004,1,119000,118700,6528500,55
ILLINOIS,17,WARREN,187,WEST,30,2005,1,116000,115500,5775000,50
ILLINOIS,17,WARREN,187,WEST,30,2006,1,126000,125500,6400500,51
ILLINOIS,17,WARREN,187,WEST,30,2007,1,110000,109900,5604900,51
ILLINOIS,17,WARREN,187,WEST,30,2008,1,107000,106500,5964000,56
ILLINOIS,17,WARREN,187,WEST,30,2009,1,109000,108800,5548800,51
ILLINOIS,17,WARREN,187,WEST,30,2010,1,105000,104400,5759000,55.2
ILLINOIS,17,WARREN,187,WEST,30,2011,1,101000,100900,5929000,58.8
ILLINOIS,17,WARREN,187,WEST,30,2012,1,100000,99500,5689000,57.2
ILLINOIS,17,WARREN,187,WEST,30,2013,1,115500,115400,6317000,54.7
ILLINOIS,17,WARREN,187,WEST,30,2014,1,118500,118400,6813000,57.5
ILLINOIS,17,WARREN,187,WEST,30,2015,1,118500,118500,7172000,60.5
ILLINOIS,17,WARREN,187,WEST,30,2016,1,112000,111700,6989000,62.6
ILLINOIS,17,WARREN,187,WEST,30,2017,1,120500,120100,7606000,63.3
ILLINOIS,17,WARREN,187,WEST,30,2018,1,122000,119100,8042000,67.5
ILLINOIS,17,WARREN,187,WEST,30,2019,1,116000,109500,6408000,58.5
ILLINOIS,17,WARREN,187,WEST,30,2020,1,118500,118000,7859000,66.6
ILLINOIS,17,WARREN,187,WEST,30,2022,1,122500,122100,7875000,64.5
ILLINOIS,17,WASHINGTON,189,SOUTHWEST,80,1980,1,130800,130000,3231100,25
ILLINOIS,17,WASHINGTON,189,SOUTHWEST,80,1981,1,125300,124000,4087900,33
ILLINOIS,17,WASHINGTON,189,SOUTHWEST,80,1982,1,127300,127000,4272800,33.5
ILLINOIS,17,WASHINGTON,189,SOUTHWEST,80,1983,1,119000,117500,2037100,17.5
ILLINOIS,17,WASHINGTON,189,SOUTHWEST,80,1984,1,117100,113000,2488100,22
ILLINOIS,17,WASHINGTON,189,SOUTHWEST,80,1985,1,119100,118000,3917000,33
ILLINOIS,17,WASHINGTON,189,SOUTHWEST,80,1986,1,114400,113500,3684100,32.5
ILLINOIS,17,WASHINGTON,189,SOUTHWEST,80,1987,1,107000,105400,3367600,32
ILLINOIS,17,WASHINGTON,189,SOUTHWEST,80,1988,1,104000,102500,2267700,22
ILLINOIS,17,WASHINGTON,189,SOUTHWEST,80,1989,1,108900,108000,2520700,23.5
ILLINOIS,17,WASHINGTON,189,SOUTHWEST,80,1990,1,116100,115500,3574000,31
ILLINOIS,17,WASHINGTON,189,SOUTHWEST,80,1991,1,117000,114800,3444000,30
ILLINOIS,17,WASHINGTON,189,SOUTHWEST,80,1992,1,122000,121300,3820950,31.5
ILLINOIS,17,WASHINGTON,189,SOUTHWEST,80,1993,1,118000,113000,4427500,39
ILLINOIS,17,WASHINGTON,189,SOUTHWEST,80,1994,1,130000,129100,4195750,32.5
ILLINOIS,17,WASHINGTON,189,SOUTHWEST,80,1995,1,134000,133900,3414450,25.5
ILLINOIS,17,WASHINGTON,189,SOUTHWEST,80,1996,1,120000,117900,3772800,32
ILLINOIS,17,WASHINGTON,189,SOUTHWEST,80,1997,1,134000,133500,4872750,36.5
ILLINOIS,17,WASHINGTON,189,SOUTHWEST,80,1998,1,136000,135600,4813800,35.5
ILLINOIS,17,WASHINGTON,189,SOUTHWEST,80,1999,1,148000,147500,4425000,30
ILLINOIS,17,WASHINGTON,189,SOUTHWEST,80,2000,1,137000,135300,5006100,37
ILLINOIS,17,WASHINGTON,189,SOUTHWEST,80,2001,1,151000,149900,5396400,36
ILLINOIS,17,WASHINGTON,189,SOUTHWEST,80,2002,1,150000,149100,3727500,25
ILLINOIS,17,WASHINGTON,189,SOUTHWEST,80,2003,1,155000,154700,5105100,33
ILLINOIS,17,WASHINGTON,189,SOUTHWEST,80,2004,1,146000,145300,6247900,43
ILLINOIS,17,WASHINGTON,189,SOUTHWEST,80,2005,1,141000,140400,5616000,40
ILLINOIS,17,WASHINGTON,189,SOUTHWEST,80,2006,1,156000,155300,5590800,36
ILLINOIS,17,WASHINGTON,189,SOUTHWEST,80,2007,1,137000,136600,2595400,19
ILLINOIS,17,WASHINGTON,189,SOUTHWEST,80,2008,1,157000,156600,7673400,49
ILLINOIS,17,WASHINGTON,189,SOUTHWEST,80,2009,1,149000,148900,5658200,38
ILLINOIS,17,WASHINGTON,189,SOUTHWEST,80,2010,1,139000,138500,6329000,45.7
ILLINOIS,17,WASHINGTON,189,SOUTHWEST,80,2011,1,132000,131600,4108000,31.2
ILLINOIS,17,WASHINGTON,189,SOUTHWEST,80,2012,1,138000,122000,2704000,22.2
ILLINOIS,17,WASHINGTON,189,SOUTHWEST,80,2013,1,146000,146000,5370000,36.8
ILLINOIS,17,WASHINGTON,189,SOUTHWEST,80,2014,1,147500,147100,7038000,47.8
ILLINOIS,17,WASHINGTON,189,SOUTHWEST,80,2015,1,129000,128700,5599000,43.5
ILLINOIS,17,WASHINGTON,189,SOUTHWEST,80,2016,1,148500,148000,7216000,48.8
ILLINOIS,17,WASHINGTON,189,SOUTHWEST,80,2017,1,148500,148300,7164000,48.3
ILLINOIS,17,WASHINGTON,189,SOUTHWEST,80,2018,1,159000,155100,8910000,57.4
ILLINOIS,17,WASHINGTON,189,SOUTHWEST,80,2019,1,158500,158000,6937000,43.9
ILLINOIS,17,WASHINGTON,189,SOUTHWEST,80,2020,1,152000,151300,7837000,51.8
ILLINOIS,17,WASHINGTON,189,SOUTHWEST,80,2021,1,151500,150200,8817000,58.7
ILLINOIS,17,WASHINGTON,189,SOUTHWEST,80,2022,1,151500,150800,7615000,50.5
ILLINOIS,17,WASHINGTON,189,SOUTHWEST,80,2023,1,151500,150800,7299000,48.4
ILLINOIS,17,WASHINGTON,189,SOUTHWEST,80,2024,1,153000,152200,8401000,55.2
ILLINOIS,17,WASHINGTON,189,SOUTHWEST,80,2025,1,149000,148100,5746000,38.8
ILLINOIS,17,WAYNE,191,SOUTHEAST,90,1980,1,154000,152000,3029000,20
ILLINOIS,17,WAYNE,191,SOUTHEAST,90,1981,1,149200,148000,4345200,29.5
ILLINOIS,17,WAYNE,191,SOUTHEAST,90,1982,1,141400,141000,4191100,29.5
ILLINOIS,17,WAYNE,191,SOUTHEAST,90,1983,1,130500,129000,2242600,17.5
ILLINOIS,17,WAYNE,191,SOUTHEAST,90,1984,1,133000,127000,2739500,21.5
ILLINOIS,17,WAYNE,191,SOUTHEAST,90,1985,1,129400,128000,4307600,33.5
ILLINOIS,17,WAYNE,191,SOUTHEAST,90,1986,1,129100,128700,4434600,34.5
ILLINOIS,17,WAYNE,191,SOUTHEAST,90,1987,1,119700,118300,3602600,30.5
ILLINOIS,17,WAYNE,191,SOUTHEAST,90,1988,1,116500,113200,2333700,20.5
ILLINOIS,17,WAYNE,191,SOUTHEAST,90,1989,1,116300,115900,3626000,31.5
ILLINOIS,17,WAYNE,191,SOUTHEAST,90,1990,1,119200,118800,2859200,24
ILLINOIS,17,WAYNE,191,SOUTHEAST,90,1991,1,115000,114100,2852500,25
ILLINOIS,17,WAYNE,191,SOUTHEAST,90,1992,1,116000,115200,4036850,35
ILLINOIS,17,WAYNE,191,SOUTHEAST,90,1993,1,114000,110000,3905000,35.5
ILLINOIS,17,WAYNE,191,SOUTHEAST,90,1994,1,120000,119000,4343500,36.5
ILLINOIS,17,WAYNE,191,SOUTHEAST,90,1995,1,129000,128500,3790750,29.5
ILLINOIS,17,WAYNE,191,SOUTHEAST,90,1996,1,115000,114100,4050550,35.5
ILLINOIS,17,WAYNE,191,SOUTHEAST,90,1997,1,132000,131600,4803400,36.5
ILLINOIS,17,WAYNE,191,SOUTHEAST,90,1998,1,134000,133300,4737450,35.5
ILLINOIS,17,WAYNE,191,SOUTHEAST,90,1999,1,128000,127400,4204200,33
ILLINOIS,17,WAYNE,191,SOUTHEAST,90,2000,1,128000,124700,4863300,39
ILLINOIS,17,WAYNE,191,SOUTHEAST,90,2001,1,132000,130200,4557000,35
ILLINOIS,17,WAYNE,191,SOUTHEAST,90,2002,1,134000,133500,3337500,25
ILLINOIS,17,WAYNE,191,SOUTHEAST,90,2003,1,133000,132500,3577500,27
ILLINOIS,17,WAYNE,191,SOUTHEAST,90,2004,1,127000,122600,5639600,46
ILLINOIS,17,WAYNE,191,SOUTHEAST,90,2005,1,124000,123400,5182800,42
ILLINOIS,17,WAYNE,191,SOUTHEAST,90,2006,1,131000,130400,5216000,40
ILLINOIS,17,WAYNE,191,SOUTHEAST,90,2007,1,134000,133900,3481400,26
ILLINOIS,17,WAYNE,191,SOUTHEAST,90,2008,1,144000,143800,5895800,41
ILLINOIS,17,WAYNE,191,SOUTHEAST,90,2009,1,146000,145900,5398300,37
ILLINOIS,17,WAYNE,191,SOUTHEAST,90,2010,1,132000,131300,5803000,44.2
ILLINOIS,17,WAYNE,191,SOUTHEAST,90,2011,1,143000,139400,4864000,34.9
ILLINOIS,17,WAYNE,191,SOUTHEAST,90,2012,1,133000,132200,3590000,27.2
ILLINOIS,17,WAYNE,191,SOUTHEAST,90,2013,1,149500,144900,6124000,42.3
ILLINOIS,17,WAYNE,191,SOUTHEAST,90,2014,1,145500,144400,7383000,51.1
ILLINOIS,17,WAYNE,191,SOUTHEAST,90,2015,1,152000,142100,6265000,44.1
ILLINOIS,17,WAYNE,191,SOUTHEAST,90,2016,1,168000,164000,7927000,48.3
ILLINOIS,17,WAYNE,191,SOUTHEAST,90,2017,1,156000,153900,7312000,47.5
ILLINOIS,17,WAYNE,191,SOUTHEAST,90,2018,1,171000,161500,8545000,52.9
ILLINOIS,17,WAYNE,191,SOUTHEAST,90,2019,1,159500,155400,6745000,43.4
ILLINOIS,17,WAYNE,191,SOUTHEAST,90,2020,1,156500,154600,8039000,52
ILLINOIS,17,WAYNE,191,SOUTHEAST,90,2022,1,166000,158300,8928000,56.4
ILLINOIS,17,WAYNE,191,SOUTHEAST,90,2023,1,160000,159000,9047000,56.9
ILLINOIS,17,WAYNE,191,SOUTHEAST,90,2024,1,172000,170900,8477000,49.6
ILLINOIS,17,WAYNE,191,SOUTHEAST,90,2025,1,168000,165500,8325000,50.3
ILLINOIS,17,WHITE,193,SOUTHEAST,90,1980,1,102300,101000,2214000,22
ILLINOIS,17,WHITE,193,SOUTHEAST,90,1981,1,96100,95500,2900500,30.5
ILLINOIS,17,WHITE,193,SOUTHEAST,90,1982,1,91600,91000,2796700,30.5
ILLINOIS,17,WHITE,193,SOUTHEAST,90,1983,1,78200,77500,1664400,21.5
ILLINOIS,17,WHITE,193,SOUTHEAST,90,1984,1,81700,78000,2131100,27.5
ILLINOIS,17,WHITE,193,SOUTHEAST,90,1985,1,83400,82000,3048000,37
ILLINOIS,17,WHITE,193,SOUTHEAST,90,1986,1,87000,86800,3164200,36.5
ILLINOIS,17,WHITE,193,SOUTHEAST,90,1987,1,86400,85400,2515400,29.5
ILLINOIS,17,WHITE,193,SOUTHEAST,90,1988,1,83000,81900,2223800,27
ILLINOIS,17,WHITE,193,SOUTHEAST,90,1989,1,91000,90700,2927700,32.5
ILLINOIS,17,WHITE,193,SOUTHEAST,90,1990,1,97600,93300,2841200,30.5
ILLINOIS,17,WHITE,193,SOUTHEAST,90,1991,1,99000,98500,3202000,32.5
ILLINOIS,17,WHITE,193,SOUTHEAST,90,1992,1,99000,98200,3878900,39.5
ILLINOIS,17,WHITE,193,SOUTHEAST,90,1993,1,101000,100000,3700000,37
ILLINOIS,17,WHITE,193,SOUTHEAST,90,1994,1,100000,99500,3731250,37.5
ILLINOIS,17,WHITE,193,SOUTHEAST,90,1995,1,101000,100400,3313200,33
ILLINOIS,17,WHITE,193,SOUTHEAST,90,1996,1,121000,120600,4884300,40.5
ILLINOIS,17,WHITE,193,SOUTHEAST,90,1997,1,106000,105000,3622500,34.5
ILLINOIS,17,WHITE,193,SOUTHEAST,90,1998,1,126000,125900,4474800,35.5
ILLINOIS,17,WHITE,193,SOUTHEAST,90,1999,1,112000,111500,3345000,30
ILLINOIS,17,WHITE,193,SOUTHEAST,90,2000,1,112000,109200,4258800,39
ILLINOIS,17,WHITE,193,SOUTHEAST,90,2001,1,110000,109300,4481300,41
ILLINOIS,17,WHITE,193,SOUTHEAST,90,2002,1,125000,123000,2829000,23
ILLINOIS,17,WHITE,193,SOUTHEAST,90,2003,1,107000,105800,3491400,33
ILLINOIS,17,WHITE,193,SOUTHEAST,90,2004,1,112000,111300,5231100,47
ILLINOIS,17,WHITE,193,SOUTHEAST,90,2005,1,110000,109600,4932000,45
ILLINOIS,17,WHITE,193,SOUTHEAST,90,2006,1,120000,119300,5010600,42
ILLINOIS,17,WHITE,193,SOUTHEAST,90,2007,1,97000,96900,2907000,30
ILLINOIS,17,WHITE,193,SOUTHEAST,90,2008,1,125000,124200,5216400,42
ILLINOIS,17,WHITE,193,SOUTHEAST,90,2009,1,119000,118900,5112700,43
ILLINOIS,17,WHITE,193,SOUTHEAST,90,2010,1,110000,109300,5032000,46
ILLINOIS,17,WHITE,193,SOUTHEAST,90,2011,1,113000,112000,4591000,41
ILLINOIS,17,WHITE,193,SOUTHEAST,90,2012,1,104000,103600,3808000,36.8
ILLINOIS,17,WHITE,193,SOUTHEAST,90,2013,1,111500,110000,4880000,44.4
ILLINOIS,17,WHITE,193,SOUTHEAST,90,2014,1,114000,113800,5651000,49.7
ILLINOIS,17,WHITE,193,SOUTHEAST,90,2015,1,128000,117400,5595000,47.7
ILLINOIS,17,WHITE,193,SOUTHEAST,90,2016,1,120500,119800,5626000,47
ILLINOIS,17,WHITE,193,SOUTHEAST,90,2017,1,128500,127900,6759000,52.8
ILLINOIS,17,WHITE,193,SOUTHEAST,90,2018,1,133000,128300,6796000,53
ILLINOIS,17,WHITE,193,SOUTHEAST,90,2019,1,103500,101500,4727000,46.6
ILLINOIS,17,WHITE,193,SOUTHEAST,90,2020,1,123500,122900,6760000,55
ILLINOIS,17,WHITE,193,SOUTHEAST,90,2021,1,122500,121700,7716000,63.4
ILLINOIS,17,WHITE,193,SOUTHEAST,90,2022,1,133000,131900,7189000,54.5
ILLINOIS,17,WHITE,193,SOUTHEAST,90,2023,1,121500,120900,7266000,60.1
ILLINOIS,17,WHITE,193,SOUTHEAST,90,2024,1,132000,131200,7203000,54.9
ILLINOIS,17,WHITESIDE,195,NORTHWEST,10,1980,1,67200,67000,2747500,41
ILLINOIS,17,WHITESIDE,195,NORTHWEST,10,1981,1,66500,66000,3008400,45.5
ILLINOIS,17,WHITESIDE,195,NORTHWEST,10,1982,1,64300,64000,2558300,40
ILLINOIS,17,WHITESIDE,195,NORTHWEST,10,1983,1,62600,62500,2501100,40
ILLINOIS,17,WHITESIDE,195,NORTHWEST,10,1984,1,64600,64000,2215900,34.5
ILLINOIS,17,WHITESIDE,195,NORTHWEST,10,1985,1,65600,65000,2812900,43.5
ILLINOIS,17,WHITESIDE,195,NORTHWEST,10,1986,1,69800,68800,2886000,42
ILLINOIS,17,WHITESIDE,195,NORTHWEST,10,1987,1,67800,67300,2923100,43.5
ILLINOIS,17,WHITESIDE,195,NORTHWEST,10,1988,1,71700,70700,1777500,25
ILLINOIS,17,WHITESIDE,195,NORTHWEST,10,1989,1,70900,70700,3159900,44.5
ILLINOIS,17,WHITESIDE,195,NORTHWEST,10,1990,1,67100,63400,2802600,44
ILLINOIS,17,WHITESIDE,195,NORTHWEST,10,1991,1,76000,75400,3129100,41.5
ILLINOIS,17,WHITESIDE,195,NORTHWEST,10,1992,1,80000,79200,3524400,44.5
ILLINOIS,17,WHITESIDE,195,NORTHWEST,10,1993,1,77000,72000,3060000,42.5
ILLINOIS,17,WHITESIDE,195,NORTHWEST,10,1994,1,86000,85600,4365600,51
ILLINOIS,17,WHITESIDE,195,NORTHWEST,10,1995,1,90000,89600,4211200,47
ILLINOIS,17,WHITESIDE,195,NORTHWEST,10,1996,1,93000,91900,4411200,48
ILLINOIS,17,WHITESIDE,195,NORTHWEST,10,1997,1,111000,110600,5253500,47.5
ILLINOIS,17,WHITESIDE,195,NORTHWEST,10,1998,1,107000,106700,5655100,53
ILLINOIS,17,WHITESIDE,195,NORTHWEST,10,1999,1,117000,116400,5587200,48
ILLINOIS,17,WHITESIDE,195,NORTHWEST,10,2000,1,122000,121000,5445000,45
ILLINOIS,17,WHITESIDE,195,NORTHWEST,10,2001,1,126000,125300,5763800,46
ILLINOIS,17,WHITESIDE,195,NORTHWEST,10,2002,1,125000,124000,6200000,50
ILLINOIS,17,WHITESIDE,195,NORTHWEST,10,2003,1,112000,111800,3913000,35
ILLINOIS,17,WHITESIDE,195,NORTHWEST,10,2004,1,103000,102800,5242800,51
ILLINOIS,17,WHITESIDE,195,NORTHWEST,10,2005,1,94000,93600,4399200,47
ILLINOIS,17,WHITESIDE,195,NORTHWEST,10,2006,1,110000,109500,5803500,53
ILLINOIS,17,WHITESIDE,195,NORTHWEST,10,2007,1,72000,71900,3523100,49
ILLINOIS,17,WHITESIDE,195,NORTHWEST,10,2008,1,79000,78500,3611000,46
ILLINOIS,17,WHITESIDE,195,NORTHWEST,10,2009,1,85000,84800,4155200,49
ILLINOIS,17,WHITESIDE,195,NORTHWEST,10,2010,1,78000,77700,4036000,51.9
ILLINOIS,17,WHITESIDE,195,NORTHWEST,10,2011,1,69000,68800,3759000,54.6
ILLINOIS,17,WHITESIDE,195,NORTHWEST,10,2012,1,70000,69600,3676000,52.8
ILLINOIS,17,WHITESIDE,195,NORTHWEST,10,2013,1,73500,73500,3715000,50.5
ILLINOIS,17,WHITESIDE,195,NORTHWEST,10,2014,1,84500,84300,4946000,58.7
ILLINOIS,17,WHITESIDE,195,NORTHWEST,10,2015,1,89000,88900,5392000,60.7
ILLINOIS,17,WHITESIDE,195,NORTHWEST,10,2016,1,84300,84100,5114000,60.8
ILLINOIS,17,WHITESIDE,195,NORTHWEST,10,2017,1,97400,96300,5655000,58.7
ILLINOIS,17,WHITESIDE,195,NORTHWEST,10,2018,1,94000,91200,5721000,62.7
ILLINOIS,17,WHITESIDE,195,NORTHWEST,10,2021,1,95600,94800,6352000,67
ILLINOIS,17,WHITESIDE,195,NORTHWEST,10,2022,1,102000,101700,6753000,66.4
ILLINOIS,17,WHITESIDE,195,NORTHWEST,10,2023,1,99900,99400,6103000,61.4
ILLINOIS,17,WHITESIDE,195,NORTHWEST,10,2024,1,103500,103100,7227000,70.1
ILLINOIS,17,WHITESIDE,195,NORTHWEST,10,2025,1,98100,97500,6991000,71.7
ILLINOIS,17,WILL,197,NORTHEAST,20,1980,1,139600,139000,4757400,34
ILLINOIS,17,WILL,197,NORTHEAST,20,1981,1,138100,137000,5059100,37
ILLINOIS,17,WILL,197,NORTHEAST,20,1982,1,134500,134000,4771200,35.5
ILLINOIS,17,WILL,197,NORTHEAST,20,1983,1,127200,127000,4157200,32.5
ILLINOIS,17,WILL,197,NORTHEAST,20,1984,1,139600,137500,3700300,27
ILLINOIS,17,WILL,197,NORTHEAST,20,1985,1,131200,130000,5171000,40
ILLINOIS,17,WILL,197,NORTHEAST,20,1986,1,120800,120500,4152000,34.5
ILLINOIS,17,WILL,197,NORTHEAST,20,1987,1,117400,116300,4644900,40
ILLINOIS,17,WILL,197,NORTHEAST,20,1988,1,114300,113900,2691800,23.5
ILLINOIS,17,WILL,197,NORTHEAST,20,1989,1,128000,127500,5571800,43.5
ILLINOIS,17,WILL,197,NORTHEAST,20,1990,1,124900,123400,5151900,41.5
ILLINOIS,17,WILL,197,NORTHEAST,20,1991,1,122000,121200,3393600,28
ILLINOIS,17,WILL,197,NORTHEAST,20,1992,1,122000,121600,5168000,42.5
ILLINOIS,17,WILL,197,NORTHEAST,20,1993,1,120000,119000,4938500,41.5
ILLINOIS,17,WILL,197,NORTHEAST,20,1994,1,122000,121300,5701100,47
ILLINOIS,17,WILL,197,NORTHEAST,20,1995,1,122000,121900,4571250,37.5
ILLINOIS,17,WILL,197,NORTHEAST,20,1996,1,151000,149100,4174800,28
ILLINOIS,17,WILL,197,NORTHEAST,20,1997,1,110000,109500,4818000,44
ILLINOIS,17,WILL,197,NORTHEAST,20,1998,1,124000,123800,5694800,46
ILLINOIS,17,WILL,197,NORTHEAST,20,1999,1,124000,123400,4689200,38
ILLINOIS,17,WILL,197,NORTHEAST,20,2000,1,122000,121700,4746300,39
ILLINOIS,17,WILL,197,NORTHEAST,20,2001,1,120000,119100,5002200,42
ILLINOIS,17,WILL,197,NORTHEAST,20,2002,1,117000,116300,4419400,38
ILLINOIS,17,WILL,197,NORTHEAST,20,2003,1,107000,106900,3848400,36
ILLINOIS,17,WILL,197,NORTHEAST,20,2004,1,106000,105700,5073600,48
ILLINOIS,17,WILL,197,NORTHEAST,20,2005,1,102000,101500,4364500,43
ILLINOIS,17,WILL,197,NORTHEAST,20,2006,1,102000,101500,4770500,47
ILLINOIS,17,WILL,197,NORTHEAST,20,2007,1,97000,96800,4743200,49
ILLINOIS,17,WILL,197,NORTHEAST,20,2008,1,97000,96500,4439000,46
ILLINOIS,17,WILL,197,NORTHEAST,20,2009,1,99000,98800,4643600,47
ILLINOIS,17,WILL,197,NORTHEAST,20,2010,1,94000,93200,4383000,47
ILLINOIS,17,WILL,197,NORTHEAST,20,2011,1,92000,91900,4700000,51.1
ILLINOIS,17,WILL,197,NORTHEAST,20,2012,1,99000,98700,4322000,43.8
ILLINOIS,17,WILL,197,NORTHEAST,20,2013,1,99500,99500,4646000,46.7
ILLINOIS,17,WILL,197,NORTHEAST,20,2014,1,105000,104800,5909000,56.4
ILLINOIS,17,WILL,197,NORTHEAST,20,2015,1,99100,99000,4930000,49.8
ILLINOIS,17,WILL,197,NORTHEAST,20,2016,1,104500,104300,5754000,55.2
ILLINOIS,17,WILL,197,NORTHEAST,20,2017,1,112500,112100,5711000,50.9
ILLINOIS,17,WILL,197,NORTHEAST,20,2018,1,109000,106200,6137000,57.8
ILLINOIS,17,WILL,197,NORTHEAST,20,2019,1,93000,92700,4435000,47.8
ILLINOIS,17,WILL,197,NORTHEAST,20,2020,1,104000,103500,5641000,54.5
ILLINOIS,17,WILL,197,NORTHEAST,20,2021,1,106500,105700,6173000,58.4
ILLINOIS,17,WILL,197,NORTHEAST,20,2022,1,105000,104700,5989000,57.2
ILLINOIS,17,WILL,197,NORTHEAST,20,2023,1,102000,101500,5857000,57.7
ILLINOIS,17,WILL,197,NORTHEAST,20,2024,1,102000,101600,5578000,54.9
ILLINOIS,17,WILLIAMSON,199,SOUTHWEST,80,1980,1,21200,21000,417600,20
ILLINOIS,17,WILLIAMSON,199,SOUTHWEST,80,1981,1,22200,21800,539000,24.5
ILLINOIS,17,WILLIAMSON,199,SOUTHWEST,80,1982,1,23100,23000,623700,27
ILLINOIS,17,WILLIAMSON,199,SOUTHWEST,80,1983,1,21700,21500,317900,15
ILLINOIS,17,WILLIAMSON,199,SOUTHWEST,80,1984,1,18100,17500,418800,24
ILLINOIS,17,WILLIAMSON,199,SOUTHWEST,80,1985,1,19400,19000,506500,26.5
ILLINOIS,17,WILLIAMSON,199,SOUTHWEST,80,1986,1,19600,19500,623200,32
ILLINOIS,17,WILLIAMSON,199,SOUTHWEST,80,1987,1,17900,17700,468300,26.5
ILLINOIS,17,WILLIAMSON,199,SOUTHWEST,80,1988,1,19400,19100,489800,25.5
ILLINOIS,17,WILLIAMSON,199,SOUTHWEST,80,1989,1,19500,19100,483700,25.5
ILLINOIS,17,WILLIAMSON,199,SOUTHWEST,80,1990,1,23100,22800,582300,25.5
ILLINOIS,17,WILLIAMSON,199,SOUTHWEST,80,1991,1,16000,15400,400400,26
ILLINOIS,17,WILLIAMSON,199,SOUTHWEST,80,1992,1,17000,16700,551100,33
ILLINOIS,17,WILLIAMSON,199,SOUTHWEST,80,1993,1,17000,16800,535500,32
ILLINOIS,17,WILLIAMSON,199,SOUTHWEST,80,1994,1,16000,15800,529300,33.5
ILLINOIS,17,WILLIAMSON,199,SOUTHWEST,80,1995,1,18000,17900,438550,24.5
ILLINOIS,17,WILLIAMSON,199,SOUTHWEST,80,1996,1,20000,19900,606950,30.5
ILLINOIS,17,WILLIAMSON,199,SOUTHWEST,80,1997,1,21000,20900,668800,32
ILLINOIS,17,WILLIAMSON,199,SOUTHWEST,80,1998,1,21000,20900,721050,34.5
ILLINOIS,17,WILLIAMSON,199,SOUTHWEST,80,1999,1,24000,23800,666400,28
ILLINOIS,17,WILLIAMSON,199,SOUTHWEST,80,2000,1,25000,24900,946200,38
ILLINOIS,17,WILLIAMSON,199,SOUTHWEST,80,2001,1,24000,23900,956000,40
ILLINOIS,17,WILLIAMSON,199,SOUTHWEST,80,2002,1,27000,25200,403200,16
ILLINOIS,17,WILLIAMSON,199,SOUTHWEST,80,2003,1,22000,21900,744600,34
ILLINOIS,17,WILLIAMSON,199,SOUTHWEST,80,2004,1,25000,23200,904800,39
ILLINOIS,17,WILLIAMSON,199,SOUTHWEST,80,2005,1,25000,24900,1020900,41
ILLINOIS,17,WILLIAMSON,199,SOUTHWEST,80,2006,1,29000,28600,1172600,41
ILLINOIS,17,WILLIAMSON,199,SOUTHWEST,80,2007,1,25000,24900,672300,27
ILLINOIS,17,WILLIAMSON,199,SOUTHWEST,80,2008,1,28000,27600,1076400,39
ILLINOIS,17,WILLIAMSON,199,SOUTHWEST,80,2009,1,28000,27700,1080300,39
ILLINOIS,17,WILLIAMSON,199,SOUTHWEST,80,2010,1,28000,27900,972000,34.8
ILLINOIS,17,WILLIAMSON,199,SOUTHWEST,80,2011,1,33000,32300,1029000,31.9
ILLINOIS,17,WILLIAMSON,199,SOUTHWEST,80,2012,1,30000,28700,847000,29.5
ILLINOIS,17,WILLIAMSON,199,SOUTHWEST,80,2013,1,31200,31200,1357000,43.5
ILLINOIS,17,WILLIAMSON,199,SOUTHWEST,80,2014,1,29900,29800,1253000,42
ILLINOIS,17,WILLIAMSON,199,SOUTHWEST,80,2015,1,27800,27800,1279000,46
ILLINOIS,17,WILLIAMSON,199,SOUTHWEST,80,2016,1,35000,34700,1475000,42.5
ILLINOIS,17,WILLIAMSON,199,SOUTHWEST,80,2017,1,33900,33800,1595000,47.2
ILLINOIS,17,WILLIAMSON,199,SOUTHWEST,80,2018,1,37000,36100,1647000,45.6
ILLINOIS,17,WILLIAMSON,199,SOUTHWEST,80,2020,1,34400,34200,1806000,52.8
ILLINOIS,17,WILLIAMSON,199,SOUTHWEST,80,2022,1,36700,36500,1675000,45.9
ILLINOIS,17,WILLIAMSON,199,SOUTHWEST,80,2023,1,35800,35700,1781000,49.9
ILLINOIS,17,WILLIAMSON,199,SOUTHWEST,80,2024,1,35100,34800,1496000,43
ILLINOIS,17,WILLIAMSON,199,SOUTHWEST,80,2025,1,29500,29300,1081000,36.9
ILLINOIS,17,WINNEBAGO,201,NORTHWEST,10,1980,1,36100,36000,1314200,36.5
ILLINOIS,17,WINNEBAGO,201,NORTHWEST,10,1981,1,34700,34500,1380400,40
ILLINOIS,17,WINNEBAGO,201,NORTHWEST,10,1982,1,36700,36500,1276700,35
ILLINOIS,17,WINNEBAGO,201,NORTHWEST,10,1983,1,34100,34000,1186200,35
ILLINOIS,17,WINNEBAGO,201,NORTHWEST,10,1984,1,36000,35500,1229100,34.5
ILLINOIS,17,WINNEBAGO,201,NORTHWEST,10,1985,1,35300,35000,1320900,37.5
ILLINOIS,17,WINNEBAGO,201,NORTHWEST,10,1986,1,36500,36300,1305200,36
ILLINOIS,17,WINNEBAGO,201,NORTHWEST,10,1987,1,32400,32100,1346100,42
ILLINOIS,17,WINNEBAGO,201,NORTHWEST,10,1988,1,33600,32400,716800,22
ILLINOIS,17,WINNEBAGO,201,NORTHWEST,10,1989,1,32800,32700,1331600,40.5
ILLINOIS,17,WINNEBAGO,201,NORTHWEST,10,1990,1,29800,28900,1291700,44.5
ILLINOIS,17,WINNEBAGO,201,NORTHWEST,10,1991,1,37000,36800,1361600,37
ILLINOIS,17,WINNEBAGO,201,NORTHWEST,10,1992,1,40000,39600,1584000,40
ILLINOIS,17,WINNEBAGO,201,NORTHWEST,10,1993,1,38000,36000,1314000,36.5
ILLINOIS,17,WINNEBAGO,201,NORTHWEST,10,1994,1,44000,43100,1939500,45
ILLINOIS,17,WINNEBAGO,201,NORTHWEST,10,1995,1,43000,42900,1930500,45
ILLINOIS,17,WINNEBAGO,201,NORTHWEST,10,1996,1,50000,47600,1880200,39.5
ILLINOIS,17,WINNEBAGO,201,NORTHWEST,10,1997,1,55000,54800,2466000,45
ILLINOIS,17,WINNEBAGO,201,NORTHWEST,10,1998,1,55000,54700,2735000,50
ILLINOIS,17,WINNEBAGO,201,NORTHWEST,10,1999,1,61000,60700,3035000,50
ILLINOIS,17,WINNEBAGO,201,NORTHWEST,10,2000,1,64000,63500,2349500,37
ILLINOIS,17,WINNEBAGO,201,NORTHWEST,10,2001,1,67000,66600,2530800,38
ILLINOIS,17,WINNEBAGO,201,NORTHWEST,10,2002,1,61000,60700,2245900,37
ILLINOIS,17,WINNEBAGO,201,NORTHWEST,10,2003,1,61000,60900,1583400,26
ILLINOIS,17,WINNEBAGO,201,NORTHWEST,10,2004,1,52000,51900,2231700,43
ILLINOIS,17,WINNEBAGO,201,NORTHWEST,10,2005,1,50000,49700,2137100,43
ILLINOIS,17,WINNEBAGO,201,NORTHWEST,10,2006,1,51000,50800,2336800,46
ILLINOIS,17,WINNEBAGO,201,NORTHWEST,10,2007,1,34000,33900,1796700,53
ILLINOIS,17,WINNEBAGO,201,NORTHWEST,10,2008,1,43000,41700,1751400,42
ILLINOIS,17,WINNEBAGO,201,NORTHWEST,10,2009,1,44000,43900,1975500,45
ILLINOIS,17,WINNEBAGO,201,NORTHWEST,10,2010,1,42000,41800,2290000,54.8
ILLINOIS,17,WINNEBAGO,201,NORTHWEST,10,2011,1,40000,39900,2094000,52.5
ILLINOIS,17,WINNEBAGO,201,NORTHWEST,10,2012,1,42000,41800,1646000,39.4
ILLINOIS,17,WINNEBAGO,201,NORTHWEST,10,2013,1,45300,45300,2387000,52.7
ILLINOIS,17,WINNEBAGO,201,NORTHWEST,10,2014,1,44200,44100,2318000,52.6
ILLINOIS,17,WINNEBAGO,201,NORTHWEST,10,2015,1,46800,46800,2568000,54.9
ILLINOIS,17,WINNEBAGO,201,NORTHWEST,10,2016,1,45700,45600,2678000,58.7
ILLINOIS,17,WINNEBAGO,201,NORTHWEST,10,2017,1,54800,54200,2557000,47.2
ILLINOIS,17,WINNEBAGO,201,NORTHWEST,10,2018,1,55000,53200,2998000,56.4
ILLINOIS,17,WINNEBAGO,201,NORTHWEST,10,2019,1,48000,47700,2661000,55.8
ILLINOIS,17,WINNEBAGO,201,NORTHWEST,10,2020,1,49300,49100,2784000,56.7
ILLINOIS,17,WINNEBAGO,201,NORTHWEST,10,2021,1,54800,54300,3090000,56.9
ILLINOIS,17,WINNEBAGO,201,NORTHWEST,10,2022,1,57100,56900,3573000,62.8
ILLINOIS,17,WINNEBAGO,201,NORTHWEST,10,2023,1,53800,53600,2809000,52.4
ILLINOIS,17,WINNEBAGO,201,NORTHWEST,10,2024,1,62200,62100,3714000,59.8
ILLINOIS,17,WINNEBAGO,201,NORTHWEST,10,2025,1,55500,55200,3638000,65.9
ILLINOIS,17,WOODFORD,203,CENTRAL,40,1980,1,100400,100000,4034300,40.5
ILLINOIS,17,WOODFORD,203,CENTRAL,40,1981,1,96700,96000,4081400,42.5
ILLINOIS,17,WOODFORD,203,CENTRAL,40,1982,1,93400,93000,4047300,43.5
ILLINOIS,17,WOODFORD,203,CENTRAL,40,1983,1,92000,92000,3579800,39
ILLINOIS,17,WOODFORD,203,CENTRAL,40,1984,1,98100,97000,3582100,37
ILLINOIS,17,WOODFORD,203,CENTRAL,40,1985,1,101600,101000,5287200,52.5
ILLINOIS,17,WOODFORD,203,CENTRAL,40,1986,1,99900,99800,4535200,45.5
ILLINOIS,17,WOODFORD,203,CENTRAL,40,1987,1,98300,97500,4332100,44.5
ILLINOIS,17,WOODFORD,203,CENTRAL,40,1988,1,95200,95100,2343100,24.5
ILLINOIS,17,WOODFORD,203,CENTRAL,40,1989,1,105000,104800,5048200,48
ILLINOIS,17,WOODFORD,203,CENTRAL,40,1990,1,108900,108800,5023300,46
ILLINOIS,17,WOODFORD,203,CENTRAL,40,1991,1,112000,110700,4594050,41.5
ILLINOIS,17,WOODFORD,203,CENTRAL,40,1992,1,120000,119200,5478550,46
ILLINOIS,17,WOODFORD,203,CENTRAL,40,1993,1,119000,117000,5557500,47.5
ILLINOIS,17,WOODFORD,203,CENTRAL,40,1994,1,122000,121400,6312800,52
ILLINOIS,17,WOODFORD,203,CENTRAL,40,1995,1,120000,119600,5441800,45.5
ILLINOIS,17,WOODFORD,203,CENTRAL,40,1996,1,116000,115700,5380050,46.5
ILLINOIS,17,WOODFORD,203,CENTRAL,40,1997,1,124000,123500,6051500,49
ILLINOIS,17,WOODFORD,203,CENTRAL,40,1998,1,131000,130600,6399400,49
ILLINOIS,17,WOODFORD,203,CENTRAL,40,1999,1,126000,125500,5898500,47
ILLINOIS,17,WOODFORD,203,CENTRAL,40,2000,1,129000,128800,6182400,48
ILLINOIS,17,WOODFORD,203,CENTRAL,40,2001,1,128000,127300,6492300,51
ILLINOIS,17,WOODFORD,203,CENTRAL,40,2002,1,126000,125700,6662100,53
ILLINOIS,17,WOODFORD,203,CENTRAL,40,2003,1,121000,120800,4348800,36
ILLINOIS,17,WOODFORD,203,CENTRAL,40,2004,1,118000,117100,6323400,54
ILLINOIS,17,WOODFORD,203,CENTRAL,40,2005,1,113000,112500,5737500,51
ILLINOIS,17,WOODFORD,203,CENTRAL,40,2006,1,113000,112400,6182000,55
ILLINOIS,17,WOODFORD,203,CENTRAL,40,2007,1,91000,90800,4903200,54
ILLINOIS,17,WOODFORD,203,CENTRAL,40,2008,1,101000,100800,5443200,54
ILLINOIS,17,WOODFORD,203,CENTRAL,40,2009,1,101000,100700,5035000,50
ILLINOIS,17,WOODFORD,203,CENTRAL,40,2010,1,100000,99600,5585000,56.1
ILLINOIS,17,WOODFORD,203,CENTRAL,40,2011,1,98000,97900,5924000,60.5
ILLINOIS,17,WOODFORD,203,CENTRAL,40,2012,1,100000,99500,4629000,46.5
ILLINOIS,17,WOODFORD,203,CENTRAL,40,2013,1,108500,108400,6166000,56.9
ILLINOIS,17,WOODFORD,203,CENTRAL,40,2014,1,114000,113700,6979000,61.4
ILLINOIS,17,WOODFORD,203,CENTRAL,40,2015,1,118500,118500,7513000,63.4
ILLINOIS,17,WOODFORD,203,CENTRAL,40,2016,1,115500,115000,7700000,67
ILLINOIS,17,WOODFORD,203,CENTRAL,40,2017,1,123000,122400,7392000,60.4
ILLINOIS,17,WOODFORD,203,CENTRAL,40,2018,1,120000,117000,7569000,64.7
ILLINOIS,17,WOODFORD,203,CENTRAL,40,2019,1,117000,116500,7152000,61.4
ILLINOIS,17,WOODFORD,203,CENTRAL,40,2020,1,117000,116500,7374000,63.3
ILLINOIS,17,WOODFORD,203,CENTRAL,40,2021,1,121000,120000,8172000,68.1
ILLINOIS,17,WOODFORD,203,CENTRAL,40,2022,1,113500,113100,7815000,69.1
ILLINOIS,17,WOODFORD,203,CENTRAL,40,2023,1,116500,115900,7812000,67.4
ILLINOIS,17,WOODFORD,203,CENTRAL,40,2024,1,116500,116100,8638000,74.4
ILLINOIS,17,WOODFORD,203,CENTRAL,40,2025,1,117000,116300,8420000,72.4
