county_ansi,year,pcp_win,pcp_prevND,tmin04,tmin05,tmin09,tmin10,tmax07,tmax08,tmax_jja,pdsi06,pdsi07,pdsi08,pdsi_jja,zndx07,zndx08,zndx_jja,pdsi_may
001,1980,5.59,3.9,40.5,53.1,56.8,40.2,93.4,90.1,89.03,-3.13,-3.27,0.58,-1.94,-1.36,1.74,-0.09,-3.25
001,1981,2.73,3.77,47.8,48.8,54.4,42.4,84.6,82.1,83.27,1.99,4.21,3.97,3.39,7.26,0.57,3.4,1.34
001,1982,8.72,4.84,37.3,57,55.4,44.1,86.6,81.9,81.83,2.83,3.39,3.51,3.24,2.56,1.42,1.76,2.66
001,1983,4.45,10.81,38.3,48.9,55.5,46,93.4,94,90.43,-0.77,-1.72,-2.73,-1.74,-3.09,-3.58,-2.99,0.02
001,1984,6.95,9.55,42.6,49.9,53.7,46.9,86.1,88.4,86.67,2.26,2.49,1.45,2.07,1.41,-2.37,-0.52,2.74
001,1985,10.25,7.23,47,54.5,56.8,45.9,86.6,80.1,82.03,1.75,2.08,2.56,2.13,1.54,2.09,1,2.18
001,1986,2.98,13.17,44.4,54.9,59.4,46.4,88.2,81.2,84.87,1.8,2.53,2,2.11,2.74,-0.79,0.59,2.07
001,1987,4.94,3.65,42.4,56.6,54.8,37.1,89.8,86.4,87.5,-1.96,-1.87,-0.99,-1.61,-0.32,2.05,0,-1.55
001,1988,4.94,7.01,40.2,52.2,55.8,37.9,91.1,91.3,90.07,-2.49,-3.33,-3.67,-3.16,-3.29,-2.04,-2.46,-2.01
001,1989,3.36,5.36,41.4,49.2,52.5,45.1,88.6,85.3,85.23,-4.62,-4.45,-3.87,-4.31,-0.9,0.35,-0.76,-4.51
001,1990,9.39,1.35,40.2,49,58.3,40.9,85.6,84.6,84.3,2.37,2.38,2.07,2.27,0.75,-0.18,1.13,1.6
001,1991,5.1,6.89,46.1,59.1,55.7,44.4,87.3,85.5,86.4,-0.98,-1.05,-1.59,-1.21,-0.52,-1.96,-1.8,3.05
001,1992,4.06,5.2,40.8,50.3,53.4,42.7,83,79.4,81.27,-2.06,1.08,0.47,-0.17,3.24,-1.51,-0.36,-1.26
001,1993,6.9,11.15,40.4,53.3,52.5,41.8,84.4,85.5,83.73,2.73,3.76,4.16,3.55,3.92,2.36,2.92,2.12
001,1994,3.67,3.72,41.6,50,54.6,46.9,84.6,83.9,84.3,2.78,2.13,1.82,2.24,-1.08,-0.27,-0.42,3.06
001,1995,5.02,6.63,38.9,50.2,51.7,43.8,87.4,88.5,85.77,2.38,1.85,3.09,2.44,-0.83,4.27,0.76,3.08
001,1996,4.82,2.29,37.4,52.7,52.7,43.8,83.8,83.9,82.97,-0.22,-0.44,-0.52,-0.39,-0.72,-0.38,-0.59,2.23
001,1997,8.98,2.57,37.6,47,56,44.4,86.9,82.6,83.5,-0.58,-1.11,-0.93,-0.87,-1.78,0.19,-1.11,0.23
001,1998,10.46,3.97,43.3,57.9,61.2,46.3,85.4,86.3,84.27,3.01,2.43,1.54,2.33,-0.81,-1.92,0.56,1.73
001,1999,6.79,6.1,45.3,53.8,51.5,42.4,90.2,84.8,85.63,-0.37,-0.9,-1.51,-0.93,-1.71,-2.09,-1.38,-0.29
001,2000,5.87,3.36,41,54.6,55.7,47.4,83.5,86.1,83,0.95,0.97,1.24,1.05,0.34,1.12,1.44,-3.89
001,2001,8.51,2.99,46.1,54.6,54.2,43.5,87.3,85.9,84.4,1.38,0.83,1.11,1.11,-1.2,1.1,0.27,1.2
001,2002,5.38,3.31,42.9,49,56.7,41.9,88.9,85,86.17,1.95,1.77,2.01,1.91,0.07,1.28,0.44,2.18
001,2003,4.31,2.03,43.1,51.1,51.8,43.5,85.9,86.9,84,0.12,0.49,0.42,0.34,1.13,-0.04,0.48,-1.59
001,2004,4.46,6.49,43.3,55.4,55.3,45.6,82.6,79.4,80.4,-0.82,-0.77,2.08,0.16,-0.11,6.25,1.87,-0.71
001,2005,7.58,6.01,44.7,50.2,59.3,45.3,89.2,87.3,87.73,-1.92,-2.52,-2.38,-2.27,-2.4,-0.35,-1.51,-1.48
001,2006,6.3,3.07,45.2,52.8,53.2,41.1,89.7,86.3,86.27,-3.93,-3.98,-3.61,-3.84,-1.34,-0.15,-0.73,-4.13
001,2007,7.64,5.37,39,57.4,56.7,48.2,85.6,91.3,86.8,-1.94,-2.48,-2.78,-2.4,-2.23,-1.68,-1.47,-1.97
001,2008,9.21,4.8,40.6,48.8,56.5,43.5,85,83,83.67,2.69,3.25,2.81,2.92,2.52,-0.33,2.06,1.51
001,2009,7.43,4.23,40.9,52.1,55.1,41.5,80.7,80.8,81.6,3.82,3.36,4.51,3.9,-0.2,4.47,1.53,4.14
001,2010,5.9,6.92,47.5,53.3,56.8,44.1,87.3,87.4,86.7,5.15,6.49,6.05,5.9,5.61,0.69,3.57,4.1
001,2011,5.03,2.45,42.8,51.5,52.3,43.7,90.8,88.2,87,4.12,-0.72,-1.85,0.52,-2.15,-3.61,0.05,2.39
001,2012,3.34,8.48,43.6,56.6,53,42.5,95.5,88,89.83,-3.73,-4.44,-4.59,-4.25,-3.29,-1.83,-2.68,-3.08
001,2013,8.04,2.75,39.7,53.1,57.3,43.7,84.6,85.4,83.93,-0.32,-0.78,-1.93,-1.01,-1.48,-3.69,-2.05,3.96
001,2014,4.13,3.41,40.8,54.1,54.2,45.1,80.9,83.2,82.23,1.1,1.12,2.22,1.48,0.4,3.62,2.44,-2.94
001,2015,3.82,2.32,43.8,55.1,60.5,45.6,84.1,82.6,82.57,2.96,4.14,3.74,3.61,4.47,0.07,3.55,1.03
001,2016,2.65,12.11,43.3,52.4,60.8,50.4,85.1,84.3,85.77,-2.04,0.63,1.43,0.01,1.89,2.6,0.46,-1.11
001,2017,5.58,2.48,46.5,52.4,56.7,48.6,88.6,81.5,84.87,-0.89,-1.21,-0.76,-0.95,-1.26,0.98,-0.2,-0.87
001,2018,8.49,1.86,33.8,61.4,60.3,44,86.8,86.2,86.77,-2.01,-2.12,0.58,-1.18,-0.98,1.74,-0.44,-1.47
001,2019,9.07,4.68,42.7,53.1,62.9,42.7,88.1,82.7,84,4.15,3.3,3.61,3.69,-1.26,1.93,0.6,4.21
001,2020,7.65,3.07,39.1,51.6,55,41.8,86.5,83.7,84.9,3.18,3.42,2.46,3.02,1.69,-1.82,0.68,2.74
001,2021,7.7,4,42.4,51.9,58.5,51.4,83.8,85.4,84.53,2.3,2.78,2.41,2.5,2.15,-0.24,1.44,1.67
001,2022,6.53,1.93,39.2,55.2,56.3,40.9,85.5,85.2,85.07,1.41,1.67,-0.71,0.79,1.21,-2.14,-0.28,1.53
001,2023,7,3.36,40.6,53,57.2,46.6,87.4,84.2,85.57,-2.06,-2.32,-1.95,-2.11,-1.43,0.39,-1.11,-1.44
001,2024,5.73,3.37,44.3,56.3,56.9,46.2,84.1,84.7,85.2,-2.96,-2.14,-2.17,-2.42,1.55,-0.74,-0.46,-2.49
001,2025,3.5,6.04,44.2,51.5,56.9,50,87,83.6,84.67,-2.07,-0.97,-1.41,-1.48,2.66,-1.63,0.45,-2.43
003,1980,8.55,9.27,43.8,54.3,60.2,42.1,95.6,93.6,92.17,-1.1,-1.32,-2.03,-1.48,-1,-2.55,-1.07,-1.35
003,1981,6.8,3.6,51.5,51.1,54.4,44.8,88.6,86.1,87,1.31,2.47,2.58,2.12,3.9,1.07,2.05,1.02
003,1982,14.2,4.7,41.9,58.1,56.3,45.8,89.9,86.5,86.3,0.01,-0.03,0.9,0.29,-0.09,2.71,0.89,-1.1
003,1983,6,16.91,40.8,53.1,57.7,48.4,93.6,95.4,91.57,-0.04,-0.83,-2.06,-0.98,-2.39,-3.94,-2.15,3.41
003,1984,10.96,12.03,44.9,51.8,55.7,53.8,88.7,88.3,88.67,-0.69,-0.6,-1.22,-0.84,0.04,-2.03,-1.35,0.54
003,1985,11.73,14.93,49.5,56,57.4,50.9,90.6,84.8,86.57,3.16,2.45,3.57,3.06,-1.14,4.1,1.72,2.7
003,1986,7.07,7.25,47.7,57.5,62.5,48.2,92.8,85.2,88.6,-0.64,-0.55,-0.22,-0.47,0.08,0.83,-0.01,-0.37
003,1987,7.48,5.04,43.3,60,57.1,39.2,89.8,91.4,89.77,-1.92,-1.31,-1.89,-1.71,1.24,-2.15,0,-2.47
003,1988,9.48,13,43.2,52,58.7,41,88.7,91.4,89.93,-2.55,-2.19,-2.33,-2.36,0.3,-1.09,-1.16,-1.84
003,1989,20.59,10.18,44.8,52.2,56.9,45.3,86.5,86.9,85.3,3.6,-0.11,0.15,1.21,-0.33,0.46,1.76,2.1
003,1990,16.82,3.57,43.8,53.9,60,43.2,89.3,85.7,87.27,-0.39,-0.41,-0.69,-0.5,-0.19,-0.96,-0.77,1.8
003,1991,10.31,11.5,50.4,62.4,59.8,47.5,90.9,89.3,89.07,-1.05,-1.77,-1.83,-1.55,-2.48,-0.71,-1.65,-0.52
003,1992,7.98,10.34,46.1,53.2,56.9,45,88.1,83.7,84.97,-2.1,0.41,0.51,-0.39,1.23,0.42,0.15,-1.89
003,1993,12.34,7.9,43.4,55.2,57.2,45,92.6,89.2,88.73,1.38,-0.42,-0.66,0.1,-1.27,-0.83,-0.26,1.05
003,1994,11.43,9.55,48,52.3,54,47.8,87.7,85.1,86.87,-0.84,-1.12,0.17,-0.6,-1.09,0.51,-0.29,-0.83
003,1995,9.99,10.55,45.3,56.5,55.4,46,88.5,91.9,88.3,1.31,1.71,-0.26,0.92,1.62,-0.79,1.08,0.56
003,1996,9.03,5.82,42,59.5,55.8,46.2,87,88.4,86.93,0.54,0.73,-0.79,0.16,0.74,-2.36,-0.44,0.49
003,1997,14.32,10.1,40.9,51.2,57.7,46.2,89.8,85.5,85.6,2.28,2.11,1.98,2.12,0.18,0.26,0.39,2.28
003,1998,12.75,5.34,46.4,60.2,62.5,49.2,87.6,87.7,87.57,1.42,2.23,2.27,1.97,2.87,0.81,2.56,0.1
003,1999,13.64,5.58,51.2,55,54,44.3,91.4,89.7,88.57,-0.13,-0.48,-1.3,-0.64,-1.1,-2.6,-0.67,-0.77
003,2000,14.6,5.76,43.6,58.9,57.7,49.2,87.5,89.9,87.37,-1.67,-1.28,-1.21,-1.39,0.68,-0.21,0.39,-2.13
003,2001,8.47,8.5,51.9,56.4,56,45.2,88.6,88.5,87.2,-2.27,1.7,1.69,0.37,5.09,0.51,1.57,-2.2
003,2002,15.2,14.55,49.4,54.3,61.3,48.2,91,88.9,89.2,4.13,3.03,2.52,3.23,-2.01,-0.58,-1.28,5.06
003,2003,8.91,9.22,47.6,56.8,56,46,88.4,89.4,86.3,2.62,2.44,2.67,2.58,0.26,1.45,1.34,2.06
003,2004,7.99,7.5,46.4,60.7,57.1,50.1,86,83.7,84.6,-0.22,0.28,0.47,0.18,0.84,0.67,0.28,0.17
003,2005,10.99,10.22,47.3,52.5,62,46.8,88.7,90.7,88.8,-0.99,0.96,1.11,0.36,2.88,0.75,0.97,-0.84
003,2006,14.34,5.48,50.4,55.6,55,43.9,88.7,89.3,88.23,-0.62,0.81,1.19,0.46,2.44,1.38,0.88,-0.26
003,2007,11.37,9.91,43,58.7,61.4,51.4,87.6,95.8,90.3,-1.59,-1.68,-2.72,-2,-0.76,-3.64,-1.67,-1.55
003,2008,21.11,10.35,44.2,53.7,59.8,45.5,88.7,86.2,87.5,3.31,3.41,-0.2,2.17,1.32,-0.61,-0.09,4.06
003,2009,7.97,6.92,46.1,56.9,61.3,45.7,84.6,85.7,86.1,0.39,0.78,1.07,0.75,1.28,1.12,0.73,0.52
003,2010,9.88,6.88,50,59,58.8,44.4,91.3,93.2,91.83,-1.2,-1.49,-2.17,-1.62,-1.23,-2.49,-1.92,-0.58
003,2011,12.64,6.75,49.4,56.4,55.5,44.9,92.8,89.4,90.33,4.02,3.3,2.41,3.24,-0.93,-1.65,-0.52,4.1
003,2012,9.63,16.27,48.4,59.4,57.5,45.3,96,90.7,92.07,-3.78,-4.42,-5.11,-4.44,-3.09,-3.44,-3.15,-3.13
003,2013,10.84,4.07,43.9,55.4,60.8,48.9,85.2,85.4,85.5,0.75,0.71,0.73,0.73,0.13,0.27,0.88,-2.56
003,2014,5.41,8.76,46.9,57.9,56.6,48.3,84.9,88.2,86.07,0.91,0.91,0.85,0.89,0.28,0.09,0.6,0.49
003,2015,13.85,5.08,48.3,57.7,59.7,46.5,88.3,86.1,86.77,0.57,2.33,2.23,1.71,5.46,0.43,1.86,0.74
003,2016,11.73,14.18,46.7,54.1,61,51.4,89.2,87.5,88.6,0.65,1.66,2.53,1.61,3.24,3.12,1.32,1.61
003,2017,7.21,7.62,51,56,58.9,48.8,89.6,84.8,86.8,-0.08,-0.4,-0.72,-0.4,-0.99,-1.08,-0.77,1.15
003,2018,15.92,6.22,39.5,63,64.4,49.4,89.8,86.8,88.77,1.78,1.15,1.01,1.31,-1.34,-0.07,0.2,1.23
003,2019,17.66,10.25,46.7,59,64.3,46.6,88.6,88.4,87.13,3.47,4.71,4.36,4.18,4.78,0.42,2.36,3.17
003,2020,17.59,6.91,44,55.1,59.5,45.6,91,85,87.57,2.9,2.81,3.12,2.94,0.63,1.8,0.72,3.32
003,2021,12.32,5.1,45.5,54.7,60.5,53.7,87.9,88,87.6,-0.66,0.91,-0.07,0.06,2.74,-0.21,0.54,-0.4
003,2022,15.88,6.95,45.7,59.1,58.1,43.4,91.5,88,89.53,-0.79,-1.07,-0.99,-0.95,-1.08,-0.1,-0.83,-0.39
003,2023,16.03,6.59,45.9,57,59.9,49.2,88.7,86.2,87.5,-2.42,1.58,3.16,0.77,4.73,5.25,2.49,-1.76
003,2024,9.76,2.05,50.2,61.6,61.7,47.5,87,89.1,87.8,1.25,1.52,0.99,1.25,1.2,-1.11,0.41,0.97
003,2025,10.7,9.87,49.7,57.5,60.1,51,89.4,87.2,87.5,2.19,2.6,-0.43,1.45,1.91,-1.29,1.16,1.38
005,1980,6.22,5.11,42.2,54.1,57.4,40.8,92.5,91.5,89.7,-2.18,-2.33,-2.03,-2.18,-1.11,0.16,-0.67,-2.04
005,1981,4.24,1.82,49.4,49.2,53.7,43.5,86.6,83.9,84.97,0.53,1.64,1.91,1.36,3.51,1.32,1.55,0.66
005,1982,10.18,4.05,39.7,58.5,55.3,44.6,86.5,83,82.67,1.7,2.31,2.44,2.15,2.36,1.1,1.74,1.24
005,1983,5.37,11.83,40.2,50.7,55.2,46.6,92,93.3,89.7,3.81,-0.8,-1.78,0.41,-2.4,-3.19,-1.29,3.61
005,1984,8.23,11.79,43.7,50.8,54.6,51.1,87.1,88.2,87.53,-0.89,-1.72,-1.91,-1.51,-2.75,-1.12,-2.18,0.05
005,1985,11.13,9.28,47.5,54.6,56.2,47.5,87.2,82.1,83.3,2.67,2.22,2.45,2.45,-0.52,1.38,1.12,2.06
005,1986,5.54,13.08,45.5,55.4,60.6,47.8,89.6,83.2,86.47,-2.09,0.9,0.6,-0.2,2.7,-0.61,0.18,-1.76
005,1987,4.55,3.33,42,58.6,56.1,38.7,88.1,87.3,87.77,-2.44,-1.96,-1.9,-2.1,0.7,-0.42,-0.41,-2.17
005,1988,10.41,11.43,41,52.1,57.1,39.2,90.1,91.3,90.03,-2.55,-2.58,-3.21,-2.78,-0.88,-2.69,-2.21,-1.71
005,1989,8.25,9.09,43.1,49.8,54.6,45.9,86.5,85.6,84.87,-1.09,-1.17,-1.15,-1.14,-0.55,-0.32,-0.67,-0.8
005,1990,8.6,2.06,40.8,51.9,58,42.3,86.6,84.3,84.9,2.12,1.93,1.66,1.9,0.08,-0.22,0.21,2.08
005,1991,6.33,11.02,48.4,61.2,56.5,46.6,87.7,88.6,87.8,-1.62,-1.83,-2.4,-1.95,-1.12,-2.28,-1.78,-1.09
005,1992,5.84,4.22,42.7,51.6,54.6,43.2,86.2,82.2,83.5,-2.82,0.44,0.39,-0.66,1.32,-0.01,-0.12,-2.52
005,1993,9.67,10.43,42.3,54,54.4,41.9,88.5,87.1,86.33,1.69,2.4,2.99,2.36,2.65,2.51,1.69,1.91
005,1994,4.29,7.07,42.9,49.1,53.6,46.4,85.4,84.7,85.67,-0.58,-1.01,-1.42,-1,-1.48,-1.53,-1.08,-0.56
005,1995,9.14,7.66,40.8,52.8,52.2,44.2,87.7,90.8,87.23,2.26,-0.1,-0.3,0.62,-0.3,-0.65,-0.22,2.41
005,1996,6.59,3.39,38.9,55.4,54,44.3,85.5,87.1,85.3,1.5,1.8,1.23,1.51,1.36,-1.15,-0.22,2
005,1997,11,6.01,38.6,48.8,56.2,45.3,88.2,83.2,84,-0.68,-0.85,-0.42,-0.65,-0.72,1.03,-0.16,-0.46
005,1998,11.42,5.24,44.1,59,61.1,47.5,86.4,85.9,85.4,2.12,2.5,2.83,2.48,1.81,1.77,2.31,1.11
005,1999,11.3,4.02,47.1,53.7,52.7,43.6,90.3,85.2,86.27,0.3,0.54,-0.15,0.23,0.83,-0.45,0.41,0.01
005,2000,6.55,3.6,41.4,56.5,55,48.2,83.8,85.8,83.9,1.18,2.19,3.48,2.28,3.38,4.56,3.56,0.3
005,2001,4.95,5.4,48.5,55.4,54.3,44.7,87.2,87.7,85.63,-1.49,-1.46,-1.35,-1.43,-0.36,-0.13,-0.45,-1.35
005,2002,9.19,6.44,45.7,51,58.9,44.3,90.1,87.1,87.9,-0.46,-0.74,-0.82,-0.67,-0.98,-0.48,-0.95,2.98
005,2003,5.01,3.16,44.9,52.7,53.2,44.6,87.4,87.5,84.53,0.48,0.56,0.6,0.55,0.37,0.29,0.53,0.2
005,2004,9.04,8.43,45.1,58.7,55.9,47.9,84.1,81,82.3,0.89,1.49,1.97,1.45,2.08,1.88,0.75,1.63
005,2005,11.8,7.57,46.3,51,59.9,45.8,87.9,88.1,87.63,-2.38,-2.46,-2.4,-2.41,-0.98,-0.57,-1.35,-1.73
005,2006,7.32,5.6,46.9,53.9,54.2,41.7,88.9,87.2,86.83,-2.3,-2.57,-2.79,-2.55,-1.52,-1.45,-1.3,-2.21
005,2007,8.55,6.46,40.8,58.2,58.5,49.7,85.4,93.9,88.07,-1.82,-2.17,-3.03,-2.34,-1.61,-3.25,-1.86,-1.76
005,2008,14.27,4.22,42,50.5,57.7,45.2,86.2,83.3,85,2.54,3.22,2.8,2.85,2.82,-0.27,0.86,2.82
005,2009,6.53,6.21,43.5,54.5,57.1,42.8,81.6,83,83.07,2.84,2.92,2.73,2.83,1.12,0.32,0.46,3.19
005,2010,5.12,7.27,48.5,56.1,57.4,44.4,88.7,89.5,88.47,2.88,3.81,3.77,3.49,3.7,1.06,2.56,2.12
005,2011,7.76,7.17,45.7,53.4,53.9,44.3,91.8,88,88.47,4.29,-0.13,-0.76,1.13,-0.38,-1.95,0.66,3.18
005,2012,8.11,8.36,44.6,58.3,55.3,44.1,97.1,89,91.13,-2.03,-3.28,-3,-2.77,-4.38,-0.18,-2.39,-1.29
005,2013,10.18,4.23,42.4,54.9,58,45.9,84.2,84.7,84.1,4.51,4.9,4,4.47,2.56,-1.19,1.43,3.94
005,2014,5.35,4.8,44,55.3,54.8,46.5,83,85.3,84.23,1.5,1.09,1.77,1.45,-0.77,2.38,0.76,1.42
005,2015,5.67,5.61,46,56.8,60,44.9,85.9,84.1,84.43,3.16,3.07,4.08,3.44,0.72,3.96,2.84,2.09
005,2016,4.34,16.16,44.6,52.8,60.7,51.2,86.5,85.8,87,1.76,2.53,3.56,2.62,2.85,3.86,1.52,2.76
005,2017,5.35,4.38,47.2,53.4,56.9,48.9,90,83.5,86.5,1.79,2.25,0.02,1.35,1.93,0.05,0.33,2.36
005,2018,13.96,2.85,35.6,61.4,61.2,46.3,87.2,85.7,87,1.41,1.47,1.81,1.56,0.63,1.48,0.99,1.25
005,2019,12.2,6.8,44.3,55.5,62.7,45.4,87.8,83.9,84.67,3.06,2.87,4.15,3.36,0.39,4.71,2.01,3.07
005,2020,13.24,4.74,40,51.8,55.8,41.7,88.6,84.8,86.83,2.69,3.31,3.04,3.01,2.71,0.21,0.28,3.77
005,2021,9.38,5.98,43.2,52.2,58.3,52.3,85.8,86.3,86.13,0.93,2.25,2.55,1.91,4.27,1.58,1.84,1.15
005,2022,10.84,3.62,41.7,56.3,57,41.3,87.9,86,87.07,1.13,2.21,2.22,1.85,3.58,0.71,0.94,1.81
005,2023,11.34,3.79,43.5,54.9,57.2,46.9,88.3,86.6,87.1,-1.26,-1.06,-0.68,-1,0.21,0.82,-0.23,-0.76
005,2024,8.02,3.74,46.4,58.6,58.4,45.9,85.7,85.9,86.3,0.47,1.98,1.49,1.31,4.67,-0.85,0.68,1.18
005,2025,6.07,9.75,44.6,52.9,58.1,50,89.7,85.8,86.87,0.99,1.7,-0.93,0.59,2.46,-2.8,-0.49,1.52
007,1980,2.42,4.77,36.2,47.8,52.4,36,85.1,81.1,81.3,0.66,0.68,1.34,0.89,0.26,2.17,1.47,-1.21
007,1981,3.11,3.82,39.7,43.7,50.2,37.6,81.1,79.5,80.13,-0.06,-0.81,1.08,0.07,-2.28,3.25,0.87,-0.67
007,1982,4.99,2.41,32.4,53.8,50.8,40.7,82.9,77.9,78.6,0.68,2,1.81,1.5,4.15,0.04,1.29,0.88
007,1983,4.41,8.91,34.7,43.9,50.9,41.7,87.5,86.7,84.97,-0.73,-0.74,-1.19,-0.89,-0.27,-1.57,-1.34,3.14
007,1984,4.01,7.03,37.3,44,49.6,43.4,82.1,84.8,82.77,-0.23,-0.33,-1,-0.52,-0.37,-2.12,-1.06,1.18
007,1985,6.42,6.5,42.4,49.1,53.6,41.5,83.7,78,79.77,-1.4,-1.44,-1.27,-1.37,-0.54,0.07,-0.62,-1.04
007,1986,4.51,8.6,39.4,49.6,54,41.6,84.1,77.4,80.3,1.18,1.29,0.92,1.13,0.69,-0.71,-0.11,1.43
007,1987,3.36,1.8,38.4,50.4,51.2,34.3,85.8,79.6,83.43,-1.54,0.25,2.4,0.37,0.75,6.54,1.65,-0.85
007,1988,5.07,6.56,35.7,47,52,34.3,89.2,87.2,87.77,-2.55,-3.51,-3.99,-3.35,-3.66,-2.52,-3.42,-1.33
007,1989,3.07,5.93,34.8,46.2,48.6,39.5,84.5,79.8,81.07,-3.94,0.8,1.02,-0.71,2.39,0.91,0.63,-3.87
007,1990,6.67,1.59,37.5,44.8,53.4,37.3,81.2,80,80.17,2.36,2.36,2.72,2.48,0.72,1.8,1.96,1.38
007,1991,5.91,6.08,39.8,54.3,50,40.4,85.5,84.2,84.57,-0.84,-1.72,-2.35,-1.64,-2.88,-2.43,-2.55,-0.07
007,1992,4.84,5.81,35.4,45,50,37.8,77,75.8,77.2,-1.83,1.09,1.02,0.09,3.27,0.14,0.18,-0.97
007,1993,5.98,7.95,34.6,48.6,48.4,36.8,81.7,81.8,80.07,5.66,5.3,4.52,5.16,0.68,-0.71,2.74,3.24
007,1994,4.7,2.83,37.7,45,53.9,42.3,81.1,77.4,80.63,0.27,0.03,0.89,0.4,-0.64,2.6,0.92,-1.8
007,1995,3.76,5.96,33.6,46.2,48,40.3,85.6,86.2,85.03,-0.98,-1.47,-1.62,-1.36,-1.75,-0.91,-1.87,1.4
007,1996,2.81,3.99,32.2,45.2,51.3,38.9,80,81.5,79.83,2.64,2.94,2.51,2.7,1.72,-0.38,1,2.32
007,1997,5.57,2.82,33.2,41.9,51.4,40.8,83.3,77.8,80.37,1.03,-0.74,-0.6,-0.1,-2.23,0.2,-0.43,0.87
007,1998,6.38,2.45,38.6,52.4,54.2,42.7,82.8,81.9,80.97,1.94,1.31,1.52,1.59,-1.28,1.04,0.68,1.31
007,1999,4.59,2.97,39.5,49.7,47.8,37.8,86.8,78.8,81.93,2.75,-0.22,-0.23,0.77,-0.65,-0.1,0.77,1.93
007,2000,4.04,2.55,35.7,50.1,51.8,43.2,80.5,80.9,79.43,2.71,2.65,2.42,2.59,0.67,0.13,1.75,1.36
007,2001,5.57,4.41,40.5,49.9,50,40.6,85.8,82.8,82.1,1.41,0.69,0.67,0.92,-1.72,0.13,-0.58,1.64
007,2002,4.05,2.9,38.3,43.4,53.2,39.8,87.4,83.2,83.8,0.58,-1.13,0.81,0.09,-3.38,2.44,-0.04,0.33
007,2003,1.85,1.38,34.7,45.9,50.4,37.7,82.2,84.8,81.43,-1.4,-0.72,-1.48,-1.2,1.63,-2.5,-0.88,-0.9
007,2004,5.98,7.28,36.8,48.3,52.6,41.7,79.9,75.8,77.57,2.11,-0.29,-0.08,0.58,-0.86,0.52,0.22,1.98
007,2005,6.04,3.78,39.1,45,56.1,42.3,84.8,83.2,84.47,-2.58,-3.29,-3.27,-3.05,-2.92,-0.96,-2.48,-1.55
007,2006,7.12,4.28,40.4,48.7,50.6,37.1,84.5,81.4,81.3,0.83,0.75,1.05,0.88,0.01,1.13,0.43,0.87
007,2007,5.5,5.32,35.7,50.5,52.9,46.7,82.2,82,81.63,0.79,0.71,3.55,1.68,0.01,8.72,2.92,0.87
007,2008,7.8,3.73,38.8,42.9,54.2,39.6,82.4,80.7,80.97,3.48,4.3,3.48,3.75,3.53,-1.12,1.62,2.97
007,2009,8.15,6.08,35.7,47.6,52,38.9,76.1,77.1,77.07,5.01,4.38,4.68,4.69,-0.35,2.27,1.45,4.68
007,2010,3.22,5.42,41.4,50.4,52.2,39.3,85,83.7,82.8,3.09,4.25,3.55,3.63,4.44,-0.78,2.13,2.44
007,2011,6.48,2.65,37,47.5,50.5,40.6,87.6,82,82.97,1.65,2.01,1.98,1.88,1.6,0.52,0.3,2.29
007,2012,4.96,6.11,37.4,51,48.5,38,91.2,82.6,85.63,-2.12,-2.82,-3.39,-2.78,-2.76,-2.58,-3,-1.01
007,2013,8.15,3.26,35,48.9,52.2,39.5,81.5,81.1,80.07,4.23,-0.56,-0.99,0.89,-1.69,-1.45,0.71,2.76
007,2014,4.23,4.06,34.4,47.5,49.5,39.8,78.1,80.6,79.27,1.68,1.46,1.88,1.67,-0.15,1.71,1.81,0.44
007,2015,2.73,2.45,37,49.3,57.2,42,80.8,79.4,79.17,1.54,1.57,1.48,1.53,0.54,0.22,1.26,0.6
007,2016,4.62,10.58,36.4,46.9,57.8,45.1,83.4,82.2,82.33,0.94,1.62,1.7,1.42,2.33,0.74,0.6,1.52
007,2017,7.2,4.57,40.9,45.5,53.1,45.1,82.2,79,80.93,3.74,5.24,4.28,4.42,5.65,-1.28,2.46,3.06
007,2018,5.98,1.86,27.5,52.4,55,39.7,82.5,82,81,3.25,2.56,2.66,2.82,-1.06,1.09,1.53,1.92
007,2019,7.98,3.97,36.9,46.4,58.1,40,86.5,80.5,81.47,4.53,3.67,3.36,3.85,-1.18,0.19,-0.54,5.29
007,2020,7.06,3.62,35.3,47.1,51.3,36.6,85.8,83.4,84.13,0,-0.27,-0.86,-0.38,-0.81,-1.85,-0.88,4.17
007,2021,4.13,3.78,39.2,47.9,54.4,48.5,82.8,85.2,84.17,-2.51,-2.87,-2.56,-2.65,-1.87,0.06,-1.44,-1.86
007,2022,3.84,2.64,35.2,51.6,54,38.3,83.2,81,82.2,-0.68,0.9,1.67,0.63,2.7,2.57,1.08,0.69
007,2023,8.24,3.9,36.2,46.7,56.1,43.3,83.5,81.1,82.07,-1.14,-0.62,-1.09,-0.95,1.21,-1.61,-0.88,-0.44
007,2024,7.1,3.73,39.4,50.8,53.5,42.4,82.2,82.4,82.5,1.87,3.23,-0.23,1.62,4.65,-0.68,1.92,1.41
007,2025,4.52,3.67,37.6,45.8,53.8,45.1,85,80.3,82.9,0.05,1.43,1.71,1.06,4.15,1.28,1.86,-2.48
009,1980,5.67,4.47,39.7,52.3,56.1,39.3,92.5,89.2,88.33,-3.05,-2.92,0.73,-1.75,-0.55,2.19,0.31,-3.14
009,1981,3.25,3.41,47.1,48.2,53.7,42.1,84.8,82.5,83.4,1.87,4.25,3.88,3.33,7.73,0.2,3.52,1.11
009,1982,8.81,4.13,37,56.6,54.2,43.1,86,81.8,81.6,2.94,3.61,3.82,3.46,2.91,1.74,2.2,2.55
009,1983,4.08,10.24,37.9,48.3,54.2,45,93,93.6,90.2,-0.67,-1.68,-2.73,-1.69,-3.24,-3.68,-2.98,4.43
009,1984,7.16,8.44,42.1,49.4,53,47.1,86,88.1,86.57,1.46,1.69,0.89,1.35,1.14,-1.88,-0.78,2.22
009,1985,9.68,7.68,46.1,54.2,56,45.4,86.8,80.2,82.23,1.22,1.4,2.18,1.6,0.91,2.78,0.94,1.68
009,1986,2.86,13.37,43.5,54,58.9,45.5,88.1,81.2,84.8,1.14,2.2,1.77,1.7,3.53,-0.6,1.12,1.11
009,1987,5.15,3.45,41.1,55.7,54,36.1,89.6,86.8,87.6,-1.91,-2.43,-1.84,-2.06,-2.16,1.04,-0.78,-1.68
009,1988,6.68,7.41,39.5,51.6,55.4,37.8,90.6,91.3,89.7,-2.79,-3.64,-4.02,-3.48,-3.4,-2.25,-2.65,-2.26
009,1989,3.36,6.94,40.7,48.7,52.1,44.6,87.9,84.9,84.83,-3.41,-3.31,-2.86,-3.19,-0.76,0.32,-0.75,-3.12
009,1990,8.89,1.05,39.4,49.2,57.8,40.3,85.5,84.4,84.23,2.25,2.05,2.13,2.14,0.08,0.88,1.55,1.14
009,1991,4.9,7.38,45.8,58.5,55.3,43.5,87,85.7,86.4,-1.06,-1.22,-1.63,-1.3,-0.83,-1.59,-1.87,2.75
009,1992,4.08,4.71,39.8,49.8,52.8,41.6,83.5,80,81.73,-2.22,1.24,0.59,-0.13,3.71,-1.55,-0.16,-1.49
009,1993,7.9,11.29,39.8,53.3,51.4,40,85,85.8,84.1,3.06,4.11,4.57,3.91,4.11,2.66,3.2,2.36
009,1994,3.13,3.83,41.6,49.7,54.2,46.2,84.6,83.3,84.3,-0.15,-0.6,-0.46,-0.4,-1.38,0.22,-0.33,-0.23
009,1995,5.5,6.5,38.4,50.1,51.1,42.8,86.9,89,85.87,1.97,1.39,2.01,1.79,-1.13,2.29,0.22,2.38
009,1996,4.63,2.24,36,52.8,51.9,43.3,84.1,84.5,83.37,-0.12,-0.47,-0.59,-0.39,-1.08,-0.52,-0.66,1.65
009,1997,8.76,3,36.8,46.5,55.4,43.2,86.9,82.6,83.5,-1.26,-1.83,-1.58,-1.56,-2.09,0.19,-1.25,-0.72
009,1998,10.07,4.57,42.9,57.4,60.4,45.3,85.7,85.9,84.4,3.04,2.51,1.83,2.46,-0.65,-1.28,1.12,1.43
009,1999,6.55,5.37,45,53.3,50.7,41.5,89.9,84.3,85.5,-0.63,-1.09,-1.47,-1.06,-1.58,-1.47,-1.3,-0.38
009,2000,5.4,2.79,40.8,54.1,54.7,46.6,83.3,85.7,82.9,-3.85,-3.46,-3.1,-3.47,-0.03,0.01,0.65,-5.02
009,2001,8.77,3.24,45.6,54.2,53.4,43,87.2,86.6,84.63,0.95,0.31,1.09,0.78,-1.61,2.42,0.7,0.58
009,2002,5.28,3.48,42.3,48.4,55.5,41.3,88.8,84.8,86.07,1.8,-0.17,0.22,0.62,-0.5,0.67,0.15,1.91
009,2003,5.39,2.67,42.4,50.7,51.1,42.9,85.4,86.5,83.67,0.19,0.84,0.9,0.64,2.02,0.43,1.01,-0.23
009,2004,4.33,5.65,42.8,55.3,53.6,44.8,82.6,79.6,80.6,-0.2,-0.23,1.45,0.34,-0.16,4.36,1.2,0.18
009,2005,7.92,5.89,44.2,49.7,58.5,44.5,88.9,87.4,87.8,-2.28,-2.77,-2.71,-2.59,-2.19,-0.66,-1.8,-1.59
009,2006,6.65,3.25,44.4,52.2,52.8,40.6,89.6,85.9,86.27,-4.56,-4.46,-4.07,-4.36,-1.13,-0.19,-0.87,-4.6
009,2007,7.25,5.4,38.8,56.8,55.3,47.6,85.3,91.9,86.93,-2.4,-2.97,-3.75,-3.04,-2.45,-3.25,-2.18,-2.36
009,2008,9,5.92,40,47.9,55.4,42.7,84.9,82.5,83.6,2.38,2.83,2.88,2.7,2.11,1.01,2.23,1.32
009,2009,7.4,3.78,40.7,51.6,54.4,41.4,80.9,80.7,81.9,3.83,3.21,4.03,3.69,-0.69,3.45,1.31,3.84
009,2010,5.69,7.38,46.3,53,56.4,43,87.9,87.2,86.97,5.24,6.11,5.97,5.77,4.22,1.48,3.62,3.93
009,2011,6,2.95,42.2,50.9,51.8,42.3,90.5,87.4,86.63,4.68,-0.64,-1.74,0.77,-1.93,-3.5,0.13,3.06
009,2012,3.69,7.92,42.6,55.4,52.5,42.7,95.4,88,89.47,-3.75,-4.6,-5.06,-4.47,-3.71,-2.82,-2.98,-3.28
009,2013,8.85,2.61,39.4,52.8,56.1,42.5,84.1,83.8,83.17,-0.09,-0.18,-1.19,-0.49,-0.29,-3.11,-1.22,3.85
009,2014,4.84,3.45,40.9,53.9,53.6,44.7,80.9,83.2,82.27,1.06,0.94,2.05,1.35,-0.03,3.61,2.25,-2.06
009,2015,3.83,2.46,43.8,55.3,59.6,44.9,83.2,82,81.97,2.81,3.81,3.65,3.42,3.86,0.7,3.53,0.89
009,2016,2.55,12.06,42.8,52.3,60.2,49.5,84.6,84,85.4,-2.28,-1.5,-0.82,-1.53,1.65,1.57,0.11,-1.46
009,2017,5.89,2.57,46.9,52.4,55.7,48.2,88.4,81.3,84.7,-0.16,-0.5,-0.11,-0.26,-1.07,1.01,-0.18,1.7
009,2018,9.21,2.58,33.7,61.2,60,43.8,87,86.1,87,-1.65,-1.58,0.93,-0.77,-0.3,2.79,0.16,-1.09
009,2019,8.84,4.96,42.1,53.2,62.3,42.3,88.2,82.9,84.13,3.84,2.94,3.33,3.37,-1.52,2.08,0.58,3.84
009,2020,8.28,2.97,38.4,51.1,54.5,41.2,85.6,83.3,84.53,2.8,2.97,-0.56,1.74,1.36,-1.67,0.29,2.69
009,2021,7.68,3.54,42,51.4,57.7,51.2,83.1,84.6,83.87,1.27,2.14,1.96,1.79,3.02,0.12,1.69,0.7
009,2022,7.23,1.93,39,54.8,54.8,39.9,84.6,84,84.1,1.75,1.89,-0.6,1.01,0.95,-1.8,0.09,1.53
009,2023,6.42,3.18,39.8,52,56.3,45.7,87.1,83.9,85.37,-1.94,-2.29,-2,-2.08,-1.65,0.16,-1.28,-1.29
009,2024,6.9,3.78,43.6,56.2,55.7,44.8,84,84.3,84.97,-2.35,-1.4,-1.15,-1.63,2.13,0.32,0.16,-1.89
009,2025,3.07,6.36,43,51.3,55.9,49.2,86.9,83.4,84.57,0.35,1.28,-0.65,0.33,2.89,-1.96,0.66,-0.04
011,1980,4.04,5.63,38,49.1,54.2,36.6,87.5,85.5,84.37,-0.64,-0.67,1.24,-0.02,-0.3,3.73,1.18,-0.75
011,1981,2.96,3.27,43.2,45.8,51.7,38.1,82.6,80.4,81.37,1.07,1.08,2.85,1.67,0.34,5.66,2.6,0.53
011,1982,6.23,2.54,33.2,55.2,51.6,40.8,84.5,81.2,81.2,1.45,2.99,2.61,2.35,5.05,-0.21,1.41,1.84
011,1983,5.52,9.85,35.6,46.4,52,42.9,90.4,89.6,87.73,-0.47,-1.05,-1.4,-0.97,-1.88,-1.39,-1.53,-0.03
011,1984,4.7,6.79,39.2,46.4,50.4,44.4,83.1,86.3,84.2,-0.23,-0.09,-0.94,-0.42,0.36,-2.58,-0.97,1.18
011,1985,10.08,5.67,43.6,50.1,53.9,41.7,83.7,79.7,81.03,-1.54,-1.43,-1.45,-1.47,-0.14,-0.51,-0.3,-1.62
011,1986,3.06,9.95,39.4,50.4,57.2,42.8,85.6,79.2,82.17,0.57,1.33,0.94,0.95,2.44,-0.75,0.71,0.47
011,1987,3.35,2.43,39.7,53.2,52.4,34.3,88.8,82.4,85.4,-2,-2.67,1.8,-0.96,-2.65,5.41,0.21,-1.43
011,1988,4.97,6.28,37.2,49,52.5,35.4,90.5,89.2,88.7,-2.51,-3.78,-4.02,-3.44,-4.6,-1.88,-3.41,-1.4
011,1989,3.38,5.66,37.1,46.4,49.6,40.3,85,81.9,82.43,-3.62,-3.66,0.37,-2.3,-1.26,1.12,-0.4,-3.64
011,1990,8.58,1.85,38.6,47.1,55,38.4,81.6,81.2,81.23,4.13,4.76,5.27,4.72,3.15,3,4.24,2.16
011,1991,6.38,7,42.4,56.4,51.8,41.6,86.2,83.8,84.93,-0.61,-1.82,-2.27,-1.57,-3.82,-1.89,-2.52,3.2
011,1992,3.87,5.64,36.6,46.6,50.6,39.2,77.8,76.8,78.07,-2.5,2.52,2.19,0.74,7.55,-0.19,1.74,-1.99
011,1993,7.37,8.71,36.4,50.8,50,38.2,82.1,82,80.97,4.52,4.55,5.02,4.7,1.48,2.81,2.95,3.35
011,1994,4.14,3.72,38.6,47.4,54,44.2,82,78.6,81.6,1.93,1.41,1.55,1.63,-0.96,0.86,1.19,0.78
011,1995,4.37,7.35,35.1,47.9,49.4,41,85.7,87.5,85.4,-0.62,-0.61,-0.78,-0.67,-0.16,-0.7,-0.9,3.17
011,1996,3.04,4.04,34.1,47.6,51.4,40.8,81.6,82.4,81.23,1.64,2.21,1.83,1.89,2.2,-0.43,0.91,1.47
011,1997,7.68,2.41,34.4,43.4,53.4,41.7,84.8,79.8,82.1,-1.39,-1.82,0.72,-0.83,-1.73,2.17,-0.36,-0.99
011,1998,9.6,3.65,40.6,55.1,56.8,43.8,84.2,83.6,82.27,2.64,2.21,1.87,2.24,-0.48,-0.33,1.18,1.34
011,1999,5.8,3.73,41.4,51.9,49.1,39.5,88.4,80.6,83.57,2.4,-0.62,-0.66,0.37,-1.87,-0.31,-0.4,2.32
011,2000,4.41,3.05,37.6,52.6,52.8,44.4,81.5,83.3,81.2,1.13,1.23,-0.19,0.72,0.63,-0.56,0.92,0.26
011,2001,6.76,4.32,42.2,52.5,50.6,41.9,85.2,83.2,82.57,0.26,0.64,0.56,0.49,1.24,-0.05,0.35,0.34
011,2002,4.58,3.04,40.1,45.8,54.2,39.1,87.6,83.4,84.6,1.87,1.3,1.66,1.61,-1.14,1.49,0.61,1.54
011,2003,2.28,1.69,38.2,47.3,50.8,39.9,83.9,85.6,82.7,0.66,1.14,-0.59,0.4,1.64,-1.78,-0.23,0.93
011,2004,5.37,7.37,39.9,51.3,53,42.5,81.7,77,79.27,-0.35,-0.49,0.57,-0.09,-0.52,1.7,0.04,1.13
011,2005,6.22,4.81,41.2,45.9,56.5,42.2,87.1,84.6,86.27,-3,-3.52,-3.97,-3.5,-2.51,-2.44,-2.82,-2.03
011,2006,7.24,3.48,41.4,50.2,51.2,38.4,87,82.3,83.37,-4.18,-4.11,0.52,-2.59,-1.07,1.56,-0.28,-4.17
011,2007,8.25,6.1,36.7,53.8,53.7,46.7,83.5,84.5,83.43,0.55,1.16,2.48,1.4,1.99,4.33,2.06,0.67
011,2008,6.75,3.99,39,45.4,54.2,40.6,84,81.6,82.73,1.45,2.1,1.6,1.72,2.38,-0.84,0.76,1.35
011,2009,9.62,5.87,37.2,49.9,52.7,39.5,77.9,78.6,79.13,5.09,5.64,6.14,5.62,3.23,3.22,2.83,4.91
011,2010,5.27,5.5,44.2,51.6,53.4,40.9,86.7,85.8,85.13,5.18,4.76,4.33,4.76,0.33,0.18,2.01,3.73
011,2011,5.1,4.4,38.6,49.1,50.2,40.9,89.1,84.7,84.93,3.2,-0.54,-0.6,0.69,-1.63,-0.33,-0.19,3.05
011,2012,4.04,7.18,39.5,53.4,49.8,39.2,92,84.6,86.93,-2.19,-3.06,-2.99,-2.75,-3.28,-0.76,-2,-1.71
011,2013,8.04,2.58,36.2,51.6,52.5,40.9,82.3,82.7,81.73,0.05,-0.67,-1.38,-0.67,-2.02,-2.32,-1.4,3.03
011,2014,5.63,3.59,35.9,49.1,50.4,39.8,78.5,81.4,80.27,1.37,1.43,1.51,1.44,0.6,0.68,1.79,-0.77
011,2015,3.43,2.22,37.9,51.2,57.4,42.7,80.4,80.1,79.7,1.89,1.94,1.49,1.77,0.73,-0.73,1.56,0.36
011,2016,5.04,11.04,37.9,49.5,58.1,46.7,82.5,82.8,83.03,1.98,2.52,3.85,2.78,2.25,4.76,2.98,1.49
011,2017,7.97,3.33,41.7,47.3,52.8,46.3,83.6,78.6,81.73,2.62,3.48,2.98,3.03,3.4,-0.43,1,2.9
011,2018,7.25,2.28,29.1,55.6,56,40,83.2,83.6,83.07,2.29,2.31,2.51,2.37,0.77,1.32,1.3,1.88
011,2019,9.15,4.68,38.1,48.8,59.1,40.6,87.1,81.4,82.6,5.6,4.29,3.76,4.55,-2.2,-0.25,-0.52,5.91
011,2020,6.89,3.58,35.3,48.5,52.2,38.3,86.1,83.6,84.57,-0.3,-0.21,-1.13,-0.55,0.19,-2.83,-1.18,4.33
011,2021,5.35,4.34,39.2,49.3,55.9,49.3,82.6,85.4,84.2,0.72,1.01,-0.31,0.47,1.12,-0.93,0.32,0.51
011,2022,6.08,1.8,35.5,53.2,54.3,38.3,83.1,81.8,82.77,0.29,0.72,0.99,0.67,1.38,1.03,0.76,0.37
011,2023,7.15,3.67,37.3,49,56.3,44.4,84.2,82.7,83.5,-1.82,-1.16,-1.64,-1.54,1.42,-1.79,-0.98,-1.08
011,2024,7.1,3.97,41.1,53.2,54.8,42.6,82.1,82.3,82.87,-0.68,0.91,-0.08,0.05,2.72,-0.23,0.58,-0.48
011,2025,4.7,4.54,39.9,48.3,54.2,47,85.5,81.8,83.7,-2.12,1.53,-0.26,-0.28,4.6,-0.78,1.1,-2.17
013,1980,5.73,4.03,41.1,52.1,56.5,40,94.1,92.3,90.67,-2.97,-2.89,-2.82,-2.89,-0.67,-0.68,-0.82,-2.89
013,1981,4.52,1.78,49.3,48.5,54.2,42.5,86.6,83.7,84.83,2.2,4.07,3.89,3.39,6.31,0.7,3.39,1.28
013,1982,7.99,4.86,37.6,56.7,55.2,42.2,87.3,83,83,2.42,2.65,3.08,2.72,1.42,2.1,1.76,2.05
013,1983,4.4,12.37,39.3,49.8,54.5,46.2,93.6,94.2,90.77,-0.32,-1.06,-1.78,-1.05,-2.34,-2.47,-1.92,4.51
013,1984,7.46,9.09,43.2,49.4,54,48.8,87,90.1,87.9,-0.62,-1.17,-2.21,-1.33,-1.84,-3.49,-2.39,2.76
013,1985,9.39,8.21,46.8,53.2,57.6,46.9,87.1,81.3,82.87,2.25,2.38,3.23,2.62,1.1,3.27,2.25,1.62
013,1986,3.96,12.94,45.6,54.6,60.3,46.8,90.2,83.8,86.93,-1.63,-1.03,-1.44,-1.37,1.3,-1.57,-0.3,-1.58
013,1987,5.04,3.37,41.4,56.8,54.8,38.2,89.5,88.5,88.67,-2.15,-1.78,-1.34,-1.76,0.43,0.77,-0.22,-1.7
013,1988,9.3,10.14,40.5,51.6,56,39.4,90,91.3,89.97,-1.96,-2.36,-2.45,-2.26,-1.81,-0.99,-1.45,-1.61
013,1989,6.28,8.44,42.8,48.6,53.1,46,87.7,84.9,85.07,-1.58,-1.64,-1.17,-1.46,-0.68,0.9,-0.54,-1.08
013,1990,8.8,1.34,40.8,51,58.8,41.3,87,84.4,85.1,1.42,1.31,1.06,1.26,0.12,-0.35,-0.1,1.61
013,1991,5.08,8.54,46.7,60.1,57.2,45.7,88.2,87.6,87.47,-0.98,-0.59,-1.26,-0.94,0.85,-2.18,-1.28,-0.16
013,1992,6.01,5.4,42.9,50.6,54.4,42.2,86.2,81.3,83.13,-1.56,-1.37,-1.66,-1.53,0.1,-1.31,-1.32,-0.73
013,1993,8.86,10.56,40.8,53.4,54,42.1,86.1,86.7,84.97,3.72,4.28,4.65,4.22,2.82,2.44,3.07,2.69
013,1994,4.19,5.59,43,49.4,55.2,47.2,86.5,85.1,85.9,3.61,2.64,2.32,2.86,-1.8,-0.14,-1.08,4.51
013,1995,8.45,7.71,41.1,51.6,53.4,44.6,88.2,90.6,87.2,-0.06,-0.1,0.12,-0.01,-0.13,0.36,0.01,3.04
013,1996,6.1,3.03,39,55.4,53.9,44.6,84.7,85.9,84.47,1.44,1.88,1.36,1.56,1.77,-0.99,0.21,1.66
013,1997,8.93,5.74,38,48,57.2,45.6,88.8,84.1,84.6,-0.47,-1.19,-0.87,-0.84,-2.29,0.58,-1.02,-0.03
013,1998,12.4,5.64,43.7,59.6,62.4,47.1,85.9,87,85.23,2.52,2.54,1.88,2.31,0.84,-1.2,1.05,1.51
013,1999,8.1,4.36,47.3,54.2,52.4,43.2,90.7,86.3,86.5,-0.32,-0.79,-1.45,-0.85,-1.53,-2.23,-1.29,-0.31
013,2000,5.56,3.58,41.3,56.2,55,48.3,84.6,87.8,84.5,1.62,1.97,2.32,1.97,1.57,1.64,2.69,-0.04
013,2001,6.51,3.71,47.7,55.5,54.5,43.8,88.2,87.6,85.83,1.21,1.52,2.34,1.69,1.29,2.95,1.78,0.94
013,2002,7.03,5.54,44.5,50.6,57.9,43.7,90.5,87.6,87.9,0.02,-0.65,-0.46,-0.36,-1.95,0.36,-0.51,4.08
013,2003,6.84,2.86,44.4,52,52.9,44.2,87.6,88,84.97,1.77,1.63,1.07,1.49,0.13,-1.2,0.62,0.88
013,2004,8.08,6.93,44.4,58,55.4,47.6,84.2,80.7,82.03,1.33,1.72,2.5,1.85,1.59,2.88,1.08,1.94
013,2005,10.29,7.2,45.4,50.1,60.3,45.5,89.4,87.7,88.17,-2.06,-2.58,-2.2,-2.28,-2.19,0.35,-1.16,-1.68
013,2006,6.4,5.09,46.6,53.6,54.3,41.9,90.4,87.9,87.57,-3.4,-3.2,-3.15,-3.25,-0.43,-0.85,-0.82,-3.35
013,2007,7.63,5.87,40,58.9,58.8,49.3,85.9,93.3,87.83,-1.74,-2.02,-2.85,-2.2,-1.38,-3.12,-1.68,-1.73
013,2008,11.35,4.93,42.4,50.5,58.4,44.9,86.1,84,84.77,2.47,4.06,3.65,3.39,5.54,0.03,2,2.6
013,2009,5.16,4.78,42.7,53.4,56.5,43,81.2,82.8,82.83,3.38,3.82,4.03,3.74,2.38,1.82,1.9,3.2
013,2010,6.46,7.91,48.2,54.9,57.8,44.1,88.2,89.3,88.17,4.17,4.96,4.83,4.65,3.67,1.13,2.04,4.16
013,2011,7.54,4.93,45,53.7,53.3,44.5,92.3,88.7,88.63,3.96,-0.51,-1.17,0.76,-1.52,-2.16,-0.24,3.31
013,2012,5.17,6.7,45.5,58.2,55,43.8,96.2,88.8,90.63,-3.01,-4.07,-4.29,-3.79,-4.1,-1.92,-2.84,-2.43
013,2013,8.84,3.29,41,54.1,58.6,44.5,85.1,85,84.57,2.91,-0.17,-0.73,0.67,-0.52,-1.73,-0.45,2.91
013,2014,4.43,3.52,43.2,54.7,54.9,45.6,83,84.9,83.97,1.36,1.14,2.44,1.65,-0.24,4.26,2.06,0.71
013,2015,4.66,3.82,45.2,56,60.3,45.9,85.3,83.7,83.67,4.24,5.18,5.09,4.84,4.13,1.33,3.84,2.48
013,2016,3.65,15.13,44.4,52.9,61.5,51.8,87.2,85.8,87.4,-2.15,-1.01,-0.29,-1.15,2.74,1.86,0.54,-1.29
013,2017,5.23,3.36,47.2,53.3,57,49,89.6,83,85.93,-0.1,-0.18,-0.41,-0.23,-0.27,-0.76,-0.44,2.19
013,2018,10.19,1.11,36.3,61.8,61.4,45.7,87.3,86.8,87.37,-2.24,-2.52,-1.98,-2.25,-1.53,0.84,-0.61,-2.07
013,2019,9.8,5.87,44.4,55.4,64,44.6,88.2,84.1,84.83,2.59,2.73,3.5,2.94,1.23,3.14,1.89,2.41
013,2020,10.77,3.23,40.5,52.6,56.6,43,87.8,84,85.83,2.94,3.78,3.61,3.44,3.44,0.63,1.15,3.51
013,2021,8.79,4.15,43.3,52.9,59.5,52.3,85.5,87.2,86.03,3.03,3.68,3.71,3.47,2.89,1.21,2.26,2.37
013,2022,8.01,3.08,41.8,56,57,41.1,88.6,86.2,87.2,2.08,3.02,-0.1,1.67,3.46,-0.29,0.68,2.74
013,2023,7.71,3.49,42,53.8,58,47.1,88.8,85,86.43,-1.23,-1.11,-0.61,-0.98,-0.04,1.16,-0.09,-0.85
013,2024,7.37,4.03,45.8,57.8,57.8,45.4,85,85.6,85.93,0.59,1.67,-0.27,0.66,3.41,-0.82,0.28,1.31
013,2025,4.89,9.03,44.7,53.1,58.4,51.4,89.3,85.6,86.4,0.55,1.28,-0.66,0.39,2.35,-1.98,0.37,0.34
015,1980,3.2,4.65,36.3,47.4,52.2,35.7,85.3,82.8,82.17,-0.68,-0.7,1.17,-0.07,-0.27,3.5,1.08,-0.77
015,1981,3.26,2.67,40.2,44.7,50.1,37.3,81.7,79.4,80.33,0.84,0.65,3.07,1.52,-0.3,7.44,3.19,0.04
015,1982,5.46,3.7,31.2,53.3,50,39.4,83.2,79.4,79.43,2.19,2.8,2.55,2.51,2.51,0.13,1,2.31
015,1983,4.52,8.31,34.2,45,50.2,41.9,87.7,87.8,85.63,3.28,2.85,1.92,2.68,-0.27,-1.91,-1.12,4.09
015,1984,3.72,6.99,37.9,43.9,49.6,42.8,82.5,85.1,83.07,0.02,-0.09,-0.81,-0.29,-0.27,-2.19,-0.8,1.99
015,1985,7.87,5.45,41.9,49.3,53,40.2,83.7,78.2,79.8,-1.63,-1.32,-1.2,-1.38,0.45,-0.06,-0.35,-1.29
015,1986,4.2,8.98,38.6,49.6,55.4,41,84.4,77.2,80.73,2.26,1.91,1.54,1.9,-0.34,-0.53,0.02,2.17
015,1987,3.87,2.06,38.9,51.2,50.8,33,86.9,80.4,83.7,-1.84,-2.16,2.13,-0.62,-1.54,6.4,0.84,-1.18
015,1988,3.97,6.66,35.4,47.7,50.7,34.4,88.8,88.1,87.73,-3.14,-4.39,-5.12,-4.22,-4.72,-3.53,-4.37,-1.69
015,1989,3.98,5.12,36,45.6,48,39.2,85.5,80.8,81.8,-4.54,-4.23,0.76,-2.67,-0.48,2.28,0.22,-4.64
015,1990,7.44,0.92,37,46.1,53.8,36.5,81.7,80.8,80.67,3.27,3.06,3.77,3.37,0.4,3.08,3.05,1.53
015,1991,6.79,5.53,40.3,54.5,50.4,39.2,85.5,83.4,84.4,-1.57,-2.89,-3.38,-2.61,-4.46,-2.37,-3.12,-0.81
015,1992,3.83,6.57,35.8,46.1,49.8,38.3,77.3,76.7,77.9,-2.41,1.67,1.13,0.13,5,-1.09,0.13,-1.38
015,1993,6.94,9.1,34.7,49.7,48.9,36.7,81.2,80.9,79.7,5.4,5.47,5.8,5.56,1.88,2.68,3.82,3.46
015,1994,4.84,3.03,36.9,45.6,53.6,43.3,81.1,78.2,80.9,1.68,1.63,2.32,1.88,0.38,2.57,1.68,1.09
015,1995,4.09,6.15,34.1,47.3,48.3,39.1,85,87.1,85,-0.92,-1.04,-1.35,-1.1,-0.63,-1.27,-1.55,3.27
015,1996,3.59,3.74,33.1,46.7,50.8,40,80.7,81.8,80.4,2.22,2.38,2.26,2.29,1.16,0.38,0.93,2.01
015,1997,6.36,2.69,34.4,43.2,53.3,40.9,83.3,78.6,81.1,-0.5,-0.86,-0.8,-0.72,-1.23,-0.08,-0.78,-0.17
015,1998,8.5,2.95,39.8,53.8,54.5,42.6,84.2,82.5,81.7,2.02,1.31,1.96,1.76,-1.51,2.35,1.26,1.16
015,1999,4.43,2.89,40.8,50.8,46.4,37.7,87.4,79.6,82.67,2.26,2.54,-0.26,1.51,1.53,-0.79,0.51,2.23
015,2000,4.75,2.39,36.7,51.7,52.4,43.4,81.4,82.3,80.43,2.28,2.48,1.93,2.23,1.32,-0.89,1.98,0.49
015,2001,6.8,3.51,41.6,52.1,50.5,41.1,85.5,83.1,82.33,1.3,0.95,0.63,0.96,-0.64,-0.69,-0.94,2
015,2002,4.16,3.23,39.2,45.5,53,39.6,86.8,83.1,84.03,2.02,1.72,1.82,1.85,-0.25,0.83,1.21,1.12
015,2003,2.28,1.18,37.7,46.8,50.1,38.7,83.3,85.6,82.43,-2.1,-1.53,-2.48,-2.04,1.06,-3.34,-1.39,-1.64
015,2004,6.71,6.74,38.5,50.1,51.9,41.6,81,76.9,78.7,-0.08,-0.32,-0.13,-0.18,-0.75,0.48,-0.17,0.96
015,2005,5.22,3.71,40.8,45,55.3,41.4,86.2,83.8,85.3,-2.81,-3.55,-3.51,-3.29,-3.1,-0.97,-2.53,-1.83
015,2006,7.07,4.25,40.9,49.1,50,37.7,85.7,82,82.57,0.45,0.88,0.41,0.58,1.44,-1.14,0.03,0.58
015,2007,5.61,4.88,36.2,52.2,52.7,47,83.2,83.2,82.6,-1.14,0.84,1.55,0.42,2.51,2.39,1.56,-1.19
015,2008,6.98,4.01,38.7,44.9,53.4,39.5,83.1,80.8,81.43,2.92,3.62,3.2,3.25,2.98,-0.12,1.48,2.67
015,2009,8.44,5.3,36.4,48.5,52,39.6,76.9,77.6,78.13,4.54,5.59,6.3,5.48,4.55,3.87,3.45,4.34
015,2010,3.76,4.91,43.1,50.4,52.3,39.4,85.2,84.4,83.77,3.95,6.12,5.94,5.34,7.74,1.34,4.23,3.06
015,2011,6.3,3.94,38.3,48.7,50.1,39.9,88.2,83,83.83,3.16,4.86,4.25,4.09,6.08,-0.33,1.66,3.81
015,2012,4.77,6.07,38.5,52,47.5,37.2,91.3,83.6,86.03,-2.04,-3.47,-3.73,-3.08,-4.92,-1.84,-3.15,-1.28
015,2013,7.01,3.39,35.1,50.2,53,40,82.4,82.6,81.4,2.52,-0.57,-1.56,0.13,-1.72,-3.15,-1.2,2.34
015,2014,3.66,3.05,35.3,48.5,49.3,39.4,79.4,81.7,80.7,1.3,1.5,1.2,1.33,1.01,-0.44,1.49,-0.22
015,2015,2.89,2.55,37,50.4,56.7,42.3,81.5,80.4,80.27,2.7,2.34,2.35,2.46,-0.25,0.77,2.01,0.96
015,2016,4.45,10.7,38.2,49.1,58,46.4,83.6,83.6,83.43,2.12,2.8,3.63,2.85,2.7,3.35,2.17,2.2
015,2017,6.47,3.69,41.8,47.9,52.9,45.5,83.8,78.5,81.77,2.35,4.5,3.68,3.51,7.18,-1.07,1.82,2.86
015,2018,6.32,1.76,28.8,54.4,55.9,40,84,82.7,82.97,2.13,1.96,2.86,2.32,0.17,3.3,2.54,0.83
015,2019,8.56,4.33,37.6,47.9,59.3,39.9,87,80.6,82.13,5.96,4.95,4.77,5.23,-1.2,0.99,0.33,6.19
015,2020,7.04,3.78,35.7,48.5,51.6,37.8,86.7,83.9,84.73,-0.4,-0.59,-1.67,-0.89,-0.71,-3.42,-1.78,4.58
015,2021,4.14,4.05,39.4,49.3,54.1,48.6,81.6,84.1,83,-0.81,-1.04,-1.76,-1.2,-0.95,-2.48,-1.53,-0.47
015,2022,4.72,2.38,35.5,52.8,54.3,37.5,82.7,80.2,81.57,0.36,0.92,1.97,1.08,1.77,3.46,1.48,0.7
015,2023,8.04,5.34,36.6,48.9,56.1,44,83.2,81.8,82.53,-1.71,-0.97,-1.83,-1.5,1.7,-2.9,-1.49,-0.69
015,2024,5.81,3.19,39.9,51.8,53.5,41.8,81.2,81.2,81.53,1.06,2.22,2.08,1.79,3.8,0.28,1.71,0.79
015,2025,3.74,3.96,38.6,48.1,53.7,46,84.3,80.4,82.5,-2.45,1.88,1.99,0.47,5.63,0.93,2.13,-2.66
017,1980,6.01,4.7,39.9,51.8,56.2,39.5,91.4,88.5,87.7,-0.03,-0.04,0.73,0.22,-0.06,2.19,0.68,-2.63
017,1981,3.94,3.03,46.9,48.3,54.1,42.4,85.1,82.7,83.7,1.82,3.75,3.91,3.16,6.35,1.63,3.49,1.1
017,1982,9.11,3.64,36.7,57.2,55.1,43.4,85.8,82.2,81.93,2.59,3.13,3.55,3.09,2.42,2.24,1.76,2.66
017,1983,4.45,11.16,38.7,48.4,54.6,45.3,92.7,93.3,90.13,-0.48,-1.37,-2.56,-1.47,-2.83,-3.98,-2.75,4.3
017,1984,6.77,8.5,41.8,48.5,53.6,48.6,85.6,87.7,86.4,1.54,1.42,0.57,1.18,0.12,-2.12,-1.24,2.36
017,1985,9.53,7.06,45.8,53.7,56.4,46.2,86.4,80.6,82.37,0.72,0.91,1.66,1.1,0.77,2.53,0.87,1.07
017,1986,3.07,13.49,43.8,53.9,59.1,45.7,88,82.2,85.07,0.35,1.62,1.22,1.06,3.93,-0.71,1.42,-1.96
017,1987,4.56,3.49,41.1,55.8,54,36.1,89.2,87.2,87.83,-2.24,-2.73,-2.68,-2.55,-2.16,-0.69,-1.41,-1.98
017,1988,6.44,7.15,39.2,51.2,55.1,38.4,90.6,90.9,89.67,-3.62,-4.37,-4.78,-4.26,-3.38,-2.57,-2.92,-2.99
017,1989,3.31,7.45,40.8,48.4,52.4,44.5,87.2,84.6,84.63,-3.18,-3.1,-3.06,-3.11,-0.73,-0.83,-1.05,-2.96
017,1990,10.24,1.28,39.9,50,58,40.6,85.1,83.5,83.87,2.43,2.25,2.38,2.35,0.21,1.08,1.83,1.15
017,1991,4.62,9.09,45.8,58.8,55.5,44.2,87,86,86.53,-1.04,-1.34,-1.25,-1.21,-1.2,-0.16,-1.5,2.34
017,1992,4.11,4.74,39.6,49.5,52.9,41,84,80.7,82.17,-2.04,0.88,-0.57,-0.58,2.65,-1.7,-0.54,-1.33
017,1993,8.5,10.48,39.7,53,52,40.3,85.5,86,84.33,2.84,4.5,4.94,4.09,5.84,2.73,3.57,2.37
017,1994,3.26,4.43,41.6,49.2,54,45.9,85.1,83.3,84.67,2.95,2.21,2.14,2.43,-1.29,0.47,-0.59,3.63
017,1995,5.62,7.6,38.3,50.2,51.2,42.6,87.2,89.6,86.53,-0.41,-0.79,-0.33,-0.51,-1.26,1.13,-0.45,2.79
017,1996,4.85,2.45,35.8,52.9,51.8,43.7,84.4,85.2,83.97,-0.32,-0.65,-1.06,-0.68,-1.11,-1.41,-1.16,1.52
017,1997,8.51,2.97,36.5,47.2,55.1,43.1,87.2,82.7,83.73,-2.18,-2.85,-2.1,-2.38,-2.68,1.38,-1.06,-1.73
017,1998,10.69,5.14,43,58,60.4,45,86,86,84.53,3.06,-0.24,-0.18,0.88,-0.72,0.1,1.49,1.52
017,1999,6.18,4.69,45,53.4,50.2,41.1,90,84,85.53,0.49,0.29,0.59,0.46,-0.44,1,0.29,0.43
017,2000,4.57,2.57,40.1,54.2,54.3,46.6,83.6,86.1,83.43,1.09,1.36,1.33,1.26,1.15,0.32,1.58,-3.79
017,2001,7.93,3.52,45.8,54.4,52.9,43.2,87.8,87.2,85.23,-0.49,-0.89,0.66,-0.24,-1.35,1.97,0.53,-0.91
017,2002,5.72,3.88,42,48.7,55.4,41.3,89.2,85,86.4,1.58,1.54,1.95,1.69,0.35,1.72,0.7,1.76
017,2003,4.43,2.78,42,50.8,51.3,42.2,85.6,86.8,83.87,0.2,0.67,0.44,0.44,1.48,-0.49,0.53,-1.39
017,2004,4.89,5.34,42.4,55.8,53.5,44.8,83,80.3,81.2,-0.79,0.07,1.29,0.19,0.21,3.68,1.26,-0.84
017,2005,7.69,6.02,44.3,49.2,58.3,44.2,89.3,87.3,88.07,-2.53,-3.28,-3.36,-3.06,-3.03,-1.24,-2.45,-1.68
017,2006,6.33,3.99,44.6,53,52.7,40.1,89.3,85.5,86.1,-4.57,-4.05,-4.06,-4.23,0.16,-1.29,-1.03,-4.37
017,2007,7.03,5.58,39.3,57,55.5,47.8,85.2,91.7,86.93,-2.17,-2.44,-3.04,-2.55,-1.49,-2.54,-1.21,-2.56
017,2008,9.68,6.33,40.9,47.7,55.7,42.9,84.8,82.7,83.9,2.36,3.11,3.41,2.96,3,1.84,2.59,1.53
017,2009,6.93,4.07,41,52.3,54.7,41.2,80.5,81,81.83,4.19,3.74,4.73,4.22,-0.04,4.13,2.05,3.9
017,2010,6.42,7.92,46.8,53.4,56,42.7,87.7,87.7,86.93,5.61,6.46,6.12,6.06,4.28,0.98,3.08,4.78
017,2011,6.7,3.41,41.9,51.4,51.8,42,90.7,87.8,87.03,4.77,-0.62,-1.69,0.82,-1.86,-3.41,-0.14,3.52
017,2012,3.96,7.67,42.4,55.9,53,42.4,95.1,88.2,89.43,-3.78,-4.84,-5.25,-4.62,-4.34,-2.74,-3.2,-3.28
017,2013,9.38,3.07,39.2,53.1,55.7,42,84,83.7,83.3,4.1,0.02,-0.91,1.07,0.05,-2.72,-0.8,4.47
017,2014,5.35,3.54,40.6,53.3,53.1,44,81.1,83.1,82.5,1.15,1.08,2.06,1.43,0.16,3.27,2.29,-1.63
017,2015,3.74,2.77,42.7,54.9,58.8,43.5,83.5,82.7,82.47,2.92,3.2,2.79,2.97,1.75,-0.22,2.63,0.89
017,2016,3.73,11.75,42.5,52.6,60.1,48.9,84.7,84.7,85.73,-2,0.7,1.81,0.17,2.11,3.53,0.94,-1.19
017,2017,5.9,2.95,46.1,51.7,55.6,48,89,82.7,85.6,-0.67,-0.69,-0.8,-0.72,-0.25,-0.54,-0.94,1.41
017,2018,9.26,2.29,33.1,60.2,59.1,43,86.3,85.8,86.53,-1.12,0.03,1.57,0.16,0.08,4.65,1.2,-0.83
017,2019,9.27,5.62,41.4,53.4,61.5,42.9,88.8,83.7,84.6,3.62,2.76,2.85,3.08,-1.47,1.15,0.35,3.52
017,2020,9.76,3.34,38.2,51.2,53.6,39.9,86.9,83.9,85.53,-0.65,-0.39,-1.03,-0.69,0.58,-2.02,-1.13,3.58
017,2021,9.08,2.8,41.2,51.1,57.2,50.9,84.2,85.8,85.03,1.08,1.49,1.91,1.49,1.56,1.72,1.6,0.63
017,2022,8.55,2.01,39.2,54.8,55,38.6,85.7,84.6,85.1,1.65,1.95,1.75,1.78,1.43,0,0.65,1.64
017,2023,7.98,3.98,39.6,51.4,56,45.3,86.7,84.2,85.5,-1.55,-1.62,-0.96,-1.38,-0.7,1.48,-0.49,-0.89
017,2024,7.54,4.33,42.9,56.6,55.1,42.9,84.5,85.3,85.43,-0.93,-0.43,-0.15,-0.5,1.2,0.73,0.04,-0.37
017,2025,3.85,7.1,42.6,51,54.6,48.7,88.1,84.4,85.57,-1.17,0.66,-0.46,-0.32,1.97,-1.37,0.02,-1.1
019,1980,6.82,4.37,38.2,51.9,54.1,38,90,87.3,86.07,-0.43,-1.05,-0.7,-0.73,-1.97,0.7,0,-0.96
019,1981,3.35,2.83,44.4,46.6,52.5,40.6,83.3,80.7,82.53,1.37,2.72,4.27,2.79,4.48,5.5,3.52,1.31
019,1982,10.05,3.61,35,55.7,52.7,42.5,84.3,80.7,80.8,2.62,2.86,2.68,2.72,1.54,0.33,0.6,2.95
019,1983,4.84,9.54,37.6,47.3,53.4,44.6,90.1,89.2,87.77,3.27,2.18,2.04,2.5,-2.27,0.25,-0.06,2.97
019,1984,7.03,9.14,40.2,47.4,51.8,47.8,83.6,85.8,85.43,-0.98,-0.93,-1.63,-1.18,-0.16,-2.39,-1.83,3.32
019,1985,10.16,7.26,44.7,52.4,53.7,45,84,79.8,81.4,0.21,0.36,1.57,0.71,0.52,3.72,1.62,-1.02
019,1986,3.56,11.93,41.1,52.5,57.3,44.3,87.8,81.7,84.57,0.17,0.53,0.01,0.24,1.15,-1.4,0.08,-1.41
019,1987,3.38,4.22,39.7,55.2,53.3,35.3,86.3,84.1,85.33,-0.03,0.97,1.22,0.72,2.92,1.05,1.29,-1.98
019,1988,6.11,9.28,37.9,49.8,53.7,36.5,90.6,89.8,89.73,-2.82,-3.52,-4.29,-3.54,-2.97,-3.41,-3.5,-1.61
019,1989,4.45,8.21,39.6,48.1,51.4,42.4,85,83.3,83.7,0.43,0.13,0.1,0.22,-0.78,-0.05,-0.79,1.05
019,1990,9.62,2.29,38.9,49,55.7,39.6,83.2,82.4,82.73,2.61,2.69,2.52,2.61,1.06,0.31,1.55,1.69
019,1991,5.98,10.15,44.2,58.6,53.7,44.9,88.2,86.6,87.4,-1.39,-2.15,-2.43,-1.99,-2.74,-1.5,-2.52,-0.31
019,1992,4.63,4.94,38.9,48,52.2,41,81.6,79,80.43,-2.44,2.46,2.25,0.76,7.37,0.15,2.1,-2.27
019,1993,8.83,10.12,38.8,51.5,50.8,39.4,84.8,84.1,83.27,3.54,4.33,5.14,4.34,3.46,3.76,2.92,3.37
019,1994,4.01,6.01,40.3,46.8,52.8,44,84.7,81.4,84.07,-0.87,-1.39,-1.29,-1.18,-1.84,-0.13,-1.29,-0.26
019,1995,6.23,6.28,38.4,50,50.2,42.4,88.1,88.8,87.17,-0.56,-1.3,-0.73,-0.86,-2.4,1.3,-0.93,1.64
019,1996,4.67,3.27,35.3,50.7,52.7,41.9,83.9,83.8,83.1,1.64,1.57,-0.35,0.95,0.29,-1.05,-0.11,1.67
019,1997,8.99,5.37,34.8,45.6,53.4,42.1,85,79.7,81.67,0.54,0.23,1.04,0.6,-0.76,2.5,0.67,0.5
019,1998,10.03,4.22,42.2,56.4,58.5,44.5,84.1,84.7,83.17,3.37,3.27,-0.38,2.09,0.75,-1.13,1.47,1.97
019,1999,8.24,3.26,43.3,53.1,50.1,40.6,88.2,82.3,84.27,-0.2,-0.45,-0.09,-0.25,-0.82,0.95,0.29,-0.5
019,2000,4.97,3.01,37.6,53.5,52.3,45.4,82.6,85,82.73,0.48,0.17,0.01,0.22,-0.78,-0.42,0.03,0.05
019,2001,5.38,5.34,45,52.4,51.4,42.5,86.3,85.4,84.03,-1.63,-1.59,0.33,-0.96,-0.36,0.98,0,-1.59
019,2002,8.43,4.08,41.4,46.9,56,41.4,89.2,84.2,86.07,2.08,1.68,2.34,2.03,-0.57,2.51,0.36,2.64
019,2003,3.4,2.65,41.6,50.3,51.6,41.4,84.6,85.2,82.83,0.12,1.35,2.02,1.16,3.74,2.42,1.98,0.22
019,2004,7.99,7.31,41.3,55.1,54.2,43.2,81.9,78.8,80.3,1.98,2.3,3,2.43,1.58,2.8,1.75,1.89
019,2005,9.99,6.92,42.3,47.7,57.2,43.4,86.4,85.5,86.13,-1.9,-1.56,-1.77,-1.74,0.41,-1.09,-0.88,-1.38
019,2006,6.08,5.02,43.4,51,52.1,39.8,86.7,82.8,84.07,-2.06,0.68,0.73,-0.22,2.04,0.37,0.18,-1.6
019,2007,7.63,7.04,38,55,56.2,47.5,83.1,88.6,85.37,-1.43,-1.36,-1.97,-1.59,-0.25,-2.24,-0.91,-1.5
019,2008,10.8,6.69,40,47.2,56.2,42,84.4,82.5,83.7,2.74,3.77,2.83,3.11,3.95,-1.65,1.64,2.08
019,2009,5.35,5.71,40.6,51.6,55.3,41.5,79.2,80.7,81.13,3.31,3.71,4.36,3.79,2.22,3.11,1.82,3.64
019,2010,5.53,7.05,44.4,53.4,54.6,41.7,87.2,88.4,86.67,1.39,1.3,-0.66,0.68,0.16,-1.97,0.77,0.03
019,2011,5.92,5.71,41.3,51.4,52.2,41.5,89.8,86.2,86.3,0.01,-0.81,-1.62,-0.81,-2.44,-2.67,-1.69,1.81
019,2012,5.06,7.73,41.2,55.1,52.5,41.2,93.9,86.5,88.3,-3.5,-4.66,0.13,-2.68,-4.55,0.38,-2.11,-3.1
019,2013,7,3.16,39,53.5,55.9,43.3,82,83.6,82.43,2.14,2.1,-0.87,1.12,0.53,-2.6,-0.19,1.83
019,2014,5.82,3.65,40.4,52.3,52.8,43.4,79.8,82.4,81.8,0.96,2.11,1.98,1.68,3.75,0.26,2.3,-0.44
019,2015,4.15,3.86,41.5,54.8,57.5,43.9,82.5,82.3,81.87,2.63,2.77,2.55,2.65,1.22,0.2,2.12,1.11
019,2016,5.45,11.52,40.1,50.2,59.4,48.2,83.9,84.8,84.77,1.79,2.38,3.32,2.5,2.34,3.56,2.24,1.68
019,2017,6.35,4.66,45,50.8,55.9,47.8,86.3,82,84.5,-0.71,-0.97,-0.95,-0.88,-1.01,-0.22,-1.12,2.37
019,2018,9.31,3.76,33.2,59,58.8,42.9,84.1,84.7,84.5,1.32,1.67,2.01,1.67,1.45,1.56,1.79,0.59
019,2019,9.63,6.44,41.2,52.5,59.6,42.7,87.5,83,84.17,3.4,2.71,1.99,2.7,-1.04,-1.33,-0.9,3.92
019,2020,9.83,3.18,36.5,49.8,53.5,40.1,86.7,82.8,84.83,2.62,3.04,-0.55,1.7,2.06,-1.64,0.71,2.29
019,2021,7.84,3.97,40.5,49.7,57.4,50.6,82.6,85.2,84,1.1,1.22,1.86,1.39,0.7,2.32,1.93,0.19
019,2022,7.99,3.74,38.4,54.2,54.8,39.9,85,83,84.57,-1.29,-1.73,-1.16,-1.39,-1.72,1.17,-1.12,-0.4
019,2023,8.57,4.23,38.8,51.7,55.7,44.8,84.9,82.8,83.7,-2.77,-2.84,-2.47,-2.69,-1.07,0.22,-1.18,-2.09
019,2024,7.76,3.92,43.1,55.8,56.5,43.4,83.2,83.4,83.87,0.03,1.01,1.41,0.82,2.95,1.51,0.77,0.83
019,2025,3.78,7.9,41.9,51.2,54.8,46.2,87.8,84.2,85.6,-1.58,-1.52,-2.19,-1.76,-0.31,-2.47,-1.36,-1.29
021,1980,5.86,3.87,40.2,52.8,57,40.1,90.5,88.8,87.63,-2.73,-2.55,-2.15,-2.48,-0.28,0.39,-0.1,-2.89
021,1981,3.62,2.09,47.8,48.4,54.3,43.5,85,82.2,83.57,1.2,2.61,4.25,2.69,4.61,5.72,3.61,1.15
021,1982,9.59,3.59,37.4,57.2,55.4,43.6,85.4,82.2,81.9,2.47,3.32,3.24,3.01,3.31,0.78,1.85,2.21
021,1983,5.07,9.93,38.9,49.7,55.1,45.5,90.9,91.9,89.03,4.05,3.12,2.05,3.07,-1.56,-2.24,-0.84,4.04
021,1984,7.58,9.91,43.1,48.9,53.6,49.9,86.1,88,87.03,-0.79,-1.2,-2.03,-1.34,-1.46,-2.87,-2.24,3.46
021,1985,10.61,7.13,46.1,53.5,55.7,46.8,85.7,80.8,82.27,1.57,1.18,2.12,1.62,-0.67,3.17,1.27,1.26
021,1986,3.25,12.54,43.8,54.7,58.7,46,88.2,82,85.13,-2,1.14,0.65,-0.07,3.42,-1.12,0.59,-2.03
021,1987,3.99,3.62,40.7,56.5,54.7,37,87.2,85.6,86.67,-2.79,-2.42,-2.28,-2.5,0.25,-0.34,-0.59,-2.49
021,1988,7.5,9.67,40.4,50.8,55.2,37.1,90.4,90.4,89.7,-2.63,-2.87,-3.79,-3.1,-1.53,-3.62,-2.89,-1.63
021,1989,5.43,9.01,41,49.1,52.5,44.6,86.2,84.1,84.37,-1.77,-1.97,-2.14,-1.96,-1.13,-1.12,-1.29,-1.38
021,1990,8.13,1.9,39.9,50.1,57.6,41.1,85.2,83.4,83.83,1.61,-0.07,-0.22,0.44,-0.22,-0.47,0.32,1.18
021,1991,6.22,10.7,47,59.9,56.2,45.6,87.5,86.9,87.23,-1.34,-1.67,-1.86,-1.62,-1.39,-1.1,-1.51,-0.74
021,1992,4.81,4.34,41.2,50,53.8,42.4,83.9,80.7,82.07,-2.2,1.26,-0.47,-0.47,3.78,-1.41,0.36,-1.97
021,1993,8.41,10.54,41.2,53,52.8,40.9,86.7,85.7,84.9,1.52,2.23,2.61,2.12,2.58,1.83,1.5,1.66
021,1994,4.19,5.6,41.9,48.8,53.1,45.8,85.4,83.1,84.83,3.55,2.99,2.73,3.09,-0.6,0.15,0.06,3.73
021,1995,7.75,7.12,39.5,51.2,51.3,42.3,88.1,89.8,87.2,-0.11,-0.23,-0.36,-0.23,-0.4,-0.47,-0.4,2.88
021,1996,6.1,3.77,38,53.4,52.9,43.2,84.3,85.5,84.1,-0.13,-0.16,-0.4,-0.23,-0.13,-0.78,-0.43,1.7
021,1997,8.5,5.61,36.8,47.3,54.9,43.4,86.8,82.1,83.03,-1.22,-1.54,-1.23,-1.33,-1.34,0.45,-0.82,-0.77
021,1998,9.73,5.03,42.9,58.4,59.8,45.8,84.8,85.1,83.93,2.1,1.87,1.87,1.95,-0.06,0.58,1.42,0.95
021,1999,7.22,3.65,45.6,53.4,50.8,41.9,89.4,84.2,85.33,0.79,-0.46,-0.39,-0.02,-1.37,0.05,0.11,0.26
021,2000,5.29,2.62,40,55.1,53.9,47.1,83.1,85.1,82.93,0.73,1.11,1.6,1.15,1.38,1.8,1.79,-3.19
021,2001,6.07,5.34,46.1,54.3,52.3,43.9,86.8,86.6,84.5,0.83,0.61,0.72,0.72,-0.38,0.52,0.2,0.75
021,2002,8.41,5,43.8,48.8,57,42.8,89.2,85.7,86.7,4.88,-0.38,-0.53,1.32,-1.13,-0.57,-0.03,4.84
021,2003,4.35,2.8,42.8,51.1,52.4,42.6,86,86.4,83.73,0.57,1.1,0.97,0.88,1.76,-0.05,0.7,0.49
021,2004,8.03,7.5,43.2,56.9,55.2,45.8,82.7,80.1,81.23,1.45,1.7,1.88,1.68,1.2,1.04,0.35,2.06
021,2005,10.24,7.23,44.8,49.3,59,45.3,87.1,87,86.8,-2.12,-2.16,-2.49,-2.26,-0.75,-1.68,-1.57,-1.52
021,2006,6.33,5.35,45,52.9,53.2,41.1,88.4,85.7,85.83,-2.61,-2.67,0.39,-1.63,-0.99,1.18,-0.38,-2.42
021,2007,7.19,6.53,39.4,57.6,57.6,49.1,84.4,91.4,86.67,-1.33,-1.81,-2.32,-1.82,-1.86,-2.1,-1.41,-1.38
021,2008,11.78,4.98,41.4,48.5,56.7,43.9,85.3,83.4,84.4,2.6,3.2,2.69,2.83,2.61,-0.55,1.14,2.39
021,2009,5.69,6.06,42.6,53.6,55.8,42.7,80.6,81.3,81.9,3.85,3.58,3.45,3.63,0.4,0.72,0.59,4.04
021,2010,5.96,8.31,47.2,54.8,55.9,42.8,87.5,88.2,87.13,4.46,4.9,4.69,4.68,2.7,0.87,2.74,3.25
021,2011,6.93,5.46,44,52.8,52.7,43,91,88,87.6,4.58,-0.1,-1.01,1.16,-0.31,-2.76,0.16,3.78
021,2012,4.96,7.65,42.9,57,53.4,42.8,96,88.9,90.13,-2.64,-3.91,-3.68,-3.41,-4.62,-0.54,-2.5,-2.07
021,2013,7.89,3.55,40.3,54.1,56.8,43.7,83.3,84.4,83.5,3.16,-0.18,-0.85,0.71,-0.55,-2.04,-0.69,3.32
021,2014,5.96,4.26,42.6,54.1,53.2,45.1,81.8,83.7,83.1,0.86,0.5,1.36,0.91,-0.8,2.72,1.19,0.34
021,2015,4.8,3.98,43.2,55.3,58.5,44,84.1,83.4,83.1,2.71,2.39,2.06,2.39,-0.1,-0.25,1.08,1.68
021,2016,5.36,14.13,42.5,52.1,59.9,49.9,85,85.1,85.83,0.81,1.95,2.54,1.77,3.69,2.36,1.55,1.41
021,2017,5.13,4.34,46.2,52.4,56.3,48.1,88.5,83.1,85.6,-0.65,-0.42,-0.79,-0.62,0.49,-1.26,-0.91,1.39
021,2018,10.48,2.31,34.7,60.6,59.9,43.8,85,84.4,85.27,0.93,1.74,2.45,1.71,2.71,2.68,2.73,-0.8
021,2019,10.68,6.04,42.6,54,61.1,42.8,87.7,83.8,84.4,4.82,4.28,4.77,4.62,-0.15,2.8,1.98,4.15
021,2020,11.96,4.64,38.9,51.5,54.6,40.1,87.2,83.5,85.5,4.23,4.53,3.6,4.12,2.21,-1.4,-0.11,5.14
021,2021,10.35,4.32,42,51.1,57.1,51,84.2,86.1,85.17,2.18,2.89,3.36,2.81,2.8,2.31,2.38,1.67
021,2022,8.85,3.64,40.2,55,55.9,40,86.2,84.5,85.63,2.07,2.59,2.94,2.53,2.19,1.85,1.16,2.52
021,2023,8.54,4.22,41.7,53.4,57.2,46.4,86.9,84.9,85.77,-1.23,-1.29,-1.1,-1.21,-0.55,0.16,-0.58,-0.87
021,2024,6.88,3.52,44.8,57.8,56.4,43.8,84.9,85,85.5,-1.14,1.03,0.02,-0.03,3.09,0.06,0.24,-0.36
021,2025,3.9,8.65,43.2,51.8,55.5,48,88.3,84.6,85.7,-0.51,1.01,-0.78,-0.09,3.03,-2.35,-0.19,-0.1
023,1980,6.88,6.09,39.7,52,57.2,40.1,90.4,88.2,87,0.29,0.17,0.59,0.35,-0.28,1.32,0.63,-1.02
023,1981,4.2,2.19,47.2,48.6,54.1,42,85.1,82.2,83.77,1.11,1.28,2.76,1.72,0.83,4.84,1.63,1.53
023,1982,11.2,4.46,37.3,56.5,54.6,44,85.2,82,81.57,2.49,2.53,2.62,2.55,0.88,1.05,1.04,2.33
023,1983,5.49,10.11,39.4,49.4,55.1,45.8,90.2,90.8,88.2,2.65,-0.51,-0.92,0.41,-1.52,-1.4,-0.72,2.67
023,1984,6.19,9.29,41.7,49.3,53.2,50.8,85.2,86,86.2,-1.08,-1.54,-1.99,-1.54,-1.71,-1.84,-2.26,2.41
023,1985,11.26,8.8,47,53.6,55.9,48.5,85.3,80.6,81.93,1.75,1.01,2.31,1.69,-1.67,4.2,1.32,1.43
023,1986,5.8,14.47,44.2,54.9,58.9,45.7,88,82.2,85.1,-1.54,0.46,-0.52,-0.53,1.39,-1.55,-0.55,-1.17
023,1987,3.98,3.29,40.9,56.5,55.2,37,86.6,85.9,86.23,-2.64,-1.51,-2.25,-2.13,2.58,-2.67,-0.39,-2.54
023,1988,11.1,8.64,40.1,50,55.4,37.5,90.5,89.9,89.93,-2.3,-2.27,-3.04,-2.54,-0.62,-3.02,-2.37,-1.27
023,1989,7.01,8.67,40.8,48.3,54,45.1,84.8,83.6,83.67,0.21,1.19,1.52,0.97,3,1.36,0.96,0.79
023,1990,9.04,2.71,40.9,51,57.2,41.4,85.2,82.6,83.33,2.25,2.5,2.86,2.54,1.44,1.84,1.53,2.03
023,1991,7.71,12.17,46.9,59.6,55.3,46.9,87.9,86.7,87,-1.66,-2.16,-2.2,-2.01,-2,-0.77,-1.63,-1.07
023,1992,6.39,5.81,41.3,50.5,54.2,42.6,83.8,80.5,81.87,-2.03,1.27,1.19,0.14,3.81,0.16,0.64,-1.5
023,1993,9.78,10.14,40.5,52.7,53,40.9,86.9,85.5,84.7,2.46,2.83,3.16,2.82,1.88,1.86,1.62,2.33
023,1994,4.96,9.4,43.5,48.4,53.8,45.2,85.4,82.4,84.83,-0.73,-0.83,-0.79,-0.78,-0.55,-0.14,-0.61,-0.39
023,1995,6.9,6.59,41.2,51.8,52,44.3,87.8,89.6,87.17,-0.26,-0.31,0.42,-0.05,-0.22,1.26,0.08,1.08
023,1996,7.38,4.61,37.9,53.2,52.9,43.6,85.3,85.8,84.57,2.03,-0.59,-1.29,0.05,-1.76,-2.3,-1.29,2.2
023,1997,11.68,7.08,36.9,46.8,54.9,43.5,86.9,81.4,82.57,-0.15,-0.59,-0.43,-0.39,-1.38,0.29,-0.14,-0.41
023,1998,9.45,5.08,43.9,57.8,59,46,84.7,85.4,84.17,1.97,2.19,2.37,2.18,1.28,1.22,1.97,0.93
023,1999,12.54,5.05,45.4,52.7,51,42.1,89.6,85,85.73,0.72,-0.48,-0.94,-0.23,-1.44,-1.54,-0.28,-0.56
023,2000,6.5,3.05,40.3,54.9,53.9,46.8,83.1,84.4,83.1,0.95,1.72,2.96,1.88,2.62,4.24,3.17,0.07
023,2001,4.53,5.73,48.2,54.1,52.5,43.5,86.3,85.8,84.43,1.1,2.23,2.1,1.81,3.73,0.3,1.85,0.66
023,2002,9.02,5.92,44.8,49.5,57.5,43.2,90.2,86.7,87.5,-0.54,-1.33,-1.88,-1.25,-2.54,-2.06,-2.07,4.71
023,2003,5.34,4.14,43.5,52.4,52.4,42.8,86,86,83.8,0.02,0.65,0.57,0.41,1.9,-0.02,0.41,0.26
023,2004,9.29,7.18,44.3,57.9,55.4,45.1,82.7,81,81.93,0.68,1.68,1.99,1.45,3.22,1.45,1.23,1.12
023,2005,11.44,7.42,43.8,48.4,58.2,44.5,87.8,86.9,86.83,-1.61,-1.61,-1.51,-1.58,-0.5,-0.2,-0.65,-1.32
023,2006,9.1,6.07,45.8,52.4,53.6,41.4,87.3,85,85.23,1.08,0.85,0.81,0.91,-0.36,0.15,-0.04,1.18
023,2007,10.05,8.52,39.8,56.9,57.5,49.9,84.2,91.1,87,-0.73,-0.92,-1.55,-1.07,-0.78,-2.18,-0.64,-1.21
023,2008,14.23,6.09,41.6,49.1,57,43.8,85.6,84.2,85.1,4.65,5.04,3.97,4.55,2.59,-1.65,2.74,2.49
023,2009,7.1,6.61,43.3,53,55.7,42.8,80.7,82.9,82.7,3.63,3.47,3.56,3.55,0.63,1.34,1.08,3.57
023,2010,5.38,6.75,47.4,55.5,56.1,42.2,88.3,89.8,88.2,3.02,3.16,-0.72,1.82,1.35,-2.15,1.01,1.95
023,2011,10.77,5.37,44.9,53.4,54.6,42.5,90.6,87.4,87.43,3.25,2.77,1.57,2.53,-0.46,-2.75,-0.65,3.16
023,2012,6.46,11.07,43.6,57.1,54,43.2,96.6,88.2,90.43,-3.05,-4.43,-4.4,-3.96,-5.09,-1.29,-3.29,-2.1
023,2013,9.71,4.53,41.7,54.5,56.7,44.4,82.6,84.2,82.77,2.95,3.04,-0.7,1.76,1.2,-2.09,1,1.83
023,2014,6.08,7.61,43.6,53.8,52.7,44.3,81.4,83,82.83,0.99,0.78,0.93,0.9,-0.33,0.69,0.62,0.55
023,2015,6.62,5.09,43.3,55.4,57.4,45,84.5,84.1,83.53,2.1,-0.06,-0.37,0.56,-0.17,-0.96,0.89,0.93
023,2016,6.47,12.67,42.2,51.4,59.6,49.4,85.4,86,86.2,0.56,1.43,2.36,1.45,2.8,3.24,1.98,0.65
023,2017,6.56,4.17,46.8,52.7,56,49,87.1,82.7,84.8,-0.3,-0.5,-0.79,-0.53,-0.68,-1.03,-0.87,1.35
023,2018,11.22,4.67,35.4,60.4,60.9,44.9,86,84.3,85.33,2.18,2.51,3.05,2.58,1.67,2.4,2.53,1.12
023,2019,11.4,7.47,43.4,54.2,60.7,44.5,87.4,83.8,84.47,4.85,4.27,4.18,4.43,-0.24,1.05,1.44,4.11
023,2020,13.09,6.15,39.1,50.6,54.6,41.7,87.4,83,85.2,3.02,4.51,3.83,3.79,5.4,-0.64,1.69,3.25
023,2021,10.02,6.21,41.9,49.5,58.2,52.3,84.6,87.5,85.57,2.22,2.86,2.94,2.67,2.6,1.15,1.9,1.75
023,2022,10.8,5.28,41.2,55.6,55.4,41,86.4,84.5,85.73,1.58,2.21,2.86,2.22,2.38,2.63,1.03,2.47
023,2023,12.15,4.04,40.7,52,55.8,46,86.8,84.9,85.37,-1.12,-0.69,-0.88,-0.9,0.96,-0.8,-0.1,-1.08
023,2024,8.36,2.9,46.1,57.3,56.5,43.8,85.3,85.6,85.73,-2.36,-1.62,-1.96,-1.98,1.49,-1.51,-0.74,-1.82
023,2025,5.24,7.16,44,52.4,54.8,47.1,89,84.7,86.27,-1.4,-0.83,-1.13,-1.12,1.29,-1.15,0.21,-1.75
025,1980,7.12,6.36,40.5,52.6,57.6,40.3,92.3,91.9,89.7,-0.98,-1.35,-1.72,-1.35,-1.41,-1.54,-1.08,-0.99
025,1981,4.53,2.68,48.3,49.3,54.4,43.1,87.1,83.7,85.27,0.62,0.7,1.83,1.05,0.45,3.59,1.09,0.97
025,1982,12.11,4.94,37.8,56.5,55,44.1,86.6,83.1,82.9,1.18,1.4,1.58,1.39,1.03,0.97,0.59,1.4
025,1983,5.78,11.76,39.8,50,55.3,46.6,91.9,93.6,89.9,3.57,2.41,1.43,2.47,-2.36,-2.21,-0.76,3.13
025,1984,7.66,9.93,42.8,49.8,54.6,51.7,86.9,87.6,87.43,-0.96,-1.52,-1.9,-1.46,-1.98,-1.63,-2.13,-0.03
025,1985,11.64,10.35,47.3,53.9,55.9,48.7,86.8,82.4,83.2,2.52,1.94,3.49,2.65,-0.97,5.25,2.37,1.76
025,1986,6.95,14.47,45.3,55.6,60.3,47,90.4,83.4,87,-1.85,0.63,0.36,-0.29,1.9,-0.61,-0.32,-1.22
025,1987,4.66,4,41,57.7,54.8,37.3,88,88,87.8,-2.35,1.07,-0.46,-0.58,3.21,-1.38,0.29,-2.26
025,1988,11.57,10.23,40.3,50.1,56.2,38.1,90.9,91.2,90.73,-2.29,-2.18,-2.76,-2.41,-0.37,-2.4,-1.95,-1.41
025,1989,11.22,8.85,43,49.4,54.8,45,86.6,86.3,85.4,1.12,0.77,1.24,1.04,-0.71,1.64,0.43,1.12
025,1990,9.3,2.54,41.2,51.7,58.1,41.4,87.5,85.5,85.83,1.81,1.44,0.82,1.36,-0.54,-1.42,-0.57,1.92
025,1991,7.65,12.34,47.9,60.9,56.2,47.1,89.6,89.5,88.83,-2.03,-2.58,-3.01,-2.54,-2.28,-2.09,-2.33,-1.29
025,1992,6.24,6.46,43.3,50.8,55.2,42.5,87,82.5,83.97,-2.95,-2.57,-2.79,-2.77,0.24,-1.46,-1.2,-2.4
025,1993,10.12,8.74,42,53.7,54.6,41.2,89,87,86.6,1.45,2.97,3.29,2.57,5.01,1.89,2.43,1.47
025,1994,5.72,10.21,44.2,48.4,53.3,45.7,86.4,85.1,86.3,-0.89,-1.29,-1.55,-1.24,-1.46,-1.19,-1.3,-0.54
025,1995,7.93,7.02,42.2,53.2,52.4,44.5,88.3,90.5,87.7,2.24,-0.18,0.18,0.75,-0.55,0.54,0.54,1.89
025,1996,6.65,4.75,39.4,55.5,54.2,44.7,86,86.8,85.6,2.01,1.49,0.92,1.47,-0.94,-1.25,-0.49,1.97
025,1997,12.26,6.82,37.4,48.4,55.4,44.9,87.3,82.9,83.47,1.29,1.34,1.4,1.34,0.57,0.58,0.86,0.91
025,1998,9.87,4.91,44,58.9,60.4,46.9,85.8,85.3,84.87,2.19,2.83,2.99,2.67,2.61,1.34,2.54,1.08
025,1999,13.67,4.21,47.2,52.8,52,42.8,89.5,84.6,85.7,2.96,2.86,2.64,2.82,0.61,0.22,0.92,2.59
025,2000,8.93,3.78,40.3,56.6,55.1,47.8,83.6,85.2,83.67,1.34,2.13,3.37,2.28,2.79,4.38,3.73,0.01
025,2001,4.58,6.02,48.7,54.9,53.5,43.8,87,87,85.37,-2.18,-1.83,-1.66,-1.89,0.4,-0.06,-0.14,-2.15
025,2002,10.49,6.69,45.9,50.2,59.2,44.7,90.7,88.7,88.57,-0.19,-0.81,-1.57,-0.86,-1.93,-2.51,-1.67,2.94
025,2003,6.86,5.04,45.6,53.6,53.2,43.5,87.2,87.2,84.6,0.57,0.52,0.47,0.52,0.02,0.02,-0.11,0.78
025,2004,8.78,7.73,45.2,59.2,55.9,47.6,83.7,81.8,82.6,0.21,0.69,1.76,0.89,1.51,3.42,1.03,0.92
025,2005,12.13,7.68,45.8,50.1,60,45.2,87.8,88.8,87.67,-2.23,-2.14,-1.93,-2.1,-0.43,-0.04,-0.98,-1.57
025,2006,12.29,6.1,46.2,53.1,54.1,41.5,88.1,86.9,86.3,-0.56,-0.83,1.6,0.07,-0.99,4.8,1.22,-0.56
025,2007,10.4,9.75,40.5,57.3,58.2,49.6,84.9,93.1,87.67,-0.72,-0.82,-1.36,-0.97,-0.51,-1.87,-0.59,-1.04
025,2008,16.75,6.64,42,50.6,58.6,43.7,86.7,84.5,85.63,4.05,4.21,3.51,3.92,1.73,-0.79,0.82,3.94
025,2009,6.38,6.7,43.4,53.5,57.2,42.8,81.7,83.5,83.53,3.55,3.85,3.33,3.58,2.01,-0.36,0.94,3.52
025,2010,6.44,7.66,48.2,56.8,56.2,43.3,89,90,88.87,2.29,2.56,2.24,2.36,1.51,-0.16,0.94,2
025,2011,9.73,7.43,46.2,54.6,54.8,43.4,91,87.5,87.8,3.89,3.74,2.67,3.43,0.73,-2.05,0.88,2.87
025,2012,8.02,11.19,44.3,58,55.1,44.2,96.9,88.8,91,-2.73,-3.86,-3.58,-3.39,-4.25,-0.35,-2.66,-1.78
025,2013,11.67,3.53,42.1,55,58.2,45.4,83,84.3,83.17,4.37,5.1,4.27,4.58,3.55,-0.92,2.58,2.97
025,2014,4.9,8.04,45,55.5,54.7,46.9,82,83.4,82.97,1.88,1.55,2.61,2.01,-0.4,3.65,1.21,1.95
025,2015,7.85,6.23,45.5,56.6,59.4,46.6,84.5,83.4,83.23,4.46,4.24,4.14,4.28,0.71,1.03,3.05,2.22
025,2016,7.27,13.81,44,53.2,61,51,86,85.7,86.4,2.01,2.52,3.79,2.77,2.16,4.57,1.86,2.67
025,2017,6.27,4.43,48.2,55.2,57.8,49.3,88.6,83.2,85.7,-0.47,-0.47,-0.85,-0.6,-0.15,-1.3,-0.95,1.45
025,2018,13.68,5.62,36.8,61.7,62.9,46.6,86.3,84.5,85.73,1.99,1.72,2.8,2.17,-0.19,3.75,2.54,0.71
025,2019,12.98,8.48,44.8,56.4,62.3,45.7,87.4,84.8,84.73,5.23,4.91,5.02,5.05,0.66,1.85,1.8,4.76
025,2020,15.13,7.35,40.7,52.8,56.7,43.5,87.9,83.6,85.57,3.77,4.84,4.87,4.49,4.37,1.6,1.63,4.59
025,2021,12.45,7.17,43.4,52,58.7,53,85.1,86.3,85.43,2.12,3.52,4.75,3.46,4.83,4.79,2.95,2.65
025,2022,11.73,5.22,42.5,57,57.4,42.2,87.2,85,86.23,2.05,3.51,4.46,3.34,5,3.94,2.69,2.61
025,2023,12.01,4.94,42.9,54.2,57.9,47.3,87.8,84.7,85.7,1.39,1.29,2.3,1.66,0.13,3.42,0.82,1.95
025,2024,9.09,3.44,47.1,59.6,59,45.4,85.1,85.1,85.47,-0.75,1.13,0.79,0.39,3.39,-0.67,0.2,-0.04
025,2025,7.33,8.64,45.4,54.3,58.2,49.6,89.4,84.8,86.37,1.81,2.92,-0.29,1.48,3.89,-0.87,1.14,1.88
027,1980,6.4,5.65,42,53.5,58.2,41,94.2,93.4,91.37,-2.09,-2.43,-2.52,-2.35,-1.67,-1.01,-1.32,-1.85
027,1981,3.99,2.12,49.6,49.7,53.7,43,87.4,84.6,85.67,0.75,1.8,1.99,1.51,3.4,1.13,1.59,0.75
027,1982,10.34,3.99,39.4,57.6,55.5,45,87.4,83.9,83.67,1.35,1.71,1.85,1.64,1.51,0.94,1.03,1.26
027,1983,5.56,12.29,39.9,50.7,56.2,47.2,92.8,94.1,90.37,3.2,-0.65,-1.51,0.35,-1.95,-2.78,-1.16,3.1
027,1984,8.42,10.92,43.3,50.5,54.8,51.8,88.2,89,88.33,-0.85,-1.51,-1.83,-1.4,-2.25,-1.42,-2.03,-0.05
027,1985,11.16,9.67,47.8,54.9,56.6,48.2,87.7,83.1,83.8,2.82,2.27,2.52,2.54,-0.79,1.45,1.2,2.06
027,1986,7.47,13.1,46.1,55.6,61.1,48.2,91,84,87.57,-2.09,0.32,0.17,-0.53,0.96,-0.34,-0.43,-1.62
027,1987,4.78,3.43,42.3,59.1,56.4,39,88.6,88.3,88.53,-2.46,1.01,1.16,-0.1,3.04,0.76,0.88,-2.31
027,1988,10.2,10.75,41.3,52.2,57.4,39.9,90.2,91.2,90.33,-2.46,-2.26,-2.84,-2.52,-0.16,-2.43,-1.9,-1.59
027,1989,9.63,7.56,43.8,49.9,55.1,44.8,86.8,86.5,85.37,-0.85,-1.08,-1.39,-1.11,-0.96,-1.28,-0.99,-0.67
027,1990,8.78,2.35,41.7,52.2,57.8,42.3,87.8,85.2,86,2.03,1.76,1.4,1.73,-0.18,-0.53,-0.34,2.38
027,1991,6.81,12.27,48.6,61.6,56.8,47.1,88.6,89.2,88.37,-2.18,-2.22,-2.74,-2.38,-0.8,-2.24,-2,-1.33
027,1992,5.21,5.2,44.3,52,55,43.4,87.3,83.3,84.33,-2.7,-2.33,-2.55,-2.53,0.25,-1.37,-1,-2.3
027,1993,9.85,9.28,42.8,54.5,54.7,42.4,89.4,87.8,86.93,1.79,2.96,3.4,2.72,4.07,2.24,2.51,1.54
027,1994,5.38,8.25,43.5,50.2,53.5,46.8,85.7,85,85.9,3.43,2.67,2.27,2.79,-1.24,-0.38,-0.45,3.73
027,1995,9.09,7.55,42,53.4,52.9,45,88.2,91.5,87.63,3.65,-0.15,-0.47,1.01,-0.46,-0.99,0.02,3.51
027,1996,6.52,4.58,39.7,56.8,54.4,45.2,86.4,88,86.1,-0.12,-0.27,-0.92,-0.44,-0.49,-2.03,-0.96,2.09
027,1997,11.05,6.34,39.2,49.2,56,45.5,88.6,83.8,84.47,-0.36,-0.46,-0.35,-0.39,-0.41,0.17,0.02,-0.52
027,1998,10.86,4.84,44.4,59.2,61.5,47.7,86.8,86.1,85.73,1.92,2.58,2.6,2.37,2.57,0.86,2.28,0.87
027,1999,13.44,4.26,48.3,54.5,53.3,43.6,90.6,85.4,86.53,0.38,-0.01,-0.2,0.06,-0.03,-0.56,0.19,-0.29
027,2000,6.85,3.25,41.8,57,55.3,48.2,84.2,86.7,84.43,2.18,3.28,3.76,3.07,3.98,2.44,4.04,0.31
027,2001,4.74,6.07,49.1,56,54.1,44.8,87.5,88,86.17,-1.48,0.2,0.46,-0.27,0.61,0.85,0.37,-1.52
027,2002,10.04,7.21,46.1,51.1,60,44.9,91,88.1,88.7,-0.41,-0.91,-1.17,-0.83,-1.63,-1.05,-1.3,2.62
027,2003,5.7,3.83,44.9,53.5,53.5,45.2,87.9,88.3,85.13,0.96,0.89,1.18,1.01,0.09,1.14,0.97,0.45
027,2004,9.22,8.79,45.2,58.9,56.1,48.7,84.5,81.7,82.87,1.16,1.83,2.65,1.88,2.37,3.03,1.23,1.94
027,2005,11.61,7.35,46.7,51.7,60.4,46.2,88.4,88.7,88.17,-2.32,-2.12,-1.95,-2.13,-0.14,-0.14,-0.97,-1.6
027,2006,8.79,6.46,48,54.2,54.3,42.1,89.3,88.1,87.63,-1.41,-1.44,-1.81,-1.55,-0.53,-1.55,-0.85,-1.39
027,2007,8.32,6.75,41.1,58.8,58.9,50.1,86,95.1,88.9,-1.3,-1.67,-2.69,-1.89,-1.5,-3.6,-2.02,-1.09
027,2008,16.05,5.61,42.8,51.2,58.2,45,86.7,84.3,85.57,3.31,3.9,3.49,3.57,2.79,-0.04,0.71,3.93
027,2009,6.55,5.78,43.4,54.9,57.9,42.8,81.9,83.1,83.5,2.81,3.19,2.97,2.99,1.99,0.32,1.01,2.87
027,2010,5.47,6.97,49,56.5,57.2,44.4,89.4,90.2,89.07,2.21,2.88,2.87,2.65,2.69,0.88,1.55,2.06
027,2011,8.37,6.66,46.7,53.5,54.3,44.8,92.4,88.5,89.2,3.56,3.48,-0.68,2.12,0.85,-2.03,0.67,2.79
027,2012,7.89,9.12,45.6,59,55.8,44.2,97.6,90,92,-2.32,-3.68,-3.6,-3.2,-4.82,-0.88,-2.98,-1.38
027,2013,11.07,3.69,42.5,54.9,58.5,46.1,84.6,85.1,84.53,4.36,4.66,-0.3,2.91,2.25,-0.9,1.46,3.74
027,2014,4.29,5.97,44.3,55.5,55.3,47.1,83.5,85.9,84.5,-0.24,-0.53,0.87,0.03,-0.93,2.62,0.8,-0.53
027,2015,6.54,6.22,46.4,56.9,60.7,46.2,86.7,84.5,84.97,2.68,2.57,2.91,2.72,0.49,1.81,2.1,1.5
027,2016,4.7,13.99,45,53.5,61.2,50.9,87.9,86.3,87.87,-1.6,0.48,1.58,0.15,1.44,3.45,0.68,-0.72
027,2017,5.74,4.26,47.9,54.3,57.7,48.9,91.2,84.7,87.43,-0.39,-0.29,-0.63,-0.44,0.19,-1.12,-0.7,1.43
027,2018,14.86,3.86,36.3,62,62.3,47.2,88.4,86.5,87.93,1.69,1.56,2.19,1.81,0.14,2.37,1.53,1.11
027,2019,12.9,8.45,45,56.6,63.4,45.9,88.4,85.5,85.6,4.29,4.13,4.83,4.42,0.84,3.38,1.87,4.26
027,2020,13.38,5.64,40.5,52.1,56.1,43.4,90,85.5,87.8,3,3.6,3.48,3.36,2.75,0.73,0.52,4.06
027,2021,11.52,6.4,43.2,52.6,58.3,51.9,87,87.2,87.17,1.11,2.06,2.05,1.74,3.21,0.59,0.77,1.78
027,2022,12.11,4.16,42,56.9,57.2,41.5,89,87,88.07,1.35,1.98,-0.18,1.05,2.32,-0.55,0.1,2.05
027,2023,11.7,4.24,43.5,55,58.1,47.4,89.3,87.1,88,-1.63,-1.15,-1.17,-1.32,0.94,-0.42,-0.71,-0.83
027,2024,8.83,3.69,46.6,59.2,59.2,46.3,86.1,86.2,86.73,0.88,3,2.59,2.16,6.64,-0.31,1.73,1.4
027,2025,7.2,9.29,45.9,53.8,59.4,50.8,90.8,87,87.87,2.42,2.87,-0.93,1.45,2.09,-2.79,-0.46,2.95
029,1980,6.38,4.95,39.5,52.7,56.2,39.4,90.2,88.2,86.9,-1.36,-1.52,-1.15,-1.34,-0.9,0.64,-0.1,-1.5
029,1981,3.75,2.12,46.3,47.9,54,42.6,84.7,81.6,83.3,1.04,1.29,3.18,1.84,1.07,6.08,2.29,1.25
029,1982,10.66,3.75,36.9,56.7,54.2,43.6,85,82,81.43,2.24,2.07,2.03,2.11,0.2,0.51,0.45,2.26
029,1983,5.19,8.93,39,49,55,45.8,89.8,90.4,87.9,2.48,-0.34,-1.06,0.36,-1.01,-2.26,-0.57,2.18
029,1984,6.04,9.5,41.4,48.9,53.5,50.3,85.4,87.1,86.53,-1.15,-1.72,-2.56,-1.81,-2.05,-3.06,-2.85,2.43
029,1985,10.59,8.08,46.3,53.7,55.6,48.1,84.9,80.1,81.57,1.62,1.15,2.08,1.62,-0.91,3.14,1.44,1.03
029,1986,4.51,14.38,43.7,54.2,59.4,45.8,87.7,81.8,84.77,-1.64,0.84,0.1,-0.23,2.51,-1.95,-0.1,-1.5
029,1987,3.48,3.12,41,56.9,55.1,37.1,86.4,85.4,86.07,-2.78,-1.59,-2.03,-2.13,2.72,-1.82,-0.2,-2.54
029,1988,9.22,10.21,40,51.4,55.8,37.4,90.2,89.9,89.67,-2.61,-3.05,-3.89,-3.18,-2.13,-3.48,-3.14,-1.49
029,1989,6.1,8.63,41.2,49,53,44.9,84.6,83.5,83.43,0.34,0.64,0.74,0.57,1,0.52,0.01,0.93
029,1990,7.79,2.46,40.6,50.4,57.4,41.2,84.4,82.2,82.87,1.31,1.24,1.66,1.4,0.19,1.63,1.06,0.96
029,1991,6.21,11.35,47,59.6,55.6,46.2,87.1,86.4,86.5,-2.14,-2.66,-2.77,-2.52,-2.23,-1.14,-2.05,-1.35
029,1992,5.09,5.01,41,50.5,53.9,42.9,83.2,80,81.43,-2.97,1.55,1.27,-0.05,4.65,-0.38,0.54,-2.33
029,1993,8.06,10.72,40.5,53.2,52.8,41,86.5,85.3,84.63,1.77,2.71,2.57,2.35,3.39,0.4,1.25,1.99
029,1994,4.32,7.97,42.5,48.6,53.7,45.3,84.8,82.2,84.4,-0.63,-0.83,-1.02,-0.83,-0.78,-0.85,-0.83,-0.38
029,1995,6.33,6.4,41.3,51.6,52.2,44.2,87.5,89.2,86.8,-0.06,-0.27,-0.35,-0.23,-0.65,-0.32,-0.38,1.1
029,1996,6.13,3.95,37.8,53.2,53.8,44,84.8,85.1,84.1,-0.04,-0.37,-0.79,-0.4,-1,-1.35,-0.83,2.28
029,1997,11.25,6.2,36.4,47.1,55.3,43.9,86.9,80.9,82.6,-0.26,-0.63,-0.33,-0.41,-1.18,0.69,-0.09,-0.37
029,1998,10.13,4.53,43.5,58.3,60,46.2,84.9,85.6,84.03,2.55,-0.06,-0.39,0.7,-0.18,-1.02,0.96,1.32
029,1999,10.03,4.33,45.1,53,51.7,42.9,89.6,84.1,85.33,-0.12,-0.88,-1.1,-0.7,-2.32,-0.91,-0.5,-0.78
029,2000,5.93,3.29,39.9,54.3,54,46.6,82.6,84.3,82.57,1.46,1.88,2.87,2.07,1.73,3.53,3.21,-3.45
029,2001,4.84,5.61,47.8,54.1,52.7,43.7,86.2,85.6,84.13,1.02,1.41,1.44,1.29,1.48,0.53,0.79,1.01
029,2002,8.84,5.54,43.6,48.6,57.1,42.3,89.8,85.9,86.8,-0.35,-0.87,-1.38,-0.87,-1.67,-1.82,-1.51,5.05
029,2003,4.22,4.13,43.3,51.4,52.8,43.4,85.9,86.3,83.8,0.02,0.56,0.26,0.28,1.61,-0.71,-0.03,0.4
029,2004,9.31,7.92,43.4,57.2,55.1,45.5,82,80.2,81.17,0.73,1.4,1.91,1.35,2.23,1.98,0.96,1.3
029,2005,10.38,7.47,43.9,48.6,59,44.8,87.4,86.3,86.53,-2.2,-2.44,-2.37,-2.34,-1.41,-0.54,-1.44,-1.57
029,2006,8.19,4.54,45.3,52.5,53.5,40.5,87.2,84.5,84.9,-0.19,-0.2,-0.34,-0.24,-0.07,-0.49,-0.37,-0.01
029,2007,8.66,6.78,39.6,56.9,57.5,49.9,83.6,90.2,86.33,-1.52,-1.46,-1.79,-1.59,-0.31,-1.43,-0.75,-1.49
029,2008,11.67,5.09,41.3,49.1,57.2,43.7,84.3,83.2,83.97,1.94,3.08,2.24,2.42,4.01,-1.56,1.47,1.44
029,2009,6.67,6.56,42.8,52.5,55,42.6,80.3,82,82.03,3.29,3.3,3.25,3.28,1.05,0.86,0.88,3.4
029,2010,4.85,6.83,47.2,55.2,56,42.8,87.4,89.3,87.3,2.32,3.01,-0.55,1.59,2.79,-1.65,1.52,1.32
029,2011,8.17,5.37,44.6,53,53.6,43,90.1,87.5,87.1,2.29,-0.35,-1.32,0.21,-1.06,-3,-1.08,2.25
029,2012,6.02,10.37,43,56.8,53.5,42.6,95.8,87.5,89.63,-2.63,-4.09,-3.96,-3.56,-5.2,-0.87,-3.14,-1.69
029,2013,8.18,4.68,41,54.5,56.5,43.7,82,83.7,82.43,3.86,4.1,-0.69,2.42,1.89,-2.08,1,3.13
029,2014,6.2,4.69,43.2,53.6,52.6,43.9,80.7,82.4,82.2,0.7,0.77,0.82,0.76,0.41,0.4,0.82,0.18
029,2015,5.4,4.36,42.7,55.3,57.6,44.6,83.6,83.6,82.8,1.43,-0.11,-0.5,0.27,-0.32,-1.2,0.92,-0.66
029,2016,5.9,13.82,42,51.3,59.8,49.3,84.7,85.4,85.63,-0.79,0.37,0.95,0.18,1.1,1.86,0.54,-0.38
029,2017,4.53,3.9,46.3,52.5,55.8,49,87.1,82.2,84.63,-0.27,-0.29,-0.78,-0.45,-0.12,-1.57,-0.84,1.69
029,2018,9.5,3.4,34.3,60.6,60.6,44.4,84.6,84.2,84.7,2.82,3.15,3.19,3.05,1.86,1.09,2.74,1.19
029,2019,10.17,6.68,42.8,53.9,60.7,44.4,87,83.1,84,3.59,3.14,3.25,3.33,-0.24,1.32,1.25,3.01
029,2020,13.01,4.83,37.9,50.3,54,40.4,87.1,83,85,3.46,4.33,3.59,3.79,3.67,-0.88,1.19,3.57
029,2021,8.88,5.33,41.7,49.6,58.3,52,84.4,87.1,85.23,3,3.6,3.47,3.36,2.75,0.71,2.22,2.15
029,2022,10.95,5.16,40.7,55.5,55.2,40.5,85.7,83.7,85.07,-1.05,0.68,1.23,0.29,2.04,1.85,0.62,-0.42
029,2023,10.62,4.08,40.4,52.1,55.4,45.4,86,84.4,84.87,-1.26,-1.12,-1.08,-1.15,0.03,-0.23,-0.49,-0.93
029,2024,8.72,3.19,45.2,56.7,56.1,43.5,84.1,84.3,84.77,-2.13,-0.82,-0.97,-1.31,3.29,-0.7,0.09,-1.51
029,2025,4.35,6.86,43,51.9,54.8,47,88,84.7,85.67,-1.31,-0.8,-1.59,-1.23,1.14,-2.61,-0.56,-1.39
031,1980,3.61,5.62,37.4,48.5,54.8,38.4,85.4,83,81.87,-0.69,-0.69,1.06,-0.11,-0.22,3.17,1.02,-0.81
031,1981,2.56,3.79,41,44.6,53.2,39.5,80.3,79.8,80,1.72,2.17,2.76,2.22,1.9,2.43,2.13,1.15
031,1982,7.47,3.35,33.7,53.6,53.1,43,82.8,78.6,78.4,1.19,2.51,2.28,1.99,4.32,0.08,1.23,1.6
031,1983,5.44,12.15,36.1,45.1,53.4,44,87.8,86.8,85.07,3.84,3.6,2.7,3.38,0.47,-1.59,-0.56,4.48
031,1984,5.62,7.85,37.8,45.9,51.8,46,82.4,85.2,83.13,-0.5,-1.01,-1.68,-1.06,-1.69,-2.33,-1.84,3.33
031,1985,8.65,6.06,43.4,50.3,56.4,44.6,83,78.8,79.47,-1.72,-1.54,-1.36,-1.54,-0.01,0.07,-0.55,-1.28
031,1986,4.12,9.06,40.9,49.8,57.5,44.8,84.3,78.8,80.57,0.41,0.71,0.26,0.46,1.04,-1.15,0.31,0.07
031,1987,3.32,3.09,39.4,52.3,54.2,36.6,85.8,80.7,83.53,-1.42,-0.02,2.54,0.37,-0.07,7.61,2.21,-1.25
031,1988,5.36,6.93,37.3,48.4,54.6,36.7,88.1,87,86.9,-2.61,-3.15,-3.44,-3.07,-2.45,-1.83,-2.86,-1.31
031,1989,3.67,7.68,36.3,46.9,51.8,42.1,82.7,80.3,80.27,-1.18,0.61,0.99,0.14,1.82,1.35,1.03,-1.29
031,1990,7.79,2.91,39.3,46.3,56.2,40.2,80.7,80.1,80.43,2.16,2.38,3.06,2.53,1.32,2.79,1.68,2.06
031,1991,5.59,8.44,42.4,55.6,53.1,43.3,86.7,83.7,84.7,-1.38,-2.55,-3.05,-2.33,-3.93,-2.3,-3.46,3.09
031,1992,4.93,5.01,36.8,45.7,52.7,40.8,77.8,76.8,77.17,-2.41,0.34,0.01,-0.69,1.02,-0.89,-0.98,-1.55
031,1993,7.78,8,36.5,49.1,50.7,39.8,82.4,81.9,80.4,4.19,3.83,4.19,4.07,0.21,2.25,3.42,1.77
031,1994,5.24,2.94,39.6,45.7,55.8,44.8,82.2,77.9,80.6,-1.49,-1.66,-1.07,-1.41,-0.96,1.25,0.31,-1.91
031,1995,5.96,7.36,36,47.4,51.8,43.5,86.5,86.7,85.07,-0.86,-1.14,-1.45,-1.15,-1.09,-1.29,-1.66,1.68
031,1996,3.34,4.92,34.8,45.9,53.8,42.3,80.2,81.8,80.03,1.84,3.63,2.73,2.73,5.94,-1.58,1.94,1.51
031,1997,9.01,3.83,34.5,42.8,54.1,42.6,83.2,78,80,1.87,1.64,2.09,1.87,-0.11,1.85,0.5,2.17
031,1998,8.74,3.44,40.5,53.9,57.6,45.3,83.5,82.7,81.8,1.57,0.93,1.27,1.26,-1.43,1.29,0.31,1.35
031,1999,6.67,3.27,40.6,51.1,51.1,41.2,87.9,79.5,82.63,2.39,-0.49,-0.66,0.41,-1.46,-0.68,-0.13,2.01
031,2000,4.01,3.52,36.9,51.8,54.2,45.7,79.9,81.7,79.73,1.45,1.66,1.32,1.48,1.09,-0.51,1.05,0.66
031,2001,5.41,5.22,41.2,50.2,52.4,43.4,84.7,82.5,81.6,-0.95,-1.09,0.69,-0.45,-0.71,2.08,0.11,-0.67
031,2002,5.3,2.95,40.2,44.4,55.7,41.5,86.6,83.1,83.67,-0.13,-0.92,-0.57,-0.54,-2.44,0.77,-0.68,2.25
031,2003,2.57,2.65,37.1,46.1,52.8,41,82.5,83.4,80.8,0.23,1.52,1.08,0.94,3.96,-0.87,0.27,1.09
031,2004,5.61,7.65,39.2,49,55.2,43.7,80.6,76.9,78.33,0.9,0.8,1.47,1.06,0,2.26,0.74,1.02
031,2005,7.78,5.96,40.5,45.9,58.4,44.9,85.8,83.8,84.9,-2.94,-3.47,-3.94,-3.45,-2.48,-2.5,-3.07,-1.71
031,2006,7.22,3.76,41.8,49.1,52.9,39.5,84.8,82,81.67,-3.32,0.12,0.68,-0.84,0.36,1.71,0.59,-3.59
031,2007,7.3,6.17,36.6,51.3,56.2,49,82.7,83.4,82.43,0.84,0.78,2.73,1.45,0.08,6.11,1.4,1.67
031,2008,8.2,4.63,39.3,44.6,56.2,42.8,83.4,81.5,81.93,2.09,2.26,1.68,2.01,1.14,-1.02,0.19,2.16
031,2009,9.43,6.67,37,48.7,54.9,41.2,78.3,79.2,78.47,5.34,4.45,4.51,4.77,-1.04,1.57,0.95,5.09
031,2010,4.02,4.55,43.3,51.3,54.8,43.4,86.6,85.1,84.07,3.14,4.34,3.8,3.76,4.58,-0.28,2.45,2.36
031,2011,6.09,4.4,38.5,48.4,53.1,43.1,88.1,82.6,83.4,3.27,4.11,4.1,3.83,3.53,1.24,2.07,3.11
031,2012,5.11,5.82,39.5,52.9,52.3,41.4,90.9,83.7,86,-2.42,-2.91,-2.69,-2.67,-2.22,-0.25,-1.76,-1.65
031,2013,7.35,3.12,36.5,50.1,55.8,42.9,81.6,82.3,80.63,2.52,-0.46,-0.92,0.38,-1.38,-1.53,-0.49,2.27
031,2014,5.78,4.19,37.4,49.8,53.2,43.1,78.9,81.4,80.2,1.88,2.18,3.53,2.53,1.49,4.72,3.3,0.73
031,2015,3.36,2.41,38.7,51,59.2,45.1,81.6,80.8,79.9,2.58,2.37,2.19,2.38,0.19,0.2,1.6,1.23
031,2016,5.21,9.58,37.8,48.8,60.4,47.7,84,84.2,83.4,1.25,2.07,2.61,1.98,2.85,2.27,1.16,2
031,2017,8.96,3.68,42.1,46.9,56.8,48.3,83,79.7,81.77,2.5,3.63,3.03,3.05,4.17,-0.67,1.09,2.87
031,2018,7.09,2.68,30.8,54.3,58.3,42.7,84.1,84.4,82.9,4.11,3.27,3.24,3.54,-1.25,0.92,1.51,2.77
031,2019,6.73,5.23,38.9,47.4,60.4,42.3,86,81.3,81.73,4.78,4.7,4.24,4.57,1.24,0.06,0.74,4.99
031,2020,6.84,3.24,36.2,48.1,54.4,39.4,86.3,84.3,84.63,-0.25,-0.52,-1.47,-0.75,-0.89,-2.99,-1.55,5.63
031,2021,3.94,3.99,40.2,48.4,58.1,51,82.2,85.6,83.77,-1.81,-2.21,-2.3,-2.11,-1.77,-0.93,-0.09,-2.92
031,2022,6.33,3.05,36.9,53.2,56.4,40.9,83.5,82.6,82.93,0.1,0.82,-0.3,0.21,2.2,-0.91,-0.31,0.93
031,2023,8.91,3.23,39.1,48.9,57.9,45.8,83.6,81.8,82.07,-2.4,1.7,1.2,0.17,5.11,-0.98,0.39,-1.57
031,2024,8.21,3.83,41.9,52.5,58,46.2,82.8,83,83.03,1.24,1.83,0.02,1.03,2.16,0.05,0.8,1.31
031,2025,5.08,4.86,39.7,46.9,56.8,48,85.8,81.8,83.6,-2.4,-1.72,-1.42,-1.85,1.29,0.38,0.21,-2.29
033,1980,7.4,6.89,40.9,53,58.2,40.9,90.8,89.5,87.9,0.45,0.2,0.47,0.37,-0.62,0.87,0.53,-1.15
033,1981,4.69,2.53,48.5,49.7,55.4,43.3,86.4,83.1,84.67,0.65,0.58,1.57,0.93,0.01,3.14,0.54,1.28
033,1982,11.35,5.69,38.3,57,55.2,44,85.9,82.5,82.3,1.5,1.36,1.34,1.4,0.05,0.36,0.39,1.39
033,1983,5.94,11.44,40.1,50.2,55.5,46.6,91.2,92.3,89.1,2.51,-0.54,-1.18,0.26,-1.61,-2.08,-0.91,2.44
033,1984,7.56,9.37,42.8,50.1,53.1,51.6,85.4,85.8,86.4,-0.99,-1.17,-1.62,-1.26,-0.83,-1.7,-1.84,2.79
033,1985,11.66,10.2,47.2,54.3,55.5,48.7,86.6,82,83.03,2.01,1.26,2.53,1.93,-1.63,4.23,1.49,1.54
033,1986,6.75,14.17,44.8,55.3,60,46.9,89.6,82.7,86.07,-1.19,0.75,0.44,0,2.24,-0.68,-0.1,-0.64
033,1987,4.42,3.57,41.8,56.7,54.9,37.1,87.1,87.4,86.8,-2.31,-1.21,-1.76,-1.76,2.59,-2.02,0.11,-2.49
033,1988,12.07,8.4,41.2,49.8,55.4,37.8,90.4,90.4,90.3,-2.26,-2.01,-2.73,-2.33,0.06,-2.79,-2.03,-1.27
033,1989,10.96,8.14,42,48.8,55.7,44.8,86.3,85.3,85.03,0.71,1.34,1.88,1.31,2.11,2.03,0.97,1.25
033,1990,9.89,3.63,41.7,52.4,57.7,41.4,86.2,84.1,84.47,2.78,2.57,2.28,2.54,0.25,-0.09,0.61,2.48
033,1991,8.54,12.22,47.3,60.7,56.4,47.7,89.2,88,88.03,-1.86,-2.34,-2.63,-2.28,-2.04,-1.58,-1.94,-1.25
033,1992,6.26,6.37,42.6,51.3,55.2,43,85.2,81.1,82.5,-2.6,0.75,0.7,-0.38,2.26,0.07,0.13,-2.18
033,1993,9.56,8.06,41.1,52.9,54.3,41.3,88.1,85.6,85.17,1.54,1.62,1.61,1.59,0.71,0.47,0.72,1.35
033,1994,4.91,10.07,44.3,48.6,53.6,45,86.2,83.3,85.43,-0.81,-1.01,-0.93,-0.92,-0.84,-0.07,-0.7,-0.46
033,1995,7.18,7.08,41.9,52.9,52.1,43.9,88,89.6,87.27,1.34,1.17,1.35,1.29,-0.1,0.89,0.41,1.34
033,1996,6.78,4.95,38.9,54.9,54,44.3,85.7,86.2,84.93,2.22,1.57,0.68,1.49,-1.28,-2.17,-1.05,2.37
033,1997,11.67,7.08,38.2,48.2,55.2,44.3,87.3,82.7,83.13,1.49,-0.46,-0.06,0.32,-1.38,1.06,0.52,0.95
033,1998,8.94,4.78,44.6,58.5,59.6,46.6,84.8,85.4,84.33,1.92,2.04,2.34,2.1,0.98,1.52,1.73,1.13
033,1999,12.88,4.86,46.4,53.6,51.2,42.3,89.9,85.5,86.2,2.46,-0.33,-0.63,0.5,-1,-0.98,0.21,1.78
033,2000,7.85,3.57,40.4,55.9,54.9,47.5,83.8,84.9,83.87,0.89,1.92,3.24,2.02,3.35,4.57,3.53,-2.79
033,2001,4.13,5.72,48.2,54.9,53.5,44.2,86.9,86.5,85.17,-0.05,0.78,0.64,0.46,2.34,-0.17,0.67,-2.19
033,2002,9.5,7.18,46,50.8,58.8,45,90.6,87.9,88.4,-0.52,-1.26,-2.11,-1.3,-2.37,-2.94,-2.29,3.71
033,2003,6.43,5.18,44.6,53.7,53.6,43.8,86.6,86.4,84.13,0.34,0.77,0.96,0.69,1.39,0.8,0.78,0.33
033,2004,9.57,6.93,45.4,59.1,55.9,46.7,82.9,81.4,82.27,-1.27,1.17,1.6,0.5,3.51,1.66,1.14,-0.76
033,2005,11.18,7.22,44.8,49.6,59.7,45.8,87.4,88.5,87.17,-1.86,-2.02,-1.69,-1.86,-1.05,0.36,-0.73,-1.52
033,2006,11.49,6.52,46.9,53.4,54,42.5,87.6,86.1,86,-0.27,-0.53,0.53,-0.09,-0.86,1.59,-0.03,1.29
033,2007,11.48,9.06,41,57.4,58.2,50.2,85.1,92.6,87.87,-0.52,-0.99,-1.58,-1.03,-1.58,-2.06,-0.82,-1.01
033,2008,14.61,6.56,42.7,50,58,44.4,86.5,84.7,85.77,4.09,4.28,3.56,3.98,1.83,-0.83,2.18,2.5
033,2009,6.15,6.99,44.3,54.1,57.3,43.4,81.3,83.4,83.3,3.44,3.57,3.17,3.39,1.46,-0.1,0.98,3.25
033,2010,5.97,6.21,48.5,57,56.6,43.4,88.4,90.1,88.7,2.63,2.97,-0.56,1.68,1.83,-1.69,0.97,1.9
033,2011,9.42,6.48,46.1,54.8,56.1,43.2,90.8,87.4,87.9,3.71,3.36,2.13,3.07,0.09,-2.65,0.28,2.87
033,2012,7.1,11.47,44.7,58,55,44.4,96.7,88.1,90.7,-3.15,-4.43,-4.41,-4,-4.81,-1.31,-3.27,-2.14
033,2013,11.58,3.97,42.8,54.8,58,45.3,83,84.5,82.93,3.57,4.24,3.43,3.75,3.11,-1.12,2.36,2.09
033,2014,5.24,8.86,44.5,55.2,53.9,45.7,82,83.2,83.07,2.14,1.97,2.1,2.07,0.14,1.01,0.52,2.24
033,2015,8.39,5.51,45.1,56.8,58.8,46.4,85,83.5,83.63,3.34,3.04,2.72,3.03,0.14,-0.03,1.47,2.12
033,2016,7.84,12.2,43.1,52.7,60.1,50,85.1,85.5,86.1,1.2,1.51,2.84,1.85,1.29,4.45,1.55,1.74
033,2017,7.39,4.24,48,54.3,57.4,49.5,87.2,83,84.93,-0.59,-0.77,-0.99,-0.78,-0.72,-0.89,-0.92,-0.24
033,2018,11.66,5.75,36.4,62.3,63.6,46.1,87,85,86.07,1.07,0.79,1.01,0.96,-0.51,0.89,1.2,-0.74
033,2019,12.35,8.24,45.2,56.3,61.8,45.7,87.5,84.5,84.8,4.1,4.14,4.37,4.2,1.37,1.98,1.89,3.71
033,2020,14.51,7.07,40.8,52.3,56.1,43.2,87.8,83.3,85.5,2.73,3.93,3.46,3.37,4.46,-0.2,1.17,3.32
033,2021,9.68,6.56,43,51.3,58.4,52.9,84.1,86.1,84.67,0.57,1.71,2.48,1.59,3.59,2.82,2.03,0.76
033,2022,10.85,5.25,42,57.1,56.7,42.3,86,84.2,85.4,1.28,2.24,2.62,2.05,3.27,1.84,1.11,2.09
033,2023,11.09,4,42.3,53,56.9,46.8,86.8,84,84.9,-0.92,-0.94,-0.86,-0.91,-0.33,-0.05,-0.25,-0.89
033,2024,7.83,2.97,47.7,59.2,58.1,44.9,84.9,85.1,85.27,-2.45,-1.75,-2.26,-2.15,1.32,-2.05,-1,-1.88
033,2025,5.84,7.86,45.1,53.8,56.7,48.7,89.1,83.6,85.9,1.66,2.28,-0.06,1.29,2.37,-0.17,1.15,1.38
035,1980,6.78,5.46,40.3,53,56.4,39.8,90.7,89.2,87.57,-0.73,-0.76,-0.54,-0.68,-0.31,0.45,0.07,-0.84
035,1981,4.13,2.12,47,48.3,54.5,43,85.6,82.4,83.9,0.79,1.14,2.74,1.56,1.3,5.13,1.95,1.1
035,1982,11.19,3.93,37.6,57.1,54.7,43.8,85.4,82.4,81.83,2.07,2,2.04,2.04,0.44,0.73,0.55,2.12
035,1983,5.44,10.14,39.4,49.4,55.1,46.2,90.2,91.2,88.33,2.78,-0.48,-1.29,0.34,-1.45,-2.56,-0.77,2.46
035,1984,6.42,10.22,42.1,49.5,53.9,50.8,85.7,87.3,86.7,-1.08,-1.76,-2.27,-1.7,-2.36,-2.09,-2.57,2.76
035,1985,11.44,8.91,47.1,53.9,56.2,48.5,85.3,80.6,81.83,2.21,1.5,2.34,2.02,-1.44,2.98,1.3,1.59
035,1986,4.69,14.69,44.7,55,59.8,46.4,88.2,82.2,85.2,-2.13,0.77,0.13,-0.41,2.31,-1.68,-0.31,-1.81
035,1987,3.69,3.17,40.8,57.1,55.5,37.2,86.8,85.9,86.5,-2.87,-2,-2.68,-2.52,1.73,-2.65,-0.94,-2.5
035,1988,10.72,10.11,40.6,51.4,56.5,38,90.5,90.6,90.03,-2.51,-2.89,-3.6,-3,-1.91,-3.02,-2.83,-1.48
035,1989,6.7,9.2,41.7,49.2,53.6,45.2,85.4,84.4,84.2,0.25,0.91,1.13,0.76,2.05,0.93,0.63,0.69
035,1990,8.37,2.57,41.1,50.8,57.8,41.5,85.2,82.8,83.53,2.16,2.15,2.65,2.32,0.64,2.16,1.39,1.9
035,1991,7.4,12.79,47.3,60.1,56,46.6,87.7,87,86.97,-1.61,-2.21,-2.29,-2.04,-2.29,-0.93,-1.81,-0.98
035,1992,5.88,5.21,41.6,51,54.2,42.8,84.3,80.4,82.03,-2.61,0.83,0.5,-0.43,2.49,-0.74,-0.26,-1.98
035,1993,9.57,10.44,40.7,53.3,53.3,41.2,87.2,85.8,85.17,2.25,3.24,3.17,2.89,3.67,0.8,1.88,2.06
035,1994,5.1,8.98,42.8,48.7,54,45.6,85.4,82.8,84.8,-0.59,-0.81,-1.15,-0.85,-0.83,-1.29,-0.99,-0.35
035,1995,7.26,6.47,41.4,52.1,52.4,44.5,87.7,89.6,87,1.43,1.2,1.33,1.32,-0.25,0.77,0.29,1.46
035,1996,6.63,3.99,38.3,53.9,54.3,44.4,85.2,85.5,84.43,2.54,-0.51,-1.08,0.32,-1.54,-1.85,-0.85,2.53
035,1997,11.45,6.27,37.3,47.3,55.3,44.1,87.2,81.6,82.93,-0.06,-0.25,-0.1,-0.14,-0.59,0.37,0.22,-0.39
035,1998,9.53,4.48,43.9,58.5,60.3,46.6,84.6,85.4,84.13,1.76,1.76,-0.13,1.13,0.54,-0.38,1.05,0.85
035,1999,11.96,4.41,45.7,53,51.7,43.1,90,84.7,85.73,0.68,-0.64,-1.12,-0.36,-1.93,-1.63,-0.5,-0.65
035,2000,5.87,3.56,40.3,54.7,54.5,47,83.1,84.6,83.03,1.32,1.88,3,2.07,2.09,3.93,3.3,0.02
035,2001,4.93,5.42,48.2,54.3,53,43.9,86.4,86.1,84.5,-1.26,-0.81,-0.8,-0.96,0.98,-0.22,0.52,-1.7
035,2002,9.46,6.03,44.6,49.4,57.9,42.9,90,86.9,87.37,-0.3,-1.02,-1.46,-0.93,-2.26,-1.64,-1.6,4.09
035,2003,5,4.13,43.9,52.2,53,43.6,86.5,86.6,84.2,0.22,0.62,0.47,0.44,1.29,-0.26,0.16,0.45
035,2004,9.78,7.84,44,58,55.4,46.2,82.6,80.9,81.8,0.76,1.53,2.03,1.44,2.56,1.98,1.12,1.28
035,2005,11.06,7.56,44.3,48.8,59.2,45.2,88,87.3,87.2,-2.03,-2.23,-2.24,-2.17,-1.21,-0.73,-1.33,-1.5
035,2006,8.62,5.45,45.6,53,53.6,40.8,87.7,85.2,85.53,0.64,0.45,0.4,0.5,-0.37,-0.02,-0.3,0.91
035,2007,9.47,7.65,40.1,57.1,57.8,49.9,84.4,91.6,87.27,-1.21,-1.3,-1.9,-1.47,-0.64,-2.21,-0.96,-1.34
035,2008,13.64,5.53,41.6,49.6,57.8,44.1,85.4,83.7,84.73,3.05,3.88,3.02,3.32,3.42,-1.38,1.84,2.11
035,2009,7.09,6.78,43.4,53.2,55.6,42.8,80.9,82.7,82.67,3.32,3.23,3.21,3.25,0.75,0.97,0.82,3.42
035,2010,5.18,7.15,47.8,56,56.1,42.8,88.1,89.6,87.93,2.57,3.09,-0.55,1.7,2.36,-1.64,1.38,1.6
035,2011,9.53,5.63,45.4,53.9,53.9,43,90.6,87.6,87.47,2.87,2.38,1.22,2.16,-0.56,-2.76,-0.55,2.57
035,2012,6.31,10.77,43.4,57.3,53.9,42.9,96.4,87.8,90.17,-2.74,-4.13,-3.95,-3.61,-5.02,-0.73,-3.06,-1.78
035,2013,9.07,4.64,41.5,54.9,57.1,44.2,82.2,84,82.6,3.68,3.9,-0.63,2.32,1.79,-1.88,1.1,2.84
035,2014,5.99,5.8,44,54.3,53.1,44.7,81,82.7,82.4,0.83,0.79,0.93,0.85,0.15,0.65,0.57,0.58
035,2015,5.93,4.94,43.4,55.9,58,45.1,84,83.6,82.97,2.24,2.02,1.6,1.95,0.03,-0.66,1.34,0.78
035,2016,6.41,14.01,42.6,52,60.2,49.8,84.8,85.4,85.67,0.79,1.49,2.35,1.54,2.34,3.04,1.37,1.35
035,2017,5.34,4.14,46.8,53.4,56.4,49.4,87.2,82.2,84.63,-0.25,-0.29,-0.71,-0.42,-0.21,-1.34,-0.77,1.72
035,2018,10.91,3.81,35.3,61.3,61.4,45.1,84.8,84.2,84.83,2.46,2.94,3.3,2.9,2.19,1.99,2.9,1.06
035,2019,11.22,7.25,43.7,54.8,61.2,44.7,87,83.5,84.13,4.4,3.79,3.94,4.04,-0.47,1.63,1.37,3.8
035,2020,13.49,5.53,39.2,51.2,55,41.1,87,83,84.9,3.39,4.6,3.95,3.98,4.67,-0.53,1.46,3.69
035,2021,9.95,5.98,42.6,50.4,58.8,52.5,84.1,86.7,84.93,2.75,3.48,3.6,3.28,3.03,1.44,2.17,2.31
035,2022,11.45,5.28,41.5,56.3,56,41.2,85.7,83.7,85,2.19,3.05,4.06,3.1,3.24,3.99,1.96,2.95
035,2023,11.74,4.32,41.3,53,56.4,46.1,86.3,84.4,84.9,-1.25,-1.13,-1,-1.13,-0.01,0.03,-0.36,-0.99
035,2024,9.02,3.25,46.2,57.7,57,44.3,84.3,84.6,84.9,-2.07,-0.8,-1.05,-1.31,3.16,-0.98,0,-1.5
035,2025,5.27,7.25,44,52.9,56,48,88.1,84.6,85.7,0.9,1.38,-0.69,0.53,1.7,-2.06,-0.17,1.07
037,1980,3,5.08,36.8,48.3,53.5,37.1,85.7,82.5,82,0.57,0.91,2.16,1.21,1.19,4.06,1.77,0.61
037,1981,2.52,3.07,41.2,44.6,51,38.7,81.1,79.7,80.27,2.06,1.42,2.43,1.97,-1.3,3.49,1.6,1.33
037,1982,5.32,2.46,32.8,54.1,51.3,41,82.8,78.7,79,1.19,3.25,2.54,2.33,6.56,-1.15,1.88,1.23
037,1983,5.11,10.25,35.5,45.7,52.2,43,87.9,87.2,85.5,3.28,3.36,2.5,3.05,1.25,-1.54,-0.25,3.83
037,1984,4.53,7.53,38.2,45.4,50.9,44.7,82.8,85.5,83.57,-0.44,-0.76,-1.59,-0.93,-1.12,-2.73,-1.72,2.12
037,1985,7.83,5.85,43.3,49.8,53.3,41.8,82.8,78.3,79.6,-1.97,-1.87,-1.82,-1.89,-0.29,-0.44,-0.79,-1.59
037,1986,3.59,9.61,40,50.1,55.4,42.2,84.6,78.6,80.93,0.55,0.81,0.34,0.57,0.95,-1.15,0.07,0.45
037,1987,3.23,1.87,37.8,51.3,52,34.3,86.1,80,83.5,-1.3,-1.33,3.06,0.14,-0.5,9.18,2.5,-1
037,1988,5.25,8,35.8,46.9,51.9,34.3,89.4,87.4,87.63,-2.61,-3.49,-3.69,-3.26,-3.44,-1.68,-3.35,-1.08
037,1989,3.45,6.15,35.6,45.4,49.3,39.6,84.3,80.2,81.13,-3.29,1.37,1.75,-0.06,4.12,1.56,1.69,-3.44
037,1990,6.72,2.06,37.8,45.9,54.4,38.4,81.2,79.9,80.4,2.38,2.6,3.22,2.73,1.4,2.65,2.15,1.76
037,1991,5.51,6.83,41,55,50.7,40,86.2,84.7,85.33,-1.32,-2.26,-3,-2.19,-3.22,-2.91,-3.31,-0.06
037,1992,4.4,5.33,35.8,44.9,50.4,38.1,77.8,76.5,77.63,-2.76,0.69,0.32,-0.58,2.08,-0.9,-0.66,-1.9
037,1993,6.94,8.51,35.1,49.3,49.3,37.5,82.3,81.8,80.47,4.39,4.39,4.28,4.35,1.38,1.02,3.2,2.22
037,1994,4.84,3.14,37.8,46,53.8,42.8,82.3,78.1,81.43,0.76,0.26,1,0.67,-1.28,2.31,1.1,-1.95
037,1995,4.72,6.8,34.2,47,48.8,39.8,86.2,86.9,85.53,-1.03,-1.14,-1.46,-1.21,-0.65,-1.33,-1.69,2.49
037,1996,3.07,4.5,33,46,51.9,40.2,80.4,81.3,80.1,2.25,3.85,3.79,3.3,5.49,1,2.58,2.05
037,1997,7.94,2.93,33.6,42,52,41.1,83.7,78.4,80.83,-0.83,-1.43,-1.11,-1.12,-2.05,0.52,-1.02,-0.36
037,1998,7.43,3.17,39.5,53.7,55.6,43,82.9,82.3,81.27,1.37,1.15,1.18,1.23,-0.24,0.44,0.55,0.99
037,1999,5.56,3.18,40.5,50.8,48.6,38.1,87.1,79.1,82.3,2.25,1.8,1.54,1.86,-0.64,-0.24,0.42,1.71
037,2000,4.02,2.69,36,50.9,52.7,43.7,80.1,81.4,79.43,1.65,1.95,1.86,1.82,1.43,0.33,2.05,0.21
037,2001,5.54,4.61,40.9,50.7,50.7,41,85.3,83.3,82.1,-0.82,-1.37,-1.58,-1.26,-1.9,-1.07,-1.05,-0.84
037,2002,4.16,2.89,38.7,44.3,54.4,39.9,87.1,83.1,84.07,1.4,-0.75,-0.07,0.19,-2.24,1.81,0.21,1.17
037,2003,2.04,1.5,36.3,46.6,50.5,38.5,82.6,84.8,81.57,-2.67,-1.87,-2.51,-2.35,1.59,-2.49,-0.97,-2.24
037,2004,5.78,7.09,38,48.5,53.6,41.6,80.1,76.1,77.93,1.46,1.13,1.37,1.32,-0.53,1.07,0.29,1.51
037,2005,5.84,4.31,39.9,45.2,56.8,42.8,85.3,83.6,84.9,-3.03,-3.58,-3.78,-3.46,-2.59,-1.69,-2.94,-1.69
037,2006,7.17,3.63,40.6,48.6,51.2,37.7,84.8,81.7,81.77,-3.42,-3.19,-3.07,-3.23,-0.35,-0.62,-0.44,-3.69
037,2007,6.35,5.45,35.9,51.4,53.4,46.7,82,82.4,81.6,-0.99,0.86,3.18,1.02,2.59,7.22,3.17,-1
037,2008,7.35,4,38.8,43.4,54.5,40,82.7,80.5,81.23,2.26,2.99,2.47,2.57,2.9,-0.63,0.77,2.5
037,2009,8.68,6.64,35.9,48.2,53.3,39.1,76.5,77.2,77.53,4.99,4.54,5.19,4.91,0.17,3.35,1.72,4.96
037,2010,3.63,5.42,42.1,50.7,52.9,40.4,85.3,84.1,83.27,3.66,4.34,3.81,3.94,3.19,-0.26,2.36,2.53
037,2011,5.92,3.18,37.3,48,50.8,41.1,87.4,81.9,83.07,2.08,2.23,2.4,2.24,1.09,1.2,0.88,2.2
037,2012,4.63,6.61,37.8,52,49.6,38.2,90.5,83.1,85.47,-2.7,-3.31,-3.67,-3.23,-2.67,-2.11,-2.63,-1.86
037,2013,8.46,2.62,34.9,49.7,52.9,40.6,81.6,81.5,80.4,3.42,-0.49,-0.62,0.77,-1.47,-0.55,0.58,2.42
037,2014,4.78,3.78,35.3,48.1,50.6,40.2,78.3,81.1,79.97,1.36,1.48,1.98,1.61,0.78,1.95,2.27,-1.32
037,2015,2.84,2.18,37.9,50.6,57.5,42.5,80.8,79.6,79.33,2.31,2.29,1.98,2.19,0.65,-0.22,2,0.5
037,2016,4.77,10.77,37.2,48.6,58.2,46.4,82.8,82.9,82.6,1.85,2.41,2.94,2.4,2.25,2.33,1.57,2.02
037,2017,7.6,4.18,40.7,45.9,53.5,45.8,82.2,78.7,80.93,2.79,4.17,3.47,3.48,5.01,-0.81,1.5,3
037,2018,5.91,2.26,28.3,53.7,55.8,39.6,83.1,82.6,82.07,3.19,2.47,2.4,2.69,-1.17,0.53,1.14,2.04
037,2019,7.96,4.59,36.5,47,58.1,40.3,86.5,80.5,81.8,4.23,3.59,3.12,3.65,-0.62,-0.3,-0.54,4.98
037,2020,6.86,3.48,34.8,47.6,51.2,37.4,85.4,83,83.97,-0.44,-0.47,-1.5,-0.8,-0.21,-3.23,-1.59,4.24
037,2021,4.43,3.84,38.2,47.7,54.8,48.9,82,85.2,83.67,-1.85,-2.12,-2.2,-2.06,-1.39,-0.88,-0.84,-1.97
037,2022,5.12,2.47,34.9,51.5,54.1,38.3,82.3,80.5,81.67,0.39,0.96,2.14,1.16,1.83,3.82,1.5,0.86
037,2023,8.09,3.55,36.6,48.2,56,43.7,83,81,81.9,-1.76,-0.75,-1.24,-1.25,2.48,-1.68,-0.68,-0.9
037,2024,7.71,3.47,40,51.8,54.3,42.8,81.5,81.6,82.13,0.26,1.24,-0.19,0.44,3.03,-0.56,0.85,0.26
037,2025,4.86,4.12,38,46.9,54.2,45.6,85.1,81,83.07,-2.64,-1.87,-1.25,-1.92,1.5,1.27,0.39,-2.34
039,1980,5.9,3.98,37.6,51,56.1,39,90.2,87.4,86.33,-2.68,-3.27,-2.43,-2.79,-2.61,1.53,-0.19,-3.17
039,1981,3.92,3.01,45.5,46.6,53.5,42,82.9,80.3,82,1.58,3.41,5.15,3.38,5.97,6.27,4.47,1.33
039,1982,8.98,3.68,34.7,55.7,53.9,43.2,84.2,80.4,80.47,2.3,2.53,2.48,2.44,1.42,0.64,0.37,2.91
039,1983,4.75,11.52,37.4,47.8,53.5,45,90.3,90.7,88.03,-0.08,-1,-1.62,-0.9,-2.81,-2.17,-1.74,3.08
039,1984,7.62,8.79,40.4,47.4,52.9,48.5,83.7,86.2,85.27,-0.95,-0.82,-1.84,-1.2,0.08,-3.31,-2.03,2.58
039,1985,9.05,7.6,45,52.3,55.1,45.6,84.4,80.2,81.5,0.3,0.28,1.38,0.65,0.03,3.37,1.44,-0.97
039,1986,3.2,11.09,42.4,52.8,57.2,44.9,87.1,81.4,84.3,0.12,0.99,0.45,0.52,2.65,-1.3,0.42,0.17
039,1987,3.56,4.11,39.9,55.5,52.8,34.9,86.8,85,86.07,-2.34,-1.92,-1.54,-1.93,0.53,0.54,-0.05,-2.15
039,1988,5.62,9.31,38.4,49.6,53.6,35.7,90,90,89.23,-2.68,-3.76,-4.6,-3.68,-4.06,-3.68,-3.8,-1.62
039,1989,3.84,7.47,40,48.1,50.1,42.3,85.2,83.6,83.67,0.17,0.02,0.65,0.28,-0.41,1.91,0,0.75
039,1990,10.21,1.89,37.7,49,56.1,39.6,83,82.7,82.8,2.97,3.2,3.06,3.08,1.61,0.58,1.92,1.98
039,1991,4.69,10.27,44.7,58.1,54.6,44.8,88.1,85.8,87.13,-1.23,-1.54,-1.46,-1.41,-1.31,-0.24,-1.63,-0.13
039,1992,4.87,4.76,39.3,48.4,52.4,40.8,82.5,80.2,81.2,-2.16,3.03,2.34,1.07,9.08,-1.12,2.18,-1.88
039,1993,8.51,9.36,39.2,51.6,50.4,38.8,84.9,84.4,83.5,2.28,3.3,3.89,3.16,3.78,2.79,2.45,2.24
039,1994,4.05,5.31,40.3,47.7,51.6,44.1,84.6,81.4,83.83,2.67,1.91,1.63,2.07,-1.45,-0.26,-0.95,3.41
039,1995,7.06,7.38,37.5,49.4,49.6,40.7,87.1,89.5,86.8,-0.56,-1.18,-1.08,-0.94,-2.04,-0.06,-1.26,2.96
039,1996,3.96,3.41,34.8,50.7,52.1,41.5,83.7,83.5,82.97,0.97,1.15,-0.19,0.64,0.84,-0.56,-0.03,1.22
039,1997,8.43,5.04,34.6,46,53.9,41.9,85.4,80,81.77,0.42,0.11,1.25,0.59,-0.81,3.47,1.09,0.25
039,1998,9.88,5.07,41.7,56.1,58.3,44.3,84.2,84.1,83.03,3.28,-0.17,-0.15,0.99,-0.52,0.01,1.11,2.23
039,1999,7.17,3.11,42.9,52.8,50.1,40.4,88.3,82,84.13,1.03,0.57,1.33,0.98,-1.06,2.45,1.12,0.41
039,2000,4.74,2.78,38.7,53.1,53.2,45.6,82.6,85.2,82.7,0.67,-0.13,-0.14,0.13,-0.4,-0.07,0.51,-2.11
039,2001,6.73,5.28,44.3,53.1,51.3,42.9,86.4,85.6,84.03,-1.62,-1.64,-1.57,-1.61,-0.58,-0.29,-0.53,-1.54
039,2002,7.48,3.99,41.4,47.3,55.8,41.1,88.9,84.1,85.93,1.42,1.33,2.12,1.62,0.18,2.76,0.85,1.73
039,2003,4.11,2.41,40.6,49.9,51.6,41.5,84.9,85.7,83.17,0.04,1.13,1.09,0.75,3.28,0.22,0.99,0.24
039,2004,6.34,7.1,40.8,54.9,54.1,43.6,82.3,79.1,80.57,0.73,1.1,2.19,1.34,1.33,3.61,1.75,0.7
039,2005,9.53,6.42,42.4,47.7,57.3,43.8,86.9,85.5,86.3,-2.74,-2.67,-2.49,-2.63,-0.65,-0.27,-1.4,-1.83
039,2006,6.21,5.3,43.4,51.9,52.2,39.7,87.2,83.1,84.23,-2.43,0.69,1.09,-0.22,2.08,1.42,0.96,-2.48
039,2007,8.78,7.52,38.5,55.7,55.7,47.7,83.2,88.5,85.17,-0.76,-1,-1.68,-1.15,-0.96,-2.34,-0.94,-1.02
039,2008,11.14,6.47,40.2,47,55.3,42.1,84.3,82.6,83.63,1.65,2.51,1.6,1.92,3.1,-1.94,0.74,1.44
039,2009,5.94,4.98,40.7,51.5,54.3,41.4,79.1,80.3,80.9,3.23,3.55,4.04,3.61,1.96,2.57,1.97,3.08
039,2010,5.74,8.09,45,53.3,54.8,42,87.1,87.9,86.4,4.47,4.04,3.39,3.97,0.07,-0.69,1.49,3.1
039,2011,5.79,4.67,41.6,51.3,51.7,41.6,89.2,86.5,85.9,2.29,-0.51,-1.28,0.17,-1.53,-2.48,-1.08,2.27
039,2012,3.91,7.15,41.9,55.4,52.4,41.3,94,87.1,88.63,-4.14,-5.12,-4.72,-4.66,-4.2,-0.4,-2.5,-3.54
039,2013,6.88,3.66,39.2,53.5,55.4,43,82.4,83.8,82.63,2.28,-0.27,-1.18,0.28,-0.81,-2.8,-1.06,2.39
039,2014,6.5,3.97,40.6,52.8,52.4,43.1,80,82.7,81.77,0.75,1.61,2.61,1.66,2.8,3.5,2.85,-1.7
039,2015,4.21,3.67,41.7,54.6,57.9,43.9,82.8,82.8,82.2,2.79,3.39,2.82,3,2.67,-0.67,1.74,1.91
039,2016,5.23,11.69,40.9,51,60.1,48.8,84.3,84.8,85.07,1.41,2.52,3.11,2.35,3.77,2.57,1.78,1.94
039,2017,5.95,4.36,45.6,51,55.4,48.1,86.5,81.3,84.23,-0.87,-0.99,-1.18,-1.01,-0.62,-0.9,-1.23,-0.16
039,2018,9.04,2.6,32.8,59.3,58.8,43,83.6,84.8,84.4,0.78,0.98,0.58,0.78,0.84,-0.9,0.31,0.5
039,2019,10.95,6.52,42.1,53.2,60.7,43,87.8,82.7,84.03,3.41,2.43,2.37,2.74,-1.9,0.58,-0.55,3.93
039,2020,10.48,3.13,38.1,51,54,40.4,87,83.6,85.33,-0.55,-0.43,-1.1,-0.69,0.21,-2.14,-1.2,3.56
039,2021,9.03,3.72,41.4,50.9,57.5,50.9,83.2,85.8,84.6,0.87,1.03,1.23,1.04,0.75,0.92,1.16,0.3
039,2022,8.18,3.15,38.8,55,55.2,40,85.2,83.8,84.93,-0.95,-1.29,-1.07,-1.1,-1.31,0.26,-0.94,-0.4
039,2023,8.36,4.47,39.5,51.7,56.6,45.6,85.2,83.3,84.27,-1.75,0.1,0.29,-0.45,0.3,0.61,-0.46,-1.11
039,2024,6.77,4.13,43.2,55.8,55.1,43,83.5,83.6,84.07,-1.07,0.39,0.41,-0.09,1.17,0.18,-0.12,-0.56
039,2025,3.76,7.33,42,50.9,54.2,47.2,87.2,83.7,85.03,-1.72,-0.91,-1.47,-1.37,1.89,-1.95,-0.31,-1.6
041,1980,6.54,4.69,38.9,52.3,55.3,38.6,90.3,87.7,86.63,-1.76,-2.02,-1.43,-1.74,-1.32,1.14,-0.26,-1.74
041,1981,3.61,2.38,45.5,47.4,52.9,41.6,84.2,81.2,83.1,1.09,2.18,4,2.42,3.6,6.15,3.25,1.22
041,1982,10.43,3.74,35.9,55.8,53.7,43.1,85,81.4,81.27,2.04,2.07,1.75,1.95,0.74,-0.33,0.31,2.08
041,1983,4.82,8.93,38.5,48.6,54.5,45.2,90.1,90.1,88.13,1.96,-0.54,-1.09,0.11,-1.62,-1.82,-0.66,1.64
041,1984,6.56,9.35,41,47.8,52.5,49.3,85,86.9,86.53,-1.18,-1.33,-2.12,-1.54,-0.8,-2.77,-2.37,2.59
041,1985,10.46,7.12,45,53,54.2,46.7,85.1,80.1,81.93,0.32,0.17,1.32,0.6,-0.34,3.5,1.37,-0.95
041,1986,4.37,13.79,42.1,53.1,58.5,44.9,88,82.2,85.13,0.13,0.95,0.33,0.47,2.52,-1.57,0.42,0.02
041,1987,3.26,3.8,40.9,56.7,54.2,36.2,86.2,85.2,85.77,0.16,0.95,-0.17,0.31,2.44,-0.51,0.8,-2.5
041,1988,7.86,10.52,39,51.1,54.6,36.4,90.4,90,89.93,-2.78,-3.12,-4.07,-3.32,-1.87,-3.81,-3.28,-1.55
041,1989,5.98,8.82,40.9,48.7,52.4,43.9,84.8,83.5,83.6,0.43,0.14,0.02,0.2,-0.74,-0.32,-0.97,1.17
041,1990,8.4,2.59,39.7,49.9,56.6,40.6,84.5,82.7,83.2,1.36,1.31,1.33,1.33,0.25,0.48,0.84,0.85
041,1991,6.3,10.71,46,59.3,54.7,45.8,87.8,86.7,87.13,-1.89,-2.48,-2.37,-2.25,-2.34,-0.45,-1.98,-0.94
041,1992,5.26,5.02,40.3,49.6,53.7,42.7,82.6,79.9,81.23,-2.42,2.76,2.36,0.9,8.27,-0.33,1.88,-1.84
041,1993,8.48,10.48,40.5,53,52.4,40.7,86,85.1,84.23,2.52,3.14,3,2.89,2.65,0.55,1.07,2.8
041,1994,4.26,7.27,41.9,48.4,52.9,44.7,84.8,82.4,84.57,-0.79,-1.28,-1.04,-1.04,-1.7,0.33,-0.93,-0.35
041,1995,6.23,5.88,40.2,51,51.4,43.4,87.7,89,86.97,-0.38,-0.88,-0.5,-0.59,-1.6,0.87,-0.63,0.84
041,1996,6.41,4.02,36.8,52.4,53.4,43.4,84.6,84.8,83.93,0.01,-0.26,-0.75,-0.33,-0.79,-1.53,-0.76,3.23
041,1997,9.35,5.69,35.6,46.8,54.7,43.4,86.2,80.5,82.33,0.44,0.2,0.95,0.53,-0.6,2.32,0.84,0.2
041,1998,9.36,4.25,43.2,57.8,59.5,45.5,84.7,85.2,83.7,2.69,2.78,-0.47,1.67,1.12,-1.41,1.08,1.69
041,1999,8.74,3.85,44.4,53.6,51,41.9,89.1,83.1,84.9,-0.58,-1.22,-1.04,-0.95,-2.1,0.15,-0.24,-1.1
041,2000,5.66,3.2,38.9,54,53.5,46.3,82.8,84.7,82.8,1.22,1.3,1.49,1.34,0.62,0.96,1.75,-3.55
041,2001,4.39,5.32,47,53.4,52.2,43.3,86.3,85.5,84.17,-1.5,0.4,0.66,-0.15,1.21,0.9,0.57,-1.53
041,2002,7.92,4.74,42.6,47.8,56.7,42.1,90.1,85.3,86.8,-0.35,-0.37,-0.42,-0.38,-0.18,-0.24,-0.49,3.72
041,2003,3.8,2.65,42.7,51.1,52.4,42.4,85.5,86.1,83.47,0.08,1.08,0.7,0.62,3.03,-0.81,0.47,0.39
041,2004,8.46,7.34,42.6,56.5,55,44.6,82.1,79.6,80.83,0.82,1.22,1.69,1.24,1.46,1.78,0.85,1.16
041,2005,9.82,6.73,43.4,48.4,58.6,44.4,86.8,85.9,86.17,-1.99,-2.18,-1.98,-2.05,-1.17,-0.07,-1.2,-1.34
041,2006,7.23,4.81,44.3,52,53.1,40.3,87.1,83.9,84.6,-1.59,-1.64,-1.64,-1.62,-0.65,-0.51,-0.96,-1.14
041,2007,7.92,6.81,39,56.3,57.3,49.1,83.2,89.4,85.77,-1.84,-1.72,-2.19,-1.92,-0.22,-1.93,-0.99,-1.75
041,2008,10.79,5.93,41.2,48.3,57.1,43.4,84.2,82.8,83.83,2.66,4.12,3.09,3.29,5.2,-1.8,2.57,1.36
041,2009,5.82,5.79,41.9,52.4,56.1,42.5,79.7,81.4,81.57,4.35,4.39,4.81,4.52,1.46,2.64,2.22,3.9
041,2010,5.82,8.18,46.3,54.6,55.7,42.7,87.2,88.7,86.9,3.43,3.74,-0.59,2.19,1.99,-1.76,1.15,2.62
041,2011,6.63,6.06,43.3,52.5,53.5,42.7,89.8,86.9,86.67,1.61,-0.66,-1.56,-0.2,-1.97,-2.9,-1.41,1.55
041,2012,5.84,8.93,42.7,56.3,53.5,42.4,94.7,87.1,88.87,-3.33,-4.55,-4.44,-4.11,-4.7,-1.07,-2.91,-2.61
041,2013,7.44,3.73,40.3,54.3,56.5,43.7,81.8,83.4,82.27,2.35,2.3,-0.87,1.26,0.56,-2.61,0.1,1.74
041,2014,6.22,4.34,42.1,53.4,53,43.9,80.2,82.3,81.93,0.69,1.01,1.15,0.95,1.18,0.71,1.32,-0.48
041,2015,4.57,3.82,42.4,55.4,58.1,44.6,83.2,83,82.4,1.47,-0.15,-0.43,0.3,-0.45,-0.88,1.03,-0.85
041,2016,5.54,12.39,41.5,51.2,60,49.1,84.3,85,85.13,-0.69,0.41,0.97,0.23,1.22,1.8,0.83,-0.57
041,2017,5.2,4.39,46,52,56.2,48.6,86.5,82.2,84.47,-0.6,-0.42,-1.06,-0.69,0.35,-2.06,-1.17,1.35
041,2018,9.72,3.64,34,60.3,60.4,44,84.1,84.2,84.4,1.84,2.17,2.14,2.05,1.54,0.58,1.85,0.78
041,2019,9.81,6.21,42.3,53.7,60.7,44.1,87.2,82.9,83.97,3.05,2.56,2.41,2.67,-0.53,0.34,0.3,2.99
041,2020,11.84,4.21,37.7,50.5,54.4,40.9,86.9,82.9,84.9,2.96,3.29,-0.47,1.93,1.91,-1.4,0.39,3.05
041,2021,8.27,4.16,41.3,50,58.1,51.6,84.3,86.7,85.17,1.14,1.24,1.24,1.21,0.64,0.38,1.39,0.11
041,2022,9.47,3.94,39.9,55.3,55.4,40.7,85.6,83.5,85,-1.45,-1.56,-0.97,-1.33,-0.77,1.29,-0.81,-0.52
041,2023,9.08,3.99,40.1,52.4,56.1,45.7,85.4,83.8,84.37,-2.29,-1.95,-1.56,-1.93,0.31,0.56,-0.18,-2.03
041,2024,7.59,3.3,44.4,56.6,56.6,43.7,83.4,83.6,84.1,-1.98,-0.77,-0.65,-1.13,3,0.11,0.22,-1.3
041,2025,3.92,6.86,42.7,51.8,54.9,47,87.7,84.2,85.47,-1.95,-1.39,-1.97,-1.77,1.08,-2.15,-0.64,-1.85
043,1980,3.43,5.86,36.8,48,54.4,37.5,85.4,82.8,81.87,0.58,0.6,1.69,0.96,0.25,3.45,1.24,0.64
043,1981,2.62,3.64,40.7,44.4,52.2,39,80.4,79.6,79.97,2.2,2.42,3.05,2.56,1.34,2.63,1.97,1.73
043,1982,6.91,3.07,33.2,53.3,52.4,42.1,82.9,78.4,78.6,1.04,2.3,2.16,1.83,4.1,0.29,1.14,1.51
043,1983,5.49,12.08,35.4,45,52.4,43,88.2,87,85.4,3.93,4.1,3.14,3.72,1.7,-1.6,-0.04,4.47
043,1984,5.57,8.02,37.8,45.5,51.2,45.3,82.5,85.4,83.23,-0.32,-0.81,-1.53,-0.89,-1.58,-2.4,-1.64,3.34
043,1985,8.96,5.89,43,50.3,55.7,43.5,82.9,79.1,79.7,-1.72,-1.62,-1.71,-1.68,-0.24,-0.78,-0.96,-1.22
043,1986,3.88,9.11,40.3,49.9,57,44.1,84.2,78.7,80.63,0.07,0.41,-0.44,0.01,1.06,-1.33,-0.02,-1.4
043,1987,3,2.78,38.8,52,53.5,35.8,86,80.6,83.6,-1.71,-1.62,3.17,-0.05,-0.25,9.51,2.67,-1.44
043,1988,5.44,7.42,37,47.8,53.7,35.6,88.5,86.6,86.93,-2.28,-2.6,-2.82,-2.57,-1.66,-1.48,-2.29,-1.15
043,1989,3.33,7.57,35.8,45.9,50.7,40.9,83.2,80.4,80.6,-2.23,0.89,1.19,-0.05,2.67,1.18,1.06,-2.23
043,1990,7.96,2.69,38.6,46.3,55.4,38.9,80.6,80.1,80.33,2.61,2.71,3.12,2.81,1.09,2.09,1.58,2.33
043,1991,5.24,7.51,41.6,55,52.8,42.8,86.8,84.3,85.23,-1.4,-2.47,-3.12,-2.33,-3.62,-2.73,-3.52,3.09
043,1992,4.77,4.88,36.5,44.9,51.9,40,78.5,77,77.93,-2.41,0.33,0.09,-0.66,0.98,-0.61,-0.91,-1.54
043,1993,7.69,8.77,36.3,48.7,50.1,38.7,82.6,81.8,80.6,4.37,3.78,3.9,4.02,-0.42,1.52,2.81,2.15
043,1994,5.07,2.73,39.3,45.1,55,43.9,82.2,77.8,80.9,0.39,-0.48,0.84,0.25,-1.44,2.53,0.75,-2
043,1995,5.67,7.67,35.8,47.4,50.5,42.6,86.6,86.9,85.47,-0.89,-1.11,-1.13,-1.04,-0.92,-0.4,-1.33,2.07
043,1996,2.92,4.69,34.2,45.9,53.3,41.4,80.2,82.2,80.37,1.67,3.35,2.56,2.53,5.56,-1.33,2.01,1.19
043,1997,9.13,3.52,33.6,42.5,53.2,41.8,83.9,78.8,80.9,-0.56,-0.85,-0.23,-0.55,-1.05,1.6,-0.05,-0.37
043,1998,7.93,3.29,39.7,53.5,56.5,44.2,84,83,82.13,1.06,0.57,1.07,0.9,-1.16,1.68,0.55,0.77
043,1999,6.53,3.15,40,50.7,49.7,39.6,88,80,82.97,2.71,-0.42,-0.59,0.57,-1.25,-0.66,-0.08,2.4
043,2000,3.7,3.26,36.5,51.8,53.7,44.9,80.4,82.2,80.13,1.56,1.79,1.47,1.61,1.2,-0.42,1.15,0.75
043,2001,5.27,5.46,41,50.3,51.6,43.1,85.8,83.3,82.47,-0.88,-1.15,0.23,-0.6,-1.09,0.68,-0.54,-0.53
043,2002,5.03,2.92,40.2,44.6,55,40.7,87,83.6,84.17,-0.05,-0.61,-0.09,-0.25,-1.69,1.36,-0.16,1.94
043,2003,2.41,2.28,37.1,46.3,52.3,40.3,83,83.7,81.5,0.24,1.29,1.03,0.85,3.23,-0.37,0.2,1.11
043,2004,5.71,7.7,38.4,49.5,54.2,43,80.8,77.3,78.7,1,0.76,1.37,1.04,-0.41,2.05,0.78,0.86
043,2005,7.63,5.36,40.2,45.6,57.9,44.2,86.4,84.2,85.47,-2.75,-3.39,-3.87,-3.34,-2.76,-2.5,-3.19,-1.46
043,2006,7.11,3.66,41.3,49.1,52.2,38.9,85.3,82.2,82.13,0.33,0.03,0.14,0.17,-0.81,0.33,0.13,0.04
043,2007,7.4,6.24,36.4,51.1,55,48.4,83,83.6,82.83,0.58,0.8,2.47,1.28,0.85,5.24,1.4,1.35
043,2008,7.51,4.36,38.9,44,54.9,41.8,83.5,81.9,82.2,1.78,1.84,1.38,1.67,0.75,-0.84,0.14,1.79
043,2009,9.62,6.81,36.8,48.5,54,40.3,78.5,79.4,78.87,5.06,4.21,4.48,4.58,-1,2.12,0.84,5.12
043,2010,3.85,4.61,42.9,51.3,54.4,41.7,86.8,85.3,84.23,3.27,4.29,4.04,3.87,4.08,0.56,2.9,2.14
043,2011,5.97,4.31,38.2,48.6,52.3,41.7,88.4,82.8,83.77,2.96,3.51,3.62,3.36,2.58,1.39,1.69,2.89
043,2012,4.91,5.78,38.6,52.6,51.3,40.2,91.4,83.9,86.5,-2.55,-3.24,-3.22,-3,-2.85,-0.96,-2.37,-1.62
043,2013,7.71,3.01,36,50,54.8,41.7,81.8,82.5,81,2.74,2.19,1.6,2.18,-0.82,-1.09,-0.23,2.61
043,2014,5.5,4.12,36.7,49.3,52.1,41.8,79.2,82,80.8,2.25,2.35,3.57,2.72,1,4.38,3.11,1.04
043,2015,3.18,2.29,37.9,50.6,58.2,44.1,81.8,80.6,80.07,2.85,2.75,2.48,2.69,0.58,0.03,1.89,1.3
043,2016,5.66,10.1,37.4,48.6,59.6,46.6,84,84.2,83.47,2.12,2.96,3.2,2.76,3.15,1.65,1.26,2.75
043,2017,8.94,3.72,41.3,46.2,55.4,47.3,83.1,79.7,81.87,2.88,3.74,3.19,3.27,3.47,-0.5,0.82,3.4
043,2018,7.15,2.68,30.2,54.4,57.5,41.6,84.4,84.5,83.23,4.09,3,2.98,3.36,-2.01,0.88,0.88,3.15
043,2019,7.01,5.44,38.2,47.4,59.6,41.3,86.4,81.4,82.13,4.91,4.7,4.1,4.57,0.9,-0.35,0.27,5.38
043,2020,6.9,3.42,35.8,47.8,53.4,38.2,86.2,84.3,84.73,-0.26,-0.63,-1.62,-0.84,-1.2,-3.15,-1.71,5.74
043,2021,3.78,4.17,39.7,48.2,57.1,50.1,82.3,85.7,83.97,-1.69,-2.03,-2.12,-1.95,-1.53,-0.9,-0.05,-2.74
043,2022,6.7,2.99,36.6,53,55.6,40,83.6,82.3,82.9,-0.72,-0.08,-0.13,-0.31,1.69,-0.18,-0.21,0.05
043,2023,9.1,3.45,38.1,48.6,57.2,44.8,83.8,82,82.43,-2.36,1.73,-0.4,-0.34,5.18,-1.19,0.23,-1.41
043,2024,8.08,3.77,41.4,52.2,56.9,45.2,82.9,83,83.13,0.87,1.35,0.01,0.74,1.7,0.02,0.78,0.75
043,2025,5.2,4.9,39.2,46.9,55.7,47.1,85.9,81.9,83.83,-2.43,-1.73,-1.35,-1.84,1.35,0.62,0.15,-2.15
045,1980,6.67,5.89,38,51,56,38.9,90,87.3,86.33,-0.79,-1.12,0.44,-0.49,-1.23,1.32,0.12,-0.98
045,1981,4.1,2.2,46.2,47.7,53.2,41.1,84.2,81.6,83.27,1.22,1.78,2.92,1.97,2.06,3.95,1.62,1.79
045,1982,10.94,4.25,36.2,55.9,53.6,43,85,81.4,81.23,2.23,2.87,2.72,2.61,2.6,0.44,1.29,2.18
045,1983,4.74,9.4,38.6,48.4,54.1,44.8,89.8,89.4,87.67,2.14,1.53,1.5,1.72,-1.15,0.38,-0.1,2.21
045,1984,6.28,8.55,40.7,48,53,49.9,84.6,85.8,85.83,-1.1,-1.46,-1.97,-1.51,-1.43,-1.98,-2.23,2.4
045,1985,11.14,7.46,46,53,54.9,47.1,84.9,80.1,81.7,1.31,1.01,2.12,1.48,-0.49,3.65,1.32,1.17
045,1986,5.08,14.14,42.7,53.6,57.8,44.7,87.8,82.1,84.87,-1.16,-0.85,-1.4,-1.14,0.58,-1.91,-0.65,-1.07
045,1987,3.85,3.44,40,55.9,54.7,36.3,86,85.2,85.67,-2.36,-1.27,-1.66,-1.76,2.53,-1.57,0.25,-2.55
045,1988,8.37,8.75,38.8,50,54.7,36.5,90.4,89.4,89.67,-2.37,-2.21,-2.96,-2.51,-0.26,-2.93,-2.32,-1.24
045,1989,6,9.34,39.9,47.8,52.6,44.3,84.4,82.9,83.23,0.82,1.85,2.81,1.83,3.35,3.44,1.74,1.5
045,1990,8.73,2.85,40.1,50,56.6,41,84.5,82.3,82.97,2.82,2.92,3.39,3.04,1.17,2.31,1.65,2.6
045,1991,6.78,11.46,46,58.8,54.1,46,87.8,86.1,86.8,-1.54,-1.98,-1.89,-1.8,-1.8,-0.36,-1.42,-0.94
045,1992,6.14,5.51,40.6,49.3,53.4,41.9,82.4,79.6,81,-1.51,1.57,1.41,0.49,4.7,0.03,0.79,-0.8
045,1993,9.46,11.16,40.1,52.3,51.7,40.3,85.9,85,84.03,2.56,2.69,3.53,2.93,1.19,3.34,1.63,2.72
045,1994,4.37,8.66,42.4,47.8,53.3,44.7,84.4,81.6,84.07,-0.77,-0.96,-0.78,-0.84,-0.8,0.24,-0.68,-0.31
045,1995,6.77,6.03,40.1,50.8,51.3,44,86.8,89.1,86.47,-0.24,-0.7,-0.39,-0.44,-1.46,0.74,-0.48,0.61
045,1996,6.45,4.37,36.7,52.2,52.1,42.7,84.4,84.8,83.8,2.43,1.91,1.3,1.88,-0.81,-1.25,-0.46,2.47
045,1997,10.89,6.31,35.6,45.7,54,42.6,86.2,80.5,82.07,-0.25,-0.82,-0.14,-0.4,-1.81,1.8,0,-0.28
045,1998,9.93,4.26,43.3,56.8,58.1,45.4,84.2,84.8,83.57,3.15,2.95,3.01,3.04,0.39,1.09,2.39,1.39
045,1999,10.82,4.35,44.2,52.7,51,41.6,89.2,84.2,85.23,-0.47,-0.97,-1.22,-0.89,-1.64,-1.05,-0.65,-0.8
045,2000,6.71,3.06,39,53.8,52.9,46.3,82.5,84.2,82.63,1.07,1.03,1.49,1.2,0.22,1.68,1.7,-3.47
045,2001,4.64,5.43,46.9,53.6,52.1,43.2,85.6,85,83.6,-1.52,0.97,1.17,0.21,2.91,0.9,1,-1.4
045,2002,8.89,5.22,43.2,48.5,56.7,42.1,89.9,85.9,86.9,-0.45,-0.87,-1.2,-0.84,-1.42,-1.23,-1.33,4.14
045,2003,4.41,3.61,42.2,51.2,51.9,41.8,85.2,85.3,83.13,0.07,0.98,0.82,0.62,2.75,-0.17,0.65,0.31
045,2004,8.69,7.71,42.9,56.8,55,43.8,82.4,80.3,81.3,1.04,1.23,1.57,1.28,0.87,1.41,0.53,1.41
045,2005,11.37,7.44,42.7,47.6,57.2,43.8,87.6,85.9,86.3,-1.73,-1.7,-1.31,-1.58,-0.43,0.64,-0.55,-1.24
045,2006,8.04,4.51,44.3,51.5,52.9,40.6,86.8,84.4,84.7,0.71,0.96,1.11,0.93,0.96,0.75,0.79,0.55
045,2007,9.17,8.05,38.8,56.1,57.1,49,83.8,90,86.4,-1.5,-1.51,-1.53,-1.51,-0.5,-0.52,-0.61,-1.38
045,2008,11.28,6.25,40.9,48,56,42.4,84.9,83.3,84.3,3.63,4.03,3.15,3.6,2.32,-1.39,2.33,1.8
045,2009,6.71,6.36,41.8,51.8,55.2,41.9,79.7,82.3,81.9,3.87,4.09,4.41,4.12,1.86,2.24,1.87,3.75
045,2010,5.48,7.06,46.4,54.5,55.4,41.4,87.9,89.3,87.7,1.36,1.47,-0.8,0.68,0.77,-2.4,0.72,0.1
045,2011,9.93,5.7,43.2,52.2,53.6,41.7,90,86.2,86.5,3.13,2.34,1.45,2.31,-1.4,-1.96,-0.69,3.02
045,2012,6.11,11.68,42,56,53,41.8,95.5,87.3,89.4,-3.07,-4.55,-4.33,-3.98,-5.4,-0.75,-3.17,-2.17
045,2013,8.77,4.92,40.1,53.8,55.6,43.4,81.6,83,81.9,1.84,1.73,-0.75,0.94,0.25,-2.24,-0.31,1.66
045,2014,7.13,6.41,41.7,52.7,52,43.6,80.3,82.4,82.03,0.86,0.78,1.09,0.91,0.03,1.16,0.97,0.32
045,2015,5.83,4.89,42,54.3,57,44.3,83.3,83.2,82.57,2.24,-0.15,-0.61,0.49,-0.44,-1.44,0.8,0.91
045,2016,6.38,13.19,40.9,50.2,59.3,48.5,84.5,85.2,85.2,0.76,1.45,2.13,1.45,2.32,2.49,1.71,0.72
045,2017,5.8,3.9,45.2,51.4,55.1,47.8,86.1,82.1,84.17,-0.18,-0.23,-0.62,-0.34,-0.21,-1.24,-0.66,1.57
045,2018,10.66,4.16,33.6,58.5,59.3,43.7,84.8,83.7,84.47,2.05,2.03,2.22,2.1,0.55,1.19,1.18,1.62
045,2019,11.24,6.49,41.6,52.5,59.7,43.5,87,82.8,83.67,3.85,3.13,3.09,3.36,-0.98,0.83,0.78,3.38
045,2020,11.97,4.97,37,49.2,53.5,40.8,86.4,82.3,84.4,2.48,3.79,3.04,3.1,4.72,-1.08,1.59,2.34
045,2021,9.42,5.86,40.8,48.1,57.2,51.3,84.1,86.8,85.13,2.37,2.52,2.23,2.37,1.2,-0.09,1.4,1.49
045,2022,10.38,4.76,39.2,54.1,54.5,39.7,85.8,83.9,85.2,-1.02,-1.01,-0.56,-0.86,-0.28,1.04,-0.57,-0.21
045,2023,11.26,3.88,38.9,50.5,54.8,45,85.7,84.1,84.53,-1.17,-1.09,-0.98,-1.08,-0.1,-0.02,-0.31,-1.01
045,2024,7.87,3.02,44.3,55.9,55.6,42.8,83.9,84.4,84.53,-2.36,-1.48,-1.71,-1.85,1.91,-1.15,-0.57,-1.71
045,2025,5.1,6.65,42.6,51.3,53.7,45.6,88.2,83.6,85.4,-2.41,-2.03,-2.46,-2.3,0.4,-1.93,-0.41,-2.79
047,1980,8.09,7.84,41.8,54,58.7,41.7,92.5,92.6,90.33,-0.98,-1.35,-1.94,-1.42,-1.43,-2.17,-1.16,-1.13
047,1981,4.59,3.33,49.2,50.4,55.2,43.9,87.5,84.3,85.9,-0.76,-0.5,-0.28,-0.51,0.54,0.51,-0.41,1.82
047,1982,11.75,6.37,39.7,58.3,56.1,45.8,87.4,83.9,83.83,0.03,0,0.05,0.03,-0.07,0.15,0.06,-0.63
047,1983,6.22,14.43,39.8,51.5,57.2,47.2,92,93.7,90.2,3.26,-0.67,-1.49,0.37,-2,-2.67,-1.29,3.33
047,1984,10.02,11.31,44.1,51.3,55.2,52.6,87.2,87.5,87.73,-1.16,-1.66,-2.27,-1.7,-1.87,-2.34,-2.46,-0.12
047,1985,11.38,11.98,48.5,55.4,56.4,49.6,87.2,83,83.77,2.11,1.38,2.69,2.06,-1.55,4.38,1.98,1.2
047,1986,8.07,12.12,46.8,56.2,61.2,47.5,90.4,83.2,86.7,-0.79,0.81,0.86,0.29,2.44,0.38,0.82,-0.75
047,1987,5.37,4.5,41.8,58.1,55.6,38,88.3,88.8,87.97,-1.86,-0.71,-1.3,-1.29,2.87,-2,0.46,-2.26
047,1988,11.67,8.47,42.4,51.9,56.7,38.7,90.7,90.9,90.7,-2.12,-1.71,-2.53,-2.12,0.59,-3,-1.81,-1.24
047,1989,16.5,8.32,43.8,50,56.7,45.8,86.4,86,85,2.04,2.07,2.6,2.24,0.73,2.23,1.44,1.77
047,1990,10.78,3.27,42.2,52.5,58.7,42.8,87.7,85.6,86.2,1.38,-0.23,-0.69,0.15,-0.68,-1.46,-0.61,1.42
047,1991,10.8,10.58,49.2,61.7,56.9,47.6,89.6,89.3,88.7,-2.06,-2.8,-3.4,-2.75,-2.88,-2.64,-2.65,-1.39
047,1992,6.16,8.15,44.3,52.2,55.2,43.2,86.9,82.6,83.5,-2.49,0.77,0.66,-0.35,2.3,-0.07,0.01,-1.97
047,1993,10.02,7.26,42.3,54.6,54.5,41.9,90.4,87.5,87.43,0.95,1.43,1.18,1.19,1.74,-0.3,0.45,1.09
047,1994,6.43,11.29,45.4,49.9,54.6,46.5,86.7,84.6,86.13,-0.27,-0.64,-0.68,-0.53,-1.19,-0.31,-0.3,-0.52
047,1995,8.68,8.04,42.8,53.8,54.1,45.3,88.6,90.7,88,1.47,-0.42,-0.4,0.22,-1.25,-0.08,-0.32,1.5
047,1996,8.11,6.13,40.5,57,55.5,44.9,85.4,86.9,85.27,2.59,2.34,1.9,2.28,0.04,-0.59,0.47,2.16
047,1997,13.56,8.06,39.4,49.3,55.9,45.8,88.3,83.7,84.2,3.02,-0.4,-0.3,0.77,-1.2,0.17,0.77,2.12
047,1998,9.25,5.92,45.1,59.6,61.4,47.6,86.6,86.3,85.7,1.63,1.72,2,1.78,0.8,1.36,1.38,1.07
047,1999,14.2,5.16,47.7,54,52,43.4,90.2,86.3,86.97,1.77,2.36,-0.4,1.24,2.34,-1.19,0.76,1.55
047,2000,10.91,4.03,41.1,57.4,55.9,48.7,85,85.8,84.73,1.36,1.59,3.13,2.03,1.12,5.11,3.44,-2.05
047,2001,5.34,6.11,49.4,55.4,54.5,44.9,88.1,87.5,86.23,-2.35,-1.69,-1.73,-1.92,1.25,-0.63,-0.13,-2.25
047,2002,10.87,9.06,47.2,51.4,61.3,45.6,92.2,89.9,90.03,-0.42,-1.15,-2.21,-1.26,-2.32,-3.51,-2.37,3.13
047,2003,8.44,6.75,46.2,54.5,53.9,44.5,87.6,88.6,85.6,-0.08,-0.3,-0.73,-0.37,-0.68,-1.38,-0.77,0.66
047,2004,8.97,6.49,45.8,60,57.4,48.5,84.7,82.4,83.57,0.16,0.97,2.55,1.23,2.48,5.02,2.02,0.71
047,2005,12.19,8.34,45.9,50.6,61.2,46.5,88,89.2,88,-1.89,-2.42,-1.43,-1.91,-2.15,2.22,-0.83,-1.16
047,2006,13.3,5.05,47.6,54.3,54.8,43,89,87.8,87.27,0.96,0.67,1.04,0.89,-0.6,1.34,0.47,0.83
047,2007,10,9.3,41.4,57.8,59.3,50.5,86.8,95.1,89.43,-1.39,-1.69,-2.49,-1.86,-1.34,-2.91,-1.49,-1.46
047,2008,17.84,7.26,43.6,51,58.9,44.7,87.2,85.2,86.33,3.16,3.48,-0.48,2.05,1.96,-1.44,0.19,3.5
047,2009,6.89,7.48,44.8,55.2,59.1,44,82.1,84.3,84.3,1.44,2.44,2.14,2.01,3.44,-0.14,1.18,1.52
047,2010,7.24,6.69,49.3,57.7,57.4,44.4,89.9,91.6,90.13,-0.95,-0.59,-0.93,-0.82,0.79,-1.21,-0.2,-0.98
047,2011,10.42,7.61,47.3,55.4,56.5,44.4,91.8,88,88.67,3.66,4.02,3.1,3.59,2.2,-1.52,1.29,2.9
047,2012,6.85,11.73,45.8,59,56.5,45.2,97.8,89.2,92,-3.56,-4.64,-4.78,-4.33,-4.34,-1.86,-3.31,-2.58
047,2013,12.35,3.79,43.7,55.5,58.9,46.1,84.3,85.2,84.27,2.82,3.78,3.15,3.25,3.76,-0.72,1.91,2.15
047,2014,4.9,9.28,46.2,56.4,56.1,47.9,83.1,84.6,84.17,1.77,1.8,2.51,2.03,0.62,2.7,1.36,1.69
047,2015,10.03,6.2,46.8,57.5,59.8,47.5,85.9,84.3,84.6,3.74,3.72,3.4,3.62,1.11,0.18,2.19,2.21
047,2016,8.67,11.87,45,54.2,61.6,52.2,87.8,87.5,88,1.02,1.74,2.6,1.79,2.47,3.11,1.34,1.72
047,2017,5.98,4.62,49.8,56.1,58.9,50.2,89.5,84.2,86.8,-1.14,-1.21,-1.64,-1.33,-0.57,-1.66,-1.09,-0.89
047,2018,14.78,4.43,38.2,62.2,64.3,47.2,87.7,86.4,87.07,1.77,1.44,1.78,1.66,-0.42,1.46,1.54,0.64
047,2019,15.28,9.12,45.9,57.2,62.9,46.2,88.1,85.9,85.8,5.09,4.8,5.15,5.01,0.68,2.55,1.8,4.87
047,2020,15.84,7.18,41.5,53.7,57.5,44.4,89.3,84.8,86.77,3.28,4.46,4.32,4.02,4.54,0.97,1.7,3.81
047,2021,11.85,7.08,43.5,52.2,59.2,53.6,86.2,87.2,86.13,1.67,2.66,3.12,2.48,3.48,2.2,2.12,1.61
047,2022,12.46,5.09,44,58.2,57.7,42.8,87.7,85.6,86.77,0.69,1.75,2.23,1.56,3.39,1.96,1.24,1.37
047,2023,13.76,4.99,43.8,54.3,58,48,88.1,85,86.03,-1.04,-1.01,0.86,-0.4,-0.24,2.59,0.33,-0.65
047,2024,9.14,2.99,48.5,60.5,59.7,46.1,86.2,86.1,86.3,-0.61,1.13,0.88,0.47,3.39,-0.41,0.46,-0.08
047,2025,7.9,9.24,46.6,55.3,59,50.3,89.8,84.8,86.53,1.41,2.12,-0.44,1.03,2.54,-1.32,0.44,1.54
049,1980,6.49,5.55,40.8,52.6,56.4,39.7,91.4,90.3,88.23,0.1,0.41,0.47,0.33,0.98,0.31,0.53,-1.13
049,1981,4,2.15,47.8,48.6,54.4,43.1,85.9,82.7,84.07,0.35,1.21,2.24,1.27,2.68,3.49,1.69,0.8
049,1982,10.98,3.98,37.7,57,55.2,43.7,85,81.6,81.4,1.49,2.08,2.22,1.93,2.21,1.07,1.37,1.35
049,1983,5.05,10.88,39.5,49.4,55.1,46.3,90.3,91.7,88.57,3.42,-0.57,-1.44,0.47,-1.72,-2.78,-0.79,3.01
049,1984,7.13,10.59,42.6,49.5,54.2,50.8,85.6,87.2,86.5,-0.96,-1.68,-2.34,-1.66,-2.46,-2.52,-2.62,3
049,1985,11.79,9.14,47.1,53.6,56.8,48.2,85.5,80.9,81.93,2.45,1.83,2.79,2.36,-1.11,3.44,1.61,1.8
049,1986,4.62,13.34,45,55.2,59.8,46.6,88.9,82.4,85.7,-2.36,1.02,0.65,-0.23,3.07,-0.79,-0.03,-1.75
049,1987,4.6,3.53,40.6,57.5,55.4,36.9,87.1,86.7,86.9,-2.11,-1.12,-1.54,-1.59,2.33,-1.62,-0.18,-1.89
049,1988,11.25,11.04,40.4,50.9,56.8,38.2,90.2,91,90,-2.57,-2.76,-3.64,-2.99,-1.38,-3.48,-2.8,-1.55
049,1989,8.7,8.69,42.2,49.1,54.1,45,86.1,85.3,84.93,0.6,0.37,0.29,0.42,-0.51,-0.12,-0.42,0.9
049,1990,9.3,2.71,41.1,51.2,58,41.6,86.7,84,84.93,1.8,1.74,1.98,1.84,0.39,1.27,0.92,1.6
049,1991,7.31,12.22,47.4,60.3,55.9,46.5,88.5,87.8,87.77,-1.19,-1.53,-1.64,-1.45,-1.38,-0.82,-1.35,-0.64
049,1992,6.06,5.61,42.2,50.7,54.7,42.4,86,80.8,82.87,-1.92,0.19,0.07,-0.55,0.57,-0.29,-0.87,-1.07
049,1993,9.6,10.19,40.9,53.1,53.8,41,87.9,86.4,85.77,1.65,2.89,3.17,2.57,4.22,1.75,2.03,1.79
049,1994,5.65,9.39,42.8,48.4,53.7,45.9,86,83.8,85.33,-0.03,-0.15,-0.66,-0.28,-0.36,-1.57,-0.32,-0.4
049,1995,8.36,6.38,40.9,52.4,52.1,44.2,87.6,90,87.07,1.66,-0.17,-0.08,0.47,-0.5,0.2,0.03,1.7
049,1996,6.96,4.49,38.5,54.6,54.1,44.3,85.5,86.3,84.93,-0.15,-0.58,-1.26,-0.66,-1.35,-2.21,-1.33,2.33
049,1997,11.36,6.63,37.5,47.7,55.2,44.5,87.1,82.3,83.1,-0.45,-0.64,-0.47,-0.52,-0.7,0.31,-0.15,-0.48
049,1998,10.43,4.49,43.9,58.4,60.2,46.8,84.9,85,84.3,1.9,2.28,0,1.39,1.7,0,1.5,1.08
049,1999,12.36,4.47,46.6,53.2,51.2,42.6,89.7,84.9,85.73,1.83,-0.1,-0.3,0.48,-0.29,-0.63,0.3,1.37
049,2000,6.7,3.9,40.1,55.3,54.7,47.4,83.4,84.8,83.37,1.49,2.36,3.4,2.42,3.07,3.85,3.65,0.16
049,2001,5.07,6.04,48.1,54.3,53.3,43.6,86.8,87.2,85.07,-1.28,-1.25,-1.15,-1.23,-0.3,-0.08,-0.08,-1.48
049,2002,9.62,6.17,45.2,49.8,58.4,43.9,90.6,88.1,88.2,-0.16,-1.01,-1.71,-0.96,-2.6,-2.42,-1.83,3.85
049,2003,5.49,4.06,44.4,53,52.8,43.1,87.4,87.2,84.57,0.65,0.93,1.03,0.87,1.06,0.56,0.57,0.69
049,2004,9.75,7.93,44.4,58.6,55.8,46.7,83.7,81.8,82.57,1.13,1.33,1.97,1.48,0.96,2.32,0.62,1.79
049,2005,11.81,7.51,45.2,49.2,59.3,45.3,88.8,88.4,88,-2.26,-2.64,-2.64,-2.51,-1.82,-0.83,-1.71,-1.6
049,2006,9.09,5.5,45.4,53.3,53.2,41,88.1,86.4,86.23,-0.38,-0.47,-0.26,-0.37,-0.37,0.48,-0.12,-0.26
049,2007,9.3,7.61,39.6,57,57.9,49.1,84.8,92.7,87.67,-1.12,-1.4,-2.09,-1.54,-1.18,-2.48,-1.26,-1.21
049,2008,14.5,5.44,41.7,49.9,58.1,44.3,86.1,83.8,85.17,3.34,4.27,3.85,3.82,3.8,0.08,2.24,2.67
049,2009,6.42,7.18,43.2,53.9,57,43.1,81.4,83.2,83.17,3.78,3.71,3.72,3.74,0.96,1.18,0.89,4.02
049,2010,5.66,7.36,47.8,56.4,55.9,42.9,88.9,89.6,88.57,2.99,3.58,2.92,3.16,2.69,-0.88,1.61,2.22
049,2011,9.28,7.13,45.4,54.5,54,43.2,91,87.1,87.57,4.04,3.74,2.73,3.5,0.36,-1.88,0.8,3.05
049,2012,6.87,10.4,43.3,57.5,54.2,43.4,96.5,88,90.23,-2.79,-4.16,0.25,-2.23,-4.98,0.76,-2.52,-1.87
049,2013,9.76,4.14,41.4,55,57.3,44.6,82.3,83.7,82.6,3.67,3.94,3.14,3.58,1.95,-1.18,0.93,3.34
049,2014,5.71,5.91,43.9,54.8,53.9,46,81.4,83.1,82.63,1.49,1.32,1.76,1.52,-0.06,1.74,0.52,1.71
049,2015,5.95,5.68,44.3,56.3,59,45.5,84,83.3,82.87,3.26,3.22,3.26,3.25,0.89,1.14,2.66,1.41
049,2016,6.34,14.94,43.1,52.8,60.5,50.3,84.9,85,85.57,1.75,2.56,3.45,2.59,2.98,3.45,1.4,2.77
049,2017,5.47,4.3,46.7,53.8,56.7,49.1,87.6,82.3,84.83,-0.42,-0.13,-0.65,-0.4,0.76,-1.59,-0.7,2.77
049,2018,11.85,4.06,35.6,61.5,61.6,45.4,85,83.9,84.93,1.92,2.72,3.56,2.73,3,3.36,3.3,0.82
049,2019,12.2,7.17,44,55.4,61.5,45,87.1,83.5,83.97,5.32,4.58,5.29,5.06,-0.57,3.54,1.79,5.03
049,2020,14.25,5.94,39.8,52.2,55.6,41.9,86.8,82.8,84.73,3.7,4.98,4.44,4.37,4.97,-0.06,1.24,4.57
049,2021,11.02,6.22,42.9,51.4,58.4,52.6,84.1,85.8,84.67,2.03,3.05,3.53,2.87,3.68,2.38,1.78,2.53
049,2022,12.35,4.78,41.4,56.2,57,41.6,85.8,83.9,85.07,2.8,4.13,5.97,4.3,4.85,6.81,3.77,3.25
049,2023,11.57,4.57,42,53.7,57.5,46.9,86.9,84.3,85.07,-1.1,-1.39,-0.7,-1.06,-1.21,1.64,-0.34,-0.69
049,2024,8.26,3.41,46.2,58.5,58,45.2,84.1,84.3,84.67,-2.07,-0.75,-1.02,-1.28,3.32,-1.05,-0.01,-1.45
049,2025,6.08,7.5,44.3,53.4,57.2,48.8,88.5,84.5,85.83,1.16,2.18,-0.76,0.86,3.44,-2.27,-0.06,1.79
051,1980,6.05,5.27,41.2,53.4,57.2,40.4,91.8,90.5,88.8,-1.59,-1.46,-1.41,-1.49,-0.08,-0.32,-0.4,-1.48
051,1981,4.03,1.85,48.7,49,54.3,43.3,85.9,83.1,84.33,0.46,1.14,1.82,1.14,2.19,2.38,1.26,0.81
051,1982,10.34,4.04,38.6,57.6,55.2,44,85.6,82.3,81.97,1.25,2.05,2.19,1.83,2.79,1.04,1.62,1.01
051,1983,5.19,11.16,39.9,49.8,55.2,46.4,91.4,92.8,89.27,3.38,-0.57,-1.46,0.45,-1.7,-2.85,-0.99,3.18
051,1984,7.85,11.8,42.9,49.9,54.3,50.6,86.4,87.7,87.1,2.19,1.1,0.58,1.29,-2.59,-1.24,-2.02,3.27
051,1985,11.49,8.65,46.9,53.7,56.2,47.7,86.1,81.6,82.77,2.56,2.04,2.81,2.47,-0.77,2.96,1.52,1.97
051,1986,5.09,13.52,44.9,55.4,59.9,46.7,89.2,82.5,85.97,-2.04,1.06,0.81,-0.06,3.18,-0.43,0.31,-1.6
051,1987,4.51,3.27,41.4,57.9,55.4,37.4,87.6,86.8,87.37,-2.58,-1.69,-1.73,-2,1.89,-0.63,-0.28,-2.1
051,1988,11.02,11.2,40.8,51.3,56.8,38.5,90.3,91.4,90.07,-2.56,-2.68,-3.51,-2.92,-1.16,-3.3,-2.53,-1.69
051,1989,8.42,8.77,42.5,49.5,54,44.9,86.4,85.5,84.93,-1.18,-1.55,-1.53,-1.42,-1.45,-0.42,-1.03,-0.87
051,1990,8.66,2.2,40.7,51.6,57.6,41.8,86.6,84,84.83,2.08,1.78,1.46,1.77,-0.26,-0.42,-0.01,2.07
051,1991,6.31,11.27,48,60.7,56.1,46.2,87.9,88.4,87.77,-1.85,-2.19,-2.65,-2.23,-1.58,-2.08,-1.91,-1.29
051,1992,5.43,4.57,42.4,50.8,54.4,42.1,86.1,81.7,83.23,-3.16,-2.81,-2.76,-2.91,0.07,-0.73,-1.11,-2.53
051,1993,8.22,10.31,41.8,53.4,54.3,41.3,87.9,86.5,85.73,1.26,2.14,2.86,2.09,3.04,2.81,1.94,1.41
051,1994,4.56,8.09,43,48.5,53.6,46,85.8,83.9,85.33,-0.3,-0.61,-1.12,-0.68,-1.02,-1.71,-0.65,-0.63
051,1995,8.57,6.67,40.8,52.7,52,44.1,87.6,90.2,87,2.03,-0.12,-0.17,0.58,-0.35,-0.19,0.01,2.05
051,1996,6.73,4.17,38.8,55.1,53.7,43.9,85.4,86.9,85.03,-0.25,-0.27,-0.94,-0.49,-0.15,-2.09,-1,1.96
051,1997,10.59,6.59,38,48.3,55.7,44.9,87.6,82.6,83.47,-0.69,-0.83,-0.44,-0.65,-0.63,0.91,-0.09,-0.57
051,1998,10.42,4.58,44,58.6,60.4,47,85.9,85.6,84.93,1.84,2.33,2.19,2.12,2.05,0.31,1.65,1.08
051,1999,12.73,4.26,47,53.6,51.5,42.8,89.9,85.1,85.97,0.35,0.49,-0.14,0.23,0.54,-0.43,0.33,0.06
051,2000,7.28,3.57,40.3,55.6,54.7,47.7,83.6,85.3,83.6,1.49,2,3.31,2.27,1.99,4.57,3.43,0.27
051,2001,4.8,6.21,47.8,54.6,53.6,43.9,86.8,87.6,85.23,0.75,0.88,0.85,0.83,0.62,0.19,0.32,0.78
051,2002,9.43,6.11,45.4,50.4,58.1,44,90.3,87.6,88,-0.27,-0.96,-1.44,-0.89,-2.15,-1.74,-1.57,3.88
051,2003,5.51,3.42,44.5,52.5,53,43.7,87.3,87.2,84.4,0.76,0.95,0.95,0.89,0.78,0.31,0.55,0.64
051,2004,9.52,8.26,44.5,58.7,55.8,47,83.7,81.5,82.33,1.24,1.62,2.28,1.71,1.5,2.49,0.81,1.97
051,2005,12.91,7.82,45.8,50,59.5,45.4,88.2,88.2,87.73,-2.15,-2.44,-2.42,-2.34,-1.54,-0.69,-1.51,-1.54
051,2006,8.04,6.33,45.9,53.6,53.7,41.4,88.2,86.8,86.4,-0.15,-0.52,-0.32,-0.33,-1.14,0.43,-0.39,0.41
051,2007,9.31,6.8,39.7,57.2,58.2,49,85.3,93.5,87.97,-1.29,-1.35,-2.19,-1.61,-0.57,-2.93,-1.38,-1.2
051,2008,14.44,5.45,42,50,57.7,44.8,86,83.3,84.9,3.33,3.88,3.63,3.61,2.7,0.43,1.57,3.13
051,2009,6.94,6.84,43.4,54.4,57.1,43.2,81.7,83,83.13,3.92,4.24,4.27,4.14,2.17,1.4,1.47,4.06
051,2010,5.28,7,47.7,55.9,56.5,43.6,88.6,89.4,88.4,3.42,4,3.66,3.69,2.8,0.2,2.19,2.49
051,2011,8.59,7.15,45.3,54,53.9,43.8,91.5,87.7,88.03,4.89,4.73,3.62,4.41,1.04,-1.87,1.33,3.66
051,2012,7.34,9.27,43.9,57.8,54.8,44.1,97.1,88.9,90.83,-2.23,-3.58,0.43,-1.79,-4.74,1.3,-2.08,-1.44
051,2013,9.48,4.04,41.8,54.9,57.4,44.8,83.4,84.3,83.6,4.21,4.64,4.24,4.36,2.57,0.24,1.54,4.02
051,2014,5.59,5.3,44,55,54.1,46.4,82.7,84.3,83.7,1.71,1.27,2.06,1.68,-0.8,2.76,0.72,1.83
051,2015,5.88,5.67,45,56.4,59.4,45,85,83.7,83.63,3.73,3.63,4.34,3.9,0.85,3.26,3.25,2.07
051,2016,4.92,15.36,43.8,53.1,60.4,50.4,86,85.6,86.67,2.18,3.04,3.95,3.06,3.26,3.67,1.67,3.14
051,2017,5.22,4.04,46.9,53.6,56.3,48.6,89.4,83.2,86.07,-0.44,-0.27,-0.59,-0.43,0.37,-1.04,-0.66,2.74
051,2018,12.67,3.99,35.4,60.9,61,45.5,85.8,84.5,85.77,1.61,1.99,3.08,2.23,1.65,3.87,2.54,1.01
051,2019,11.94,7.04,43.6,55.1,61.6,44.8,87.6,83.5,84.27,4.27,3.83,5.16,4.42,-0.01,5.18,2.23,4.19
051,2020,13.81,5.46,39.5,52.1,55.2,41.7,87.8,83.5,85.7,3.67,4.54,4.29,4.17,3.73,0.65,1,4.61
051,2021,10.26,6.11,42.8,51.8,57.8,52.3,85.2,86,85.5,2.1,3.09,3.68,2.96,3.61,2.71,2.14,2.31
051,2022,11.88,4.25,41.2,55.8,56.8,41,87,85.4,86.27,2.12,3.24,3.98,3.11,4,3.24,1.81,3.03
051,2023,11.35,3.55,42.3,54,57.2,46.8,88.1,85.5,86.43,-0.91,-1.02,-0.16,-0.7,-0.61,2.27,0.12,-0.53
051,2024,8.29,3.73,45.6,58.2,58.1,45.3,85.3,85.4,85.87,-0.76,1.45,1.13,0.61,4.34,-0.5,0.67,-0.17
051,2025,5.83,8.52,44.2,52.8,57.4,49.1,89.8,85.8,86.9,-0.68,1.09,-0.9,-0.16,3.28,-2.7,-0.31,-0.19
053,1980,5.53,3.7,37.7,50.9,54.4,37.6,90,87.4,86.17,-0.91,-1.58,-1.29,-1.26,-2.28,0.36,0.57,-2.36
053,1981,2.73,2.91,43.7,46,52.1,39.7,83.1,80.6,82.43,1.67,2.69,4,2.79,3.56,4.76,3.3,1.28
053,1982,8.7,2.84,33.8,54.9,52.9,41.7,84.1,80.8,80.83,2.53,2.64,2.69,2.62,1.11,0.98,0.84,2.66
053,1983,4.3,10.03,36.9,46.4,52.4,43.6,90.2,88.9,87.77,2.54,1.34,1.25,1.71,-2.83,0.15,-0.78,2.71
053,1984,6.69,8.02,38.9,47.1,51.8,47.1,83.2,86.2,85.17,-0.68,-0.88,-1.85,-1.14,-0.82,-3.16,-2,2.31
053,1985,9.63,6.93,44.3,51.3,53.9,44.1,83.2,79.2,80.8,-1.4,0.24,1.09,-0.02,0.72,2.63,0.98,-1.41
053,1986,2.77,10.29,40.8,51.9,56.3,43.8,87,81.2,83.87,0.39,0.57,0.06,0.34,0.66,-1.35,0.16,-2.01
053,1987,3.42,4.23,38.2,53.9,52.5,34.9,87.2,83.6,85.37,-1.4,0.34,0.68,-0.13,1.01,1.15,0.63,-1.46
053,1988,4.83,7.94,36.9,49.4,52.7,35.9,90.9,90.4,89.97,-3.09,-4.14,-5.03,-4.09,-4.11,-3.95,-4.08,-1.89
053,1989,3.52,7.4,38.2,47.3,50.5,41.5,84.9,82.5,83.23,-2.85,-2.63,-2.66,-2.71,-0.21,-0.9,-0.97,-2.51
053,1990,10.56,2.19,38.8,47.6,54.8,39,82.5,81.8,82.23,2.21,2.54,2.68,2.48,1.68,1.19,1.81,1.51
053,1991,5.43,9.33,42.9,57.3,53.1,43.7,88.1,86.3,87.37,-1.15,-2.31,-2.4,-1.95,-3.83,-0.99,-2.68,-0.09
053,1992,4.66,5.55,37.9,46.5,51.8,39.8,80.6,78.2,79.77,-1.71,1.72,1.71,0.57,5.15,0.51,1.75,-1.76
053,1993,8.23,9.35,37.4,50.7,50.5,39.2,84.1,83.8,82.73,4.63,5.16,5.63,5.14,3.04,3,3.51,3.49
053,1994,3.24,4.84,38.9,45.6,52.8,43,84.1,80.5,83.47,-1.19,-1.3,-1.15,-1.21,-0.71,0.05,-0.92,-0.55
053,1995,6.32,7.12,36.7,48.6,49.6,41.9,87.6,88.7,87.03,1.73,0.82,1.76,1.44,-2.19,3.08,0.06,2.2
053,1996,3.76,2.88,34.2,49.3,51.8,41.6,83.3,82.7,82.37,1.18,1.74,1.19,1.37,2.05,-1.12,0.39,1.22
053,1997,9,4.73,34.1,44.3,52.6,41.3,84.3,78.9,81.13,1.24,1.07,2.21,1.51,-0.13,3.76,1.42,1.15
053,1998,9.92,3.8,41.1,55.7,57.3,43.7,83.8,83.9,82.83,3.36,3.45,-0.4,2.14,1.3,-1.21,1.37,2.26
053,1999,7.67,2.94,42.1,52.2,49.5,39.7,87.8,81.7,83.87,-1.1,-1.38,-1.33,-1.27,-1.18,-0.27,-0.13,-1.62
053,2000,4.63,2.76,37.3,52.8,51.9,45.3,81.8,84.5,82.13,-3.3,-2.94,-3.14,-3.13,0.05,-1.51,-0.14,-4.06
053,2001,5.68,5.1,42.8,52.1,50.8,42.3,85.4,84.4,82.97,0.18,0.12,0.9,0.4,-0.12,2.37,0.93,-1.9
053,2002,7.85,3.95,40.1,46,54.2,40.2,87.8,83.2,85.03,1.98,1.67,2.67,2.11,-0.3,3.51,0.93,2.36
053,2003,2.96,2.85,39.7,48.4,51.3,40,83.8,84.8,82.37,0.24,1.61,2.02,1.29,4.19,1.72,1.91,0.33
053,2004,6.47,6.8,39.6,53.5,53.2,42.2,81.7,78,79.77,2,2.25,3.41,2.55,1.37,4.19,2.24,1.8
053,2005,8.97,6.96,41.4,47,56.8,42.9,86.2,84.7,85.77,-2.32,-1.41,-1.69,-1.81,2.02,-1.26,-0.47,-1.78
053,2006,6.34,4.89,42.2,49.6,52.2,39.8,85.7,82.2,83.43,-0.72,0.9,0.98,0.39,2.71,0.5,0.55,-0.22
053,2007,9.2,6.95,37.1,53.3,54.9,46.5,82.6,86.5,84.1,1.08,1.26,1.8,1.38,0.88,1.98,0.78,1.4
053,2008,11.23,6.91,39.8,45.7,54.8,41,83.8,81.9,83.13,2.9,3.11,2.21,2.74,1.51,-1.74,0.29,2.82
053,2009,6.58,5.29,39.3,50.6,53.8,41.4,78.8,80,80.4,3.45,3.6,4.25,3.77,1.53,3.06,1.54,3.83
053,2010,5.38,5.81,43,52.2,54.1,40.9,87.3,87.9,86.3,3.58,-0.42,-0.95,0.74,-1.26,-1.73,0.41,2.41
053,2011,5.92,4.66,40,50.6,51.4,41,89.1,85.4,85.57,0.05,-0.63,-1.29,-0.62,-1.88,-2.19,-1.31,1.37
053,2012,4.5,6.44,40.2,53.5,51.4,40.6,93.1,85.5,87.47,-3.34,-4.44,0.29,-2.5,-4.32,0.87,-1.73,-3.08
053,2013,6.66,2.82,37.2,52.1,54.5,42.7,81.6,83,82,1.44,-0.4,-1.17,-0.04,-1.19,-2.45,-1.04,1.42
053,2014,5.36,3.07,38.5,51.2,51.6,42.4,79.1,82,81.3,0.96,1.63,2.24,1.61,2.32,2.32,2.5,0.01
053,2015,3.88,3.18,39.9,54.1,57,43.1,81.8,81.2,81.03,2.86,3.45,3.4,3.24,2.65,0.91,3.16,0.99
053,2016,5.33,10.76,39.3,49.8,59.5,47.4,83.5,84.4,84.5,2.12,3.06,5.06,3.41,3.48,6.95,3.67,2.14
053,2017,7.8,4.23,43.8,49.6,54.8,47.6,85,80.6,83.5,2.75,2.57,2.96,2.76,0.29,1.96,0.78,3.04
053,2018,8.1,4.12,31.3,57.6,57.6,42.5,84.3,84.5,84.4,1.74,1.64,1.95,1.78,0.25,1.43,1.49,0.9
053,2019,8.82,5.63,40.1,50.9,59,42.5,87.3,82.1,83.53,4.07,3.32,2.36,3.25,-0.99,-1.83,-0.75,4.32
053,2020,8.54,2.81,35.8,49.4,52.6,39.6,86.5,82.8,84.73,3.12,3.67,-0.65,2.05,2.63,-1.95,0.45,3.23
053,2021,6.77,3.61,40,49.7,57,50.4,82,84.7,83.53,1.47,1.35,2.73,1.85,0.09,4.55,2.71,0.35
053,2022,7.28,2.84,37.5,53.4,54.3,39.4,83.6,82.5,83.77,-1.03,-0.63,-0.05,-0.57,0.86,1.54,0.15,-0.42
053,2023,9.04,3.96,38,50.4,55.1,44.7,84.2,82,83.2,-2.31,0.05,0.75,-0.5,0.15,2.13,-0.06,-1.65
053,2024,7.12,3.98,41.9,54.4,55.2,43.3,83,83,83.67,-0.55,0.63,1,0.36,1.9,1.31,0.52,1.05
053,2025,4.68,5.98,40.9,49.7,54.1,45.6,87.1,82.7,84.83,-1.82,-1.26,-1.46,-1.51,1.13,-1,0.01,-2
055,1980,7.85,7.68,42.2,52.8,57.8,40.3,93.2,93.4,90.87,-1.24,-0.78,-0.99,-1,0.98,-0.86,-0.2,-1.12
055,1981,4.66,3.35,49.9,49.9,54.4,43,87.9,85.4,86.1,2.4,3.51,3.29,3.07,4.07,0.42,2.08,2.03
055,1982,13.48,5.22,38.9,56.9,54.8,44.3,87.9,85.4,84.63,1.55,1.56,1.21,1.44,0.5,-0.55,0.22,1.46
055,1983,6.22,15.89,39.8,51.3,55.4,46.7,91.8,95.1,90.47,4.26,3.3,2.09,3.22,-1.58,-2.6,-1.05,4.37
055,1984,9.55,10.15,43.5,50,55.1,52,87.5,88.4,87.77,-0.25,-0.68,-1.1,-0.68,-1.36,-1.48,-1.2,0.04
055,1985,12.48,11.22,48.5,53.9,55.5,48.8,88,83.7,84.43,2.9,2.19,2.94,2.68,-1.22,2.93,1.28,2.45
055,1986,6.63,11.54,46.3,55.7,60.3,47.1,91.3,83.9,87.4,-1.58,0.96,1.28,0.22,2.89,1.24,0.62,-0.92
055,1987,6.4,4.74,41.6,58.2,55.6,38.2,88.6,89.5,88.63,-2.14,-1.1,-1.17,-1.47,2.46,-0.56,0.45,-2.18
055,1988,10.48,10.29,40.9,50.3,56.4,38.4,89.5,91.2,90.13,-1.85,-1.19,-2.03,-1.69,1.4,-2.87,-1.3,-1.16
055,1989,17.71,8.95,42.9,49.5,54.8,45.1,86.4,87,85.27,2.64,-0.06,0.11,0.9,-0.18,0.32,0.78,2.13
055,1990,12.7,2.49,41.7,52.2,58.5,41.3,87.4,84.7,85.63,1.82,1.61,1.24,1.56,-0.06,-0.62,-0.25,2.05
055,1991,9.64,11.8,48,60.8,57,45.8,89.5,90,88.63,-1.55,-2.15,-2.75,-2.15,-2.29,-2.47,-2.28,-0.95
055,1992,7.1,9.04,44.4,51.3,55.2,42.8,87.5,82.4,83.87,-2.03,-2.03,-2.09,-2.05,-0.63,-0.81,-0.74,-1.97
055,1993,10.77,7.87,41.7,54.3,54.9,41.9,90.4,87.9,87.27,0.65,0.93,1.04,0.87,1.06,0.61,0.75,0.5
055,1994,7.1,10.68,44.9,49.2,52.6,45.9,87.6,85.1,86.4,-0.36,-1.01,-1.15,-0.84,-2.05,-0.74,-0.8,-0.55
055,1995,10.09,9.77,43.2,53.8,53.1,44.2,88,91.5,87.7,2.18,-0.48,-0.76,0.31,-1.45,-0.99,-0.17,1.71
055,1996,7.56,5.9,40,57.2,54.4,44.7,85.1,87.5,85.3,3.57,3.62,2.76,3.32,1.23,-1.46,0.86,2.94
055,1997,12.2,7.12,38.8,49.5,55.9,45.2,88.4,83.5,84.1,3.55,2.96,2.99,3.17,-0.68,1.01,1.37,2.56
055,1998,11.18,4.87,44.7,59,60.6,47.3,86.2,86.4,85.67,3.62,3.61,-0.21,2.34,1.09,-0.62,2.33,1.61
055,1999,14.68,4.33,49,53.4,52.3,42.8,90.5,87.6,87.5,-0.39,-0.68,-1.32,-0.8,-0.97,-2.13,-1.23,-0.22
055,2000,10.32,5.11,41.7,57.2,55.1,47.6,85.2,86.8,85.23,1.64,2.07,2.73,2.15,1.8,2.63,3.12,-0.05
055,2001,5.97,7.35,50.3,55.3,54.2,44.9,87,87.8,86.07,-1.36,0.39,0.6,-0.12,1.18,0.74,0.45,-1.3
055,2002,12.16,9.31,47.1,51.6,60.1,45.4,90.7,89.6,88.97,-0.08,-1.07,-2.04,-1.06,-2.99,-3.26,-2.16,3.94
055,2003,8.72,7.26,46,54.7,54,44.4,87.7,88.8,85.33,1.41,-0.48,-0.58,0.12,-1.44,-0.45,0.17,0.68
055,2004,9.1,6.07,45.8,58.8,55.7,48.4,85.2,82.8,83.9,-0.45,0.73,1.07,0.45,2.19,1.25,0.69,1.1
055,2005,9.59,8.77,45.7,50.5,60.2,45.2,87.8,89.6,87.93,-1.66,-0.02,0.41,-0.42,-0.07,1.22,-0.03,-1.39
055,2006,12.99,6.88,49,54.1,53.2,42.6,88.5,87.7,87.23,0.25,1.46,1.55,1.09,3.7,0.72,1.42,0.34
055,2007,9.83,8.77,41.4,57.9,59.6,49.7,86.5,94.9,89.13,-1.46,-1.97,-2.78,-2.07,-1.96,-3.06,-1.74,-1.56
055,2008,16.26,7.55,43.1,51.9,58.8,44.5,86.7,84.6,85.7,2.6,2.93,-0.52,1.67,1.8,-1.55,-0.4,3.44
055,2009,6.78,5.62,44.4,55.1,58.5,43.7,83,83.6,84.43,1.63,3.23,3.25,2.7,5.3,1.08,2,1.96
055,2010,7.16,6.32,48,57.2,56.8,43,89.9,91.2,89.8,-0.68,-0.87,-0.41,-0.65,-0.76,1.09,0.25,-0.92
055,2011,10.06,6.35,48.3,55.2,55.2,44,92,88.7,88.93,5,5.01,4.1,4.7,1.58,-1.18,1.46,4.09
055,2012,8.22,12.68,46.8,57.9,56.6,44.5,97.6,89.9,92.07,-2.98,-3.67,-3.68,-3.44,-3,-1.16,-2.43,-2.16
055,2013,13.95,4.73,42.8,55,59.1,46.3,83.8,84.9,84.23,1.73,2.67,2.19,2.2,3.34,-0.61,1.09,1.73
055,2014,5.17,9.14,45.9,56.5,54.8,47.4,83.1,85.7,84.1,2.04,1.81,2.47,2.11,-0.07,2.54,1.57,1.44
055,2015,10.79,6.03,47.2,56.9,59.7,47,86.7,84.4,84.93,3.24,3.57,3.57,3.46,1.97,1.11,2.8,1.64
055,2016,8.33,13.07,45.4,54,61.8,52.1,87,85.6,86.57,1.79,2.65,4.27,2.9,3.14,5.68,2.18,2.84
055,2017,6.4,4.5,49.4,55.3,57.6,48.8,88.7,83,85.43,-0.16,-0.13,-0.29,-0.19,0.03,-0.53,-0.32,3.21
055,2018,17.32,5.09,38.1,61.9,63.4,47.6,87.2,85,86.47,2.48,2.39,2.39,2.42,0.49,0.72,0.99,2.11
055,2019,14.74,9.18,45.9,57.6,63.4,45.6,87.6,86,85.2,5.08,4.45,3.65,4.39,-0.31,-1.05,0.38,4.73
055,2020,16.73,5.66,42.1,53.5,57.7,44.4,88.7,83.4,85.73,3.07,3.08,2.91,3.02,0.98,0.45,0.91,2.94
055,2021,13.15,7,43.8,52.3,59.2,53.3,86.4,87.8,86.57,1.76,2.43,2.31,2.17,2.53,0.39,1.07,1.86
055,2022,11.87,6.26,43.7,57.3,56.5,41.2,89.6,86.1,87.93,-0.74,-0.38,-0.23,-0.45,0.86,0.33,-0.2,-0.16
055,2023,15.41,4.78,43.8,54.4,57.6,47.7,88.7,85.6,86.73,-0.83,1.21,1.28,0.55,3.64,0.58,0.88,-0.34
055,2024,8.86,1.75,47.7,60.9,59.8,45.4,87.1,87.3,87.07,0.06,0.49,-0.74,-0.06,1.33,-2.22,-0.69,0.5
055,2025,6.73,7.47,47.5,55.5,58,50,90.4,86.9,87.47,1.34,-0.18,-1.17,0,-0.54,-3.04,-0.93,1.2
057,1980,5.07,5.02,38.6,51.2,55.3,38.5,90.6,87.6,86.6,1.08,0.47,1.76,1.1,-1.51,4.03,1.92,-2.69
057,1981,3.39,3.53,45,47.9,53.3,41.3,83.6,81.6,82.67,2.88,4.11,4.44,3.81,4.56,2.26,3.37,1.99
057,1982,8.22,3.07,34.9,56,54.2,42.2,85.5,81.6,81.57,2.23,3.28,3.86,3.12,3.84,2.76,2.04,2.67
057,1983,4.53,10.67,37.1,48.1,53.6,44.6,92.7,92.9,89.87,3.59,2.35,1,2.31,-2.61,-3.32,-2.34,4.4
057,1984,7.05,8.52,40.8,47.3,52.7,48,84.1,87.2,85.5,2.59,2.39,1.44,2.14,0.2,-2.11,-0.82,3.09
057,1985,10.04,7.59,44.9,52.5,56,45.1,85.9,80.1,81.93,1.57,1.26,1.5,1.44,-0.44,1.12,-0.2,2.22
057,1986,3.74,12.85,42.8,53.2,59.3,45.4,87.2,80.7,83.9,1.06,1.81,1.45,1.44,2.57,-0.51,0.96,0.87
057,1987,4.59,3.64,40.7,54.7,53.8,35.3,89.4,85.3,87.07,-2.14,-2.7,-2.41,-2.42,-2.33,0.03,-1.03,-2.1
057,1988,5.75,6.49,38.2,50.7,54.2,37.4,90.8,90.4,89.6,-3.48,-4.45,-4.81,-4.25,-3.97,-2.46,-3.25,-2.64
057,1989,3.04,5.97,39.3,47.6,51.5,43,86.7,84.1,84.1,-4.27,-4.41,-4.03,-4.24,-1.74,-0.22,-1.33,-4
057,1990,9.19,1.63,39.3,48.9,56.3,39.5,83.1,82.2,82.33,2.89,3.22,3.58,3.23,1.88,2.08,3.05,1.3
057,1991,4.4,8.34,44.7,57.9,54.1,43.1,86.8,85.1,86.03,-1.36,-2.04,-2.03,-1.81,-2.48,-0.58,-2.11,-0.3
057,1992,4.6,5.12,38.9,49.1,52.5,40.9,81.6,79,80.53,-2.04,1.52,0.71,0.06,4.55,-1.94,0.08,-1.39
057,1993,8.33,9.64,38.9,52.7,51.2,39.9,83.9,84.4,82.97,3.99,6.09,7.05,5.71,7.52,4.77,5.27,3.15
057,1994,3,3.41,40.7,48.9,53.3,45.6,84.6,82.4,84.1,-1.03,-1.17,-1.16,-1.12,-0.74,-0.35,-0.84,-0.62
057,1995,4.54,7.25,37.6,49.5,50.5,41.7,86.7,88.9,86.23,-0.54,-0.67,-0.8,-0.67,-0.56,-0.59,-0.92,2.86
057,1996,4.53,3.45,35.6,51.3,51.9,42.8,83.4,84.1,82.9,1.71,2.06,-0.29,1.16,1.58,-0.86,0.49,1.62
057,1997,9.22,2.68,36.9,46.4,55,42.9,86.4,81.4,83.1,-0.56,-1,0.72,-0.28,-1.49,2.17,-0.05,-0.33
057,1998,10.3,4.91,42.1,57.6,59.5,45,85.5,85.2,83.7,3.28,2.64,2.24,2.72,-0.89,-0.37,0.73,2.37
057,1999,5.74,3.91,43.6,53.3,49.4,40.7,89,82.2,84.43,1.62,1.78,1.93,1.78,0.98,1,1.15,1.26
057,2000,5.21,2.91,39.8,53.4,53.5,45.6,82.9,85.5,82.63,0.82,0.77,-0.28,0.44,0.09,-0.84,0.57,-0.02
057,2001,7.52,4.29,44.9,54.2,52.4,42.4,87.7,86,84.6,1.31,0.71,0.84,0.95,-1.39,0.61,0.21,0.93
057,2002,5.49,3.37,41.2,48.1,55.6,40.2,89.6,84.6,86.47,2.5,2.4,3.14,2.68,0.46,2.97,1.43,2.47
057,2003,3.62,1.93,41,50,51.3,41.8,85.1,86.7,83.57,0.26,1.26,1.07,0.86,3.1,-0.18,1.23,-2.21
057,2004,4.05,6.86,41.6,54.8,54.2,44,82.3,79.6,80.43,0.29,0.29,1.05,0.54,0.09,2.37,0.61,0.55
057,2005,6.78,5.69,43.4,48.6,58.2,43.5,89.2,86.4,87.87,-2.62,-3.25,-3.54,-3.14,-2.72,-1.87,-2.74,-1.57
057,2006,6.56,3.35,43.7,52.4,52.1,38.9,88.7,84.2,85.23,-4.48,-4.07,-3.91,-4.15,-0.16,-0.77,-0.87,-4.37
057,2007,8.81,6.12,38.5,56.4,55.2,47,84.5,89.1,85.77,-1.28,-1.35,-1.49,-1.37,-0.6,-0.84,-0.45,-1.46
057,2008,8.74,4.6,40.4,47.2,55.5,41.9,84.7,82.6,83.6,1.63,2.05,2.09,1.92,1.76,0.75,1.56,1.02
057,2009,9.09,4.79,39.9,51.4,55.1,40.4,79.7,80.2,81.03,5.32,5.49,6.63,5.81,2.15,5.13,3.01,5.28
057,2010,6.29,7.31,46.4,52.7,55.1,42.1,87.3,86.9,86.23,6.84,7.04,7.08,6.99,2.71,2.29,3.61,5.46
057,2011,5.95,2.98,40.6,50.5,51,41.7,90.2,86.6,86.17,5.39,-0.44,-1.54,1.14,-1.32,-3.43,-0.36,4.64
057,2012,3.2,8.58,41.3,55,51.8,40.4,94,86.7,88.37,-2.83,-3.9,-4.04,-3.59,-4.07,-1.62,-2.34,-2.67
057,2013,8.48,2.78,38,52.7,55.1,41.5,83.8,84.2,83.13,4.4,-0.21,-1.1,1.03,-0.64,-2.74,-0.84,4.59
057,2014,5.63,3.91,39.4,52.8,52.7,43.4,80.5,82.5,82,1.2,1.5,2.49,1.73,1.26,3.44,2.77,-1.12
057,2015,3.72,2.36,42.1,54.3,59.2,43.2,83.5,81.6,81.93,3.97,4.3,3.91,4.06,2.22,0.17,3.62,1.27
057,2016,3.38,11.86,41,51.3,59.4,48,83.8,83.8,84.73,0.79,1.88,2.99,1.89,3.5,3.92,1.9,1.52
057,2017,5.7,3.08,45,50.6,55.7,47.5,87.5,81.7,84.7,-0.92,-0.31,-0.42,-0.55,1.53,-0.42,-0.55,2.12
057,2018,9.01,2.53,32.4,59.2,58.6,42.3,85.3,85.4,85.47,-1.3,-1.56,0.93,-0.64,-1.18,2.79,0.19,-1.06
057,2019,8.88,5.04,41,51.8,61.4,41.3,88.5,83.1,84.37,4.32,3.18,2.66,3.39,-2.09,-0.58,-0.66,4.57
057,2020,6.56,2.95,37.6,50.8,53.7,39.8,87.2,84.5,85.53,-0.53,-0.41,-1.44,-0.79,0.19,-3.23,-1.54,3
057,2021,6.73,3.58,40.8,51.2,57.6,50.5,83.9,86,84.87,1.61,1.58,1.54,1.58,0.42,0.35,0.87,1.11
057,2022,7.09,1.64,38,55.1,55.7,39.7,85.4,84.4,84.93,-0.5,-0.84,-1.06,-0.8,-1.18,-0.92,-1.13,-0.08
057,2023,8.19,3.71,39.7,52.3,57.6,45,86.2,84.2,85.37,-2.33,-2.21,-2.08,-2.21,-0.34,-0.32,-1.09,-1.63
057,2024,6.51,4.02,43,55.8,56.4,44.4,84.2,84.2,84.87,0.04,1.29,-0.11,0.41,3.75,-0.32,0.79,0.44
057,2025,4.05,5.55,42.1,50.7,55.5,48.4,87.7,83.9,85.37,-1.92,-1.21,-1.65,-1.59,1.53,-1.7,-0.23,-1.94
059,1980,7.79,9.9,43.3,54.6,60.5,41.9,92.2,92.2,90.03,-1.14,-1.28,-1.34,-1.25,-0.75,-0.58,-0.45,-1.27
059,1981,5.4,3.55,50.6,51.4,55.6,44.9,87.9,85,86.17,2.19,2.57,-0.05,1.57,1.8,-0.14,0.69,2.29
059,1982,15.39,5.57,41,58.1,56.5,45.9,88.2,85.2,84.93,-0.5,-0.15,-0.34,-0.33,0.89,-0.61,0.16,-0.63
059,1983,6.24,15.77,41.8,53.2,57.6,48.4,91.6,94.2,90.23,3.44,-0.25,-1.23,0.65,-0.74,-3.02,-1.1,3.67
059,1984,11.01,9.94,45,52,56.3,53.7,87,87.3,87.3,-0.53,-0.52,-1.08,-0.71,-0.12,-1.84,-1.19,1.54
059,1985,12.83,13.44,50,55.7,56.7,50,88.4,84.2,85.07,2.79,2.23,3.73,2.92,-0.83,5.2,2.77,1.65
059,1986,6.66,9.01,46.6,56.6,62,48.2,91.5,84.8,87.7,-1.79,-0.99,-0.85,-1.21,1.86,0.1,0.45,-1.77
059,1987,6.9,5.16,42.6,59.1,57.1,38.7,88.6,90.3,88.63,-1.92,-0.99,-1.45,-1.45,2.22,-1.69,0.35,-2.34
059,1988,10.2,10.19,42.8,51.8,57.9,39.5,89.9,90.9,90.17,-2.82,-2.21,-2.41,-2.48,0.97,-1.28,-0.93,-2.22
059,1989,19.49,10.66,44.5,51.4,57.3,45.7,86.2,86.3,85,2.08,2.52,0.05,1.55,1.96,0.14,1.02,1.96
059,1990,14.11,3.54,42.2,53.2,59.9,42.3,88,85.3,86.2,1.5,1.43,1.38,1.44,0.27,0.28,0.01,1.86
059,1991,11.35,11.02,49.3,62.3,58.8,47,90.1,89.9,88.8,-1.11,-1.68,-2.18,-1.66,-2.04,-2.03,-1.82,-0.72
059,1992,9.6,7.89,45.8,52,57,43.5,87.5,82.6,83.73,-1.83,0.63,0.94,-0.09,1.88,1.13,0.7,-1.7
059,1993,10.51,6.11,43,54.8,56,43,91.3,88.2,87.77,0.67,0.83,0.9,0.8,0.7,0.44,0.93,0.13
059,1994,8.52,8.7,45.5,49.7,54,46.5,87.5,85.3,86.7,-0.63,-1.32,-1.52,-1.16,-2.27,-1.01,-0.92,-0.9
059,1995,8.87,9.26,44,54.7,54.4,45.3,88.5,91.3,88,1.87,1.52,1.67,1.69,-0.47,0.92,0.63,1.55
059,1996,10.26,5.22,40.9,58.5,55.4,46.4,85.9,86.9,85.6,2.15,3.1,2.51,2.59,3.52,-0.83,1.18,2.08
059,1997,14.13,10.18,39,49.4,56.4,46.1,88.6,84.2,84.47,4.38,-0.45,-0.39,1.18,-1.34,0.05,0.12,4.27
059,1998,9.14,5.87,45.5,59.8,61.5,48.6,86.6,86.8,86.23,1.61,1.54,1.61,1.59,0.31,0.68,1.5,0.49
059,1999,11.83,5.31,49.5,53.7,53.7,43.3,91,88.4,88.03,-0.2,-0.53,-1.33,-0.69,-1.04,-2.56,-0.81,-0.66
059,2000,14.11,4.97,42.7,58.1,57,48.3,84.9,87.6,85.57,1.12,1.4,1.3,1.27,1.17,0.13,1.56,-2.19
059,2001,6.68,7.27,50,56.2,55.4,44.8,87.8,87.4,86.33,-2.23,-2.08,0.32,-1.33,-0.23,0.95,-0.12,-2.08
059,2002,11.81,13.2,48.1,52.9,61.4,47.7,92,90.6,90.03,-0.35,-1.35,-2.43,-1.38,-3.09,-3.65,-2.6,3.47
059,2003,9.53,8.46,47.4,55.6,55.7,46,88.3,87.8,85.37,1.17,0.6,0.75,0.84,-1.36,0.65,0.34,0.67
059,2004,7.94,6.78,46.1,61.1,57.3,49.4,85.5,83.1,84.2,0.23,0.86,0.9,0.66,1.96,0.37,0.66,0.39
059,2005,10.78,8.13,46.7,50.7,61.5,46.6,88.2,90,87.87,-0.97,-1.3,1.34,-0.31,-1.3,4.02,0.91,-1.09
059,2006,15.26,5.88,50.1,54.8,55.3,44.2,89,88.3,87.57,-0.95,0.51,0.49,0.02,1.52,0.12,0.28,-0.76
059,2007,12.2,9.12,42.4,58.4,60.8,51.2,86.8,95.3,89.5,-1.41,-1.59,-2.67,-1.89,-0.98,-3.72,-1.42,-1.74
059,2008,21.44,9.32,44.5,53.1,60.4,45.4,87.4,86.1,86.73,3.59,4.31,-0.37,2.51,3.28,-1.12,0.78,3.94
059,2009,7.33,7.79,45.7,57.1,60.6,44.9,82.8,84.5,85.07,0.35,1.43,1.65,1.14,3.34,1.1,1.29,0.61
059,2010,7.91,5.4,50,58.3,58,44.4,90.9,92.5,90.87,-0.69,-1.27,-1.73,-1.23,-1.97,-1.77,-1.16,-0.87
059,2011,11.1,8.5,48.9,56.1,57.2,44.1,92,88.7,89.3,3.62,4.17,3.45,3.75,2.77,-0.88,1.3,3.29
059,2012,7.76,13.42,47.3,59.9,58.1,45.3,96.8,88.9,91.6,-4.17,-4.66,-4.23,-4.35,-2.73,-0.18,-2.19,-3.3
059,2013,14.4,5.06,44,55.6,59.6,47.8,84.1,85,84.53,0.39,0.8,0.7,0.63,1.36,-0.06,0.64,0.2
059,2014,6.48,10.27,46.3,57.4,56.5,48.1,84.1,86.4,85.07,-0.65,-0.97,-0.79,-0.8,-1.16,0.24,-0.48,-0.52
059,2015,11.76,5.81,47.4,57.2,60.1,47.6,87.3,84.5,85.47,1.99,2.88,3.2,2.69,3.26,1.86,2.74,1.07
059,2016,11.78,12.98,45.4,54.4,61.6,52.2,88.5,86.9,88,1.85,3.57,4.26,3.23,5.72,3.18,2.48,2.61
059,2017,7.7,6.07,50,56,59.2,49.2,89,84.1,86.13,-0.47,-0.99,-1.36,-0.94,-1.72,-1.4,-1.33,-0.2
059,2018,13.67,5.64,38.4,62.2,64,47.8,87.8,86.6,87.33,1.99,1.43,0.87,1.43,-1.05,-1.23,0.51,0.81
059,2019,15.67,9.61,45.4,57.4,62.3,45.8,87.8,86.6,85.83,2.78,2.65,2.54,2.66,0.46,0.5,0.81,2.55
059,2020,16.56,7.67,41.6,54.2,58.6,44.6,89.1,84,86.17,2.7,3.14,3.41,3.08,2.15,1.77,2.29,1.92
059,2021,12.86,4.94,43,51.6,58.8,53.5,86.3,87.4,86.2,1.31,2.22,0.01,1.18,3.11,0.04,0.8,1.74
059,2022,13.52,5.56,44.4,58.2,58.6,42.8,90,86.9,88.2,-1.22,0.54,-0.42,-0.37,1.63,-1.25,-0.38,-0.79
059,2023,17.2,3.91,45.1,55.5,58.8,48.9,88.5,85.4,86.43,-1.75,-2.08,-1.96,-1.93,-1.53,-0.29,-1.29,-1.19
059,2024,8.04,1.75,49,60.8,60.3,46.6,87.5,87.7,87.5,-3.84,0.79,0.22,-0.94,2.37,-1.45,-0.28,-3.62
059,2025,8.44,9.03,48,55.6,59.4,50.6,90.4,86.7,87.33,1.52,-0.19,-0.94,0.13,-0.58,-2.3,-0.26,0.92
061,1980,5.47,4.07,40.8,52.1,57,40.3,93.6,91.6,90.17,-3.22,-3.49,-3.53,-3.41,-1.81,-1.19,-1.43,-3.11
061,1981,4.13,1.77,49,48.8,54.4,43.2,86,83.3,84.5,1.7,4.08,4.01,3.26,7.65,1.07,3.6,1.12
061,1982,8.37,3.53,38.2,57.7,55.1,42.6,86.7,82.8,82.7,2.07,2.27,2.48,2.27,1.24,1.34,1.31,1.8
061,1983,4.79,12.43,39.8,49.8,54.5,45.9,93.1,94.1,90.5,-0.36,-1.1,-1.97,-1.14,-2.33,-2.97,-2.12,4.48
061,1984,7.1,10.26,43.1,49,53.6,48.9,86.6,89.2,87.4,-0.74,-1.11,-1.82,-1.22,-1.32,-2.48,-2.01,3.15
061,1985,10.14,7.1,46.6,53.5,57.2,47.1,86.5,80.8,82.3,1.94,2.09,3.21,2.41,1.05,4,2.3,1.47
061,1986,2.89,12.29,45.8,54.4,59.7,46.2,89.5,83.7,86.53,-1.79,-1.03,-1.48,-1.43,1.73,-1.68,-0.01,-1.97
061,1987,4.44,3.19,41.2,56.7,54.5,37.7,89.4,88,88.47,-2.18,-2.12,-1.74,-2.01,-0.49,0.48,-0.74,-1.61
061,1988,7.99,9.15,40,51,55.5,39.1,90,90.9,89.57,-2.27,-2.78,-3.08,-2.71,-2.22,-1.77,-2.22,-1.55
061,1989,5.89,8.35,42.6,48.1,53.2,45.8,87.4,84.2,84.67,-1.73,-1.75,-1.66,-1.71,-0.58,-0.27,-0.92,-1.22
061,1990,9.45,1.27,40,50.4,58.4,41,86.5,84.2,84.73,1.71,1.57,1.14,1.47,0.12,-0.8,-0.32,2.01
061,1991,5.5,8.73,46.5,59.8,56.6,45.3,87.8,87,87.2,-0.51,-0.34,-0.53,-0.46,0.35,-0.68,-0.62,0.45
061,1992,5.86,5.26,41.9,50.5,53.5,41.5,85.8,81.1,82.93,-1.64,-1.33,-1.59,-1.52,0.4,-1.18,-1.13,-0.86
061,1993,9.53,11.33,40.3,52.8,53.2,41.5,86.2,86.4,84.87,3.42,4.35,4.88,4.22,3.84,2.92,3.15,2.82
061,1994,4.71,5.65,42,49.3,54.5,46.8,86.2,84.9,85.83,-0.9,-1.36,-1.39,-1.22,-1.65,-0.53,-1.14,-0.54
061,1995,8.71,8.27,39.9,51.3,52.4,43.8,88.1,90.2,87.13,-0.23,-0.48,-0.16,-0.29,-0.8,0.8,-0.23,2.36
061,1996,5.66,2.51,37.9,54.7,53.2,43.9,84.5,86.3,84.67,-0.3,0.36,-0.36,-0.1,1.08,-1.08,-0.3,1.5
061,1997,7.97,5.31,37.4,48.2,56,44.7,88.7,83.3,84.5,-0.93,-1.67,-1.12,-1.24,-2.51,1.14,-0.93,-0.5
061,1998,11.49,5.42,43.1,59,61.5,46.6,86,86.8,85,3.03,2.83,-0.58,1.76,0.33,-1.75,1.01,1.72
061,1999,7.51,4.26,46.4,53.8,51.1,42.3,90.5,85.2,86.17,-0.32,-0.97,-1.37,-0.89,-2.06,-1.48,-1.14,-0.4
061,2000,5.34,3.48,40.8,55.8,54.3,47.7,84.1,86.7,83.97,1.61,1.92,2.07,1.87,1.43,1.04,2.43,-4.07
061,2001,7.16,3.87,46.8,55,54,43.5,87.7,87,85.27,1.48,1.48,2.08,1.68,0.43,2.27,1.3,1.21
061,2002,6.22,5.32,44,50.2,57,42.9,89.8,86.5,87.27,0,-0.49,0,-0.16,-1.45,1.3,-0.05,4.37
061,2003,5.61,2.76,43.5,52,52.2,43.3,86.6,87.4,84.4,1.01,1.37,0.81,1.06,1.4,-1.26,0.58,0.53
061,2004,7.55,7.32,44,57.4,54.9,46.3,83.6,80.2,81.53,0.81,1.26,1.94,1.34,1.6,2.44,0.92,1.38
061,2005,10.38,6.86,45,49.7,59.4,44.6,89.4,87.7,88.17,-2.61,-3.17,-3.14,-2.97,-2.48,-0.88,-1.88,-2.07
061,2006,6.53,5.06,44.9,52.9,53.4,40.7,90,87.4,87.2,-3.89,-3.91,-3.12,-3.64,-1.26,1.15,-0.5,-3.82
061,2007,7.05,5.89,39.8,58,57.5,48.6,85.9,93.4,87.77,-1.81,-2.32,-3.18,-2.44,-2.09,-3.28,-1.89,-1.9
061,2008,11.56,5.3,41.4,49.1,57.5,44.2,85.6,83.8,84.5,2.97,4.31,4.01,3.76,4.91,0.45,2.63,2.37
061,2009,5.16,5.24,42,52.9,55.8,42.3,80.9,82.2,82.5,3.4,3.79,4.21,3.8,2.21,2.43,1.75,3.56
061,2010,6.67,8.5,47.4,54.4,56.8,42.6,87.9,88.6,87.63,5.11,5.83,6,5.65,3.73,2.31,2.72,4.91
061,2011,7.14,4.41,44,52.9,52.6,43.4,91.6,88.2,87.87,4.71,-0.41,-1.17,1.04,-1.24,-2.39,0.32,3.55
061,2012,5.65,6.77,44.4,57.3,54.1,43.6,95.6,88.5,89.93,-2.17,-3.23,-3.35,-2.92,-3.85,-1.36,-2.44,-1.63
061,2013,9.75,3.5,40.5,53.7,57.4,43.7,84.9,84.3,84.13,3.77,-0.12,-0.85,0.93,-0.36,-2.23,-0.71,4.03
061,2014,4.73,3.81,42.3,54.4,54.2,45.1,82.4,84.3,83.47,1.66,1.27,2.57,1.83,-0.65,4.29,2.38,0.55
061,2015,4.72,3.83,44.4,55.9,60,45.2,84.3,83.3,83,4.67,6.32,5.85,5.61,6.38,0.55,4.42,2.86
061,2016,4.28,14.56,43.7,52.8,60.8,51.1,86.2,85.3,86.77,-1.81,1.65,2.24,0.69,4.95,2.28,1.5,-1
061,2017,5.16,3.15,46.7,53.2,56.3,48.6,89.3,82.8,85.7,-0.2,-0.24,-0.48,-0.31,-0.17,-0.82,-0.53,2.01
061,2018,9.11,1.13,35.4,61.4,60.8,44.7,87.1,86.2,87.03,-2.58,-2.55,-1.66,-2.26,-0.72,1.89,-0.05,-2.39
061,2019,11.45,6.13,43.4,54.8,63,44,88.4,83.6,84.7,3.2,2.82,3.51,3.18,-0.16,2.94,1.31,3.14
061,2020,12.01,3.22,39.6,52.3,55.7,42.2,87.6,83.9,85.83,3.35,3.52,3.16,3.34,1.53,0.01,0.22,4.06
061,2021,8.98,3.7,42.5,52.5,58.4,51.8,85.1,86.8,85.73,2.51,3.43,3.68,3.21,3.54,1.79,2.57,1.91
061,2022,8.69,2.74,40.9,55.6,56.3,40.2,87.5,85.5,86.43,2.39,3.27,-0.13,1.84,3.4,-0.39,0.75,2.94
061,2023,7.73,4.12,41.4,53.2,56.9,46.5,87.8,84.7,85.87,-1.07,-1.09,-0.87,-1.01,-0.39,0.33,-0.42,-0.75
061,2024,8.41,4.59,44.6,57.2,56.8,44.6,84.8,85.4,85.73,0.62,1.33,-0.14,0.6,2.31,-0.41,0.06,1.34
061,2025,4.68,8.81,44,52.6,57,50.4,89,85.3,86.2,-0.59,0.96,-0.63,-0.09,2.89,-1.88,0.17,-0.47
063,1980,4.52,5.23,38.7,49.2,55,37.6,89,86.8,85.63,-0.28,-0.75,0.91,-0.04,-1.5,2.72,0.71,-0.64
063,1981,2.64,3.35,42.6,45.3,52.4,39.3,83.8,81.5,82.5,1.66,2.18,2.53,2.12,2.06,1.72,1.88,1.16
063,1982,7.46,3.15,32.6,55.2,52.2,41.6,84,80.3,80.6,2.04,3.33,2.77,2.71,4.48,-0.63,1.78,1.73
063,1983,5.06,13,37,46.2,52.5,43.3,90.2,88.5,87.23,4.11,2.84,2.6,3.18,-2.52,0.14,-0.83,4.62
063,1984,7.62,8.14,39.1,47.1,52.2,45.6,83,86.4,84.6,-0.41,-0.62,-1.44,-0.82,-0.77,-2.66,-1.55,0
063,1985,10.05,7.01,43.6,51.2,56.1,43.5,84.5,79.8,81.37,-2.04,-2.08,-2.15,-2.09,-0.75,-0.84,-1.09,-1.65
063,1986,3.54,9.52,41.4,51.2,56.2,44.8,85.7,80.1,82.5,-1.39,-1.35,-1.42,-1.39,-0.3,-0.64,-0.17,-1.71
063,1987,3.06,3.12,38.4,53.7,53.6,34.8,86.8,81.7,84.43,-1.85,-1.81,1.41,-0.75,-0.44,4.24,1,-1.76
063,1988,5.44,8.56,37.3,48.8,54,36,89.9,88.7,88.5,-2.53,-3.42,-3.83,-3.26,-3.46,-2.27,-3.25,-1.32
063,1989,3.95,6.55,37.2,46.8,51.4,40.9,84.5,81.4,81.9,0.18,1.04,0.95,0.72,2.63,0.04,1.07,-2.89
063,1990,8.07,2.79,38.8,47.3,56,38.9,82.3,80.4,81.43,3.13,3.48,4.45,3.69,2.02,3.98,2.85,2.54
063,1991,5.89,8.75,43.4,57.2,52.9,43.1,87.7,86.1,86.67,-1.22,-2.45,-3.01,-2.23,-4.07,-2.43,-3.39,4.23
063,1992,4.68,4.18,37.3,45.7,51.8,39.6,79.3,77.6,79,-2.34,1.6,1.3,0.19,4.8,-0.4,0.73,-1.79
063,1993,7.33,7.9,37.2,50.8,51.1,38.9,83.1,82.4,81.5,4,4.47,4.82,4.43,2.66,2.43,3.54,2.39
063,1994,3.87,4.31,39.1,45.5,54.8,44.5,83,79.3,82.33,1.1,1.7,1.73,1.51,2.14,0.62,0.74,1.43
063,1995,5.76,8.84,36.1,47.9,50,41.2,86.6,87.2,85.7,-0.17,-0.34,-0.75,-0.42,-0.54,-1.36,-0.81,2.86
063,1996,3.02,3.31,34.6,48.1,53.3,41.7,81.8,82.4,81.37,1.16,2.54,1.59,1.76,4.5,-2.07,1,1.08
063,1997,8.61,3.46,33.8,43.3,53.3,41.5,84.9,79.6,81.8,-1.04,-1.38,0.74,-0.56,-1.34,2.23,-0.09,-0.72
063,1998,9.2,3.53,40.8,55,57,44.3,84.2,83.9,82.87,1.96,-0.04,-0.16,0.59,-0.11,-0.39,0.89,1.02
063,1999,6.03,3.15,41.8,52.1,49.9,40,88,80.8,83.63,1.57,-0.45,-0.22,0.3,-1.34,0.55,0.64,0.75
063,2000,3.91,2.99,37.4,52.7,53.5,45.3,81.6,83.1,81.27,1.22,2.48,1.97,1.89,4.16,-0.78,2.32,0.04
063,2001,5.81,5.66,42.6,52.1,51.8,42.4,85.5,84.1,82.87,0.67,0.55,0.84,0.69,-0.13,1.03,0.31,0.73
063,2002,5.43,3.09,40.2,45.6,54.1,40.4,87.7,84.9,85.53,-0.35,-0.96,-1.25,-0.85,-1.94,-1.16,-1.39,2.35
063,2003,2.9,2.19,38.6,48.5,52.5,40,84,85.6,82.87,0.3,1.79,1.54,1.21,4.58,-0.21,1.1,0.73
063,2004,5.43,6.29,39.6,52,54.6,42.4,82.3,78,79.93,0.55,0.15,2.06,0.92,-1.04,5.77,1.51,0.69
063,2005,7.87,5.82,41.1,46.7,57.3,43.2,86.7,84.1,85.7,-2.46,-1.97,-2.35,-2.26,0.69,-1.76,-1.28,-1.71
063,2006,6.57,3.67,42.3,50.3,52.5,40.3,85.6,82.2,82.83,-3,0.02,0.64,-0.78,0.07,1.86,0.21,-2.86
063,2007,8.54,6.55,37.5,53.5,54.8,48.2,82.7,84.8,83.5,1.38,1.61,4.07,2.35,1.12,7.88,2.79,1.77
063,2008,7.99,4.34,40.3,44.8,55.4,41.7,83.9,82.2,82.97,2.4,2.7,1.98,2.36,1.64,-1.31,-0.01,2.8
063,2009,9.51,5.25,37.5,50.3,53.9,41.3,78.1,79.6,79.6,4.83,4.95,5.44,5.07,1.83,3.01,1.81,5.16
063,2010,4.37,4.74,43.9,52.2,54.4,41.8,86.7,86.1,85.27,3.9,3.5,2.81,3.4,0.03,-1.01,1.38,2.44
063,2011,6.97,4.02,39.4,49.9,52.4,42.2,89.2,84.4,85.1,2.63,1.85,2.21,2.23,-1.54,1.67,0.58,2.34
063,2012,4.28,6.5,40.4,54.3,51.9,41.3,92,85.2,86.97,-2.37,-3.32,-3.34,-3.01,-3.59,-1.08,-2.07,-2.07
063,2013,6.73,2.33,37.1,51.9,54.8,42.2,82.1,82.6,81.7,2.03,-0.68,-0.7,0.22,-2.05,-0.27,-0.36,1.8
063,2014,6.09,3.63,38.5,50.6,52.5,41.7,79.6,82.4,81.5,0.76,1.29,2.36,1.47,1.85,3.59,2.4,0.19
063,2015,3.42,2.52,39,53.3,57.9,43.8,82.2,80.8,80.77,3.91,3.92,3.5,3.78,1.25,-0.04,3.44,0.97
063,2016,4.8,9.09,38.8,49.8,59.8,48.1,83.8,84.4,84.17,1.66,2.67,4.16,2.83,3.56,5.27,3.33,1.42
063,2017,8.08,3.81,42.5,47.9,55.1,48.2,84.1,80,82.7,3.45,3.73,3.47,3.55,1.91,0.36,0.93,3.66
063,2018,7.39,2.95,30.6,55.6,57.6,42,84.7,85.2,84.47,2.02,1.36,1.07,1.48,-1.37,-0.43,-0.23,1.83
063,2019,8,4.53,39,49.2,60.1,42.2,87.6,82.6,83.57,4.25,4.14,3.56,3.98,0.99,-0.47,0.65,4.21
063,2020,7.11,2.82,36.3,49.5,54.4,39.7,87.1,84.9,85.7,-0.44,-0.14,-1.08,-0.55,0.76,-2.86,-1.14,4.9
063,2021,4.48,3.65,40.4,49.7,56.8,50.2,82.2,85.7,83.97,0.89,-0.01,-0.22,0.22,-0.02,-0.66,0.56,0.11
063,2022,6.73,2.52,36.8,53.8,54.7,39.7,83.5,82.2,83.27,-0.66,-0.52,-0.57,-0.58,0.23,-0.34,-0.7,0.28
063,2023,7.57,3.5,37.9,49.1,56,44.6,84.5,82.9,83.6,-2.33,0.75,0.28,-0.43,2.25,-1.18,-0.35,-1.81
063,2024,7.58,3.68,41.3,53,55.6,44.1,83.8,83.9,84.33,1.42,1.61,-0.06,0.99,1.01,-0.17,0.27,1.59
063,2025,5.11,4.49,40.5,48.8,54.5,46.4,87,82.4,84.67,-2.21,-1.39,-1.35,-1.65,1.77,-0.3,0.49,-2.46
065,1980,8.25,7.97,42.6,53.6,58.4,40.6,91.8,92.9,90.07,-1.05,-0.72,-0.99,-0.92,0.65,-1.03,-0.27,-1
065,1981,5.18,3.56,50,50.3,54.8,43,88,85,86.1,1.52,2.12,0.02,1.22,2.27,0.05,0.57,1.92
065,1982,13.69,5.65,39.6,57.1,55.1,44.5,87.4,85.4,84.37,-0.37,-0.19,-0.39,-0.32,0.44,-0.67,0.12,-0.63
065,1983,6.28,15.35,40.3,50.9,55.8,47.1,91.8,94.6,90.3,3.79,-0.67,-1.56,0.52,-2,-2.9,-1.39,3.96
065,1984,9.94,10.3,43.9,50.4,55.2,52.2,87.3,87.9,87.73,-0.85,-1.28,-1.62,-1.25,-1.56,-1.42,-1.67,-0.19
065,1985,12.36,10.58,48.7,54.1,56,49,87.5,83.2,83.93,2.9,2.27,2.72,2.63,-1.01,2.06,1.53,1.92
065,1986,7.41,11.3,46.1,55.6,60.4,47.3,90.8,83.4,86.93,1.16,2.06,2.39,1.87,3.06,1.62,1.27,1.62
065,1987,6.5,4.27,41.6,58.2,55.7,37.8,88.4,89.7,88.57,-2.03,-1.05,-1.35,-1.48,2.33,-1.23,0.18,-2.06
065,1988,10.88,9.16,41,50.8,56.5,38.7,89.7,90.2,89.97,-2.38,0.76,-0.56,-0.73,2.28,-1.67,-0.66,-1.68
065,1989,17.88,8.91,43.5,50.2,56,45,86.2,86.6,85.1,2.04,1.8,2.32,2.05,-0.08,2.1,1.01,1.9
065,1990,12.54,4.31,41.4,52.5,58.9,41.6,87.6,85.3,85.9,2.32,1.84,1.19,1.78,-0.74,-1.36,-0.81,2.72
065,1991,10.53,11.42,48.5,61.1,57.6,46.1,89.4,89.9,88.6,-1.24,-1.43,-2.02,-1.56,-0.96,-2.21,-1.31,-1.09
065,1992,6.91,8.72,44.8,51.8,55.7,42.6,87.4,82.6,83.7,-1.65,0.42,0.36,-0.29,1.27,-0.06,0.08,-1.48
065,1993,10.69,6.8,42.2,54.3,54.9,41.7,90.3,87.8,87.27,0.99,1.01,0.84,0.95,0.36,-0.2,0.21,0.93
065,1994,6.77,10.64,44.8,48.9,52.8,45.7,87.2,85,86.27,-0.18,-0.69,-0.85,-0.57,-1.61,-0.69,-0.33,-0.68
065,1995,9.54,9.43,42.3,53.7,53.8,45,88.6,91.5,88.07,2.01,-0.45,-0.23,0.44,-1.36,0.53,0.29,1.61
065,1996,8.15,6.59,40.3,57.2,54.9,45.3,85.4,86.9,85.3,2.89,3.48,3.14,3.17,2.67,0.07,1.54,2.52
065,1997,13.01,7.45,38.5,49.1,55.8,45.6,88.4,83.9,84.27,3.62,-0.3,-0.2,1.04,-0.89,0.2,0.89,2.79
065,1998,10.68,5.48,44.8,58.9,60.8,47.8,86.5,86.4,85.8,2.16,2.19,2.02,2.12,0.77,0.15,1.28,1.32
065,1999,16.11,4.79,48.6,52.9,52.7,42.6,90.6,87,87.3,0.23,0.26,-0.59,-0.03,0.17,-1.77,-0.31,-0.27
065,2000,11.02,4.59,40.7,56.6,55.5,47.5,84.9,86.8,85.17,1.8,2.04,2.19,2.01,1.29,1.08,2.59,-1.91
065,2001,5.43,6.64,49.5,55.4,54.2,44.6,87.4,87.6,86.13,-2.24,0.15,0.35,-0.58,0.44,0.65,0,-2.09
065,2002,12.6,10.98,47.4,52,60.7,46.3,91.6,90.4,89.77,-0.26,-1.12,-2.06,-1.15,-2.65,-3.18,-2.2,3.98
065,2003,8.54,6.86,46.3,54.8,54.8,45.1,88,88.5,85.37,0.91,-0.41,-0.48,0.01,-1.22,-0.33,-0.08,0.52
065,2004,8.73,6.77,46.2,59.7,56.5,48.1,85.1,82.4,83.7,0.45,1.19,1.98,1.21,2.35,2.74,1.41,0.83
065,2005,10.75,8.78,45.8,49.9,60.2,45.4,88,89.4,87.8,-1.64,-1.7,-0.79,-1.38,-0.68,2.22,-0.01,-1.25
065,2006,13.55,6.57,48.8,54.2,53.8,42.9,88.7,87.8,87.17,0.06,0.75,0.82,0.54,2.1,0.45,0.83,0.09
065,2007,10.7,8.98,41.5,57.5,59.3,49.6,86.3,95,88.97,-1.41,-1.73,-2.57,-1.9,-1.38,-3.07,-1.53,-1.53
065,2008,18.64,7.76,43.1,51.3,58.9,44.1,86.6,85.2,85.97,3.44,3.73,-0.4,2.26,1.92,-1.19,0.09,4
065,2009,7.68,6.75,44.5,55.7,58.8,43.7,82.2,84,84.37,1.41,2.49,2.53,2.14,3.67,0.89,1.52,1.57
065,2010,7.78,6.31,48.5,57.4,57.1,43.2,90.2,91.5,90.1,-0.77,-0.95,-1.08,-0.93,-0.78,-0.69,-0.44,-0.91
065,2011,10.22,8.02,47.8,55.7,55.8,43.8,91.8,88.1,88.6,4.59,4.69,3.8,4.36,1.72,-1.23,1.52,3.61
065,2012,8.13,12.26,46.7,58.6,56.8,45.1,97.8,89.6,92.03,-3.02,-3.88,-3.92,-3.61,-3.52,-1.33,-2.71,-2.15
065,2013,12.93,4.19,43.6,55.6,58.9,46.6,83.8,85.1,84.23,1.71,2.51,2.07,2.1,2.94,-0.55,1.03,1.65
065,2014,5.41,10.86,46.1,56.5,55.5,47.9,83,85.2,84.13,2.35,2.14,3.14,2.54,0.11,3.67,1.85,1.96
065,2015,10.48,6.12,46.4,57.3,59.6,47,86.6,84.5,84.9,3.79,3.73,3.39,3.64,0.99,0.13,2.26,2.12
065,2016,8.62,11.41,45.2,54.4,61.1,52.3,88.1,87.2,87.93,1.55,2.7,3.95,2.73,3.93,4.6,2.54,2.06
065,2017,6.43,5.23,50,56,58.3,49.8,88.9,83.3,86.07,-0.36,-0.57,-0.89,-0.61,-0.74,-1.14,-0.9,-0.09
065,2018,16.04,4.44,37.8,61.6,63.2,46.6,87,86.4,86.9,1.95,1.6,1.45,1.67,-0.46,0.04,0.56,1.39
065,2019,15.97,9.43,46,56.8,62.6,45.6,87.9,86,85.63,4.67,4.21,4.24,4.37,0.07,1.38,1.06,4.57
065,2020,16.51,6.62,42,53.8,57.2,43.9,89.2,84.3,86.37,3.64,3.9,3.93,3.82,1.92,1.29,1.64,3.42
065,2021,12.59,6.57,42.9,51.4,58.8,53.3,86.6,88.1,86.77,1.87,2.66,2.65,2.39,2.96,0.8,1.37,1.95
065,2022,12.38,5.31,44.1,57.5,57,41.6,89.5,86.8,88.23,-0.97,-0.41,-0.42,-0.6,1.4,-0.17,-0.04,-0.59
065,2023,15.02,3.58,43.6,54,57.3,48.1,88.8,85.7,86.83,-1.89,-1.4,-1.25,-1.51,0.88,0.02,-0.45,-1.27
065,2024,8.43,1.97,47.7,60.2,59.4,45.4,87.4,87.3,87.27,-3.19,-2.29,-2.63,-2.7,1.7,-1.7,-0.55,-2.94
065,2025,6.37,8.6,46.9,55.1,58.3,50.2,90.7,86,87.33,1.71,-0.04,-0.92,0.25,-0.13,-2.63,-0.72,1.69
067,1980,4.16,3.64,39.8,53,56.2,40,91.7,88.5,87.57,0.74,0.4,1.45,0.86,-0.77,3.28,1.57,-3.47
067,1981,2.14,4.07,46.9,49,53.7,42,83.8,82.2,83.03,2.87,4.54,4.36,3.92,5.88,0.87,3.34,1.99
067,1982,8.12,4.31,36.3,56.6,54.9,44.2,86,82,81.8,3.15,3.64,3.77,3.52,2.43,1.52,1.44,3.38
067,1983,4.21,9.89,38,49,54.9,45.2,92.8,93.3,90.1,-0.77,-1.72,-2.54,-1.68,-3.08,-3,-2.75,-0.06
067,1984,5.33,8.7,41.4,48.7,52.9,46,85.2,87,85.57,2.14,2.84,2.04,2.34,2.78,-1.54,0.38,2.42
067,1985,11.45,6.34,45.8,54.1,57.1,45.5,86.6,79.9,81.97,2.31,2.25,2.41,2.32,0.56,1.17,0.05,3.16
067,1986,2.88,10.84,43.8,54.2,58.9,45.3,87.6,79.7,83.87,2.09,2.71,2.37,2.39,2.51,-0.19,0.84,2.26
067,1987,4.53,2.84,42.6,56.5,54.6,37.2,90.3,85.8,87.53,-2.38,-3.07,-2.38,-2.61,-2.81,1.13,-1.29,-1.84
067,1988,3.64,6.44,39.7,52.7,55.2,37.8,91.2,90.7,89.97,-3.87,-4.65,-4.54,-4.35,-3.53,-1.12,-2.51,-3.24
067,1989,3,4.69,41,48.9,52.3,44.5,87.9,84.8,84.57,-4.73,-4.77,-4.55,-4.68,-1.58,-0.83,-1.06,-4.99
067,1990,8.27,1.08,40,48.7,57.9,40.9,84.4,84,83.43,2.94,3.18,-0.25,1.96,1.62,-0.76,2.15,1.2
067,1991,5.88,6.57,45.2,58.5,54.9,43.4,87.4,85.2,86.17,-1.14,-1.66,-2.24,-1.68,-1.91,-2.25,-2.53,1.21
067,1992,4.32,5.46,40,50.3,53,42.5,82,78.9,80.77,-1.93,1.78,1.08,0.31,5.35,-1.56,0.3,-1.09
067,1993,6.69,10.78,39.6,53.1,51.6,41.5,83.6,84.7,83.07,3.61,5.46,6.39,5.15,6.65,4.49,4.44,3.22
067,1994,3.81,2.89,41.1,50.1,54.6,47,84.5,82.8,83.9,2.79,2.23,2.12,2.38,-0.82,0.36,-0.41,3.39
067,1995,5.35,7.05,38.1,50.1,51.7,43.2,87.1,88.3,85.73,3.41,3.02,3.18,3.2,-0.12,1.4,0.19,4.07
067,1996,4.78,2.65,37,51.7,53.2,43.6,83.7,83.4,82.77,2.62,2.85,-0.08,1.8,1.5,-0.25,0.09,3.29
067,1997,8.89,1.94,37.6,46.3,55.9,44.1,86,81.8,83.1,1.7,1.18,1.69,1.52,-1.03,1.87,0.44,1.72
067,1998,10.79,4.34,43,57.6,60.8,45.9,85.8,86.1,84.17,3.84,3.09,2.26,3.06,-1.06,-1.55,0.63,2.61
067,1999,5.66,5.81,45,53.9,51.8,42.5,89.9,83.6,85.23,-0.57,-0.9,-1.4,-0.96,-1.15,-1.78,-1.24,-0.35
067,2000,5.44,3.11,40.8,54.2,55.5,47.1,83.6,86,83.07,1.42,1.5,-0.25,0.89,0.68,-0.74,1.4,-2.86
067,2001,8.05,3.52,45.2,54.3,53.7,43.2,87.2,85.3,83.9,2.02,1.6,2.55,2.06,-0.64,3.35,1.21,1.92
067,2002,4.98,3.25,41.4,48.2,56.5,41.4,88.3,84.3,85.63,3.45,3.2,3.83,3.49,0.31,2.9,1.47,3.4
067,2003,3.5,1.53,41.9,50.3,51.5,42.8,85.3,87.4,84.13,-0.04,0.72,0.52,0.4,2.16,-0.37,0.58,-0.03
067,2004,4.31,8.1,42.8,54.4,56,44.7,82.3,79.6,80.43,1.11,0.95,2.47,1.51,-0.15,4.85,1.56,1.25
067,2005,6.13,5.19,44.9,49.8,59.3,45.2,88.9,86.8,87.4,-1.37,-1.94,-2.13,-1.81,-2.14,-1.17,-1.79,-0.77
067,2006,7.03,2.8,44.7,52.4,53.3,40.3,89.3,85.4,85.87,-3.56,-3.77,-3.76,-3.7,-1.73,-1.13,-1.42,-3.45
067,2007,7.64,5.46,38.9,57,56.5,48.3,85.4,89.8,86.33,-1.81,-2.14,-1.89,-1.95,-1.54,0.07,-0.53,-1.98
067,2008,7.99,3.82,40.6,48.3,56.3,42.8,85,83,83.5,2.15,2.4,1.86,2.14,1.42,-0.9,1.38,1.05
067,2009,8.77,4.84,40.1,51.5,55.6,40.9,80.2,81,81.37,4.67,4.41,5.84,4.97,0.68,5.65,2.84,4.39
067,2010,6.06,5.91,47,53.2,56.3,44.1,87,87.1,86.5,7.09,8,7.66,7.58,4.93,1.46,4.61,5.14
067,2011,4,1.91,41.5,50.6,52.3,43.5,90.7,88,86.63,5.24,-0.66,-1.77,0.94,-1.98,-3.55,0.53,3.19
067,2012,3.28,8.96,42.7,55.8,52.2,41.5,93.5,86.4,88.17,-2.53,-3.24,-3.76,-3.18,-2.91,-2.54,-2.55,-2.01
067,2013,7.9,3.21,38.8,53,57.5,43.8,83.9,85.1,83.4,-0.24,-0.59,-1.81,-0.88,-1.14,-3.84,-1.9,4.11
067,2014,5.38,2.9,39.5,53.3,53.9,44.2,80,82,81.37,1.17,1.57,2.3,1.68,1.56,2.67,2.58,-0.57
067,2015,3.41,1.93,42.8,54.7,60.4,45.4,82.9,81.6,81.67,2.82,3.76,3.54,3.37,3.69,0.5,3.34,0.98
067,2016,3.63,11.14,42.7,51.9,60.8,50.2,83.7,84.2,84.93,-1.78,0.59,1.32,0.04,1.77,2.38,0.26,-0.74
067,2017,5.09,2.94,45.4,51.5,56.7,48.5,87.5,80.6,84.13,-1.61,-1.59,-1,-1.4,-0.44,1.3,-0.44,-0.98
067,2018,8.91,1.99,33,60.3,59.9,43.3,85.4,85.5,85.5,-1.44,-1.75,0.65,-0.85,-1.38,1.95,-0.05,-1.33
067,2019,9.71,4.61,42,52.4,62.6,42.3,87.8,82.3,83.57,5.87,4.71,4.52,5.03,-1.66,0.87,0.6,5.58
067,2020,6.37,2.87,38.6,51.3,55.2,41.4,85.9,83.6,84.47,2.61,3.08,2.03,2.57,2.22,-2.21,0.01,2.91
067,2021,7.04,4.33,41.9,51.7,58.6,51.1,82.9,84.7,83.67,2.24,2.99,2.77,2.67,2.93,0.28,1.43,2.1
067,2022,6.56,1.27,38.5,55,57,40.7,84.5,84.2,84.17,-0.24,-0.23,-1.08,-0.52,-0.05,-2.61,-1.04,-0.1
067,2023,8.17,3.12,40.3,52.5,57.6,46.6,85.6,83.3,84.23,-1.77,-1.93,-1.23,-1.64,-1.04,1.51,-0.71,-1
067,2024,6.37,3.52,43.5,55.7,57,45.8,82.7,83.2,83.8,-1.61,-0.76,-0.94,-1.1,2.04,-0.79,-0.35,-0.94
067,2025,3.61,4.74,43.4,50.6,56.9,49.8,86.3,82.8,84.13,0.06,1.72,-0.54,0.41,4.99,-1.62,1.12,0.07
069,1980,7.74,10.46,42.8,53.9,60.8,41.9,91.8,91.4,89.6,-0.82,-0.71,-1.14,-0.89,0.08,-1.53,-0.22,-1.2
069,1981,6.08,3.49,50.5,51.4,55.4,46.2,87.2,84.3,85.53,2.09,2.75,2.66,2.5,2.64,0.58,1.64,1.7
069,1982,13.47,5.16,41.6,57.9,56.6,46.5,87.7,84.1,84.3,-0.93,-0.61,-0.27,-0.6,0.67,0.81,0.27,-0.78
069,1983,5.68,14.45,41.7,54.1,58.4,48.7,90.4,93,89.13,3.43,-0.33,-1.33,0.59,-1,-3.09,-1.21,3.66
069,1984,10.55,10.58,45.2,52.2,56.8,54.6,86,86,86.17,1.11,1.38,0.81,1.1,1.17,-1.3,-0.3,1.52
069,1985,11.85,14.15,49.6,56,56.9,50.7,87.8,83.7,84.53,3.05,2.46,4.35,3.29,-0.81,6.42,3.4,1.69
069,1986,7.8,8.16,46.5,56.5,62.8,47.7,91.1,84.4,87.17,0.16,0.38,0.35,0.3,0.7,0.03,-0.02,0.47
069,1987,7.02,6.14,42.3,59.2,57.2,39.7,88.8,90.2,88.57,-1.53,-0.97,-1.35,-1.28,1.2,-1.43,0.3,-2.13
069,1988,11.96,10.71,43.3,51.3,58.4,39.2,89.9,91,90.1,-2.13,-1.81,-1.98,-1.97,0.32,-1.07,-1.01,-1.53
069,1989,20.56,10.89,44,51.7,57.5,45.8,85.8,85.7,84.47,2.15,3.07,3.18,2.8,3.44,1.26,1.96,1.95
069,1990,15.43,3.87,42.3,52.9,60.1,42.5,88.4,85.5,86.53,2.52,2.29,2.12,2.31,0.08,0.22,-0.18,3.12
069,1991,11.94,11.96,50,62.7,58.7,46.9,91.1,90,89.13,-0.93,-1.66,-2.28,-1.62,-2.47,-2.35,-2.19,-0.39
069,1992,8.72,7.49,45.9,52.3,57.2,43.8,88,82.8,84.1,-2.43,0.41,0.3,-0.57,1.22,-0.21,0.14,-2.5
069,1993,11.11,5.76,43,54.5,55.9,42.8,91.6,88.4,87.8,0.63,0.97,0.82,0.81,1.19,-0.15,0.94,0.05
069,1994,10.43,8.59,46.4,49.7,54,47.4,87.7,85.3,86.7,-0.7,-1.14,-1.03,-0.96,-1.53,-0.02,-0.66,-0.62
069,1995,9.51,9.07,45.2,55.1,55.1,45.2,88,91.1,87.67,1.46,1.35,1.41,1.41,0.12,0.58,0.55,1.28
069,1996,10.22,5.29,40.7,59.3,55.8,46.5,85.6,86.7,85.3,1.4,2.33,1.8,1.84,3.23,-0.87,1.17,1.13
069,1997,16.46,11.36,39.1,49.7,56.4,46,88.5,84.5,84.37,4.21,-0.4,-0.41,1.13,-1.21,-0.13,-0.01,4.21
069,1998,8.61,5.96,45.7,60.1,61.7,48.4,86.2,86.8,86.2,1.29,1.47,1.56,1.44,0.94,0.72,1.72,0.14
069,1999,11.95,6.02,50.2,53.4,54.3,44.7,91.2,89.7,88.53,-0.56,-0.93,-1.7,-1.06,-1.28,-2.6,-0.92,-1.04
069,2000,14.5,5.51,43.5,58.5,57,48.2,85.6,87.9,85.9,-1.46,-1.11,-1.11,-1.23,0.59,-0.33,0.44,-2.02
069,2001,7.41,7.28,50,55.9,55.6,44.5,87.9,87.6,86.33,-2.24,0.59,0.67,-0.33,1.77,0.41,0.64,-2.4
069,2002,13.55,14.41,47.9,52.8,61.4,48.3,91.8,89.7,89.53,3.65,2.35,1.09,2.36,-2.77,-3.04,-2.25,4.42
069,2003,9.67,8.27,48,56.2,55.8,45.9,88.2,88,85.27,1.95,1.2,1.57,1.57,-1.64,1.48,0.34,1.73
069,2004,8.65,7.86,45.4,60.7,57.8,50.3,85,83.3,83.97,0.16,0.5,-0.2,0.15,1.07,-0.6,0.2,0.13
069,2005,11.03,9.43,47.1,50.2,61.8,47.4,88.2,89.6,87.67,-1.1,-1.4,1.31,-0.4,-1.22,3.93,0.81,-1.13
069,2006,15.17,5.26,50,54.6,55.5,44.6,88.5,88,87.17,-1.07,0.61,0.64,0.06,1.82,0.28,0.29,-0.74
069,2007,12.26,9.51,42.7,58.2,61.3,51.7,87,96.3,90,-1.25,-1.11,-2.11,-1.49,0.04,-3.35,-1,-1.51
069,2008,20.67,10.48,44.7,53.3,60.9,45.8,88,85.8,86.87,3.22,3.92,-0.5,2.21,3.1,-1.49,0.42,3.72
069,2009,9.01,8.5,46.2,56.8,61.8,45.3,83,84.6,85,0.36,1.3,1.51,1.06,2.94,1.02,1.08,0.66
069,2010,7.84,5.45,49.4,58.3,58,44.5,91.5,92.8,91.2,-1.2,-1.99,-2.26,-1.82,-2.74,-1.43,-1.59,-1.11
069,2011,11.51,7.51,49.5,55.6,57.3,44.6,91.5,88.5,89.17,3.62,3.67,3.17,3.49,1.27,-0.37,0.99,3.27
069,2012,7.78,14.22,47.1,58.9,58.3,45.5,96.5,89.4,91.77,-3.98,-4.38,0.07,-2.76,-2.45,0.22,-1.74,-3.33
069,2013,14.77,5.18,43.7,54.8,59.7,48.4,84.3,84.5,84.5,0.52,0.8,0.96,0.76,0.99,0.72,0.87,0.24
069,2014,7.22,9.99,45.9,57.5,56.7,48.5,84.5,87.2,85.37,-0.38,-0.89,-0.84,-0.7,-1.65,-0.13,-0.54,-0.48
069,2015,12.44,6.03,47.9,56.9,59.8,47.7,87.5,83.8,85.37,1.55,3.11,3.37,2.68,5.15,1.74,2.85,1.11
069,2016,12.58,14.42,45.8,54,61.9,52.7,88.3,85.8,87.33,2.09,4.14,4.83,3.69,6.81,3.34,2.83,2.95
069,2017,9.24,7.75,50.4,56,59.4,49.2,89.6,85,86.5,-0.23,-0.8,-1.17,-0.73,-1.78,-1.35,-1.03,-0.28
069,2018,15.65,6.86,39.2,62.6,64.4,48.8,87.8,85.7,87.03,2.17,1.79,1.44,1.8,-0.47,-0.5,0.92,1.03
069,2019,18.6,10.78,45.7,58.6,62.8,46.8,87.6,86.4,85.6,4.05,3.88,3.56,3.83,0.73,0.26,1.11,3.65
069,2020,17.98,8.55,42.2,54.2,59.8,45.6,89,83.6,85.8,2.91,3.53,4.08,3.51,2.75,2.73,2.54,2.45
069,2021,12.71,4.91,44.3,52.7,59.5,54.1,85.9,86.8,85.8,1.71,2.84,2.73,2.43,3.91,0.54,1.29,2.12
069,2022,14.59,6.91,44.5,58.4,58.7,43.5,90.5,87.2,88.3,-0.83,-0.69,-1.15,-0.89,0.16,-1.59,-0.81,-0.55
069,2023,18.25,4.83,44.7,55.6,58.9,49.2,88.1,85,86.1,-2.25,-2.37,-1.8,-2.14,-1.06,0.99,-0.72,-1.73
069,2024,9.21,1.91,49.2,60.3,60.6,46.8,86.4,87.3,86.6,0.33,1.03,0.47,0.61,2.21,-1.36,0.17,0.49
069,2025,12.36,9.61,48.8,56,59.5,50.7,89.7,86.3,87.1,3.15,-0.32,-1.05,0.59,-0.96,-2.28,-0.06,2.38
071,1980,4.07,3.35,39.2,52.1,55,39.1,89.9,86.8,85.97,1.13,1.29,3.19,1.87,0.82,6.11,3.44,-2.62
071,1981,2.46,3.93,45.4,48.3,52.6,41.4,82.8,81.4,82.17,3.29,3.93,4.07,3.76,2.95,1.62,2.35,2.75
071,1982,7.21,3.78,35.1,56,54.2,43.6,84.9,80.8,80.9,3.04,4.91,4.9,4.28,6.54,1.5,2.71,3.36
071,1983,3.76,9.19,36.8,48,54,44.3,91.5,91.9,89.13,-0.42,-1.37,-2.18,-1.32,-2.97,-2.86,-2.28,-0.1
071,1984,4.81,7.04,40.6,47.7,52.2,45.5,84,86.1,84.67,1.81,2.29,1.45,1.85,2.01,-1.82,-0.33,2.46
071,1985,9.12,5.68,44.8,53,56.5,44.8,85.8,80.2,81.73,-1.38,-1.4,-1.46,-1.41,-0.47,-0.63,-0.82,-1.04
071,1986,3.07,8.53,43.1,53.2,58.7,44.6,86.9,78.6,82.93,0.61,1.4,1.46,1.16,2.58,0.59,1.19,0.52
071,1987,4.54,2.46,42.2,55.7,53.6,36.8,90.5,85,87.47,-2.59,-3.49,-2.77,-2.95,-3.5,1.08,-1.69,-1.89
071,1988,4.09,7.11,38.8,52.4,55.4,36.8,91.6,89.9,89.83,-4.39,-5.22,-4.75,-4.79,-3.85,-0.21,-2.69,-3.41
071,1989,2.87,4.62,40.1,48.4,51.5,43.2,87.2,84.3,84,-4.47,-4.49,-4.17,-4.38,-1.44,-0.43,-0.77,-4.82
071,1990,8.95,1.2,39.6,48.2,56.7,40.4,83.1,82.9,82.43,3.31,3.89,3.57,3.59,2.75,0.25,2.67,1.84
071,1991,6.46,6.58,44.1,57.6,53.7,42,87.1,84.9,85.9,-1.3,-2.01,-2.51,-1.94,-2.54,-2.13,-2.67,-0.21
071,1992,4.45,5.81,39.1,49.4,52.4,41.5,80.8,78.3,80.1,-1.91,1.6,0.93,0.21,4.79,-1.5,0.16,-1.08
071,1993,6.6,9.72,38.4,52.8,50.9,40.6,82.6,83.5,82.07,4.07,5.76,7.16,5.66,6.34,5.97,5.29,3.21
071,1994,4.13,2.79,40.1,49.2,54,46,83,81.4,82.83,-1.49,-1.49,-1.53,-1.5,-0.45,-0.58,-0.78,-1.18
071,1995,5.07,7.16,37.1,49.7,51.2,42.4,86.5,87.9,85.53,-0.29,0.28,-0.05,-0.02,0.85,-0.14,-0.05,2.38
071,1996,4.49,3.12,35.4,50.2,52.8,42.9,83.2,83,82.3,-0.44,-0.13,-0.51,-0.36,0.79,-1.17,-0.57,2.28
071,1997,8.05,1.69,36.5,45.9,55.7,44.2,85.6,81.1,82.73,-0.41,-0.68,1.11,0.01,-0.92,3.32,0.53,-0.17
071,1998,10.68,4.2,42.4,56.8,59.6,45.6,85.6,85.1,83.37,3.44,2.58,2,2.67,-1.53,-0.94,0.1,2.82
071,1999,4.94,5.34,43.6,53.5,50.2,41,89,82.1,84.23,0.37,-0.2,-0.53,-0.12,-0.6,-1.05,-0.18,-0.33
071,2000,5.03,3.03,39.7,53.4,54.6,45.9,83,85.5,82.5,1.1,1.23,-0.69,0.55,0.75,-2.08,0.65,-1.5
071,2001,7.9,3.64,44.2,53.6,52.4,42,86.5,84.6,83.23,2.44,2.08,1.76,2.09,-0.34,-0.32,-0.21,2.72
071,2002,4.26,2.95,40.2,47.5,55.7,40.5,88.1,84,85.43,2.35,2.29,3.21,2.62,0.56,3.46,1.67,2.26
071,2003,2.87,1.13,40.7,49.5,51.5,41.7,84.9,87.6,84.1,0.41,0.57,-0.63,0.12,0.63,-1.88,-0.45,0.49
071,2004,5.09,7.67,41.3,53.7,55.2,43.8,81.8,78.8,80.13,-0.89,0.08,1.08,0.09,0.24,3.02,0.58,-0.43
071,2005,5.48,4.32,43.4,48.5,57.8,43.7,88.2,86,86.77,-1.55,-2.13,-2.57,-2.08,-2.24,-1.97,-2.24,-0.8
071,2006,7.11,2.73,44,52.1,52.3,39.2,89,84,85.13,-3.71,-4.05,-4,-3.92,-2.18,-1.1,-1.81,-3.33
071,2007,6.94,5.16,38,55.8,55.5,47.6,84.2,87.2,84.7,0.4,0.71,1.65,0.92,1.05,3.04,1.76,-0.68
071,2008,5.76,3.66,40,47.3,56,42.4,84.2,82.1,82.7,2.02,2.39,2.17,2.19,1.74,0.07,1.6,1.15
071,2009,8.9,4.99,39.2,51.1,55.4,40.2,79.3,79.8,80.3,5.63,5.6,7.1,6.11,1.64,6.25,3.88,4.88
071,2010,5.66,4.78,46.5,52.9,55.3,42.8,86.6,86.4,85.83,7.08,7.27,6.93,7.09,2.77,1.23,3.42,5.57
071,2011,3.63,2.19,40.7,50.7,51.5,43.4,89.8,86.4,85.37,4.82,-0.57,-1.72,0.84,-1.72,-3.62,0.12,3.25
071,2012,3.34,8.36,41.6,54.9,51.1,40.6,92.5,85.8,87.33,-2.2,-3.18,-3.48,-2.95,-3.61,-1.87,-2.26,-1.98
071,2013,7.55,3.64,37.3,52.3,56,42.4,83.8,84.7,83.03,-0.47,-0.84,-2.09,-1.13,-1.26,-4.01,-2.22,4.18
071,2014,5.76,2.6,38.8,51.4,52.4,42.5,79.9,81.6,81.2,0.96,1.16,2,1.37,0.9,2.87,2.22,-0.73
071,2015,3.33,2.27,41.4,53.8,59.2,43.7,82.9,81.1,81.43,2.09,3.68,3.63,3.13,5.39,0.98,3.52,0.78
071,2016,4.39,10.32,41.3,51.6,59.8,49,83.8,84.2,84.9,0.91,2.07,2.69,1.89,3.75,2.49,1.4,1.78
071,2017,4.79,3.28,44.1,50.9,55.4,47.1,87.1,80.5,84.13,-1.03,-0.66,-0.78,-0.82,0.79,-0.56,-0.86,-0.11
071,2018,7.48,1.63,31.2,58,58.4,42,85.3,85.2,85.27,-1.39,-1.93,0.08,-1.08,-2.05,0.25,-0.92,-1.2
071,2019,8.82,4.36,40.5,51.2,61.4,41.1,88.1,82.4,83.63,4.85,3.58,2.86,3.76,-2.29,-1.08,-1.04,5.31
071,2020,5.61,2.6,37.2,50.5,53.7,39.8,86.5,84.3,84.83,-0.43,-0.22,-1.22,-0.62,0.5,-3.09,-1.01,-0.31
071,2021,6.45,4.68,40.9,51.4,57.7,50.2,83.4,85.1,84.03,1.51,1.89,1.78,1.73,1.61,0.27,0.95,1.32
071,2022,5.74,1.13,37.4,54.9,55.9,39.3,84.7,83.4,84.07,-0.83,-1.18,-1.81,-1.27,-1.3,-2.27,-1.75,-0.3
071,2023,7.76,2.78,39.4,52.3,57.2,45.2,85.1,83.1,84.2,-2.82,-2.41,-1.77,-2.33,0.35,1.19,-0.32,-2.22
071,2024,7.93,3.37,42.2,54.6,55.5,44.2,83,82.9,83.73,-0.84,1.15,-0.19,0.04,3.44,-0.57,0.43,-0.34
071,2025,3.49,3.92,41.8,49.9,55.9,48.6,86.6,82.9,84.47,-2.84,-0.74,-1.06,-1.55,5.43,-1.21,1.18,-2.91
073,1980,4.18,5.17,38.3,50.3,54.4,37.6,87.2,85.5,84.23,0.32,0.37,1.98,0.89,0.23,4.95,2.05,-0.44
073,1981,3.03,3.56,42.5,46.7,51.4,39.2,82.2,80.9,81.57,1.19,1.28,2.57,1.68,0.65,4.26,2.29,0.59
073,1982,6.05,2.83,33,54.9,52.8,41.8,84.4,80.6,80.77,1.67,3.31,2.99,2.66,5.43,0.05,1.95,1.73
073,1983,4.53,8.06,35.6,46.6,52.5,43,90.2,89.9,87.8,-0.94,-1.52,-2.55,-1.67,-2.02,-3.55,-2.3,-0.56
073,1984,4.34,6.26,39.5,46.6,51.3,44.6,83.1,86.1,84.2,-0.43,-0.16,-0.83,-0.47,0.68,-2.05,-0.89,1.28
073,1985,8.99,5.82,44,51.4,54.6,42.6,84.3,79.6,81.1,-1.83,-2.14,-2.3,-2.09,-1.5,-1.14,-1.49,-1.36
073,1986,3.34,9.11,40.8,51.5,56.9,43.1,85.6,78.4,81.9,1.02,1.91,1.81,1.58,3,0.28,1.31,0.89
073,1987,3.81,2.56,40.2,53.4,53,35.2,89.5,82.2,85.7,-2.42,-3.24,2.27,-1.13,-3.21,6.8,0.22,-1.61
073,1988,5.01,7.89,37.7,50.2,53.5,35.8,90,89,88.53,-2.26,-3.48,-3.63,-3.12,-4.38,-1.52,-3.04,-1.32
073,1989,3.54,4.79,37.6,47.3,50.1,41.2,85.4,82.4,82.47,-3.48,-3.56,0.34,-2.23,-1.32,1.02,-0.13,-3.85
073,1990,9.26,1.79,38.9,47.2,55.4,39.4,82,81.8,81.53,4.55,4.36,4.8,4.57,0.83,2.68,3.38,2.62
073,1991,7.09,6.21,42.4,56.5,52.6,41.7,86.2,84.2,85.27,-1.19,-2.36,-2.73,-2.09,-3.88,-1.84,-2.9,-0.22
073,1992,3.98,5.37,37.5,47.9,51.3,40.1,78.3,77.6,78.77,-2.76,2.83,2.32,0.8,8.48,-0.64,1.75,-2.11
073,1993,7.58,9.31,36.4,51.5,50.4,38.8,82,82.1,81,5.35,5.75,6.51,5.87,2.86,4.07,3.94,4.15
073,1994,4.38,3.12,39,48.2,54.2,44.3,82.2,79.4,81.8,-1.46,-1.45,-1.51,-1.47,-0.41,-0.65,-0.21,-1.79
073,1995,4.76,7.9,35.7,49.1,50.1,41,86,87.3,85.37,-0.74,-0.25,-0.35,-0.45,1.25,-0.38,-0.45,2.57
073,1996,3.76,3.53,34.7,48.5,51.8,41.4,81.7,82.3,81.33,-0.3,-0.29,-0.33,-0.31,-0.06,-0.2,-0.39,1.69
073,1997,7.17,2.28,35.5,44.3,53.9,42.3,84.3,79.8,81.93,-1.35,-1.92,0.9,-0.79,-2.13,2.7,-0.42,-0.82
073,1998,10.02,3.9,41.2,55.4,57.3,44.2,84.5,83.1,82.1,2.92,2.19,2.04,2.38,-1.28,0.21,0.59,2.2
073,1999,4.9,4.26,41.9,52.6,49.4,39.9,88.6,80.5,83.5,2.62,-0.45,-0.41,0.59,-1.34,-0.01,-0.14,2.58
073,2000,5.03,3.01,38.1,52.6,53.6,44.7,81.7,83.8,81.33,0.96,0.9,0.59,0.82,0.11,-0.65,0.66,0.13
073,2001,7.12,3.98,42.9,52.9,50.9,41.8,85.8,83.6,82.83,-0.11,-0.42,-0.77,-0.43,-0.97,-1.15,-0.82,1.65
073,2002,4.31,2.84,39.9,46.5,54.6,39.5,87.4,82.8,84.3,1.35,1.04,1.47,1.29,-0.51,1.62,0.63,1.21
073,2003,2.26,1.37,38.8,47.7,51.1,40.4,83.6,85.4,82.6,0.14,0.68,-0.55,0.09,1.66,-1.66,-0.34,0.53
073,2004,5.37,6.88,40.4,52.3,53.2,42.8,81.2,77,78.93,-0.45,-0.89,-0.39,-0.58,-1.45,1.23,-0.53,1
073,2005,5.13,4.8,41.7,47,56.9,42.8,87.3,84.8,86.3,-2.81,-3.52,-3.9,-3.41,-2.99,-2.23,-2.88,-1.86
073,2006,7.17,2.92,42.1,51.2,51.5,38.6,87.2,82.2,83.33,-4.5,-4.46,0.42,-2.85,-1.28,1.25,-0.68,-4.26
073,2007,7.31,6.25,36.8,55,54,47,83.2,84.7,83.3,-0.86,0.81,1.8,0.58,2.43,3.21,1.83,-0.9
073,2008,6.26,4.13,39.4,46.5,54.6,41.2,83.2,81.5,82.3,2.2,2.17,1.52,1.96,0.59,-1.3,0.35,1.81
073,2009,9.58,6.01,37.7,50.2,53,39.7,77.7,78.6,79.13,4.84,5.5,6.06,5.47,3.49,3.36,2.75,4.87
073,2010,5.67,5.01,45.1,52.2,54.2,41.7,86.1,84.9,84.57,5.55,5.09,5.15,5.26,0.32,1.75,2.23,4.48
073,2011,5.37,3.32,39.4,50,50.6,41.4,88.9,84.8,84.73,3.42,-0.48,-0.8,0.71,-1.43,-1.11,-0.69,3.63
073,2012,4,7.87,40.2,53.8,50.1,39.2,91.8,84.5,86.6,-1.84,-2.99,-3.07,-2.63,-4.02,-1.16,-2.39,-1.31
073,2013,7.68,3.29,36.4,52,54.1,41.5,82.6,83.3,82,-0.05,-0.35,-1.14,-0.51,-0.92,-2.48,-1.18,3.64
073,2014,5.33,2.78,37.4,51,51.4,41.5,79.4,81.6,80.87,1.34,1.45,1.56,1.45,0.75,0.79,1.77,0.09
073,2015,3.49,2.11,38.6,52.6,58.6,43.4,81.7,80.5,80.67,1.58,2.05,1.89,1.84,1.9,0.16,2.17,0.11
073,2016,4.71,10.03,38.9,50.7,59,47.6,82.9,83.4,83.67,1.54,2.85,4.32,2.9,4.41,5.29,3.55,1.36
073,2017,6.42,2.98,42.9,49.1,53.9,46.7,84.8,79.1,82.57,2.12,2.84,2.31,2.42,2.8,-0.72,0.63,2.44
073,2018,7.2,1.97,30.2,57.1,56.5,40.9,83.7,83.6,83.57,1.47,1.41,1.97,1.62,0.28,2.11,1.22,1.16
073,2019,9.05,5.15,39.1,49,60,40.2,87.4,81.5,82.97,6.25,4.84,4.08,5.06,-2.31,-0.77,-0.6,6.49
073,2020,6.54,3.54,36.3,49.4,52.6,38.5,85.8,83.7,84.43,3.06,2.82,1.63,2.5,0.2,-2.68,-1.05,3.66
073,2021,5.87,5.05,39.9,49.7,56.4,49.1,82.5,84.8,83.9,2.87,3.03,2.79,2.9,1.36,0.21,0.86,2.83
073,2022,5.57,1.84,36.2,54,55,38.9,83.5,81.6,82.83,0.28,0.49,0.5,0.42,0.73,0.18,0.12,0.52
073,2023,8.04,3.53,37.9,50.5,56.6,44.8,84.1,82.5,83.57,-1.93,-1.83,-2.12,-1.96,-0.3,-1.41,-1.49,-1.13
073,2024,7.03,3.74,42,53.9,54.9,43.6,81.7,81.9,82.5,0.11,1.18,1.25,0.85,3.24,0.56,0.89,0.54
073,2025,4.06,4.19,40.9,48.9,54.7,47,85.3,81.7,83.47,-1.93,1.53,-0.1,-0.17,4.59,-0.29,1.17,-1.86
075,1980,6.08,4.52,37.4,50.5,54.7,37.9,89.6,87.4,85.87,1.16,-0.78,-0.81,-0.14,-2.33,-0.35,0.27,-1.34
075,1981,2.5,3.21,43.7,46.1,52.1,39.4,83,80.6,82.33,1.95,2.57,3.46,2.66,2.48,3.44,2.35,1.75
075,1982,7.75,3.03,33.8,54.7,53.1,42,84.2,80.6,80.9,2.02,2.29,2.36,2.22,1.43,0.91,0.94,2.08
075,1983,4.4,9.88,36.7,46.6,52,43.4,90,88.1,87.43,2.03,-0.94,-1,0.03,-2.83,-0.48,-1.03,2.19
075,1984,6.02,7.58,38.6,47,51.7,47,83,86,84.87,-0.64,-0.76,-1.64,-1.01,-0.57,-2.89,-1.79,1.73
075,1985,10,7.5,43.8,51,54.1,43.9,84,79.8,81.33,-2.09,-2.02,0.81,-1.1,-0.42,2.43,0.14,-1.74
075,1986,2.92,9.75,40.6,51.5,56.2,43.7,86.9,81.4,83.8,0.58,0.55,-0.52,0.2,0.11,-1.57,0.04,0.05
075,1987,3.35,3.71,38.5,53.6,53.1,35.1,87,83.7,85.3,-1.87,-1.82,-1.11,-1.6,-0.42,1.55,0.11,-1.78
075,1988,5.16,8.02,37,49.1,52.8,36.1,91.2,90.7,90.3,-3.44,-4.42,-5.29,-4.38,-4,-3.98,-4.11,-2.21
075,1989,3.54,7.89,37.5,46.7,50.4,41.6,85.2,82.6,83.3,-2.9,-2.62,-2.52,-2.68,-0.05,-0.51,-0.74,-2.62
075,1990,10.26,2.2,39,46.9,54.6,39.2,82.7,81.6,82.33,1.38,1.99,2.41,1.93,2.27,1.87,1.59,1.3
075,1991,6,9.72,43.1,57.1,52.1,43.6,88.1,85.8,87.1,-1.46,-2.54,-2.82,-2.27,-3.7,-1.61,-2.97,-0.29
075,1992,5.24,5.29,37.5,46.3,51.8,40,80.6,78.4,79.73,-1.87,1.75,1.35,0.41,5.25,-0.67,1.24,-1.77
075,1993,8.31,8.61,37.7,50.5,50.9,39.5,83.9,83.9,82.63,4.12,4.87,5.24,4.74,3.51,2.63,3.67,2.79
075,1994,3.66,4.93,39.2,45.9,52.5,42.9,83.5,80.2,83.2,-1.14,-0.9,-0.97,-1,0.39,-0.5,-0.6,-0.64
075,1995,6.14,7.57,36.5,48.6,49.6,41.8,87.5,88.5,86.97,-0.09,-0.8,-0.46,-0.45,-2.15,0.78,-0.55,1.93
075,1996,3.25,3.07,34.3,48.9,51.8,42,83.3,82.5,82.3,1.25,2.19,1.67,1.7,3.21,-0.86,1.05,1.09
075,1997,8.36,4.35,33.6,43.8,52,40.8,84.3,79,81.17,1.48,1.15,1.88,1.5,-0.54,2.53,1.16,1.1
075,1998,9.07,3.56,41.2,55.7,56.7,43.4,84.1,84.1,83.17,2.07,2.27,-0.31,1.34,1.22,-0.93,1.17,1.12
075,1999,7.11,2.88,41.4,52.1,48.7,39.4,87.9,81.7,83.97,-1.41,-1.52,-1.29,-1.41,-0.76,0.22,-0.02,-1.74
075,2000,4.45,3.16,36.7,52.3,51.8,44.9,82,84.1,82.1,0.51,1.2,0.66,0.79,2.23,-1.26,0.83,-3.61
075,2001,5.19,4.79,42.8,51.8,50.2,42.3,85.1,84.2,82.8,0.2,0.31,1.02,0.51,0.39,2.23,1.07,-1.49
075,2002,7.59,4.22,40.3,46.1,53.6,40.1,87.8,83,85.07,1.95,1.84,2.72,2.17,0.27,3.21,0.78,2.6
075,2003,3.42,2.95,39.6,48.1,51.3,39.6,83.6,85.1,82.43,0.56,2.57,2.41,1.85,6.23,0.31,2.32,0.46
075,2004,5.43,6.57,39.7,53.6,53.4,42.3,81.9,77.9,79.9,1.7,1.71,3.71,2.37,0.55,6.52,3.05,1.13
075,2005,8.44,6.69,40.9,46.9,56.8,43.5,86.4,84.6,85.77,-2.55,-1.83,-2.13,-2.17,1.37,-1.46,-0.85,-1.93
075,2006,6.37,4.37,42,49.4,51.9,39.5,85.8,82.2,83.37,-0.61,0.6,1.2,0.4,1.8,1.98,0.65,0.68
075,2007,9.94,7.01,36.9,52.8,55.1,47.4,82.6,86.4,84.03,-1.11,-1.04,-0.19,-0.78,-0.11,2.22,0.55,-1.07
075,2008,10.52,7.33,39.9,45.2,54.7,41.2,83.6,82.1,83.03,2.06,2.29,1.63,1.99,1.34,-1.27,0.37,1.91
075,2009,7.32,5.31,38.6,50,53.4,41.4,78.9,80.1,80.4,3.41,3.2,3.27,3.29,0.44,1.17,0.74,3.57
075,2010,5.44,5.11,43.2,52.3,54,40.6,87.2,87.3,86.07,2.77,-0.49,-1.04,0.41,-1.46,-1.8,0.24,1.6
075,2011,6.12,4.6,39.5,50.5,51.8,41.1,89.3,85,85.47,1.65,-0.57,-1.09,0,-1.72,-1.73,-0.89,1.55
075,2012,5.04,6.81,39.7,53.8,51.4,40.7,92.5,84.7,86.9,-2.25,-3.11,0.37,-1.66,-3.27,1.11,-1.06,-2.14
075,2013,6.86,2.87,36.7,52,54.2,41.9,81.7,82.6,81.87,1.67,-0.55,-0.98,0.05,-1.65,-1.47,-0.62,1.39
075,2014,5.68,4,38.1,50.4,51.6,42.7,79.1,81.7,81.07,1.38,1.65,1.82,1.62,1.25,1.03,2.06,0.09
075,2015,4.19,3.74,39.1,53,57.3,43.5,82.1,81.2,81,3.2,4.45,4.15,3.93,4.72,0.48,4.22,0.8
075,2016,5.18,9.26,39.5,49.4,59.5,47.4,83.9,84,84.3,1.46,2.05,3.83,2.45,2.22,5.96,2.63,1.73
075,2017,7.52,4.08,43.4,49,55,47.8,84.8,80.1,83.07,2.2,2.31,2.52,2.34,1,1.36,1.07,2.14
075,2018,8.42,3.32,31.2,57,58.4,43,84.1,84.6,84.27,-1.63,-1.85,-1.85,-1.78,-1.18,-0.56,-0.7,-1.67
075,2019,7.65,5.37,40.4,50.5,59.4,43.1,86.8,82.4,83.33,1.75,-0.23,-1.04,0.16,-0.7,-2.51,-0.82,1.67
075,2020,8.54,3.07,36.3,49.2,52.6,39.2,86.5,83.1,84.7,1.2,1.5,-0.69,0.67,1.26,-2.06,-0.37,1.45
075,2021,6.33,3.8,39,48.5,56.5,50,82,85.2,83.77,1.05,1.16,1.49,1.23,0.66,1.34,1.47,0.28
075,2022,7.29,3.34,37,53.2,54.3,39.5,84.2,82.7,83.9,-1.11,-0.65,-0.1,-0.62,1.03,1.44,0.18,-0.52
075,2023,9.3,4.16,38,49.6,54.7,44.4,84,81.5,82.93,-2.31,0.23,0.78,-0.43,0.69,1.73,-0.13,-1.54
075,2024,7.61,4.27,41.2,53.9,54.8,43,82.5,82.7,83.37,0.18,0.67,1.03,0.63,1.52,1.28,0.43,0.76
075,2025,4.89,5.63,40.2,49.1,54.2,45.3,86.6,81.8,84.27,-1.83,-1,-0.94,-1.26,1.93,-0.14,0.65,-2.1
077,1980,7.96,8.44,42,52.4,58,40.4,94.5,94,91.73,-1.16,-0.96,-1.61,-1.24,0.23,-2.25,-0.72,-1.24
077,1981,5.01,3.1,50.3,49.4,53.8,43.4,88,85.8,86.27,2.28,3.12,2.77,2.72,3.23,-0.1,1.79,1.71
077,1982,13.04,5.09,38.8,56.6,54.6,43.9,88.7,85.6,85.13,0.98,0.95,1.07,1,0.2,0.67,0.54,0.81
077,1983,5.58,17.14,39.9,52.2,55.7,47,92.5,95.1,90.9,3.75,-0.72,-1.66,0.46,-2.16,-3.03,-1.6,4.04
077,1984,9.68,10.7,43.9,50.3,54.5,51.5,88.3,88.6,88.33,-0.41,-0.59,-0.86,-0.62,-0.69,-0.97,-0.91,-0.06
077,1985,12.65,12.14,47.9,54.2,55.2,49,89.2,84.2,85.23,3.63,3.13,4.37,3.71,-0.38,4.68,2.38,2.99
077,1986,6.54,10.68,46.5,56.1,60.5,46.7,92.2,84.5,88.1,-1.39,0.5,0.62,-0.09,1.49,0.51,-0.08,-0.72
077,1987,6.73,4.86,42.1,58.5,55.4,38.7,89.1,90.2,89.17,-2.04,-1.38,-1.5,-1.64,1.34,-0.77,0.07,-2.14
077,1988,10.37,11.96,41.5,50.7,56.3,38.7,90,92.1,90.77,-2.07,-2.05,-2.77,-2.3,-0.58,-2.8,-2.04,-1.29
077,1989,15.87,8.41,43.3,49.9,54.6,45.4,87,87.7,85.87,0.84,-0.36,-0.75,-0.09,-1.07,-1.28,0.06,-0.71
077,1990,13.63,2.22,42.4,52.5,58.6,41.2,88,85,86.27,1.47,1.58,1.64,1.56,0.78,0.69,0.16,2
077,1991,9.15,12.29,48.3,61.2,56.2,46,90.3,89.9,89.1,-1.77,-2.43,-3.07,-2.42,-2.51,-2.68,-2.53,-1.09
077,1992,7.26,8.6,45.5,51.7,55.7,42.8,87.6,82.6,84.07,-2.24,-2.37,-2.6,-2.4,-1.06,-1.42,-1.12,-2.17
077,1993,10.78,8.16,41.4,54.3,55.3,43.2,90.8,88.1,87.6,1.24,1.48,1.42,1.38,1.11,0.28,1.03,0.75
077,1994,8,10.64,45.2,49.1,53,45.7,87.1,84.5,86.1,-0.71,-1.24,-1.03,-0.99,-1.8,0.23,-0.56,-0.75
077,1995,9.33,10.3,43.3,54.1,53.1,44.4,87.7,91.8,87.77,1.72,-0.23,-0.52,0.32,-0.7,-0.94,-0.12,1.43
077,1996,8.42,6.06,40.9,57.6,53.9,45,86,88,85.97,2.22,2.44,1.49,2.05,1.33,-2.09,0.04,2.15
077,1997,11.2,7.45,38.6,48.6,56.5,45.8,89.2,83.8,84.53,2.73,2.12,2.17,2.34,-0.97,0.8,0.81,2.08
077,1998,10.95,4.76,45,59.4,60.9,47.5,86.7,87.1,86.37,1.96,0.04,-0.33,0.56,0.11,-0.99,1.02,0.73
077,1999,12.73,4.8,50,53.8,51.8,43,91.1,88.2,87.9,-0.25,-0.71,-1.23,-0.73,-1.45,-1.76,-1.06,-0.29
077,2000,9.61,5.29,41.3,57.8,55.6,47.9,85.7,88.2,85.83,1.71,1.59,1.82,1.71,0.18,1.18,2.07,0.1
077,2001,5.49,7.21,51,55.2,54.7,44.5,87.6,88,86.43,0.02,0.89,1.75,0.89,2.61,2.86,1.72,0.13
077,2002,11.81,8.62,47,51.9,59.2,45.7,91.1,88.9,88.9,-0.54,-1.46,-2.14,-1.38,-2.94,-2.49,-2.35,3.81
077,2003,7.51,7.97,45.7,54.6,54.1,44.1,87.9,89.3,85.8,0.94,-0.21,-0.5,0.08,-0.62,-0.94,0.07,0.39
077,2004,9.5,7.67,45.9,60.3,55.6,49.6,85.8,83.4,84.17,0.32,0.82,1.1,0.75,1.6,1.08,0.71,0.56
077,2005,9.62,8.57,45.8,51,61.3,45.1,88.1,89.8,88.27,-1.97,-1.41,-1.56,-1.65,1.08,-0.89,-0.7,-1.35
077,2006,14.36,7.91,48.9,54.4,54.2,43,89.3,88.6,87.93,-0.79,0.88,0.75,0.28,2.65,-0.13,0.52,-0.52
077,2007,9.16,7.69,41.4,58.1,60.1,49.7,87.4,95.7,89.9,-1.31,-1.64,-2.54,-1.83,-1.41,-3.21,-1.62,-1.36
077,2008,17.7,8.05,43,52,58.4,44.3,87.9,85.2,86.57,-0.69,0.76,-0.26,-0.06,2.27,-0.78,-0.19,3.51
077,2009,6.6,4.73,44.6,55.1,59.2,44.6,83.8,84.6,85.17,1.13,1.96,2.15,1.75,2.83,1.2,1.25,1.36
077,2010,7.78,6.57,48.6,57.6,57.2,42.7,90.9,92.4,90.87,-0.86,-1.39,-1.59,-1.28,-1.84,-1.05,-1.06,-0.85
077,2011,9.75,6.07,48.4,55.3,55.5,44.5,93.1,89.4,89.9,4.11,3.96,3.3,3.79,0.83,-0.74,0.75,3.77
077,2012,8.49,12.41,46.8,57.5,56.6,44.4,97.6,90.1,92.43,-3.31,-4.22,-3.84,-3.79,-3.74,-0.18,-2.38,-2.5
077,2013,13.46,4.75,42.4,54.4,59.1,46.4,84.5,85.2,84.8,1.18,1.76,1.77,1.57,2.1,0.57,1.14,1.04
077,2014,5.49,9.99,45.6,56.4,54.6,46.8,83.9,86.8,84.97,1.98,1.78,1.72,1.83,0.01,0.36,0.56,1.72
077,2015,10.47,5.6,47.2,56.6,59.3,46.6,87.3,84.7,85.4,2.18,3.01,3.03,2.74,3.16,0.98,2.86,0.78
077,2016,8.16,14.5,45.3,53.5,61.7,52.2,87.9,86.1,87.27,1.5,2.64,3.79,2.64,3.88,4.27,1.94,2.54
077,2017,5.81,4.09,49.3,55.2,57.6,48.6,89.2,83.4,85.9,-0.18,-0.46,-0.61,-0.42,-0.9,-0.58,-0.68,2.11
077,2018,15.68,4.82,38.2,61.8,63.6,47.6,87.9,85.3,87,1.91,1.45,1.6,1.65,-0.78,0.88,0.43,1.69
077,2019,14.81,9.18,45.6,57.7,63.6,45.6,88.2,86.8,85.8,4.51,4.13,3.56,4.07,0.25,-0.43,0.93,3.93
077,2020,15.05,6.27,41.6,53.6,57.8,44.6,89.1,83.6,86.07,1.87,2.36,2.3,2.18,2.07,0.55,0.74,2.23
077,2021,12.19,6.83,44.2,53.1,59.4,52.9,86.6,87.8,86.57,0.89,1.35,1.14,1.13,1.65,-0.21,0.3,1.19
077,2022,13.4,5.86,43.8,57.4,56.2,40.8,90,86.4,88.1,-0.86,-1.06,-1.25,-1.06,-0.84,-0.89,-1.37,-0.08
077,2023,16.22,5.79,44.2,55.2,58.4,47.6,88.4,85.7,86.77,-1.24,0.57,1.09,0.14,1.7,1.73,0.38,-0.53
077,2024,8.55,2.08,48.3,61,60.2,45.6,86.3,87.7,86.8,0.2,1.18,0.56,0.65,3.01,-1.49,0.34,0.41
077,2025,7.89,6.63,48,55.9,58.3,49.9,89.4,86.8,86.87,1.36,1.39,-0.84,0.64,0.49,-2.53,-0.31,1.11
079,1980,7.08,6.44,40.9,52.9,56.6,40.2,91.1,90.4,88.47,0.28,0.1,0.4,0.26,-0.46,0.95,0.44,-0.87
079,1981,4.29,2.54,47.6,49,54.5,43.2,86.9,83.2,84.83,0.63,1.3,2.37,1.43,2.19,3.61,1.6,1.07
079,1982,12.58,5.36,38.2,56.6,54.8,43.8,86.1,83,82.63,2.15,1.83,1.54,1.84,-0.32,-0.28,-0.14,2.33
079,1983,5.87,10.96,39.9,49.9,54.8,46.4,91.4,92.8,89.5,2.28,-0.7,-1.44,0.05,-2.11,-2.43,-1.15,2.14
079,1984,7.14,10.15,42.7,49.8,53.8,51.2,86.1,87,87.1,-1.03,-1.53,-1.84,-1.47,-1.8,-1.4,-2.1,3.06
079,1985,11.44,9.65,47.3,53.8,55.5,48.2,86.4,81.8,82.8,2.73,2.16,3.13,2.67,-0.87,3.58,1.89,1.95
079,1986,5.71,14.78,44.9,55.4,59.9,46.8,89.7,83.2,86.43,-1.79,0.86,0.41,-0.17,2.59,-1.09,-0.08,-1.35
079,1987,3.9,3.63,40.9,57.2,54.4,36.8,87.4,87.3,87.03,-2.29,-0.96,-1.4,-1.55,3.27,-1.6,0.35,-2.32
079,1988,12.33,9.52,40.7,50.3,56.1,37.8,90.8,91.3,90.73,-2.38,-2.35,-3.06,-2.6,-0.65,-2.84,-2.23,-1.46
079,1989,9.64,8.94,42.3,49.1,54.8,45.3,86.7,85.8,85.47,0.75,0.95,1.79,1.16,0.81,2.83,0.95,1.13
079,1990,9.3,3.21,41.4,51.1,58,41.4,86.7,84.2,84.77,2.63,2.29,2.1,2.34,-0.22,0.15,0.4,2.46
079,1991,8.14,12.94,47.3,60.7,56.1,47.3,89.2,88.2,88.1,-1.88,-2.7,-2.96,-2.51,-3.03,-1.64,-2.35,-1.21
079,1992,6.63,6.36,42.7,51.1,55,42.7,85.8,81.1,82.73,-2.73,0.58,0.29,-0.62,1.75,-0.7,-0.39,-2.22
079,1993,10.34,9.37,41.2,53.3,54.1,41.6,87.9,86,85.43,2.11,2.9,2.88,2.63,3,0.84,1.82,1.76
079,1994,5.6,9.75,43.4,48.6,53.4,45.4,85.4,83.5,85.07,-0.62,-0.79,-0.98,-0.8,-0.7,-0.8,-0.72,-0.45
079,1995,7.97,6.89,41.3,52.7,52.1,44.2,87.6,89.6,87,1.62,-0.06,0.08,0.55,-0.18,0.25,0.4,1.39
079,1996,7.96,4.4,38.8,55,54.5,44.6,85.4,85.7,84.7,2.57,-0.44,-1.09,0.35,-1.33,-2.08,-0.87,2.57
079,1997,12.09,6.82,38.1,47.6,54.8,44,86.9,82.2,82.87,1.05,0.86,0.95,0.95,-0.23,0.52,0.65,0.55
079,1998,9.83,4.5,44.5,58.6,60.2,46.9,84.4,85.1,84.17,1.86,2.28,2.08,2.07,1.82,0.1,1.46,1.16
079,1999,13.11,4.85,46.4,53.3,51.2,42.3,89.9,85.2,85.97,2.31,-0.33,-0.76,0.41,-0.99,-1.39,0.01,1.68
079,2000,8.09,3.54,40.2,55.4,55,47.6,83.7,84.7,83.67,0.91,1.89,3.19,2,3.2,4.5,3.48,-0.01
079,2001,4.25,5.39,48.3,54.5,53.2,44,86.2,86.1,84.67,0.05,0.83,0.82,0.57,2.35,0.24,0.91,-1.95
079,2002,10,6.54,45.6,50.1,58.9,44.3,90.3,88,88.13,-0.27,-0.99,-1.72,-0.99,-2.22,-2.49,-1.84,3.91
079,2003,6.02,5.11,44.7,53.5,53.3,43,86.9,86.4,84.27,0.58,1.17,1.49,1.08,1.96,1.32,1.25,0.47
079,2004,9.99,7.53,44.6,58.9,55.7,46.9,83.1,81.2,82.23,0.96,1.59,2.27,1.61,2.2,2.53,1.07,1.63
079,2005,11.03,7.14,44.6,49.3,59.6,45.6,87.7,88.4,87.37,-1.91,-2.3,-1.99,-2.07,-1.76,0.24,-1.17,-1.4
079,2006,11.21,5.97,45.6,53.4,53.6,41.4,87.9,86.1,86.13,0.48,0.84,1.11,0.81,1.22,1.07,0.5,0.83
079,2007,11.23,8.84,40.4,57.2,58.1,49.6,85.4,93.2,88.17,-0.9,-1.15,-1.86,-1.3,-1.02,-2.49,-1.18,-1
079,2008,14.74,6.26,42.1,50,58.6,44.2,86.5,84.2,85.5,4.14,4.34,3.46,3.98,1.89,-1.31,1.93,2.67
079,2009,6.45,6.96,43.9,53.9,57.2,43,81.1,83.3,83.2,3.68,3.84,3.46,3.66,1.6,0.04,1.07,3.53
079,2010,5.96,6.38,48.2,57,56,42.6,88.5,89.4,88.33,2.41,3.44,2.63,2.83,3.83,-1.36,1.51,1.91
079,2011,9.04,7.14,45.9,54.8,54.9,42.8,90.5,87.1,87.37,4.02,3.63,2.38,3.34,0.05,-2.61,0.42,3.06
079,2012,6.35,10.78,43.8,57.9,54.6,43.6,96.5,87.7,90.33,-3.12,-4.37,-4.14,-3.88,-4.71,-0.66,-2.99,-2.14
079,2013,10.48,4.09,42.2,55.2,58.2,45.1,82.3,83.9,82.4,3.67,4.2,3.51,3.79,2.73,-0.77,2.19,2.37
079,2014,5.07,7.68,44.7,55.6,54.2,46.2,81,82.5,82.23,1.88,2.15,2.43,2.15,1.39,1.5,0.9,2.17
079,2015,7,5.82,44.8,56.7,58.9,46.3,84,83,82.8,3.97,3.92,3.65,3.85,1.07,0.41,2.53,2.16
079,2016,7.74,13.17,43.4,53,60.7,50.5,84.4,84.8,85.17,1.64,2.59,4.02,2.75,3.35,5.08,2.34,2.35
079,2017,6.36,4.28,47.4,54.8,57.5,49.7,86.7,82,84.27,1.9,2.03,1.54,1.82,1,-0.85,0,2.17
079,2018,12.63,5.09,36.6,62.2,63,46.3,85.1,83.8,84.77,1.84,2.01,2.72,2.19,1.09,2.76,2.16,1.08
079,2019,12.16,8.24,45.1,56.5,62.1,45.4,86.8,83.9,84.1,4.75,4.12,4.3,4.39,-0.42,1.8,1.29,4.37
079,2020,13.98,6.45,40.8,52.6,56.6,42.8,86.7,82.6,84.5,2.84,4.4,4.1,3.78,5.56,0.48,1.65,3.56
079,2021,10.67,6.63,43.6,51.7,59,53.1,83.4,85.6,84.2,1.55,2.76,3.64,2.65,4.11,3.5,2.42,1.86
079,2022,11.25,5.01,42.6,57.4,57.5,42.6,85.3,83.4,84.6,2.13,3.61,5.08,3.61,5.1,5.54,3.27,2.68
079,2023,12.16,4.48,42.8,54.1,58,47.2,86.1,83.6,84.27,-0.97,-0.93,-0.39,-0.76,-0.18,1.33,0.18,-0.85
079,2024,8.75,3.3,47.7,59.5,58.7,45.3,84,84.3,84.47,0.05,1.36,-0.34,0.36,3.94,-1.01,0.28,0.83
079,2025,6.79,8,45.4,54.5,57.8,49.4,88,83.4,85.23,1.9,3.39,-0.4,1.63,5.06,-1.2,1.58,1.79
081,1980,7.47,7.3,41.8,53,57.2,40.5,93.4,93.6,91.07,-1.69,-1.85,-2.1,-1.88,-1.02,-1.32,-1.19,-1.42
081,1981,4.39,3.13,49.8,50.1,54.4,43.1,87.9,85.2,86.17,1.48,2.02,2.17,1.89,2.08,1.07,1.23,1.45
081,1982,11.92,5.18,38.6,56.7,54.7,44.4,87.7,84.8,84.13,1.27,1.52,1.29,1.36,1.15,-0.22,0.57,1.13
081,1983,5.94,13.99,39.7,50.4,55,46.6,92.3,94.8,90.4,3.66,2.69,1.62,2.66,-1.78,-2.39,-1.12,3.78
081,1984,9.31,10.46,43.2,49.7,54.8,51.9,88.2,89,88.47,-0.59,-1.09,-1.62,-1.1,-1.68,-1.94,-1.68,-0.13
081,1985,13.55,11.16,48,53.6,55.2,48.2,87.7,83,83.7,3.08,2.36,3.02,2.82,-1.21,2.71,1.37,2.47
081,1986,8,13.78,46,55.7,60.1,47,91.2,83.8,87.43,-1.58,0.68,0.64,-0.09,2.03,0.11,0.01,-0.98
081,1987,5.33,4.59,41.8,57.8,55.4,37.9,88.3,88.7,88.3,-2.55,0.74,-0.15,-0.65,2.21,-0.46,0.18,-2.4
081,1988,12.21,11.29,40.6,50.4,56.5,38.6,90,90.9,90.23,-2.06,-1.44,-2.15,-1.88,1.22,-2.58,-1.35,-1.29
081,1989,15.02,8.54,42.8,49.3,54.3,44.5,86.6,86.8,85.37,2.03,-0.25,-0.23,0.52,-0.76,-0.02,0.16,1.79
081,1990,11.08,2.6,41.3,51.6,57.8,41.5,87.4,85.2,85.67,1.88,1.48,0.8,1.39,-0.63,-1.57,-0.79,2.16
081,1991,8.68,13,48.3,60.5,57,46.4,89.4,89.6,88.53,-1.96,-2.56,-3.04,-2.52,-2.41,-2.23,-2.43,-1.2
081,1992,6.39,6.65,44,51.4,55,42.6,87.1,82.9,83.9,-2.37,-2.28,-2.57,-2.41,-0.46,-1.55,-1.4,-1.83
081,1993,10.08,8.76,41.8,54,54.3,41.6,89.5,87.4,86.63,1.38,2.08,2.36,1.94,2.53,1.47,2.06,0.73
081,1994,6.91,10.78,44.5,48.7,52.8,45.9,86.8,84.6,86.07,-0.32,-0.37,-0.33,-0.34,-0.25,0.01,0.06,-0.51
081,1995,8.69,8.18,42.4,53.4,53,44.3,88.1,91,87.5,2.83,-0.32,-0.43,0.69,-0.96,-0.42,0.14,2.49
081,1996,8,5.15,39.6,56.6,54.3,44.6,85.6,87.4,85.4,2.13,1.79,1.4,1.77,-0.35,-0.63,0.16,1.83
081,1997,11.53,6.71,38.3,49.2,55.5,44.9,88.2,83.3,83.87,1.84,1.64,1.82,1.77,-0.04,1.07,1.04,1.27
081,1998,10.65,4.75,44.6,59.1,60.5,47.2,86.5,86.1,85.63,1.92,1.97,-0.28,1.2,0.74,-0.84,1.07,0.91
081,1999,14.59,4.15,48.4,53.4,52.5,43,89.9,86.4,86.57,0.29,0.32,-0.46,0.05,0.19,-1.38,-0.14,0.04
081,2000,8.95,4.41,41.3,56.7,55.2,47.8,84.2,85.9,84.27,1.76,2.29,2.61,2.22,2.12,1.67,3.02,-2.54
081,2001,5.13,6.76,49,55.4,53.7,44.7,86.8,87.8,85.73,0.19,0.4,0.83,0.47,0.69,1.43,0.9,-1.98
081,2002,11.18,7.25,46.5,51.2,60.4,45,90.7,88.8,88.63,-0.09,-0.85,-1.68,-0.87,-2.33,-2.76,-1.78,2.93
081,2003,6.54,5.56,45.6,53.9,53.9,44.9,87.5,88.2,84.9,1.16,-0.33,-0.44,0.13,-0.98,-0.43,0.06,0.71
081,2004,8.45,7.07,45.6,59.3,56.1,48,83.9,81.8,82.77,0.41,0.96,1.87,1.08,1.79,3.02,1.15,0.96
081,2005,10.2,8.26,46.3,50.3,60.5,45.5,87.9,88.7,87.67,-2.27,-2.16,-1.38,-1.94,-0.35,1.64,-0.43,-1.57
081,2006,12.22,5.63,47.6,53.7,53.6,42.4,87.9,87.2,86.57,0.85,1.43,1.25,1.18,1.99,-0.1,0.97,0.57
081,2007,9.46,8.45,40.7,58.1,59.5,49.5,85.5,94.6,88.53,-1.38,-1.6,-2.4,-1.79,-1.09,-2.88,-1.43,-1.43
081,2008,15.19,6.2,42.3,50.9,58.9,44.4,85.7,84,84.97,2.95,3.57,3.07,3.2,2.76,-0.38,0.61,3.49
081,2009,6.73,5.71,44,55,57.7,42.8,82.1,82.8,83.47,2.28,3.32,3.5,3.03,3.82,1.57,1.78,2.57
081,2010,6.71,7.11,47.3,56.5,56.8,43.4,88.9,90.1,88.8,-0.74,-0.62,-0.47,-0.61,0.14,0.25,0.29,-1.01
081,2011,10.1,6.84,47.1,54.6,54.3,43.9,91.1,87.8,88,4.81,4.93,3.93,4.56,1.85,-1.46,2.09,3.17
081,2012,9.03,11.67,45.7,58.4,56,44.6,97.1,89.5,91.33,-2.7,-3.68,-3.79,-3.39,-3.78,-1.46,-2.81,-1.83
081,2013,12.87,3.68,42.3,55,58.4,45.8,83,84.5,83.57,2.67,3.87,-0.33,2.07,4.43,-0.98,1.49,2.6
081,2014,4.3,8.49,45.2,55.8,54.6,47.4,82.5,84.7,83.43,1.56,1.28,2.52,1.79,-0.36,4.11,2.02,0.88
081,2015,9.15,6.49,46,56.7,59.9,46.3,85.9,83.8,84.13,3.95,3.75,3.73,3.81,0.61,1.08,2.62,2.11
081,2016,7.32,13.4,44.6,53.8,61.1,51.3,86.6,85.6,86.6,1.23,1.73,3.51,2.16,1.88,5.86,1.88,2.16
081,2017,6.09,4.63,48.8,55.2,57.5,48.8,89,83.3,85.67,1.27,1.26,-0.25,0.76,0.35,-0.74,-0.13,1.42
081,2018,15.43,5.29,36.7,61.5,62.6,47.1,87,84.8,86.33,1.87,1.51,1.86,1.75,-0.5,1.51,1.17,1.15
081,2019,14.34,9.04,45.3,56.9,63.4,45.9,87.4,85.3,84.9,4.75,4.39,4.39,4.51,0.4,1.35,1.22,4.58
081,2020,15.69,6.48,42.2,53.2,57.3,44.5,88.6,83.7,85.87,3.3,3.53,3.33,3.39,1.71,0.51,0.68,3.74
081,2021,11.96,7.78,42.9,51.9,59,53.2,86.8,87.9,87.07,0.97,1.73,2.02,1.57,2.59,1.4,0.93,1.53
081,2022,10.92,5.44,43,56.9,56.4,41.2,89.4,86.6,88.2,-0.86,-0.05,-0.09,-0.33,2.16,-0.12,0.25,-0.48
081,2023,12.85,4.43,42.4,53.7,57.2,47.6,89.2,86,87.23,-1.85,-1.48,-1.36,-1.56,0.53,-0.11,-0.57,-1.27
081,2024,8.19,2.41,46.5,59.8,59.4,45.3,87,86.7,86.93,-3.14,1.2,0.78,-0.39,3.59,-0.88,0.49,-3.04
081,2025,5.59,8.2,46.3,54.4,57.6,50,91.7,86.8,88.23,1.61,1.58,-0.92,0.76,0.41,-2.77,-0.77,1.78
083,1980,5.39,3.94,41.6,52.5,56.8,40.6,93.5,92.2,90.4,-3.03,-2.98,-3.09,-3.03,-0.77,-1.25,-0.96,-3.06
083,1981,4.3,1.56,49.9,49.5,54.5,42.9,86.7,83.7,84.87,1.89,3.62,3.54,3.02,5.77,0.88,3.22,0.99
083,1982,8.49,4.14,38.4,57.4,55.1,42.8,87.2,83.1,83.1,1.8,2.27,2.6,2.22,1.96,1.7,1.6,1.58
083,1983,4.74,12.17,40.2,50.7,55.4,46.6,93.4,94,90.57,-0.15,-0.87,-1.61,-0.88,-2.22,-2.47,-1.71,4.29
083,1984,8.16,9.85,43.6,49.7,54,49.3,87.2,90.2,88.13,-0.64,-1.18,-2.08,-1.3,-1.82,-3.05,-2.26,3.08
083,1985,9.88,7.42,47.2,54,57.3,47.5,87.3,81.3,82.93,2.29,2.56,3.48,2.78,1.53,3.55,2.6,1.54
083,1986,3.82,12.99,46.2,55.3,60.2,47.2,90.5,84,87.17,-2.12,0.48,-0.55,-0.73,1.43,-1.66,-0.31,-2.11
083,1987,5.02,3.02,41.6,57.7,55.3,38.4,89.4,88.1,88.53,-2.23,-2.07,-1.42,-1.91,-0.21,1.3,-0.29,-1.76
083,1988,10.3,10.93,40.6,51.3,56.4,39.5,89.4,91.1,89.67,-2,-2.14,-2.52,-2.22,-1.03,-1.8,-1.6,-1.5
083,1989,6.68,9.05,43.2,49,53.6,46.7,87.3,85,85.1,-1.56,-1.69,-1.39,-1.55,-0.88,0.4,-0.8,-1.03
083,1990,8.44,1.4,41.4,51.1,59.1,42,87.2,84.4,85.27,-0.06,-0.11,-0.44,-0.2,-0.17,-1.04,-0.46,1.79
083,1991,5.35,9.98,47.4,60.4,57.6,45.9,88.3,87.6,87.6,-1.23,-1.07,-1.57,-1.29,0.11,-1.84,-1.35,-0.51
083,1992,5.92,5.16,42.8,51.1,54.4,43,86.4,81.2,83.17,-2,-1.75,-1.86,-1.87,0.14,-0.86,-1.14,-1.24
083,1993,9.27,11.04,41.4,53.9,54.4,42.7,87.4,87,85.63,3,3.52,3.76,3.43,2.47,1.82,2.08,2.62
083,1994,4.11,5.83,43,50.1,55.2,47.3,86.2,85.1,85.93,3.33,2.53,2.15,2.67,-1.38,-0.36,-1.06,4.26
083,1995,8.92,7.79,41,52.4,53.3,44.7,88,90.5,87.17,2.56,2.27,2.31,2.38,-0.07,0.83,0.23,2.88
083,1996,6.46,3.71,39.2,55.6,53.9,44.8,84.4,86,84.43,1.56,2.08,1.36,1.67,2.04,-1.51,-0.04,1.98
083,1997,9.05,6.67,38.3,48.7,57,45.7,89,83.8,84.53,-0.79,-1.59,-1.45,-1.28,-2.62,-0.09,-1.39,-0.34
083,1998,11.84,5.99,43.8,60.1,62.6,47.8,86,86.7,85.07,2.26,2.17,1.59,2.01,0.43,-1.05,0.86,1.32
083,1999,8.2,3.96,47.7,54.2,52.5,43.5,90.4,85.4,86.1,-0.09,-0.51,-0.94,-0.51,-1.29,-1.44,-0.66,-0.39
083,2000,5.64,3.5,41.4,57.2,55.3,49,84.7,87.6,84.6,1.63,1.85,2.17,1.88,1.18,1.52,2.43,0.11
083,2001,6.02,3.57,48.2,55.6,54.8,44.3,88.1,87.5,85.8,0.19,0.32,0.85,0.45,0.46,1.69,0.84,0.08
083,2002,8.19,6.53,45.1,51.1,58.4,44.2,90.1,87.2,87.7,4.1,3.08,3.02,3.4,-1.77,0.75,0.04,4.15
083,2003,5.92,3.11,44.1,52.7,52.9,44.4,87.1,88.1,84.77,2.01,1.73,1.14,1.63,-0.22,-1.23,0.5,1.15
083,2004,8.6,7.53,44.8,58.2,55.6,47.7,83.9,80.5,81.9,1.07,1.48,2.13,1.56,1.57,2.41,0.82,1.76
083,2005,11.38,7.83,45.3,50.4,60.2,45.8,88.9,87.5,87.8,-2.16,-2.61,-2.55,-2.44,-2.01,-0.61,-1.42,-1.8
083,2006,5.99,4.82,46,53.8,54.6,42,90.1,87.6,87.37,-3.48,-3.56,-2.32,-3.12,-1.3,2.61,-0.1,-3.28
083,2007,7.31,5.14,40.5,59.2,59.3,49.5,86,93.8,88.03,-1.44,-1.96,-2.99,-2.13,-2.02,-3.7,-2.08,-1.4
083,2008,13.78,5.08,42.3,50.6,58.8,45.3,86.1,83.9,84.83,2.93,4,3.87,3.6,4.11,0.83,1.5,3.43
083,2009,4.73,5.95,43.2,54.5,56.8,43.6,81.1,82.9,82.83,3.13,3.86,3.95,3.65,3.16,1.44,1.81,3.19
083,2010,6.63,8.17,48.1,55.3,57.7,43.9,88.2,89.3,88.17,3.92,4.63,4.57,4.37,3.33,1.26,2.06,3.78
083,2011,7.51,6.23,45.4,53.9,53.3,44.3,92,88.5,88.4,3.95,-0.35,-0.92,0.89,-1.05,-1.83,0.11,3.2
083,2012,6.03,7.63,45.6,58.6,55.5,44.5,96.5,88.9,90.8,-1.58,-2.91,-3.09,-2.53,-4.47,-1.46,-2.79,-0.85
083,2013,8.99,3.64,41.4,54.8,58.7,45,85,84.6,84.43,3.14,-0.14,-0.67,0.78,-0.43,-1.61,-0.33,3.11
083,2014,4.84,3.45,43.7,55.4,55.2,46.2,82.8,85,83.83,1.57,1.28,2.78,1.88,-0.4,4.9,2.45,0.7
083,2015,4.83,4.02,45.4,56.5,60.7,46.3,85,83.6,83.6,4,4.58,4.93,4.5,2.96,2.47,3.19,2.92
083,2016,4.04,15.64,44.8,53.4,61.9,52.3,86.8,85.8,87.13,1.56,3.16,3.83,2.85,5.26,3.01,1.76,2.85
083,2017,5.4,3.03,47.6,54,57.4,49.2,89.5,82.9,85.87,-0.11,-0.23,-0.56,-0.3,-0.38,-1.09,-0.6,1.93
083,2018,10.27,1.12,36.7,62.2,61.8,46.2,87,86.7,87.2,-2.22,-2.49,-2.02,-2.24,-1.48,0.64,-0.35,-2.4
083,2019,11.25,6.35,44.7,55.7,64,44.8,87.9,84,84.7,2.89,2.81,3.51,3.07,0.67,2.97,1.46,2.94
083,2020,11.81,3.63,40.6,53,56.9,43.5,87.8,83.6,85.87,2.63,3.08,3.08,2.93,2.17,0.94,0.58,3.44
083,2021,8.98,4.65,43.2,53.3,59.5,52.6,85.5,87.5,86.17,1.87,2.62,2.65,2.38,2.84,0.88,1.62,1.66
083,2022,8.09,3.12,42.2,56.6,57.1,41.3,88.7,86,87.3,0.93,1.88,1.85,1.55,3.13,0.5,0.54,1.78
083,2023,7.69,4.09,42.8,54.2,58.2,47.2,88.5,85,86.27,-1.47,-1.36,-1.09,-1.31,-0.12,0.39,-0.45,-1.03
083,2024,6.52,3.76,46,58.3,58.2,45.4,85.5,86.1,86.47,0.21,1.19,-0.46,0.31,2.99,-1.39,-0.26,1.13
083,2025,4.63,9.73,45.2,53.8,58.6,51.7,89.4,85.7,86.57,0.73,1.94,-0.59,0.69,3.86,-1.77,0.66,0.85
085,1980,3.34,3.94,36,47.2,52.1,35.5,85.4,82.3,82.03,0.47,0.08,1.29,0.61,-1.03,3.64,1.33,0.02
085,1981,3.46,2.65,39.8,44.5,49.4,37,81.4,79.4,80.03,1.39,1.04,2.95,1.79,-0.61,6.04,2.65,0.61
085,1982,5.19,3.73,31,53.3,50.2,39.9,82.9,78.6,78.7,2.17,2.66,2.61,2.48,2.15,0.65,0.84,2.53
085,1983,4.11,9.29,33.7,44.5,50.2,41.2,87.4,87.6,85.33,-0.61,-0.7,-1.49,-0.93,-0.45,-2.59,-1.62,3.51
085,1984,2.81,6.11,37.2,43.8,49,42.7,82.5,84.7,82.77,1,0.95,-0.78,0.39,0.16,-2.35,-0.25,0.58
085,1985,7.81,5.69,42.1,49.5,53.4,40,83.8,78.2,79.83,-1.65,-2.1,-2.09,-1.95,-1.85,-0.61,-1.4,-1.19
085,1986,4.75,8.04,39.1,49.7,55,40.9,84.3,77.2,80.57,2.07,1.66,1.63,1.79,-0.58,0.41,0.29,1.92
085,1987,3.53,2.09,38.8,50.5,50.6,32.9,86.7,79.8,83.27,-1.63,-1.65,1.42,-0.62,-0.56,4.27,0.45,-0.94
085,1988,3.4,6.84,34.7,47.1,50.7,33.3,88.7,87.6,87.53,-3.08,-3.97,-4.52,-3.86,-3.63,-2.86,-3.68,-1.74
085,1989,3.52,4.73,35.2,44.6,47.7,39.2,85.5,80.3,81.53,-4.83,-4.27,-3.48,-4.19,0.19,1.05,-0.01,-4.92
085,1990,7.22,0.99,36.8,45.5,53.5,36.3,81.2,80.3,80.07,2.26,2.07,2.69,2.34,0.13,2.49,2.19,1.05
085,1991,6.16,4.64,40,54.4,49.9,38.8,84.4,82.6,83.47,-0.82,-1.84,-2.07,-1.58,-3.33,-1.26,-1.86,-0.54
085,1992,3.76,6.38,35.9,45.2,49.4,37.6,76.8,76.6,77.4,-2.01,1.2,0.61,-0.07,3.59,-1.39,-0.2,-1.2
085,1993,5.77,8.36,34,49.4,47.6,36.8,80.4,80.7,79.03,4.9,5.36,5.63,5.3,2.89,2.48,4.1,2.88
085,1994,4.02,2.49,36.5,45,54,42.7,80.3,77.7,80,1.61,2.48,3.21,2.43,3.12,2.96,2.88,0.84
085,1995,3.29,5,33.9,47,48.3,39.3,84.3,86.2,84.2,-0.43,-0.4,-1.14,-0.66,-0.04,-2.35,-1.23,2.99
085,1996,3.76,3.32,33.1,46.4,50.8,39.7,80.2,81.6,79.9,1.99,-0.06,-0.68,0.42,-0.17,-1.88,-0.12,1.59
085,1997,5.57,2.76,33.8,42.5,52.4,40.8,81.9,77.9,80.2,1.13,1.05,0.94,1.04,0.12,-0.02,0.72,0.49
085,1998,8.74,2.18,39.7,53.1,54.8,42.7,83.6,81.7,81,2.11,1.39,2.15,1.88,-1.51,2.71,1.2,1.46
085,1999,4.1,1.71,40.6,50.1,47,37.6,86.9,78.9,82,1.88,1.86,-0.39,1.12,0.53,-1.18,-0.13,2
085,2000,4.58,1.6,35.9,50.6,52.2,43.8,80.5,81.4,79.7,1.61,1.55,-0.48,0.89,0.33,-1.43,0.97,0.3
085,2001,5.95,3.7,40.5,51.3,49.9,40.4,85.5,82.4,81.87,-0.07,-0.34,-0.47,-0.29,-0.85,-0.5,-0.52,0.45
085,2002,3.53,3.77,38.6,44.8,52.7,38.4,86.9,82.6,83.67,1.77,1.45,2.42,1.88,-0.4,3.37,1.95,0.9
085,2003,1.97,1.23,36.4,45.7,49.8,38.5,82.5,85.8,82.17,-1.18,-0.82,-2.01,-1.34,0.72,-3.8,-1.37,-0.94
085,2004,6.48,7.9,37.8,49.1,52.4,41.6,80.4,76.2,77.97,2.02,-0.05,-0.16,0.6,-0.16,-0.34,0.07,1.99
085,2005,5.34,3.65,40.2,44.7,55.2,41.3,85.5,83,84.47,-1.77,-2.01,-1.62,-1.8,-1.27,0.53,-0.9,-1.24
085,2006,6.06,4.42,41,49.2,50.4,37,85.1,81.1,81.8,1.21,1.78,1.33,1.44,2.09,-0.82,0.55,1.22
085,2007,5.55,4.79,35.8,51.6,52.1,47,82.9,82.2,81.93,1.2,1.66,2.58,1.81,1.77,3.26,1.53,1.5
085,2008,6.85,4.38,38.1,44.5,53.5,39.4,82.6,80.3,80.73,5.54,5.7,4.84,5.36,2.19,-0.83,1.73,4.75
085,2009,7.79,4.62,35.9,48,51.9,38.6,75.7,76.7,77.07,3.43,4.92,6.02,4.79,5.53,4.83,3.3,3.99
085,2010,3.36,5.45,42.4,50.3,51.7,39.7,84.5,83.8,83.03,4.36,7.4,6.96,6.24,10.47,0.99,4.85,3.71
085,2011,5.82,3.97,37.6,47.7,50,40.4,87.3,82,83.07,3.12,5.53,4.8,4.48,8.19,-0.47,2.25,3.83
085,2012,5.15,6.4,38.1,51.8,47.7,37.3,91.5,83.1,85.7,-2.11,-3.59,-4.04,-3.25,-5.11,-2.45,-3.5,-1.26
085,2013,6.42,3.54,34.5,49.6,53,39.2,81.9,81.9,80.73,3.44,-0.57,-1.27,0.53,-1.72,-2.26,-0.51,2.93
085,2014,3.72,3.24,35,48.4,49.4,39.3,78.5,80.9,79.93,2.17,2.17,1.9,2.08,0.69,-0.13,2.13,0.25
085,2015,2.6,2.87,36.6,50.6,57.4,42.2,80.7,79.6,79.37,2.59,2.07,1.62,2.09,-0.77,-0.71,1.41,0.77
085,2016,4.56,10.11,37.7,48.2,57.4,45.6,82.3,82.8,82.33,2.14,2.9,3,2.68,2.94,1.21,2.08,1.61
085,2017,6.41,4.17,40.7,47,53,45.1,82.6,77.1,80.57,2.81,4.99,4.27,4.02,7.4,-0.6,2.39,3
085,2018,5.65,1.42,27.9,54.8,54.6,39,83,81.8,81.9,2.38,2.99,4.11,3.16,2.55,4.29,3.64,1.14
085,2019,7.87,4.38,36.6,46.9,58.2,39.1,86,79.4,81.2,5.64,4.98,4.57,5.06,-0.25,0.32,0.1,6.21
085,2020,6.53,3.24,34.1,47.5,50.8,37,85.8,82.8,83.6,4.33,4.16,3.11,3.87,0.84,-1.86,-0.21,4.67
085,2021,4.51,4.05,38.3,48.2,53.2,48,82,83.7,83.1,-1.37,-1.15,-1.33,-1.28,0.23,-0.91,-0.98,-0.68
085,2022,4.84,2.34,34.2,51.8,54,36.8,83.1,80.3,81.47,0.63,1.47,2.63,1.58,2.72,3.92,1.92,1.04
085,2023,8.04,5.82,35.6,47.8,55.8,43.6,83.1,82.1,82.57,-1.52,-0.61,-1.32,-1.15,2.24,-2.31,-0.92,-0.69
085,2024,6.21,2.83,38.8,50.4,52.2,41.3,80.7,81.4,81.1,2.06,3.37,0.01,1.81,4.58,0.04,2.05,1.73
085,2025,3.41,4.63,36.7,46.8,53.5,44.9,83.7,80.1,82.03,0.08,1.71,2.08,1.29,4.9,1.64,2.26,-1.91
087,1980,8.66,10.24,42.9,53,59.4,41,93.3,93.2,90.83,-0.98,-1.05,-1.86,-1.3,-0.51,-2.76,-1.03,-1.16
087,1981,6.27,3.61,50.9,50.5,54.2,44.3,87.3,84.7,85.63,2.06,3.16,2.99,2.74,3.95,0.46,2.25,1.42
087,1982,14.97,5.26,40,57.1,55.2,44.8,88.1,85.1,84.9,-0.88,0.11,0.66,-0.04,0.34,1.67,0.57,-0.87
087,1983,6.31,18.21,40.4,52.8,56.7,47.4,91.2,94.2,89.8,4.05,-0.51,-1.4,0.71,-1.52,-2.83,-1,4.01
087,1984,10.88,11.66,44.2,50.8,55.4,52.9,86.6,86.8,86.73,0.79,0.87,0.31,0.66,0.48,-1.42,-0.74,1.36
087,1985,11.46,13.96,48.4,55.1,56.3,50,88.3,83.8,84.83,2.77,2.1,3.87,2.91,-1.14,5.95,2.47,2.12
087,1986,7.09,7.99,46.8,56.2,61.6,47.1,91.3,84.6,87.4,0.49,0.6,0.85,0.65,0.46,0.94,0.03,1.03
087,1987,7.16,5.8,42.4,58.9,55.8,39.1,88.7,90.1,88.57,-1.88,-1.49,-1.81,-1.73,0.59,-1.44,-0.2,-2.19
087,1988,10.61,12.11,42.7,50.8,57.5,39.3,89.4,91.6,90.07,-2.59,-2.73,-3.17,-2.83,-1.2,-2.17,-2,-1.91
087,1989,19.64,9.99,43.9,51.3,56.3,45.4,85.6,86.6,84.7,0.72,0.89,0.88,0.83,0.74,0.26,1.05,-1.11
087,1990,15.08,3.4,42.7,52.7,59.1,41.9,87.7,84.9,86.03,-0.41,-0.48,-0.5,-0.46,-0.34,-0.21,-0.6,1.74
087,1991,11.72,11.93,49.7,61.8,57.9,46.8,89.9,89.2,88.33,-1.37,-2.16,-2.78,-2.1,-2.79,-2.53,-2.54,-0.67
087,1992,7.93,9.15,45.8,52.2,56.6,43.6,87.4,82.3,83.7,-2.64,0.27,0.04,-0.78,0.8,-0.6,-0.13,-2.72
087,1993,11.73,6.65,42.8,54.8,55.9,43.4,90.9,87.9,87.37,1.17,1.09,1,1.09,0.12,0.09,0.86,0.42
087,1994,10.44,9.73,46.7,49.8,53.8,46.7,86.3,84.8,85.77,-0.84,-1.18,-1.13,-1.05,-1.26,-0.21,-0.6,-0.82
087,1995,10.2,10.13,44.8,55,54.4,45.4,87.4,90.9,87.17,1.67,0,-0.11,0.52,0,-0.34,0.67,0.99
087,1996,8.98,5.77,41.2,58.8,55.2,45.5,85.6,87.3,85.53,1.04,1.39,0.64,1.02,1.38,-1.81,0.01,0.99
087,1997,14.12,9.8,39.1,49.7,56.6,45.9,89,84.2,84.57,2.68,-0.08,0.09,0.9,-0.25,0.26,0.5,2.43
087,1998,11.11,5.12,45.5,59.7,61.2,48.1,86.6,87.2,86.57,1.3,1.5,1.63,1.48,0.99,0.87,1.92,-0.62
087,1999,13.8,5.85,50.5,53.4,53,43.2,91.2,90,88.7,-0.36,-0.74,-1.54,-0.88,-1.25,-2.61,-0.79,-0.96
087,2000,13.89,5.4,43.7,59,56.6,48.2,85.8,88.6,86.17,-1.15,-0.94,-1.1,-1.06,0.25,-0.77,0.55,-2.08
087,2001,7.2,8.47,51.3,55.6,55.3,44.8,88,88,86.53,-2.45,1.04,1.26,-0.05,3.11,0.99,1.21,-2.55
087,2002,15.16,14.12,48.1,53,61.2,48,91.4,89.5,89.43,3.88,2.63,1.72,2.74,-2.53,-1.92,-2.08,4.99
087,2003,9.28,8.84,47,55.8,55.5,45.5,87.9,88.6,85.53,2.74,2.08,2.15,2.32,-1.11,0.83,0.48,2.41
087,2004,8.28,7.59,46.1,60.1,56.9,50.1,85.3,83.6,84.07,-1.2,-0.94,-1.05,-1.06,0.41,-0.64,-0.19,-1.21
087,2005,11.61,10.19,46.7,51.2,61.4,46.6,88,90.1,88.1,-1.4,0.45,0.96,0,1.34,1.66,0.58,-1.1
087,2006,14.67,5.88,50.5,55,55,43.8,88.2,88.4,87.3,-0.79,1.37,1.45,0.68,4.12,0.65,1.27,-0.52
087,2007,11.63,10.05,42.4,58,60.8,51.5,87.3,95.6,89.83,-1.6,-1.63,-2.49,-1.91,-0.58,-3.1,-1.34,-1.65
087,2008,21.81,9.75,44.4,52.8,59.8,45.5,88.2,86,86.93,3.62,4.05,-0.23,2.48,2.41,-0.7,0.19,4.46
087,2009,8.99,7.44,46,56.4,60.7,45.6,83.1,84.5,84.93,0.74,1.62,1.79,1.38,2.88,1,1.33,0.78
087,2010,9.6,6.08,49.7,58.2,57.9,44.1,90.8,92.6,90.83,-0.87,-1.52,-2.03,-1.47,-2.22,-2.01,-1.68,-0.67
087,2011,11.55,6.55,49.6,55.4,56,44.4,91.7,88.3,89.13,4.26,3.72,3.02,3.67,-0.29,-0.95,0.56,3.66
087,2012,8.59,14.41,47.6,58.5,57.3,45.3,96.3,90.2,91.87,-4.03,-4.56,-4.83,-4.47,-2.83,-2.23,-2.79,-3.26
087,2013,13.21,4.84,43.5,54.7,60,48.6,84.2,84.4,84.43,0.66,0.92,1.42,1,0.99,1.78,1.52,0.06
087,2014,6.62,10.84,46.6,57.4,56.5,48,83.9,87.2,85.1,-0.06,-0.25,-0.01,-0.11,-0.6,0.64,0.36,-0.45
087,2015,11.6,5.01,48.2,56.8,59.6,46.8,87.3,84.9,85.57,0.81,2.68,2.45,1.98,5.86,0.13,2.34,0.52
087,2016,11.81,15.27,46.3,53.6,61.3,52,87.6,85.7,86.87,1.07,2.94,3.69,2.57,5.95,3.16,2.41,1.89
087,2017,7.92,7.39,50.8,56.2,58.6,48.8,88.5,84,85.53,0.02,-0.4,-0.66,-0.35,-1.19,-0.9,-0.68,1.26
087,2018,15.77,6.88,39.2,62.4,63.8,48.7,87.8,85.7,86.97,1.71,1.21,1.23,1.38,-0.97,0.43,0.27,1.41
087,2019,18.1,11.2,46.3,58.5,63,46.1,87.4,86.6,85.5,4.28,4.69,4.27,4.41,2.54,0.2,1.71,3.88
087,2020,16.89,7.2,43,54.2,59,45.1,89.3,83.8,86.07,2.53,2.64,2.99,2.72,1.11,1.84,1.27,2.5
087,2021,12.69,5.56,45.1,53.2,59.6,52.3,86.2,86.9,86,-0.53,0.64,0.46,0.19,1.93,-0.36,0.25,-0.28
087,2022,15.23,6.55,44.8,58.3,57.6,42.8,89.7,86.8,87.83,-0.73,-0.48,-0.78,-0.66,0.51,-1.06,-0.66,-0.28
087,2023,17.03,6.42,45,55.6,59,48.7,87.4,84.8,86,-1.83,1.66,2.42,0.75,4.97,2.8,1.8,-1.17
087,2024,10.66,1.73,49.6,60.6,60.8,47,85.4,87.3,86.13,0.69,1.27,0.8,0.92,1.93,-1,0.28,0.8
087,2025,9.75,9.15,48.9,56.5,59.3,50.5,88.2,85.6,85.97,2.29,2.28,-0.51,1.35,0.67,-1.53,0.57,1.59
089,1980,3.03,5.34,37,48.2,53.2,36.9,85,81.9,81.43,-1.01,0.24,1.22,0.15,0.73,3,1.21,-1.08
089,1981,2.33,3.24,40.4,44.2,51.1,38.3,80.2,79.3,79.7,1.75,1.6,2.61,1.99,0.08,3.52,1.9,1.17
089,1982,6.37,2.59,32.7,53.5,51.8,41.3,82.6,78.3,78.6,0.93,2.27,1.92,1.71,4.3,-0.34,1.01,1.38
089,1983,5.05,10.27,35.6,45.1,52,42.8,88.1,86.8,85.33,2.8,3,2.26,2.69,1.45,-1.27,-0.43,3.67
089,1984,4.94,7.6,38,45.3,51.1,44.8,82.5,85.5,83.27,-0.13,-0.58,-1.45,-0.72,-1.39,-2.79,-1.53,2.54
089,1985,8.09,5.72,43.2,50,54.4,42.2,83.1,78.6,79.67,-1.69,-1.43,-1.46,-1.53,0.26,-0.52,-0.61,-1.3
089,1986,3.54,9.11,40.2,49.8,55.7,42.7,83.8,78.3,80.3,0.19,0.42,-0.39,0.07,0.73,-1.16,-0.05,0.11
089,1987,2.97,2.2,37.9,51.3,52.3,35,85.6,79.9,83.2,-1.31,-0.02,2.85,0.51,-0.06,8.56,2.46,-1.05
089,1988,5.03,7.58,36.3,47.1,52.5,34.6,88.5,86.6,86.93,-2.51,-3.14,-3.12,-2.92,-2.65,-0.93,-2.65,-1.18
089,1989,2.9,6.71,35,45.2,49.4,39.6,83.6,79.9,80.7,-2.91,1.23,1.53,-0.05,3.68,1.28,1.59,-3.18
089,1990,7.48,2.51,37.9,45.7,54.4,38,80.8,79.6,80.1,2.52,2.53,3.1,2.72,0.8,2.49,1.72,2.11
089,1991,4.93,6.69,40.8,54.4,51.6,41,86.6,84.4,85.3,-1.29,-2.36,-3.04,-2.23,-3.59,-2.78,-3.42,2.38
089,1992,4.99,4.87,35.4,44.6,50.9,38.5,78.2,76.4,77.8,-2.14,0.58,0.27,-0.43,1.74,-0.75,-0.74,-1.2
089,1993,6.75,8.57,35.1,48.6,49.3,37.7,82.1,81.3,80.17,4.2,4.09,4.03,4.11,0.96,1.07,2.92,2.18
089,1994,5.13,2.9,38.1,45.2,54.1,42.8,82.2,77.4,80.97,0.28,0,0.83,0.37,-0.74,2.49,0.86,-1.97
089,1995,5.13,7.42,34.6,47,48.9,41.1,86,86.5,85.13,-0.91,-0.92,-0.75,-0.86,-0.3,0.23,-0.93,2.01
089,1996,2.79,4.48,33.3,45.3,52.5,40.5,80.1,81.8,80.17,1.92,2.65,2.32,2.3,2.77,-0.18,1.4,1.55
089,1997,8.57,3.27,33.5,41.9,52.3,41.3,83.7,78.5,80.8,-0.56,-1.19,-0.81,-0.85,-2.05,0.76,-0.89,-0.11
089,1998,7.31,3.16,39.1,53.1,55.5,43.2,83.7,82.8,81.97,1.04,0.66,0.92,0.87,-0.82,0.99,0.48,0.69
089,1999,5.63,3.21,39.5,50.1,48.7,38.4,87.6,79.5,82.7,2.35,-0.38,-0.45,0.51,-1.13,-0.33,0.11,1.95
089,2000,4.02,3.01,36,51.2,53,43.9,80.4,81.5,79.77,1.45,1.82,1.66,1.64,1.57,0.08,1.59,0.46
089,2001,5.13,5.11,40.9,49.8,50.8,42.1,85.8,83.6,82.43,-0.82,-1.33,-1.24,-1.13,-1.78,-0.16,-0.89,-0.64
089,2002,4.62,3,39.2,43.9,54.2,40.2,87.2,83.4,84.17,0.6,-0.87,0.85,0.19,-2.61,2.54,-0.01,0.66
089,2003,2.23,1.62,36.2,46.5,51.7,39.2,82.9,84.3,81.63,0.4,1.15,-0.6,0.32,2.37,-1.8,-0.52,1.23
089,2004,5.73,7.73,37.7,48.9,53.8,42.1,80.6,76.5,78.3,1.55,1.14,1.41,1.37,-0.77,1.17,0.46,1.36
089,2005,6.49,4.75,39.6,45.4,57.2,43,86.2,84.1,85.43,-2.88,-3.66,-3.95,-3.5,-3.24,-2.01,-3.31,-1.47
089,2006,7.2,3.77,40.7,48.8,51.5,37.8,85.1,81.9,81.93,-3.3,-3.28,-3.06,-3.21,-0.94,-0.36,-0.46,-3.65
089,2007,6.81,5.53,35.8,50.6,54,47.2,82.4,82.9,82.23,-1.33,0.85,3.15,0.89,2.54,7.18,2.82,-1.02
089,2008,7.21,4.08,38.6,43.1,54.4,40.5,83.1,81.5,81.83,2.3,2.71,2.21,2.41,1.94,-0.65,0.44,2.55
089,2009,8.78,6.25,35.9,47.9,53.5,39.4,77.7,78.6,78.37,4.81,4.11,4.58,4.5,-0.61,2.69,1.09,4.92
089,2010,3.6,4.81,42.1,50.7,53.3,40.7,85.9,84.6,83.63,2.88,3.92,3.57,3.46,4.01,0.18,2.35,2.15
089,2011,5.86,3.6,37.4,48,51.4,41,87.9,82.1,83.3,2.67,3.04,3.32,3.01,1.93,1.79,1.45,2.74
089,2012,4.69,6.36,37.7,51.6,50,38.8,91.2,83.2,85.87,-2.56,-3.29,-3.38,-3.08,-2.96,-1.28,-2.49,-1.66
089,2013,8.22,3,35.1,49.3,53,40.5,81.6,81.9,80.67,2.71,-0.14,-0.35,0.74,-0.41,-0.67,0.07,2.55
089,2014,4.94,4.21,35.2,48.3,50.8,40.4,78.7,81.5,80.37,1.46,1.58,2.37,1.8,0.82,2.87,2.52,0.18
089,2015,3.04,2.29,37.3,50.3,57.5,42.9,81.3,79.8,79.57,2.79,3.08,2.92,2.93,1.74,0.46,2.67,0.95
089,2016,5.17,10.36,36.6,48.1,58.4,45.8,83.7,83.6,83.07,2.63,3.36,3.31,3.1,3,0.88,1.05,3.2
089,2017,7.99,3.95,40.6,45.6,54.1,46.4,82.4,79.2,81.2,2.97,4.09,3.5,3.52,4.29,-0.53,1.37,3.18
089,2018,6.7,2.38,28.8,53.7,56,40.3,83.9,83.6,82.63,4.22,3.14,3.15,3.5,-1.93,0.98,0.94,3.3
089,2019,7.48,4.88,37,47,58.3,40.6,86.6,80.7,81.83,4.85,4.38,3.83,4.35,0.07,-0.29,-0.17,5.52
089,2020,6.89,3.63,35,47.4,52.2,37.4,85.8,83.6,84.27,-0.09,-0.3,-1.27,-0.55,-0.66,-2.99,-1.3,5.4
089,2021,3.53,4.09,38.5,47.2,55.5,49,82.2,85.5,83.83,-1.85,-2.13,-1.97,-1.98,-1.4,-0.2,-0.2,-2.43
089,2022,6.04,2.87,35.3,51.9,54.4,38.7,83.1,81.2,82.13,0.64,1.64,2,1.43,3.22,1.57,0.98,1.4
089,2023,9.09,3.42,36.8,47.4,56.1,44.1,83.5,81.5,82.13,-2.04,1.41,-0.51,-0.38,4.23,-1.52,-0.19,-1.05
089,2024,7.95,3.71,40.3,51.4,55,43.4,82.1,82.2,82.47,0.88,1.58,0.04,0.83,2.38,0.13,1.35,0.41
089,2025,5.01,4.6,38.2,46.6,54.7,46.2,85.7,81.7,83.63,-2.44,-1.66,-1.23,-1.78,1.59,0.77,0.02,-1.87
091,1980,4.46,4.63,38.2,49.8,54.4,38,88.6,86.3,84.97,0.63,-0.59,0.95,0.33,-1.78,2.84,0.99,-1.12
091,1981,2.55,3.45,42.8,46.5,52.4,39.3,82.1,80.4,81.43,2.42,3.08,3.13,2.88,2.73,1.09,2.12,1.76
091,1982,7.57,3.64,34.1,54.4,52.3,41.3,83.8,80,80.47,1.56,1.99,1.56,1.7,1.78,-0.69,0.26,1.86
091,1983,4.53,11.47,36.5,46.5,52.3,43.4,89.4,87.1,86.6,-0.44,-0.48,-0.64,-0.52,-0.24,-0.65,-0.74,2.77
091,1984,5.67,7.53,38.8,46.6,51.1,46.2,83,86.2,84.73,-0.44,-0.59,-1.55,-0.86,-0.56,-3.06,-1.65,1.2
091,1985,10.25,7.75,43.1,50.9,56,44.1,84.6,79.8,81.33,-2.17,-1.97,-1.61,-1.92,-0.06,0.49,-0.44,-1.78
091,1986,3.04,9.94,40.6,51,55.7,44.6,86.3,80.8,83,0.42,-0.05,-0.48,-0.04,-0.14,-1.31,-0.06,0
091,1987,2.96,3.74,39.4,52.9,53.2,36.1,87.1,83.3,85.1,-1.25,-1.37,0.78,-0.61,-0.74,2.33,0.31,-1.15
091,1988,5.34,7.59,37.4,49.8,53.5,36.5,90.7,89.7,89.6,-2.74,-3.63,-4.28,-3.55,-3.52,-3.05,-3.5,-1.6
091,1989,3.3,7.36,37.9,46.3,51,40.7,84.7,81.6,82.43,0.21,1,0.9,0.7,2.44,0.01,0.9,0.14
091,1990,8.99,2.66,38.9,47.5,55,39.3,82.3,80.9,81.7,2.31,2.62,3.16,2.7,1.65,2.42,1.69,2.2
091,1991,6.17,11.05,43,55.8,52.7,42.4,87.3,85.7,86.77,-1.47,-2.28,-2.66,-2.14,-2.88,-1.84,-3.05,3.92
091,1992,4.36,5.4,37.4,46.3,51.6,40.6,79.6,77.8,79.17,-2.73,1.43,0.85,-0.15,4.29,-1.31,0.11,-2.06
091,1993,8.18,8.12,37.8,51,51,39.3,83.5,83.2,81.97,4.5,4.31,4.52,4.44,0.8,1.98,3.01,2.7
091,1994,3.84,4.36,39.6,46.4,53.2,43.6,82.7,79.2,82.1,-1.7,-0.97,-0.95,-1.21,1.65,-0.23,0.07,-1.44
091,1995,6.37,7.85,36.5,48.1,50.5,42.4,86.9,87.8,86.17,-0.29,-0.34,-0.22,-0.28,-0.26,0.27,-0.28,2.15
091,1996,3.15,4.02,34.5,48.1,52.9,42.8,82.3,82.4,81.63,1.79,4.08,3.08,2.98,7.45,-1.76,2.54,1.27
091,1997,9.25,4.56,34.1,43.8,53.1,41.5,84.2,78.9,81.03,2.13,1.8,3.08,2.34,-0.34,4.4,1.69,2
091,1998,9.82,3.76,41.1,54.6,56.3,43.9,84.3,83.7,83.03,3.24,3.1,2.87,3.07,0.59,0.26,1,2.81
091,1999,6.73,3.16,41.8,52.9,49.8,40.1,88.2,80.9,83.73,1.49,-0.56,-0.69,0.08,-1.68,-0.56,-0.04,0.88
091,2000,4.02,3.27,37.1,52.7,52.9,45.2,81.8,83.4,81.57,1.12,1.83,1.29,1.41,2.48,-1.07,1.59,-3.41
091,2001,5.35,5.3,42.3,51.8,50.5,42.8,85.4,83.8,82.73,-1.17,-1.1,0.8,-0.49,-0.16,2.41,0.69,-1.24
091,2002,7.26,3.94,39.8,46.2,54.1,40.7,88.4,84.2,85.73,-0.61,-0.95,-1.3,-0.95,-1.2,-1.33,-1.46,2.72
091,2003,2.97,3.05,38.7,48,51.9,40.2,83.5,85.7,82.43,0.47,3.05,2.34,1.95,7.88,-1.18,1.9,0.89
091,2004,5.11,6.13,39.6,52,54.6,42.1,82.1,77.5,79.63,0.76,0.6,2.98,1.45,-0.24,7.31,2.7,0.47
091,2005,8.62,6.8,40.8,46.5,57.6,44.3,86.6,84.5,85.87,-2.68,-2.27,-2.56,-2.5,0.4,-1.57,-1.54,-1.7
091,2006,6.04,4.29,42.2,49.4,52.3,39.6,85.1,82,82.63,0.2,0.53,0.76,0.5,1.06,0.85,0.11,0.81
091,2007,8.84,6.81,36.5,52.3,55.3,48.2,82.4,84.9,83.4,1.52,1.39,3.6,2.17,0.09,7.07,2.06,2.06
091,2008,9.32,5.53,39.7,44.8,55.6,41.7,83.5,81.8,82.67,2.43,2.51,2.18,2.37,0.99,-0.21,0.57,2.36
091,2009,9.51,4.55,37.6,49.3,53.8,41.5,78.9,80,80.07,4.93,4.41,4.42,4.59,-0.03,1.39,0.69,5.23
091,2010,4.69,4.75,43.5,51.7,54,41.9,86.8,86.4,85.37,3.76,0.04,-0.57,1.08,0.12,-1.7,1.26,2.2
091,2011,5.75,4.57,39,49.9,52.3,42.1,88.8,83.9,84.77,1.69,-0.47,-0.37,0.28,-1.4,0.14,0.02,1.39
091,2012,5.12,6.6,40.1,53.6,51.7,40.6,91.1,84.2,86.1,-1.94,-2.42,-2.29,-2.22,-2.06,-0.34,-0.53,-2.46
091,2013,6.25,2.78,36.2,51.4,54.6,42.4,81.6,82.4,81.37,2.06,-0.71,-0.83,0.17,-2.12,-0.59,-0.39,1.72
091,2014,6.62,3.57,37.4,49.9,52,42.6,78.9,81.9,80.97,2.05,2.39,2.78,2.41,1.65,1.92,2.47,0.86
091,2015,3.67,3.57,39.3,52.9,57.9,44.1,81.9,80.9,80.53,4.58,4.83,4.51,4.64,2.17,0.54,4.24,1.39
091,2016,5.22,9.17,38.3,49.2,59.3,48.1,83.6,84,83.9,1.5,2.88,5.33,3.24,4.62,8.23,4.12,1.85
091,2017,7.94,4.04,42.5,48.3,55.4,48.1,84,79.8,82.67,2.65,3.87,3.72,3.41,4.48,0.76,1.44,3.29
091,2018,8.66,3.1,30.7,55.8,57.9,42.4,84.5,85.1,84.33,-1.56,-1.7,-1.84,-1.7,-0.89,-0.95,-0.57,-1.79
091,2019,7.88,5,39.1,49.2,59.6,43,86.8,82.3,83.1,2.97,2.9,2.35,2.74,0.72,-0.75,0.23,3.04
091,2020,8.16,2.88,36,48.9,53.4,39.6,86.8,84,85.2,-0.36,-0.17,-0.97,-0.5,0.46,-2.44,-1.02,4.26
091,2021,5.22,3.68,38.8,48.9,56.8,50.8,82,85.1,83.67,-1.83,-1.79,-1.69,-1.77,-0.45,-0.25,0.1,-2.4
091,2022,6.99,3.17,35.8,53,54.6,39.8,83.7,82.5,83.4,-0.77,-0.21,-0.5,-0.49,1.43,-0.92,-0.34,-0.28
091,2023,8.52,3.77,38,49,55.3,45.1,84,81.7,82.87,-2.22,0.63,0.42,-0.39,1.88,-0.41,-0.49,-1.38
091,2024,8.1,4.38,40.6,53.2,54.8,43.8,82.6,83,83.4,1.16,1.5,1.57,1.41,1.38,0.66,0.65,1.33
091,2025,5.85,5.37,39.6,48.2,54.6,46.5,86.7,81.8,84.23,-1.57,-0.91,-0.73,-1.07,1.49,0.26,0.52,-1.69
093,1980,4.27,5.33,38.1,49.2,54.7,38,87.2,84.7,83.83,-0.5,-0.65,1.15,0,-0.62,3.45,1.07,-0.69
093,1981,2.47,3.24,42.1,45.2,52.6,39.7,82.1,80.6,81.23,2.25,2.55,3,2.6,1.61,2.13,2.02,1.65
093,1982,7.19,2.91,33.1,54.8,52.4,42.4,83.5,79.5,79.83,1.67,2.98,2.47,2.37,4.47,-0.61,1.47,1.65
093,1983,5.15,12.16,36.6,46,52.3,43.1,89.6,87.7,86.47,3.84,3.43,2.88,3.38,-0.07,-0.57,-0.29,4.37
093,1984,6.73,7.88,39,46.7,52.2,45.6,82.8,86.3,84.1,-0.19,-0.57,-1.49,-0.75,-1.2,-2.94,-1.57,2.92
093,1985,9.65,6.46,43.5,50.9,55.6,43.4,83.7,79.4,80.53,-1.96,-2.01,-2.18,-2.05,-0.75,-1.13,-1.23,-1.5
093,1986,3.7,9.28,40.7,50.8,56.4,44.6,84.9,79.4,81.43,-1.41,-1.43,-1.48,-1.44,-0.5,-0.58,-0.3,-1.64
093,1987,2.87,2.99,38.7,53.4,54,35.6,86.4,80.7,83.8,-1.49,0.02,2.4,0.31,0.07,7.13,2.31,-1.56
093,1988,5.2,8.17,37.5,48.8,53.6,35.6,89.5,87.6,87.8,-2.55,-3.26,-3.46,-3.09,-2.93,-1.61,-2.95,-1.24
093,1989,3.74,6.82,36.5,46.4,50.7,40.5,84.1,80.9,81.4,0.21,1.32,1.22,0.92,3.39,0.11,1.37,-2.68
093,1990,8.19,2.77,38.6,47.3,55.6,38.7,81.5,80.3,80.93,3.27,3.46,4.22,3.65,1.56,3.36,2.45,2.74
093,1991,5.47,7.96,42.3,56.1,53.2,42.8,87.4,85.5,86.17,-1.33,-2.56,-3.24,-2.38,-4.1,-2.84,-3.64,3.63
093,1992,4.43,4.58,36.5,45.3,51.9,39.9,78.9,77.4,78.5,-2.2,1.01,0.69,-0.17,3.04,-0.65,-0.01,-1.55
093,1993,6.48,8.44,36.8,49.8,50.4,38.8,82.8,81.6,80.83,3.99,4.03,4.45,4.16,1.36,2.5,3.42,2.07
093,1994,4.26,3.26,39.3,45.8,54.8,44.3,82.4,78.4,81.5,0.93,1.24,1.63,1.27,1.2,1.58,1.12,0.83
093,1995,5.5,8.63,36,47.8,49.9,41.2,86.4,87,85.43,-0.4,-0.4,-0.61,-0.47,-0.14,-0.74,-0.69,2.52
093,1996,2.87,3.82,34.5,46.9,54,41.8,80.7,82.6,80.97,1.23,2.52,1.58,1.78,4.25,-2.02,1.09,0.98
093,1997,8.7,3.54,33.9,42.9,53.4,41.9,84.6,79.3,81.57,-1.03,-1.5,-0.88,-1.14,-1.73,1.38,-0.62,-0.58
093,1998,8.47,3.39,40.3,54.5,56.7,44,84.1,83.4,82.53,1.39,1.12,1.18,1.23,-0.38,0.54,0.7,0.84
093,1999,5.81,3.04,41,51.7,49.5,39.9,87.9,80.3,83.27,1.9,-0.51,-0.25,0.38,-1.54,0.63,0.43,1.29
093,2000,3.64,3.15,37,52.3,53.5,44.7,81,82.6,80.7,1.54,2.56,2.2,2.1,3.52,-0.29,2.22,0.45
093,2001,5.48,5.29,42.1,51.4,51.6,42.3,85.9,84,82.93,-1.14,-1.38,-0.04,-0.85,-1.07,-0.12,-0.66,-0.97
093,2002,4.84,3.04,40.6,45.2,54.4,40.5,87.5,84.6,85.03,-0.17,-0.85,-0.89,-0.64,-2.09,-0.39,-1,1.81
093,2003,2.45,2.08,38.2,47.8,52.2,40.3,83.6,84.8,82.33,0.2,1.73,1.28,1.07,4.63,-0.8,0.76,0.8
093,2004,5.47,7.23,38.8,51.2,54.8,43.1,81.7,77.4,79.3,0.97,0.8,1.94,1.24,-0.19,3.67,1.49,0.71
093,2005,7.15,5.18,41.1,46.5,57.8,43.8,86.4,84.1,85.57,-2.84,-2.89,-3.27,-3,-1.03,-2.03,-2.35,-1.68
093,2006,6.91,3.55,42.2,50,52.2,39.5,85.6,82.1,82.57,-3.15,-2.92,0.24,-1.94,-0.3,0.71,0,-3.36
093,2007,7.41,6.01,37.1,52.6,55.2,48.2,82.8,84,83.13,0.75,1.36,3.6,1.9,2.06,7.13,2.68,1.27
093,2008,6.89,4.03,39.5,44.7,55.4,41.8,83.8,82.3,82.73,1.91,2.07,1.39,1.79,1.06,-1.4,-0.28,2.32
093,2009,9.77,6.06,37.2,49.5,54.4,40.5,78.2,79.1,79.03,4.85,4.28,4.78,4.64,-0.2,2.82,1.07,5.19
093,2010,4.2,4.53,43.6,51.9,54.1,41.7,86.5,85.5,84.67,3.46,3.8,3.57,3.61,2.08,0.47,2.48,2.04
093,2011,5.89,4.18,38.9,49.2,52.4,42.1,88.9,83.6,84.57,3.17,2.97,3.4,3.18,0.4,2.21,1.8,2.49
093,2012,4.32,6.41,39.7,53.6,51.5,40.6,91.7,84.4,86.63,-2.51,-3.3,-3.18,-3,-3.15,-0.66,-2.05,-1.93
093,2013,7.57,2.68,36.2,51.2,54.8,41.8,82.1,82.7,81.43,2.67,-0.6,-0.7,0.46,-1.8,-0.47,-0.21,2.37
093,2014,5.5,3.97,37.4,50,51.9,41.3,79.2,82.3,81.1,1.34,1.71,2.53,1.86,1.53,2.99,2.69,0.17
093,2015,2.97,2.31,38.2,51.9,57.8,43.5,81.9,80.8,80.4,3.13,3.3,3.11,3.18,1.48,0.46,3.04,0.82
093,2016,5.13,9.95,38,49.2,59.3,47.2,83.7,84.2,83.67,2.19,3.09,3.93,3.07,3.37,3.47,2.33,2.39
093,2017,8.56,3.66,41.3,46.9,55.2,47.5,83.7,79.8,82.3,3.18,3.94,3.6,3.57,3.26,0.18,0.91,3.81
093,2018,7.18,2.76,29.8,54.6,57.2,41.2,84.5,85,83.87,3.38,2.53,2.37,2.76,-1.5,0.29,0.49,2.78
093,2019,7.05,4.78,37.7,47.7,59.3,41.2,87,82.1,82.97,4.39,4.41,3.91,4.24,1.42,-0.14,0.54,4.76
093,2020,6.57,3.07,35.8,48.3,53.4,38.5,86.2,84.2,84.87,-0.31,-0.29,-1.29,-0.63,-0.05,-3.07,-1.35,4.94
093,2021,3.74,4.07,39.5,48.4,56.3,49.9,82.2,85.6,83.8,-1.52,-1.57,-1.49,-1.53,-0.61,-0.26,0.47,-2.54
093,2022,6.71,2.51,36.1,52.8,54.7,39.5,83.4,82,82.8,-0.67,0.49,0.57,0.13,1.48,0.39,-0.05,1.3
093,2023,8.79,3.51,37.2,48.6,56,44.3,84.1,82.4,82.9,-1.97,1.29,0.8,0.04,3.87,-1.07,-0.03,-1.13
093,2024,8.01,3.89,40.8,52.3,55.8,44.2,83,83.2,83.5,1.81,2.28,2.35,2.15,1.99,0.9,1.37,1.56
093,2025,4.84,4.59,39.6,48.1,55.1,47,86.3,82,84.03,-2.14,-1.55,-0.96,-1.55,1.12,1.27,0.24,-1.76
095,1980,4.37,5.22,38,50.4,54.5,37.7,89,86.6,85.33,0.77,0.23,2.16,1.05,-1.38,5.87,2.26,-2.22
095,1981,3.06,4,43.6,47.3,51.4,40.2,82.4,81,81.77,2.54,3.02,3.72,3.09,2.22,3.02,2.46,2.04
095,1982,7.73,2.84,33.7,55.4,52.9,42.2,84.6,80.6,80.83,2.09,4.3,4.4,3.6,7.27,1.64,2.65,2.69
095,1983,4.67,10.04,36.1,47.2,53,43.3,91.3,91.3,88.7,-0.69,-1.58,-2.49,-1.59,-2.88,-3.23,-2.4,-0.37
095,1984,5.73,7.01,39.8,46.5,51.4,45.7,83.5,86.3,84.6,-0.32,-0.14,-0.86,-0.44,0.45,-2.2,-0.9,2.01
095,1985,11.09,6.32,44.5,51.8,55.2,43.4,84.4,79.8,81.1,-1.51,-1.75,-1.72,-1.66,-1.19,-0.46,-1.05,-1.13
095,1986,3.57,10.51,41.6,52.1,57.7,43.8,86,78.8,82.43,-0.04,0.98,0.96,0.63,2.93,0.24,1.01,0.04
095,1987,4.15,2.97,40.3,54.1,53.4,35.6,89.4,82.8,85.83,-2.69,-3.38,-1.94,-2.67,-2.9,3.27,-0.6,-2.19
095,1988,5.22,7.17,37.9,50.9,54.3,36.1,90.5,89.4,88.83,-2.95,-4,-4.32,-3.76,-4.07,-2.19,-3.29,-1.95
095,1989,2.98,5.12,38.3,47.3,50.6,42,85.6,83.3,82.9,-4.04,-4.14,-3.74,-3.97,-1.54,-0.09,-0.79,-4.23
095,1990,8.71,1.67,38.8,47.3,55.4,39.4,82.2,81.6,81.6,3.21,3.55,3.81,3.52,2.02,1.86,2.74,1.97
095,1991,5.9,6.94,43.1,57.2,52.7,41.6,85.9,84.1,85.07,-1.22,-1.91,-2.09,-1.74,-2.45,-1.13,-2.2,-0.24
095,1992,4.01,5.28,37.7,48,51.4,40.1,79.5,77.7,79.23,-2.41,1.9,1.34,0.28,5.7,-1.09,0.64,-1.69
095,1993,7.56,9.7,36.9,51.4,50.1,38.7,82.4,82.6,81.47,3.81,5.61,7.11,5.51,6.58,6.23,5.01,3.42
095,1994,4.17,3.12,39.2,48.1,53.6,44.7,82.7,80.1,82.37,-1.6,-1.57,-1.54,-1.57,-0.4,-0.41,-0.57,-1.46
095,1995,4.63,8.19,36.4,48.5,50.3,41.3,86.2,87.6,85.4,-0.49,-0.29,-0.39,-0.39,0.45,-0.4,-0.47,2.4
095,1996,3.74,2.99,34.6,48.8,51.7,41.5,82.2,82.4,81.67,1.5,2.08,1.93,1.84,2.2,0.19,0.76,1.72
095,1997,8.55,2.47,35.2,44.4,54.2,42.4,84.7,79.8,81.9,-0.6,-0.91,1.69,0.06,-1.1,5.07,1.13,-0.46
095,1998,9.96,4.19,41.3,55.6,57.9,44.6,84.7,83.3,82.3,3.35,2.48,2.31,2.71,-1.57,0.25,0.45,2.75
095,1999,5.16,3.79,42.4,52.9,49.9,40,88.3,80.6,83.37,2.54,2.17,2.17,2.29,-0.31,0.67,0.77,2.1
095,2000,4.92,2.94,38.2,52.9,53.5,45.1,81.9,84.5,81.7,1.03,-0.1,-0.44,0.16,-0.3,-1.05,0.51,0.07
095,2001,7.33,3.97,43.4,52.6,51.1,41.3,86.1,84.3,83.17,1.41,-0.51,-0.73,0.06,-1.52,-0.84,-0.67,1.45
095,2002,4.41,3.09,40,46.6,55.4,39.3,87.6,83.6,84.83,1.29,1.17,1.79,1.42,0.05,2.21,0.84,1.34
095,2003,2.83,1.83,39.4,48.2,50.8,40.9,84.4,86.3,83.27,0.19,0.49,0.06,0.25,0.96,-1.16,-0.14,0.3
095,2004,4.77,7.67,40.6,53.2,53.3,43.2,81.8,78,79.7,0.01,0.16,0.85,0.34,0.45,2.12,0.39,0.53
095,2005,6.21,5.4,42,48.4,57.2,42.7,88.3,85.4,86.83,-2.77,-3.39,-3.71,-3.29,-2.72,-2.02,-2.88,-1.64
095,2006,7.24,3.12,42.6,50.9,51.6,38.4,88.1,83,84.27,-3.95,-3.85,-3.45,-3.75,-0.93,0.02,-0.83,-3.81
095,2007,8.47,6.32,37.2,55.4,53.8,46.7,83.6,86.2,84.17,-1.06,0.17,0.85,-0.01,0.51,2.09,0.52,-0.8
095,2008,6.62,4.02,39.8,46.4,55.1,41.2,83.8,82.5,83.03,1.4,1.49,1.12,1.34,0.68,-0.64,0.48,1.05
095,2009,9.86,5.49,38.1,50.1,53.9,39.5,78.6,79.6,80.13,5.27,5.44,6.02,5.58,2.14,3.41,2.5,5.15
095,2010,6.12,5.89,45.5,52,54.2,41.2,86.6,85.7,85.33,6.35,5.79,5.64,5.93,0.27,1.34,2.68,4.69
095,2011,5.38,2.84,39.1,49.1,50.4,41.3,89.7,86,85.47,3.87,-0.53,-1.34,0.67,-1.6,-2.59,-0.8,3.65
095,2012,3.62,8.84,40.1,54.1,50.5,39.3,92,85.5,87,-2.01,-2.95,-2.93,-2.63,-3.43,-0.86,-1.75,-1.89
095,2013,7.61,2.85,36.2,52,54.3,41.3,83.2,83.8,82.57,0,-0.22,-1.2,-0.47,-0.66,-3,-1.22,4.17
095,2014,6.17,3.06,37.1,51.4,51.3,41.8,80,81.7,81.3,0.82,0.94,1.49,1.08,0.61,1.95,1.67,-0.68
095,2015,3.45,1.96,39.4,53,58.3,42.2,82.4,80.8,80.97,1.55,2.31,2.17,2.01,2.74,0.29,2.36,0.22
095,2016,4.19,10.71,39.2,50.9,58.6,47,83.2,83.6,84.1,0.73,1.93,2.97,1.88,3.83,3.7,2.28,1.08
095,2017,5.65,3.32,42.9,49,54.2,46.1,85.9,80.1,83.3,-0.61,-0.18,-0.42,-0.4,1.13,-0.79,-0.5,0.86
095,2018,8.06,2.22,30.3,57.5,57.2,40.7,83.9,83.8,83.87,-1.05,-1.03,0.41,-0.56,-0.28,1.23,0.3,-1.15
095,2019,9.1,4.51,39.1,49.9,60.1,40.2,87.8,81.9,83.37,4.67,3.47,2.82,3.65,-2.17,-0.86,-1.03,5.23
095,2020,5.99,3.03,35.7,49.6,52.6,38.6,85.8,83.7,84.43,2.36,2.16,0.95,1.82,0.12,-2.94,-1.32,3.06
095,2021,6.15,4.3,39.1,50.1,56.3,49.2,83,84.6,83.77,2.09,2.17,2.17,2.14,0.88,0.67,0.99,1.8
095,2022,6.98,1.63,36.2,54.1,55,38.6,84.1,82.4,83.37,-0.3,-0.09,-0.22,-0.2,0.54,-0.43,-0.06,-0.23
095,2023,8.42,3.57,38,51.4,56.5,44,84.4,82.6,83.77,-2.08,0.37,0.98,-0.24,1.12,1.94,0.13,-1.32
095,2024,8.16,3.96,41.8,54.3,55.5,43.5,82.3,82.4,83.07,-0.67,1.19,1.31,0.61,3.58,0.71,1.16,-0.45
095,2025,3.88,4.52,40.9,49.3,54.9,47.4,86,82,83.8,-1.92,1.35,-0.31,-0.29,4.04,-0.93,0.9,-1.98
097,1980,2.83,5.14,36.8,47.4,53.9,38,83.1,80.6,79.63,0.23,0.87,1.49,0.86,1.99,2.11,1.6,-1.16
097,1981,2.52,3.79,39.4,43.4,52.5,39.2,78.9,78.7,78.63,1.1,1.25,2.47,1.61,0.8,4.05,1.96,0.84
097,1982,5.75,2.56,32.4,51.9,52.5,42.8,81.9,77.5,77.27,0.79,2.06,1.9,1.58,4.08,0.15,1.02,1.31
097,1983,5.56,9.85,35.7,44.3,52.6,43.6,86.9,85.8,83.83,2.81,2.53,2.26,2.53,0,-0.03,-0.59,3.78
097,1984,4.7,6.95,37.7,44.7,51.2,44.8,81.3,83.2,81.53,2.38,1.87,1.17,1.81,-0.79,-1.51,-1.04,2.95
097,1985,7.22,5.79,42.3,48.6,55.4,42.4,82.6,77.4,78.37,-1.38,0.12,0.5,-0.25,0.37,1.18,0.03,-1
097,1986,4.38,8.52,40,48.5,56,43.6,82.6,77,78.67,1.57,2.41,2.24,2.07,3.03,0.23,1.42,1.37
097,1987,3.34,1.81,38.3,50.2,53,35.7,85,79.4,82.53,-1.23,-1.19,2.37,-0.02,-0.27,7.11,1.49,-0.48
097,1988,4.9,7.05,36.3,46.9,53.7,35.6,86.8,86.4,85.73,-2.47,-3.14,-3.56,-3.06,-2.76,-2.24,-2.94,-1.34
097,1989,3,6.09,35.5,45.9,51.1,41.2,81.6,79.6,79.03,-3.43,-2.65,-1.81,-2.63,1.29,1.69,0.58,-3.36
097,1990,6.9,2.16,38.5,44.6,55.1,38.8,79.6,79.5,79.2,1.58,1.74,2.33,1.88,0.99,2.31,1.47,1.34
097,1991,5.68,6.63,40.8,54.1,51.7,42.1,85.2,82.5,83.23,-1.07,-2.08,-2.53,-1.89,-3.35,-2,-2.85,2.35
097,1992,4.32,5.32,35.1,44.3,51.6,39.2,76.7,75.5,75.67,-2.17,0.59,0.66,-0.31,1.78,0.39,-0.24,-1.35
097,1993,6.67,8.09,34.8,47,49.7,38.7,81.4,81.2,79.13,4.46,4.52,4.16,4.38,1.57,0.32,2.81,2.54
097,1994,6.13,2.76,37.9,44,55.8,44.2,81.2,77.3,79.73,-1.67,-1.84,-1.33,-1.61,-1.01,0.94,-0.01,-1.88
097,1995,4.75,6.64,34.4,46.6,50.4,42.6,84.9,84.5,83.33,-1.12,-1.21,-0.78,-1.04,-0.63,0.92,-1.02,1.1
097,1996,3.04,4.79,32.8,43.6,53,41,79.3,81,78.93,2.4,2.55,-0.27,1.56,1.2,-0.82,0.82,1.9
097,1997,7.42,3.01,33.7,41.6,52.9,42.4,82.2,76.9,78.87,0.65,-0.3,-0.03,0.11,-0.9,0.71,0.04,0.61
097,1998,7.92,3.61,39.2,52,55.9,44.5,82.6,82.2,81,1.49,-0.6,-0.61,0.09,-1.81,-0.21,-0.22,1.16
097,1999,6.24,3.21,39.1,49.5,50.1,39.7,87.4,78.6,81.67,2.06,-0.72,-0.99,0.12,-2.17,-1.02,-0.44,1.6
097,2000,4.26,2.49,35.9,50.4,53.7,45.2,78.8,80.2,78.47,2.44,2.93,2.46,2.61,2.23,-0.52,1.86,1.28
097,2001,4.64,5.44,40.2,48.9,51.6,42.5,83.7,82.2,80.7,1.44,0.89,0.97,1.1,-1.21,0.52,-0.45,1.85
097,2002,4.25,2.53,38.5,43.1,54.8,40.6,86.2,82.6,82.8,-0.18,-1.14,0.47,-0.28,-2.94,1.4,-0.49,-0.22
097,2003,2.22,1.83,35.1,44.7,52.1,39.6,81.5,82.7,79.83,0.36,1.13,-0.58,0.3,2.41,-1.73,-0.36,1.05
097,2004,6.12,7.56,37.4,46.5,54.5,43,79.3,76,77.07,2.12,-0.25,-0.25,0.54,-0.75,-0.09,0.1,1.94
097,2005,6.43,4.92,38.5,45,57.6,43.7,84.2,83,83.57,-2.68,-3.28,-3.54,-3.17,-2.61,-1.8,-2.83,-1.47
097,2006,7.32,3.91,40.4,48.2,52.3,38.6,83.9,81.6,80.67,-0.3,-0.46,-0.49,-0.42,-0.56,-0.23,-0.47,-0.11
097,2007,6.45,5.52,35.7,49.6,54.2,48.1,81.8,81.7,81,0.75,0.61,3.1,1.49,-0.21,7.65,2.38,0.95
097,2008,7.81,3.89,37.8,42.6,55.2,41.7,81.7,80.2,80.37,2.72,2.94,2.18,2.61,1.49,-1.37,0.51,2.5
097,2009,7.89,6.22,35.7,47.2,53.6,40.3,77,77.8,76.97,4.85,4.03,4.27,4.38,-0.96,1.97,1.23,4.41
097,2010,3.47,5.08,41.6,50,53.4,42.1,85.4,84.2,82.87,2.74,3.78,-0.36,2.05,3.96,-1.09,1.7,2.23
097,2011,7.18,2.66,36.8,46.6,52.6,42.3,86.7,81.6,81.9,1.98,2.84,2.8,2.54,3.17,0.77,1,2.56
097,2012,5.33,5.46,37.9,50.7,50.6,39.8,90.3,82.8,85.13,-2.2,-2.7,-3.16,-2.69,-2.19,-2.21,-2.62,-1.17
097,2013,8.25,3.34,35.6,47.9,53.6,41,80.3,81.2,79.23,3.26,2.7,1.84,2.6,-0.68,-1.74,0.2,2.51
097,2014,4.92,4.18,34.9,47.3,51.5,41.6,77.9,79.9,78.53,2.08,1.84,2.23,2.05,-0.08,1.76,1.76,0.98
097,2015,3.18,2.19,36.8,48.7,58.1,43.8,80.1,79.1,78.23,1.32,1.65,1.69,1.55,1.38,0.63,1.08,1.02
097,2016,4.88,9.69,35.8,47.2,59,46.1,83.6,83.5,82.43,-0.48,-0.25,-0.25,-0.33,0.53,-0.07,-0.32,0.44
097,2017,8.09,3.9,40.6,45.1,55,47.4,81.2,78.5,80.17,2.2,4.18,3.77,3.38,6.62,0.06,2.98,1.61
097,2018,5.38,2.24,29,52.2,56.9,41.6,82.9,82.7,80.97,4.65,3.42,3.67,3.91,-2.25,1.82,1.72,3.1
097,2019,7.21,5.21,37.1,45.6,59.2,41.3,84.8,80,80.13,5.2,5.16,4.86,5.07,1.49,0.69,1.09,5.39
097,2020,7.63,3.5,34.8,47,53.6,38.1,85.9,83.7,83.77,-0.19,-0.42,-0.81,-0.47,-0.74,-1.31,-0.88,6.87
097,2021,3.66,4.11,39,47,56.5,49.8,82.2,85.5,83.7,-2.5,-3.17,-3.23,-2.97,-2.78,-1.17,-1.38,-2.72
097,2022,5.16,3.06,36.2,51.1,55.7,39.7,82.8,81.2,81.57,0.38,0.96,0.87,0.74,1.85,0.03,0.05,1.08
097,2023,9.38,3.41,38,46.5,58.1,45,82.9,81.6,81.3,-1.96,-1.05,-1.39,-1.47,2.11,-1.32,-0.56,-1.26
097,2024,8.08,3.75,40.4,50.6,56.2,44.6,81.9,82.2,82.03,1.72,2.7,-0.15,1.42,3.49,-0.46,1.47,1.4
097,2025,4.23,4.47,38,45.4,55.6,46.8,84.6,81.4,82.77,-2.26,-1.59,-1.61,-1.82,1.29,-0.54,-0.09,-2.14
099,1980,4.22,5,38.3,49.5,54.7,37.3,88.3,86.6,85.23,-0.38,-0.85,0.9,-0.11,-1.53,2.71,0.46,-0.5
099,1981,2.91,3.26,43.6,45,52.1,39.4,82.8,80.7,81.67,1.69,2.11,3.32,2.37,1.8,4.29,2.69,1.15
099,1982,7.33,2.7,34.2,55.3,52.4,41.5,83.7,79.9,80.3,2.9,4.57,3.81,3.76,5.89,-0.85,2.04,2.83
099,1983,5.11,11.55,36.3,46.6,53.3,43.3,89.8,88.5,87,3.83,2.71,2.57,3.04,-2.18,0.41,-0.73,4.43
099,1984,6.61,7.99,39.6,46.6,51.6,46,82.8,85.7,84.1,-0.49,-0.76,-1.36,-0.87,-0.97,-2.02,-1.48,2.94
099,1985,10.03,6.98,44.2,51.5,54.7,43.1,83.7,79.3,80.83,-1.97,-1.87,-1.83,-1.89,-0.3,-0.47,-0.65,-1.76
099,1986,3.3,10.45,40.9,51.2,56.9,43.9,85.1,79.5,82.03,0.62,1.12,0.81,0.85,1.71,-0.58,0.7,0.33
099,1987,3.31,2.58,38.8,53.3,53.2,34.8,87.1,82.4,84.73,-1.7,-1.98,1.21,-0.82,-1.35,3.64,0.16,-1.22
099,1988,5.4,8.29,37.3,48.9,53.5,36.1,89.9,89,88.57,-2.47,-3.32,-3.71,-3.17,-3.31,-2.21,-3.22,-1.21
099,1989,3.61,6.13,37.3,46.7,50.6,41,85.2,81.8,82.43,-3.43,0.09,0,-1.11,0.28,-0.24,-0.39,-3.38
099,1990,7.91,2.19,39,47.7,55.4,38.7,82.2,80.8,81.37,3.03,3.8,4.45,3.76,3.26,3.11,3.28,2.1
099,1991,6.06,7.72,43.1,57.4,52.6,42.4,87,85.4,86,-1.03,-2.23,-2.8,-2.02,-3.92,-2.4,-3.13,3.68
099,1992,4.6,4.91,36.7,46.1,51.2,39.4,78.7,76.9,78.53,-2.54,1.82,1.51,0.26,5.46,-0.36,0.92,-1.95
099,1993,7.64,8.52,36.8,50.6,50.8,38.6,82.3,82.1,81.07,4.16,4.29,4.54,4.33,1.68,2.07,2.78,2.93
099,1994,3.95,3.8,38.9,46.8,54.4,44.5,82.5,79,81.93,-1.33,-1.44,-0.95,-1.24,-0.73,1.02,0.35,-1.76
099,1995,4.94,7.95,35.3,47.7,49.5,41.2,86.2,87.7,85.7,-0.47,-0.78,-1.1,-0.78,-1.07,-1.19,-1.23,2.72
099,1996,2.63,3.4,33.7,47.6,51.6,41.2,81.9,82.6,81.37,1.28,2.25,1.43,1.65,3.31,-1.76,0.76,1.15
099,1997,8.01,3.04,33.4,42.9,52.9,41.6,85,79.8,81.97,-1.37,-1.67,-0.85,-1.3,-1.33,1.96,-0.29,-0.97
099,1998,8.35,3.51,40.6,54.8,57,43.8,84.1,83.9,82.53,2.08,1.89,1.4,1.79,0.09,-0.9,1,0.9
099,1999,5.41,3.51,41.4,51.2,48.5,39.3,88.5,81.3,84,1.34,-0.65,-0.69,0,-1.95,-0.31,-0.29,0.98
099,2000,3.83,2.94,37.3,52.6,53.1,44.8,81.7,83.1,81.23,1.13,1.57,1.36,1.35,1.68,-0.14,1.59,0.06
099,2001,5.64,4.82,42.1,52.5,51.1,42.1,85.5,83.9,82.67,0.65,1.03,0.92,0.87,1.34,0,0.51,0.66
099,2002,4.82,3.23,40,45.6,54.1,40.2,87.8,84.2,85.17,-0.09,-0.64,-0.53,-0.42,-1.66,0.13,-0.6,2.15
099,2003,2.65,1.63,37.9,47.4,51.8,39.6,83.8,85.8,82.67,0.27,1.13,0.52,0.64,2.66,-1.47,0.04,0.7
099,2004,5.36,6.24,39.6,51.3,53.8,41.8,81.8,77.4,79.47,0.33,0.04,1.17,0.51,-0.76,3.4,0.51,0.77
099,2005,7.15,5.29,41,46.2,57.3,42.9,87.3,84.3,86.1,-2.68,-2.9,-3.3,-2.96,-1.49,-2.09,-2.24,-1.82
099,2006,6.5,3.45,41.4,49.9,52.2,39.2,86.1,82.4,83.03,-3.79,-3.57,0.64,-2.24,-0.52,1.91,0.26,-4
099,2007,8.57,5.85,37.1,53,53.9,47.5,82.8,84.6,83.2,1.23,1.83,4.15,2.4,2.18,7.52,3.11,1.51
099,2008,7.6,3.95,39.8,44.8,55.1,40.8,83.9,81.6,82.57,2.13,2.97,2.42,2.51,3.18,-0.72,0.64,2.58
099,2009,9.47,5.84,37.2,49.8,53.4,40.7,77.8,79,79.27,5,4.86,5.38,5.08,1.14,3.05,1.6,5.35
099,2010,4.8,5.61,43.4,51.5,53.8,41,86.6,86,85.03,4.32,-0.11,-0.45,1.25,-0.32,-1.07,1.21,2.95
099,2011,5.74,4.4,38.8,49.1,51.5,41.5,88.6,84.4,84.63,2.11,-0.49,-0.39,0.41,-1.46,0.15,0.27,1.57
099,2012,4.06,6.79,39.2,53.3,51,40.2,92.5,85.3,87.17,-2.26,-3.19,-3.21,-2.89,-3.48,-1.06,-2.16,-1.8
099,2013,7.4,2.42,36.7,51.5,53.8,41.8,82.6,82.6,81.83,2.49,-0.66,-0.66,0.39,-1.99,-0.21,-0.27,2.26
099,2014,5.75,4.13,37.6,49.6,52,40.7,79.6,82.7,81.4,1.04,1.13,1.85,1.34,0.58,2.51,1.82,0.29
099,2015,3.46,2.19,38.6,52.2,58,43.5,81.6,80.7,80.5,2.35,2.41,2.12,2.29,0.9,-0.13,2.16,0.5
099,2016,5.86,10.9,38.6,49.9,59.2,47.4,83.2,83.6,83.53,2.4,3.06,4.29,3.25,2.7,4.64,3.12,1.93
099,2017,7.11,3.22,42.2,47.4,54,47,83.9,79.6,82.33,2.55,3,2.55,2.7,2.14,-0.42,0.41,3.03
099,2018,7.34,2.51,29.6,55.5,56.8,41.3,84,84.2,83.67,1.69,1.22,1.19,1.37,-0.9,0.3,0.29,1.34
099,2019,8.29,3.85,38.1,48.9,59.2,41.5,87.2,81.7,82.97,4.04,3.96,3.54,3.85,0.99,-0.02,0.43,4.39
099,2020,6.66,3.31,35.9,49.6,54.1,39.7,86.4,83.9,84.97,-0.38,-0.08,-1.04,-0.5,0.77,-2.89,-1.09,4.41
099,2021,5.25,3.48,39.9,49.3,55.7,49.4,81.7,85.3,83.57,-0.66,-0.77,-1.09,-0.84,-0.53,-1.19,-0.2,-1.15
099,2022,6.07,2.3,36.6,53.3,54.3,38.4,83,81.7,82.9,-0.68,-0.32,-0.11,-0.37,0.86,0.52,-0.11,-0.12
099,2023,7.36,4.04,37.4,48.8,55.8,44.2,84.3,82.5,83.33,-1.8,0.87,0.5,-0.14,2.61,-0.83,-0.21,-1.12
099,2024,7.71,3.3,40.8,52.9,54.3,42.9,82.6,82.8,83.27,1.21,1.8,1.67,1.56,2.15,0.16,0.74,1.38
099,2025,4.76,4.25,38.9,47.8,53.5,45.9,86.1,81.8,83.9,-2.42,-1.49,-1.48,-1.8,2.02,-0.41,0.27,-2.39
101,1980,8.32,7.91,41.3,53.4,58.8,41.6,91.5,90.8,88.93,0.72,-0.4,-0.35,-0.01,-1.2,0.04,0.34,-1.02
101,1981,5.2,3.13,48.9,50.2,55.6,44,87.2,83.8,85.4,-0.64,0.12,0.72,0.07,0.35,1.85,0.09,1.59
101,1982,13.02,6.57,39,57.8,55.5,45.1,86.8,83.1,83.1,-0.02,-0.36,-0.48,-0.29,-1.02,-0.47,-0.36,-0.18
101,1983,5.88,12.98,40.3,51.1,56.3,47.4,91.6,92.7,89.5,2.74,-0.63,-1.4,0.24,-1.9,-2.5,-0.94,2.47
101,1984,9.13,9.37,43.4,50.8,54.7,52.5,86,86.3,86.77,-1.09,-1.33,-1.78,-1.4,-1.06,-1.77,-2.03,3.13
101,1985,12.51,11.47,47.9,55.5,56.3,49.5,87,82.3,83.37,1.91,1.03,2.04,1.66,-2.04,3.34,1,1.5
101,1986,7.51,12.79,45.8,55.8,60.8,47.6,90,82.8,86.27,1.38,2.15,2.01,1.85,2.73,0.25,0.59,1.98
101,1987,4.81,3.94,42.1,57.5,55.3,37.2,87.7,88.4,87.47,-2.17,-1.38,-1.96,-1.84,1.7,-2.16,-0.29,-2.28
101,1988,10.11,7.63,41.8,51.2,56.2,38.3,90.4,90.5,90.4,-3,-2.7,-3.41,-3.04,-0.02,-2.97,-2.1,-2.11
101,1989,14.95,8.2,42.8,49.2,55.7,45,86.5,85.5,85.1,1.57,2.13,2.88,2.19,2.16,2.92,1.53,1.93
101,1990,10.23,4.19,42.2,53,58.4,42.1,86.6,85,85.17,3.33,2.93,2.49,2.92,-0.16,-0.42,0.69,2.72
101,1991,8.96,11.82,48.3,61.4,56.8,47.3,89.7,88.2,88.33,-2.05,-2.74,-3.18,-2.66,-2.7,-2.15,-2.54,-1.26
101,1992,5.81,7.33,44,51.6,55.6,42.8,86.2,81.4,82.87,-2.67,0.66,0.66,-0.45,1.97,0.21,0.23,-2.43
101,1993,9.16,7.23,42.2,54,54.9,41.6,89.6,86.2,86.3,1.08,1.23,1.46,1.26,0.79,1.09,0.95,0.84
101,1994,6.09,10.09,44.6,49,54,45.7,86.7,83.9,85.77,-0.58,-0.91,0.24,-0.42,-1.18,0.71,-0.4,-0.38
101,1995,8.43,8.83,42.8,53.5,52.8,44.3,87.9,90.2,87.57,2.07,1.93,1.83,1.94,0.22,0.28,0.45,2
101,1996,7.35,6.7,39.7,55.9,54.4,44.8,85.5,86.6,85.1,2.55,2.19,1.73,2.16,-0.31,-0.7,0.16,2.29
101,1997,12.63,7.68,39,48.9,55.7,45.4,87.8,83.6,83.8,2.28,-0.34,-0.13,0.6,-1.03,0.54,0.77,1.5
101,1998,8.25,4.39,45.2,58.8,59.8,46.9,85.5,86.3,85.07,1.72,1.83,1.84,1.8,0.87,0.61,1.2,1.12
101,1999,13.41,4.92,46.9,54.1,52.3,42.7,90.7,86.1,86.97,1.36,1.28,-0.3,0.78,0.18,-0.91,0.43,0.76
101,2000,8.53,3.75,40.6,56.7,55.5,48.1,84.4,85.5,84.47,1.09,2.01,3.42,2.17,3.08,4.85,3.74,-2.64
101,2001,4.53,6.33,48.4,55.4,54.4,44.6,87.5,86.8,85.7,-2.56,0.41,0.39,-0.59,1.22,0.08,0.2,-2.6
101,2002,9.34,9.06,45.8,51.1,60,46.1,91.4,89.1,89.3,-0.36,-0.96,-1.82,-1.05,-1.89,-2.87,-1.95,3.12
101,2003,6.89,5.43,45.2,54.2,54.6,44.3,87.5,87.4,84.8,0.9,0.92,1.41,1.08,0.33,1.73,0.72,0.97
101,2004,8.13,6.01,45.5,59.9,56.7,47.3,83.4,81.7,82.73,-0.48,0.76,0.97,0.42,2.29,0.86,0.57,0.42
101,2005,11.4,7.17,45.5,50.1,60.6,46.9,87.4,89,87.47,-1.45,-1.39,0.51,-0.78,-0.27,1.54,0.29,-1.46
101,2006,12.22,6.96,47.2,53.9,54.3,42.9,88.4,87.3,86.93,1.22,0.8,1.44,1.15,-0.86,2.15,0.48,1.29
101,2007,9.86,9.21,41.9,57.7,59,50.8,86.3,94,89,-1.46,-1.99,-2.79,-2.08,-2.02,-3.03,-1.62,-1.7
101,2008,16.47,6.92,43.4,50.6,58.5,44.7,86.6,84.9,85.93,3.35,3.19,-0.56,1.99,0.56,-1.69,0.36,2.91
101,2009,6.88,7.1,44.5,55,58.3,43.8,81.6,84,83.8,1.93,2.43,1.94,2.1,2.09,-0.7,0.63,1.96
101,2010,6.66,6.54,48.9,57.8,56.8,44.2,88.8,90.8,89.33,0.74,1.42,-0.37,0.6,2.28,-1.11,0.77,0.4
101,2011,9.36,7.31,46.5,55,56.4,44,91.4,87.6,88.5,3.92,3.73,2.63,3.43,0.66,-2.16,1.06,2.63
101,2012,7.59,11.9,45,58.9,55.3,44.7,96.9,88.4,91.03,-3.54,-4.6,-4.44,-4.19,-4.3,-0.94,-2.98,-2.57
101,2013,12.8,3.78,43,55,58.3,45.2,83.8,85.1,83.67,4.27,4.48,3.68,4.14,1.94,-1.01,2.06,2.81
101,2014,5.31,9.01,44.8,55.6,54.3,46.3,82.8,83.9,83.67,2.38,2.44,2.73,2.52,0.92,1.63,1.08,2.4
101,2015,9.9,6.25,45.7,56.9,58.9,46.6,85.3,84,84.13,4.09,3.78,3.28,3.72,0.35,-0.34,1.75,2.61
101,2016,9.37,12.11,43.5,53.1,60.4,50.3,85.8,86.1,86.57,1.39,1.57,2.78,1.91,0.95,4.13,1.19,2.11
101,2017,7.79,4.99,48.5,55,57.8,49.3,88.1,83.9,85.8,-0.37,-0.33,-0.82,-0.51,0,-1.55,-0.89,0.71
101,2018,15.18,5.22,36.6,62.5,64.6,46.9,88.3,86.2,87.17,1.82,1.18,1.04,1.35,-1.35,-0.07,0.67,0.75
101,2019,15.59,9.45,45.5,56.6,62.1,46.2,87.9,85.4,85.43,5.1,5,5.12,5.07,1.27,1.89,1.75,4.92
101,2020,17.46,7.78,40.9,52.4,56.5,43.6,88.7,84,86.23,3.78,4.56,4.03,4.12,3.52,-0.17,1.18,4.14
101,2021,11.78,7.22,43.4,51.4,58.4,53.2,85,86.6,85.27,1.87,2.5,2.88,2.42,2.46,1.91,1.78,1.73
101,2022,12.72,6.45,42.2,57.3,56.9,42.4,86.4,84.6,85.8,2.29,3.89,3.92,3.37,5.5,1.3,1.77,3.1
101,2023,13.02,5.11,42.7,53.1,56.8,46.8,87.2,84.2,85.23,-0.64,-0.89,-0.32,-0.62,-0.93,1.44,0.2,-0.75
101,2024,8.84,3.33,48.2,59.5,58.3,44.8,85.3,85.5,85.6,0.31,1.11,-0.55,0.29,2.49,-1.64,-0.36,1.06
101,2025,8.13,9.38,45.7,54.1,57.1,48.9,89.5,84,86.23,1.85,2.39,2.45,2.23,2.18,0.94,1.5,1.55
103,1980,3.2,5.23,37.1,48.6,53.6,36.4,86.1,83.6,82.83,-1,0.23,1.39,0.21,0.7,3.54,1.17,-0.84
103,1981,2.8,2.85,41.6,45.3,50.9,38.7,81.7,79.8,80.67,1.23,0.7,2.47,1.47,-1.19,5.51,2.25,0.47
103,1982,5.02,2.63,32.4,54.8,50.9,40.5,83.5,80,80.27,1.23,2.99,2.38,2.2,5.67,-0.93,1.74,1.2
103,1983,4.97,9.67,35,46.1,51.5,42.8,88.5,88,86.2,-0.58,-0.52,-0.9,-0.67,0,-1.28,-1.01,3.03
103,1984,4.51,6.78,39.1,45.4,50.1,44,83,86.2,84.03,-0.36,-0.49,-1.22,-0.69,-0.52,-2.35,-1.31,0.96
103,1985,8.27,5.68,43,49.4,52.9,40.8,83.4,78.9,80.37,-1.39,-1.1,-1.16,-1.22,0.46,-0.53,-0.17,-1.39
103,1986,3.23,9.8,39.2,49.9,56.2,41.2,85.4,79.1,81.73,1.71,2.25,1.73,1.9,2.14,-0.86,0.8,1.49
103,1987,3.31,1.99,38.3,51.7,51.8,33.6,87.1,80.8,83.97,-1.51,-2.06,2.58,-0.33,-2.13,7.75,1.28,-1.02
103,1988,5,7.47,36.3,48.4,51.8,34.7,89.6,88.4,88.03,-2.54,-3.61,-4.07,-3.41,-3.97,-2.49,-3.68,-1.14
103,1989,3.57,5.57,36,45.8,49.1,39.6,84.8,80.4,81.53,-3.42,0.4,0.73,-0.76,1.2,1.13,0.53,-3.53
103,1990,7.34,1.7,37.6,46.4,54.1,37.4,81.3,80.2,80.6,3.11,3.3,3.84,3.42,1.53,2.63,3.09,1.56
103,1991,6.44,6.33,41.2,55.6,51,40.3,85.8,83.9,84.6,-0.93,-1.93,-2.64,-1.83,-3.31,-2.73,-2.72,-0.24
103,1992,3.83,5.78,35.9,45.5,49.9,38.6,77,76.1,77.2,-2.48,1.58,1.1,0.07,4.73,-0.95,0.2,-1.58
103,1993,6.95,8.7,35.4,50,49.2,37.4,81.9,81.5,80.4,4.85,4.41,4.66,4.64,0.15,2.12,2.83,3.1
103,1994,4.92,3.43,38.1,46.4,53.8,43.4,81.4,77.8,80.9,1.88,1.35,1.85,1.69,-0.99,1.9,1.53,0.73
103,1995,4.4,7.04,34.5,47.3,49,39.7,85.2,86.7,84.9,-0.78,-0.77,-0.98,-0.84,-0.22,-0.88,-1.14,3.46
103,1996,2.88,4.66,33.2,46.9,51,40.4,80.6,81.5,80.3,2.38,3.19,3.25,2.94,3.14,1.17,1.89,2.15
103,1997,7.42,2.81,33.8,42.4,52.1,41,84.2,79,81.4,-0.9,-1.73,-1.11,-1.25,-2.77,1.34,-0.99,-0.43
103,1998,8.33,3.45,39.8,54.1,55.5,42.9,83.2,82.7,81.47,1.94,1.7,1.74,1.79,-0.12,0.65,0.88,1.38
103,1999,5.6,3.2,41.1,51.2,48,38,86.9,79.7,82.5,2.72,-0.25,-0.3,0.72,-0.74,-0.25,0.41,2.21
103,2000,4.28,2.74,36.4,51.8,52.3,43.6,80.5,81.9,79.97,1.91,2.43,2.3,2.21,2.17,0.34,2.39,0.4
103,2001,6.46,4.22,41.4,51.8,50.3,40.9,84.8,83,81.93,-0.67,-0.66,-0.83,-0.72,-0.18,-0.7,-0.36,-0.68
103,2002,4.43,3.24,39.1,45.2,53.9,39.3,86.7,83.4,84.17,1.78,-0.59,-0.32,0.29,-1.76,0.61,0.56,0.92
103,2003,2.35,1.51,36.9,46.7,50.2,38.8,83.3,85.7,82.27,-2.89,-1.92,-2.72,-2.51,2.02,-2.99,-0.8,-2.69
103,2004,5.99,6.8,38.5,49.5,52.8,41.4,80.8,76.5,78.57,-0.28,-0.36,0.4,-0.08,-0.32,1.19,0.01,1.4
103,2005,5.23,4.07,40.3,45.1,56.1,42.5,86,83.8,85.37,-2.77,-3.3,-3.16,-3.08,-2.43,-0.63,-2.19,-1.78
103,2006,7.42,3.35,40.5,49.2,50.7,38.2,85.2,81.8,82.23,-0.36,0.14,0.28,0.02,0.43,0.46,0.19,-0.28
103,2007,6.3,5.38,36.2,52.3,52.9,46.4,82.4,83,82.2,-0.94,1.36,2.76,1.06,4.08,4.62,2.84,-0.98
103,2008,7.51,3.74,38.8,44.4,54.1,40.1,83.1,80.7,81.7,2.03,2.73,2.28,2.35,2.73,-0.5,0.88,2.11
103,2009,8.79,6.62,36.4,48.8,52.4,39,76.8,77.8,78.17,4.7,5.1,5.8,5.2,2.63,3.7,2.68,4.61
103,2010,3.83,5.37,42.7,50.9,52.5,39.9,85.4,84.6,83.7,4.04,4.2,3.76,4,1.7,-0.02,2.08,2.81
103,2011,5.43,3.78,37.8,48.4,50.1,40.6,87.9,82.9,83.63,2.18,2.53,2.61,2.44,1.72,1.04,1.19,2.13
103,2012,4.87,6.76,38.2,52.4,49,38,91.3,84.1,86.37,-2.45,-3.33,-3.37,-3.05,-3.38,-1.16,-2.35,-1.81
103,2013,7.86,2.55,35.3,50.5,52.6,40.8,81.8,82,80.9,2.7,-0.65,-1.09,0.32,-1.95,-1.52,-0.34,2.1
103,2014,4.64,3.41,35.6,48.6,50.2,39.6,78.8,81.6,80.4,1.74,1.82,1.96,1.84,0.76,0.98,2.32,-1.76
103,2015,3.14,2.42,38.5,51.6,58.1,43,80.8,80.1,79.83,2.75,2.8,2.38,2.64,0.98,-0.38,2.41,0.61
103,2016,5.09,10.68,38.1,49.3,58.5,47.1,82.8,83.3,83.03,2.36,2.8,4.4,3.19,2.04,5.68,3.1,2.04
103,2017,7.48,3.52,41.8,46.6,53.2,46.1,83,78.6,81.5,3.03,4.6,3.74,3.79,5.64,-1.16,1.32,3.57
103,2018,7.38,2.07,28.9,54.7,56.3,40.1,83.5,83,82.83,3.36,2.96,3.23,3.18,-0.17,1.71,1.87,2.24
103,2019,9.53,4.49,37.4,48.3,58.8,40.4,86.8,80.9,82.2,5.66,4.84,4.53,5.01,-0.69,0.55,-0.06,6.33
103,2020,8.24,3.52,35,48.3,51.6,37.8,85.9,83.4,84.5,-0.2,-0.18,-1.14,-0.51,0,-2.93,-1.18,5.11
103,2021,4.92,4.32,38.7,48.8,55.2,48.7,82,85.2,83.87,-0.55,-0.89,-1.52,-0.99,-1.21,-2.15,-1.11,-0.61
103,2022,5.95,2.52,35.5,52.5,54.3,38.3,82.7,80.9,82.13,-0.49,0.34,1.44,0.43,1.02,3.42,1.15,-0.18
103,2023,7.89,3.94,37,48.9,56.2,44,83.7,82,82.9,-1.46,0.68,0.19,-0.2,2.05,-1.26,-0.63,-0.63
103,2024,7.12,3.7,40.2,52.2,54.8,42.8,82,81.7,82.57,0.27,1.3,-0.04,0.51,3.17,-0.11,0.85,0.5
103,2025,4.74,4.22,38.8,47.7,53.6,45.9,85.5,81.8,83.8,-2.24,1.57,1.63,0.32,4.7,0.68,1.44,-2.11
105,1980,4.83,4.11,37.5,50.3,54.6,37.3,89.9,87.4,86.27,0.97,0.14,0.77,0.63,-2.21,1.93,0.88,-1.36
105,1981,2.87,2.83,42.9,45.6,51.4,38.9,82.8,80.4,81.97,2.1,2.7,4.09,2.96,2.45,5.01,3.22,1.52
105,1982,8.22,3.04,33.3,54.9,53,41.6,83.9,80.5,80.63,2.84,3.3,3.08,3.07,2.27,0.36,0.98,3.04
105,1983,4.73,12.57,36.5,46.6,52.7,43.4,90.2,88.8,87.5,3.56,2.21,2.19,2.65,-2.95,0.61,-0.78,3.97
105,1984,6.74,7.91,39,46.9,51.9,46.3,83.2,86.9,85.13,-0.76,-1.03,-1.97,-1.25,-1.04,-3.13,-2.15,2.84
105,1985,10.07,6.75,43.9,51.5,54.7,43.8,83.4,79.2,80.87,-1.78,0.5,0.8,-0.16,1.49,1.07,0.72,-1.84
105,1986,3.17,10.11,40.8,51.3,56.3,43.8,86.6,80.7,83.47,0.42,0.59,0.23,0.41,0.64,-0.89,0.24,0.1
105,1987,3.45,4.1,38.2,53.7,52.3,34.2,87.3,84,85.5,-1.89,-2.3,-1.75,-1.98,-1.8,0.94,-0.5,-1.87
105,1988,5.22,8.26,36.8,49.2,52.4,35.4,90.8,90.6,89.83,-3.34,-4.37,-5.08,-4.26,-4.12,-3.48,-3.94,-2.16
105,1989,3.31,6.76,37.5,46.2,49.9,41,85.1,82,82.83,-3.75,0.12,0.35,-1.09,0.36,0.74,-0.2,-3.55
105,1990,9.73,2.36,38.5,47.3,54.7,38.5,82.5,81.8,82.13,2.94,3.2,3.41,3.18,1.69,1.6,2.1,2.16
105,1991,6.17,9.64,43.2,57.3,52.6,42.9,87.8,86.2,87.07,-1.12,-2.36,-2.61,-2.03,-4.05,-1.48,-2.97,3.58
105,1992,4.59,4.97,37.4,46.2,51.2,39.3,80,77.8,79.47,-2.23,1.85,1.42,0.35,5.54,-0.71,1.1,-1.91
105,1993,8.24,8.28,37.1,50.6,50.8,38.9,83.3,83.1,82.1,4.2,4.64,5.35,4.73,2.62,3.56,3.88,2.65
105,1994,3.44,4.29,38.6,45.9,53.6,43.7,84.1,80.2,83.27,-1.61,-1.42,-1.11,-1.38,0.06,0.49,-0.4,-1.14
105,1995,6.41,7.34,36,47.8,49.7,42.2,87.1,88,86.4,-0.15,-0.87,-0.36,-0.46,-2.19,1.25,-0.47,3.05
105,1996,3.52,3.03,34.3,48.6,52,41.7,82.9,82.6,82.1,1.3,2.32,1.46,1.69,3.48,-1.88,0.44,1.55
105,1997,8.27,4.01,33.4,43.8,53,41.6,85,79.5,81.73,-0.85,-1.23,1.33,-0.25,-1.4,3.98,0.64,-0.71
105,1998,9.05,3.64,40.9,55.2,57.4,44,84,84.2,82.87,2.17,2.21,-0.57,1.27,0.81,-1.7,0.78,1.21
105,1999,6.51,3.38,42,52.1,49.4,39.4,88.1,81.2,83.87,1.06,-0.63,-0.56,-0.04,-1.9,0.01,-0.03,0.52
105,2000,4.11,2.74,37.6,53,52.6,45.8,81.7,84.1,81.8,0.67,0.84,-0.43,0.36,0.71,-1.3,0.48,-3.76
105,2001,5.72,5.2,42.4,52.4,51.3,42.6,85.3,83.7,82.7,0.28,0.47,0.98,0.58,0.65,1.68,1.06,-1.14
105,2002,6.63,3.42,40.1,45.9,54.4,40.1,87.5,83.7,85.1,-0.06,-0.52,-0.15,-0.24,-1.41,0.96,-0.21,2.58
105,2003,3.25,2.25,39.2,48.2,51.4,40,83.8,85.2,82.5,0.21,1.32,0.83,0.79,3.41,-1.07,0.54,0.5
105,2004,5.4,5.79,39.6,53,53.8,42.1,81.8,78.1,79.77,0.4,0.32,1.57,0.76,-0.12,3.86,0.93,0.8
105,2005,8.09,6.26,41.2,47,57.2,43.4,86.9,84.5,86.1,-2.94,-2.84,-3.2,-2.99,-0.61,-1.96,-2,-2
105,2006,6.02,3.98,41.7,50.1,52.6,39.7,86,82.2,83.2,-3.47,0.33,0.68,-0.82,0.98,1.15,0.23,-3.34
105,2007,10.59,6.56,37.4,53.6,54.9,47.5,82.4,85.8,83.6,1.83,2.35,3.75,2.64,2.11,4.95,2.31,2.09
105,2008,10.14,5.85,40.1,45.1,54.9,41.2,83.7,82,82.9,2.91,3.13,2.17,2.74,1.56,-1.91,-0.18,3.32
105,2009,7.98,4.65,38.2,50.1,53.8,41.5,78.3,79.4,79.93,4.17,4.01,4.26,4.15,0.81,1.98,0.88,4.71
105,2010,4.82,5.84,43.9,52.1,54,41.4,87.1,87.3,85.97,3.34,-0.57,-0.97,0.6,-1.7,-1.37,0.18,2.38
105,2011,5.86,4.33,40,50.6,51.8,41.4,89,84.5,85.03,1.27,-0.42,-0.78,0.02,-1.26,-1.23,-0.73,1.3
105,2012,4,6.61,40.7,54.1,51.9,40.9,92.7,85.4,87.23,-2.87,-3.95,-3.5,-3.44,-4.12,0.12,-2.02,-2.44
105,2013,7.02,2.49,37.6,52.4,54.3,42.3,82,83.1,82.03,0.01,-0.72,-1.07,-0.59,-2.16,-1.27,-1.13,2.66
105,2014,5.55,3.67,38.4,51.2,52.1,42,79.9,82.5,81.87,0.61,1.17,2.36,1.38,1.85,3.95,2.55,-0.48
105,2015,3.54,2.89,39.6,54,58.3,43.6,82,80.9,81.07,2.98,3.68,3.76,3.47,3.02,1.36,3.58,0.96
105,2016,5.1,10.69,39.4,50.2,60,48,83.4,84.5,84.5,2.17,3.1,4.73,3.33,3.46,5.83,3.39,2.09
105,2017,7.22,3.72,43.5,49.1,54.6,48,84.5,80.1,82.97,3.02,3.14,3.15,3.1,1.28,1,1.03,3.07
105,2018,7.32,2.81,29.7,56.4,57.1,41.3,83.9,84.4,83.97,1.78,1.42,1.39,1.53,-0.53,0.36,0.83,0.99
105,2019,8.51,5.1,39,49.9,59.6,42.5,87.3,81.8,83.1,4.63,3.82,3.11,3.85,-0.99,-0.96,-0.36,4.84
105,2020,8.05,2.84,36.2,50,54.1,40.2,86.7,83.5,85.17,3.93,4.13,-0.81,2.42,1.8,-2.44,-0.49,4.69
105,2021,5.35,3.61,40.5,50.7,57.3,51.1,82.9,85.6,84.43,1.19,1.08,1.54,1.27,0.04,1.7,1.52,0.29
105,2022,6.56,2.79,37.8,54.3,55,39.8,83.5,83.4,84.07,-0.98,-0.36,-0.26,-0.53,1.55,0.18,-0.06,-0.38
105,2023,8.27,3.96,38.5,50.2,55.9,45.6,84.9,83.1,84.2,-2.06,0.5,1,-0.19,1.5,1.65,0.28,-1.45
105,2024,6.79,3.81,41.7,54,54.7,44,83.6,83.4,84.1,-0.53,-0.26,-0.11,-0.3,0.66,0.37,-0.06,-0.15
105,2025,5.01,5.11,40.7,49.2,53.7,46.1,87.2,82.5,84.87,-2.07,-1.28,-1.46,-1.6,1.72,-0.92,0.5,-2.57
107,1980,5.57,4.56,39,51.7,56.7,39.6,91,88,87.1,-3.36,-3.78,-2.53,-3.22,-2.29,2.57,0.16,-3.82
107,1981,4,3.18,46.8,47.6,54.2,42.6,83.8,81.2,82.67,1.58,3.6,5.25,3.48,6.56,6.06,4.87,1.01
107,1982,8.74,3.38,35.8,56.5,54.8,43.4,84.5,81,80.83,2.42,2.51,2.38,2.44,1.02,0.38,0.27,2.92
107,1983,4.34,12.82,37.6,48.4,54.6,45.5,91.4,92.1,89.07,-0.12,-0.99,-1.31,-0.81,-2.65,-1.27,-1.42,3.32
107,1984,7.02,8.05,41.6,48.4,53.5,48.5,84.3,87.1,85.73,-0.8,-0.73,-1.71,-1.08,-0.03,-3.15,-1.86,2.39
107,1985,8.37,6.97,45.4,52.4,55.9,46.2,85.1,80.9,82.03,0.34,0.34,1.58,0.75,0.09,3.84,1.65,-1.1
107,1986,3.08,10.3,43.5,53.5,58.1,46,87.7,81.8,84.83,0.04,0.93,0.43,0.47,2.69,-1.23,0.53,-2.06
107,1987,3.81,3.83,39.8,55.6,53.4,36.2,88.4,86.3,87.3,-2.58,-2.63,-2.39,-2.53,-0.94,-0.1,-0.81,-2.37
107,1988,5.46,8.64,38.8,50.6,54.8,36.5,91.1,90.1,89.77,-3.69,-4.66,-5.21,-4.52,-4.03,-3.11,-3.59,-2.76
107,1989,3.64,7.15,41.4,49.4,51.4,43.2,86.1,83.8,83.97,-0.72,0.11,0.28,-0.11,0.32,0.53,-0.43,0.75
107,1990,9.38,1.54,38.6,48.5,56.8,39.9,83.8,83.3,83.3,2.56,2.99,3.09,2.88,2.09,1.21,2.36,1.46
107,1991,4.4,9.25,45.3,58,55.2,44.8,87.4,85.9,86.93,1.57,1.01,1.6,1.39,-1.19,2.07,-0.74,2.9
107,1992,4.54,4.13,39.9,48.7,52.9,40.9,82.9,80.4,81.67,-2.06,2.81,2.02,0.92,8.42,-1.5,1.81,-1.74
107,1993,8.51,9.42,39.9,52.1,50.8,38.9,85.2,84.9,83.93,2.71,4.21,4.72,3.88,5.31,2.85,3.28,2.4
107,1994,3.52,4.2,40.6,48.6,51.8,44.6,85.4,82.7,84.6,2.93,2.4,2.51,2.61,-0.68,1.07,0.01,3.39
107,1995,7.2,7.66,38.1,49.8,50.1,40.8,87.6,89.9,87.13,-0.33,-0.8,-0.77,-0.63,-1.51,-0.16,-0.89,3.85
107,1996,4.3,3.24,35.3,51.2,51.4,42.2,83.9,84.7,83.73,0.78,0.97,-0.44,0.44,0.81,-1.31,-0.41,1.15
107,1997,8.15,4.05,35.4,46.6,54.3,42.9,85.8,80.9,82.47,-0.71,-1.21,0.73,-0.4,-1.72,2.19,-0.04,-0.57
107,1998,9.9,5.76,41.9,57.3,59,44.5,85,84.6,83.5,3.11,2.7,3.07,2.96,-0.26,1.92,1.95,1.91
107,1999,5.95,3.38,44,53,49.6,40.9,88.9,82.3,84.5,1.4,1.24,2.24,1.63,-0.04,3.39,1.46,1.18
107,2000,4.68,2.8,39.5,53.6,53.8,45.9,83.2,85.9,83.27,0.74,0.91,1.3,0.98,0.75,1.43,1.46,-1.93
107,2001,7.35,5.35,45,53.8,51.7,43.1,87.1,86.4,84.7,-1.27,-1.47,0.32,-0.81,-0.99,0.96,-0.13,-1.28
107,2002,7.23,3.93,41.7,48.2,55.3,41.4,89.3,84.5,86.37,1.75,2.1,3.48,2.44,1.6,4.78,1.86,2.24
107,2003,4.12,2.29,41.4,50.2,51.6,41.8,85.5,86.5,83.73,-0.03,1.53,1.33,0.94,4.6,-0.15,1.45,-1.14
107,2004,6.01,5.9,41.7,55.5,53.6,43.9,82.9,79.7,81.13,0.64,0.88,1.72,1.08,0.94,2.77,1.37,0.56
107,2005,9.08,6.87,43.3,48.2,57.3,44.1,87.9,86.3,87.07,-2.76,-3.14,-3.22,-3.04,-2,-1.21,-2.15,-1.88
107,2006,6.4,5.46,44.2,53.1,53,39.9,88,84,84.93,-3.08,0.52,0.55,-0.67,1.57,0.24,-0.01,-2.74
107,2007,7.79,6.81,39,56.4,55.8,47.7,83.6,89.4,85.57,-1.05,-1.16,-1.77,-1.33,-0.64,-2.19,-1.01,-1.1
107,2008,11.36,5.99,40.2,47.7,55.6,42.7,84.4,82.9,83.77,2.46,4.09,3.3,3.28,5.63,-1.11,2.21,1.97
107,2009,6.87,5.17,41.2,51.8,54.5,42,79.7,80.4,81.17,4.01,4.32,4.6,4.31,2.16,2.16,1.71,4.17
107,2010,5.94,7.59,45.8,53.6,55.5,41.7,87.5,87.8,86.5,5.12,4.8,4.32,4.75,0.62,0.05,2.02,3.7
107,2011,5.5,4.34,42.6,52,51.5,41.6,89.4,87.1,86.17,2.75,-0.46,-1.4,0.3,-1.39,-2.95,-0.93,2.49
107,2012,4,6.64,42.6,55.9,52,41.1,94,87.7,88.73,-4.17,-5.09,-5.33,-4.86,-4.04,-2.31,-3.13,-3.52
107,2013,7.8,3.78,39.7,53.7,55.1,42.6,82.7,83.8,82.83,-0.07,-0.07,-0.76,-0.3,-0.01,-2.09,-0.77,2.52
107,2014,6.52,3.37,41.4,53.5,52.8,44,80.5,83.1,82.17,0.7,0.91,2.07,1.23,0.85,3.76,2.24,-1.7
107,2015,4.42,3.7,42.2,55,58.1,43.9,83.4,83.4,82.73,3.26,3.63,2.92,3.27,2.12,-1.01,1.74,2.1
107,2016,5.65,11.54,41.9,51.9,60.6,49.3,84.6,84.9,85.37,1.01,2.18,3.27,2.15,3.82,3.96,2.02,1.76
107,2017,6.42,4.15,46.4,51.9,55.1,48.5,87.2,81.5,84.67,-0.95,-0.63,-0.98,-0.85,0.68,-1.26,-1.06,-0.09
107,2018,9.53,2.6,33.5,59.7,59.2,43.3,83.8,85,84.6,0.24,0.67,0.85,0.59,1.37,0.75,0.94,-0.82
107,2019,11.13,6.67,42.6,53.7,61.3,42.8,88.2,82.9,84.27,4.3,3.35,3.25,3.63,-1.52,0.72,-0.01,4.51
107,2020,9.96,3.29,38.9,51.6,54.1,40.2,87.2,84.2,85.77,-0.6,-0.54,-1.21,-0.78,-0.01,-2.16,-1.32,4.32
107,2021,9.7,3.38,41.9,51.6,57.5,51,83.5,86.2,85,0.81,1.41,1.71,1.31,2.07,1.33,1.67,0.3
107,2022,8.38,2.62,39.6,55.5,55,39.7,85,84.1,84.73,-0.86,-0.79,0.62,-0.34,-0.06,1.85,0.17,-0.48
107,2023,7.67,4.56,40,52.3,56.8,46,85.4,83.4,84.5,-1.78,-1.74,0.68,-0.95,-0.43,2.04,-0.28,-1.08
107,2024,6.77,3.93,43.4,56.2,54.9,42.1,83.9,83.8,84.4,-0.98,0.69,0.98,0.23,2.08,1.09,0.55,-0.53
107,2025,3.69,7.57,42.6,51.1,53.7,47.6,87.1,83.7,84.87,0.01,1.01,-0.37,0.22,2.99,-1.1,0.64,-0.14
109,1980,3.85,4.07,39.1,52,55.2,38.9,90.8,87.5,86.77,1.06,0.71,1.69,1.15,-0.74,3.17,1.87,-3.52
109,1981,2.92,3.62,45.7,48.5,53,41.6,83.6,81.9,82.73,3.07,4.36,4.35,3.93,4.83,1.32,2.86,2.51
109,1982,8,3.37,35.4,56.2,53.9,42.9,85.3,81.5,81.33,2.53,3.48,4.06,3.36,3.63,2.8,2.16,2.8
109,1983,3.8,10.72,37,47.8,53.7,44.3,92.3,92.3,89.5,-0.85,-1.81,-2.8,-1.82,-3.15,-3.54,-2.9,-0.19
109,1984,5.85,8.42,40.5,47.8,51.9,46.1,84.3,86.6,85.1,1.98,2.34,1.56,1.96,1.68,-1.62,0.1,2.12
109,1985,11.72,6.6,44.8,53,55.7,44.6,86,79.9,81.77,2.05,1.93,2.16,2.05,0.27,1.29,-0.07,2.95
109,1986,3.01,12.55,42.8,53.2,58.6,44.6,87.2,79.6,83.53,1.63,2.36,1.97,1.99,2.69,-0.44,0.88,1.67
109,1987,4.21,2.82,41.3,55.2,53.5,35.8,90.3,85.6,87.53,-2.54,-3.36,-2.63,-2.84,-3.25,1.14,-1.33,-2.13
109,1988,4.92,6.55,38.6,51.6,54.8,37,91.2,90.6,89.83,-3.71,-4.56,-4.71,-4.33,-3.69,-1.85,-2.92,-2.94
109,1989,2.7,5.22,39.9,47.9,51.8,43.2,87.4,84.6,84.43,-4.87,-4.81,-4.33,-4.67,-1.33,-0.03,-0.98,-4.84
109,1990,8.17,1.38,39.2,48.4,56.7,39.9,83.8,83.2,82.97,2.82,3.12,3.28,3.07,1.77,1.43,2.74,1.28
109,1991,4.76,7.06,44.6,57.5,54.1,42.4,86.6,85,85.77,-1.26,-1.94,-2.4,-1.87,-2.44,-1.97,-2.73,0.73
109,1992,4.32,5.06,38.9,49.3,52.2,41.1,82,78.9,80.67,-2.2,1.3,0.43,-0.16,3.9,-2.19,-0.34,-1.44
109,1993,7.18,9.63,38.7,52.9,50.4,39.9,83.7,84.5,82.93,2.9,5.5,5.66,4.69,8.67,2.19,4.17,2.63
109,1994,3.75,3.23,40.4,49.1,53.7,45.9,83.9,82.1,83.53,-0.5,-0.69,-0.46,-0.55,-0.74,0.49,-0.32,-0.3
109,1995,5.01,7.67,37.1,49.5,50.9,42,86.4,88.1,85.4,-0.52,-0.52,-0.4,-0.48,-0.16,0.22,-0.5,3.25
109,1996,4.7,2.69,35.4,51.3,52.3,42.9,83.2,83.2,82.47,1.7,2.26,-0.02,1.31,2.2,-0.06,0.76,1.85
109,1997,9.27,1.98,36.6,45.9,55,42.7,85.7,81.4,82.77,0.35,-0.52,0.65,0.16,-1.55,1.96,0.19,0.32
109,1998,10.2,4.3,42.4,57.2,59.7,44.9,85.6,85.4,83.73,3.04,2.32,1.69,2.35,-1.21,-1.17,0.39,2.07
109,1999,5.52,4.6,44.1,53.6,50.3,41,89,82.8,84.57,-0.48,-0.31,-0.41,-0.4,0.36,-0.39,-0.41,-0.09
109,2000,5.43,3.05,40,53.4,54.3,46,83,85.4,82.5,1.18,1.33,-0.59,0.64,0.82,-1.77,0.87,-2.32
109,2001,8.12,4.4,44.2,53.7,52.2,42.1,86.9,85.4,83.77,1.67,1.24,1.75,1.55,-0.77,1.9,0.68,1.52
109,2002,4.81,3.33,40.6,47.6,55.5,40.3,88.2,84,85.43,2.99,2.6,3.13,2.91,-0.25,2.4,0.95,3.08
109,2003,3.31,1.89,40.8,49.6,50.8,41.6,84.7,86.8,83.63,0.04,0.8,0.48,0.44,2.29,-0.71,0.57,-2.12
109,2004,3.69,7.21,41.1,53.8,54.9,44.1,81.9,79.4,80.2,-1.41,0.02,0.98,-0.14,0.06,2.9,0.61,-1.16
109,2005,6.29,5.37,43.9,49.2,58,43.9,88.4,86.4,87.13,-1.93,-2.39,-2.65,-2.32,-1.98,-1.52,-2.09,-1.12
109,2006,7.52,2.81,43.8,51.9,52.1,39,88.9,84.6,85.37,-3.24,-3.28,-3.3,-3.27,-1.11,-1.07,-0.99,-3.32
109,2007,7.59,6.04,38.1,56,55,46.8,84.4,89.1,85.63,-1.09,-1.35,-1.72,-1.39,-1.11,-1.51,-0.58,-1.55
109,2008,8.42,4.14,39.8,46.8,55.3,41.4,84,81.9,82.67,1.49,1.71,1.63,1.61,1.12,0.3,1.31,0.72
109,2009,8.59,4.41,39.7,51,55,40,79.4,80.1,80.73,3.87,3.75,4.87,4.16,0.84,4.52,2.14,3.93
109,2010,6.16,6.8,46.1,52.3,55,42.8,86.6,86.5,85.97,6.25,7.04,7.28,6.86,4.31,2.9,4.15,5.02
109,2011,4.33,1.97,40.6,50,51.2,42.3,89.9,86.7,85.8,4.82,-0.35,-1.49,0.99,-1.06,-3.51,0.3,3.33
109,2012,3.12,8.86,41.1,54.9,51.5,40.5,93.1,86.2,87.67,-2.82,-3.71,-3.93,-3.49,-3.55,-1.81,-2.42,-2.44
109,2013,7.44,2.83,37.4,52.2,55.8,42.3,83.3,84,82.7,-0.1,-0.25,-1.4,-0.58,-0.49,-3.53,-1.44,4.09
109,2014,5.71,3.39,39,52.3,53,43,79.5,81.5,81.07,0.84,1.14,2.11,1.36,1.17,3.26,2.31,-1.72
109,2015,3.44,2.2,41.9,54.1,59.4,44,82.8,81,81.37,3.23,4.6,4.44,4.09,5.1,0.94,4.32,1.03
109,2016,3.06,12.64,41.3,51.3,59.8,48.9,83.6,83.8,84.67,-1.89,0.66,1.54,0.1,1.98,2.86,0.55,-0.92
109,2017,5.32,3.16,44.6,50.8,55.9,47.7,86.9,80.4,83.9,-0.83,-0.74,-0.44,-0.67,0.03,0.67,-0.6,0.92
109,2018,9.42,2.24,32.1,59.2,59,42.6,85.1,85.2,85.13,-1.23,-1.53,1.13,-0.54,-1.28,3.39,0.51,-1.15
109,2019,9.51,4.94,40.7,51.7,61.6,41.3,87.6,82.1,83.4,5.85,4.71,4.32,4.96,-1.62,0.31,0.2,5.81
109,2020,6.46,3.11,37.8,50.8,54.4,40.6,85.4,83.4,84.13,3.36,3.82,2.59,3.26,2.39,-2.51,-0.01,3.72
109,2021,7.41,3.83,40.6,51,57.6,50.3,82.8,84.8,83.53,2.5,2.64,2.24,2.46,1.19,-0.36,0.64,2.38
109,2022,6.82,0.99,37.6,54.6,56.2,39.7,83.8,83.2,83.47,-0.39,-0.6,-1.34,-0.78,-0.76,-2.39,-1.44,1.02
109,2023,8.25,3.44,39.6,51.8,56.8,45.5,85.2,83.1,84.03,-1.68,-1.78,-1.34,-1.6,-0.81,0.77,-0.86,-0.94
109,2024,5.91,4.13,42.4,55.1,56.2,45,82.7,82.9,83.67,-1.73,-0.59,-0.78,-1.03,2.87,-0.76,-0.13,-1
109,2025,3.33,5.72,41.9,49.7,55.8,48.6,86.1,82.7,84.07,-0.04,1.54,-0.75,0.25,4.63,-2.24,0.76,-2.45
111,1980,2.6,4.84,36.3,47.5,52.4,36.2,83.9,80.6,80.3,0.53,0.96,1.57,1.02,1.44,2.12,1.72,-1.16
111,1981,2.74,3.97,39.2,43.3,50.2,37.2,80.1,79,79.43,-0.4,-0.66,1.37,0.1,-0.92,4.12,1.34,-0.75
111,1982,5.86,2.6,31.9,52.6,51.1,40.4,82.4,77.7,78.03,0.92,2.19,1.95,1.69,4.11,-0.05,1.14,1.26
111,1983,5.16,9.86,34.8,43.7,51.2,42.3,87,86,84.37,2.4,2.23,1.81,2.15,0.24,-0.58,-0.81,3.45
111,1984,4.59,7.07,37,44.3,50.1,43.3,81.8,84.5,82.37,-0.36,-0.57,-1.32,-0.75,-0.74,-2.43,-1.42,2
111,1985,6.85,6.2,42.3,49.1,53.6,41.2,84,78,79.73,-1.62,-1.44,-1.25,-1.44,0.03,0.14,-0.51,-1.18
111,1986,4.3,8.46,39.5,48.4,53.8,41.1,83.6,77.2,79.7,1.24,1.61,1.42,1.42,1.5,-0.09,0.68,1.15
111,1987,3.26,1.76,37.4,49.6,51,34.2,85.3,79.4,83.03,-1.47,0.09,2.3,0.31,0.28,6.67,1.55,-0.79
111,1988,5.12,6.87,35.3,46.4,52.1,34.2,88.6,86.8,87.27,-2.59,-3.37,-3.73,-3.23,-3.14,-2.14,-3.09,-1.4
111,1989,2.87,5.96,34.5,45.6,48.8,39.6,83.4,79.7,80.43,-3.67,0.72,1.14,-0.6,2.15,1.5,0.87,-3.7
111,1990,6.88,2.04,37.7,43.8,53.4,37.4,80.8,79.5,79.73,2.12,2.16,2.64,2.31,0.78,2.13,1.79,1.44
111,1991,5.91,6.03,39.5,53.4,49.6,40.5,85.8,83.8,84.43,-0.97,-1.89,-2.51,-1.79,-3.06,-2.44,-2.8,2.11
111,1992,4.88,5.57,34.7,44.2,50.1,37.4,76.9,75.6,76.73,-1.92,0.91,0.96,-0.02,2.72,0.43,0.12,-1.11
111,1993,6.21,7.95,34.1,47.6,48.4,37.3,81.7,81.7,79.87,4.98,4.99,4.2,4.72,1.57,-0.84,2.62,2.91
111,1994,5.71,2.78,37.2,44.3,54,42,81.6,77.3,80.6,-1.74,-1.78,-0.95,-1.49,-0.66,1.95,0.43,-1.94
111,1995,4.38,6.51,33.2,45.9,48.3,40.6,85.6,85.6,84.57,-1.11,-1.51,-1.49,-1.37,-1.54,-0.41,-1.76,1.24
111,1996,3.04,4.33,31.7,44.2,51.1,38.5,80,81.6,79.8,2.3,2.43,2.17,2.3,1.09,-0.02,0.64,2.25
111,1997,6.64,3.03,32.8,41,51.5,41,83.1,77.7,80.13,-0.13,-0.67,-0.44,-0.41,-1.66,0.49,-0.48,-0.04
111,1998,6.74,2.81,38.3,52,54.5,42.9,83.3,82.6,81.57,1.61,-0.53,-0.43,0.22,-1.59,0.14,0.17,1.06
111,1999,5.7,3.26,38.7,49.1,48.3,37.9,87.5,79,82.27,2.13,-0.45,-0.71,0.32,-1.36,-0.92,0.33,1.16
111,2000,4.13,2.51,35.2,49.8,52.2,43.6,80,80.6,79.2,2.5,2.65,2.25,2.47,1.23,-0.38,1.66,1.25
111,2001,4.89,5,39.5,48.8,50.2,41.1,85,82.8,81.73,-0.52,-1.12,0.05,-0.53,-1.98,0.15,-0.68,-0.5
111,2002,4.03,2.71,37.8,43.1,53.3,39.6,86.9,82.9,83.47,-0.14,-1.27,1.06,-0.12,-3.44,3.19,0,-0.25
111,2003,1.95,1.57,34.1,45.2,50.3,37.4,81.9,83.6,80.57,-1.43,-0.62,-1.32,-1.12,1.97,-2.28,-0.68,-0.95
111,2004,6.16,7.49,36.7,47.3,52.7,41.6,79.8,75.6,77.3,2.2,-0.25,-0.08,0.62,-0.75,0.44,0.24,2.07
111,2005,6.5,4.38,38.2,44.8,56.1,42.4,84.6,83.1,84.1,-2.54,-3.24,-3.31,-3.03,-2.88,-1.23,-2.61,-1.45
111,2006,7.01,4.15,40,47.9,50.8,37.1,84.2,81.3,80.97,0.51,0.56,0.52,0.53,0.29,0.07,0.15,0.54
111,2007,6.13,5.25,35.2,50,52.8,46.4,81.6,81.8,81.3,0.97,1.55,4.33,2.28,2.04,8.82,3.82,0.86
111,2008,7.73,3.79,38,42.2,53.8,39.5,82.1,80.4,80.77,3.34,4.02,3.18,3.51,3.08,-1.29,1.16,3.09
111,2009,7.73,6.12,35,47.1,51.8,38.8,76.6,77.5,77.23,4.86,4.01,4.3,4.39,-1.05,2.11,1.13,4.55
111,2010,3.35,5.45,41,49.8,52.1,39.1,85.3,83.9,82.97,2.98,4.11,-0.25,2.28,4.33,-0.76,2.12,2.28
111,2011,6.52,2.55,36.1,47,50.8,40.2,87,81.5,82.37,1.46,2.41,2.29,2.05,3.29,0.39,0.89,2
111,2012,5.55,5.88,37,50,48.6,37.8,90.8,82.5,85.17,-1.88,-2.56,-3.15,-2.53,-2.64,-2.54,-2.82,-0.87
111,2013,8.54,3.31,34.7,48.1,51.6,39.2,81.4,81,79.87,3.83,3,2.41,3.08,-1.32,-0.84,0.84,2.54
111,2014,4.75,4.43,33.5,47,49.7,39.8,78.2,80.5,79.13,1.91,1.79,2.45,2.05,0.24,2.54,1.98,0.95
111,2015,3.16,2.33,36.5,48.8,57,42.1,81.2,79.5,79.2,1.55,1.93,1.76,1.75,1.62,0.09,1.4,0.8
111,2016,4.29,10.69,35.5,46.5,57.6,45,84.2,83.3,83,-0.92,-0.43,-0.43,-0.59,1.2,-0.12,-0.12,-0.5
111,2017,7.79,4.54,40.3,44.2,53.5,45.4,81.7,79.2,80.7,2.62,4.35,3.69,3.55,5.98,-0.63,2.76,1.83
111,2018,5.65,1.96,27.6,51.8,55,40,82.6,82.3,81.17,3.31,2.32,2.56,2.73,-1.95,1.45,1.33,2.02
111,2019,7.41,4.17,36.4,45.9,57.9,40.4,85.9,80.2,81.1,4.37,4.11,3.78,4.09,0.58,0.28,0.2,4.97
111,2020,7.03,3.82,34.1,47,51.6,36.9,87.1,84.3,84.97,0,-0.37,-0.85,-0.41,-1.1,-1.57,-0.89,5.36
111,2021,3.98,4.07,37.9,46.4,54.1,48,83.2,86.2,84.67,-2.61,-3.05,-2.55,-2.74,-2.13,0.56,-1.05,-2.32
111,2022,4.55,2.95,34.7,51,54.1,37.9,83.8,81.4,82.33,0.23,1.2,1.37,0.93,3,0.88,0.77,0.84
111,2023,8.35,3.3,35.9,45.1,55.7,43.3,83.5,81.9,82.03,-1.64,-1.16,-1.64,-1.48,0.94,-1.8,-1.09,-0.94
111,2024,7.28,3.73,38.9,49.9,53.4,42,82.1,82.4,82.43,1.66,2.57,-0.08,1.38,3.22,-0.23,1.63,1.16
111,2025,4.49,4.19,36.8,45.2,53.5,44.6,85.3,81.2,82.97,-2.09,0.94,1.26,0.04,2.81,1.26,1.19,-2.15
113,1980,5.35,3.92,37.1,50.3,55,37.5,89.8,87.4,86.07,-1.7,-2.37,-1.59,-1.89,-2.52,1.6,0.55,-2.85
113,1981,3.5,2.96,44,45.8,52.3,40.5,82.9,80.2,81.93,2.06,3.76,5.58,3.8,5.72,6.61,4.86,1.47
113,1982,8.21,3.24,33.8,55,53.2,42.2,83.9,80.4,80.47,2.9,2.95,3.05,2.97,1.05,1.23,0.79,3.19
113,1983,4.53,12.17,36.6,47.1,52.7,44,90.3,89.8,87.7,-0.05,-1.02,-1.45,-0.84,-2.9,-1.61,-1.56,3.3
113,1984,6.85,8.25,39.4,46.6,51.8,47.1,83.4,86,84.97,-0.75,-0.75,-1.83,-1.11,-0.24,-3.47,-1.98,2.24
113,1985,9.68,6.82,44.5,51.8,54.5,44.6,83.5,79.6,81,0.15,0.56,1.14,0.62,1.28,1.91,1.22,-1.21
113,1986,3.31,11.56,41,51.7,56.9,43.9,86.6,81,83.87,0.2,0.74,0.17,0.37,1.69,-1.5,0.25,0.01
113,1987,3.51,4.41,39,54.4,52.5,34.4,86.9,84.6,85.77,-2.44,-2.72,-2.5,-2.55,-1.59,-0.2,-0.96,-2.31
113,1988,5.5,8.52,36.9,49.2,52.8,35.5,90.5,90,89.43,-3.94,-5,-5.67,-4.87,-4.4,-3.56,-3.98,-2.91
113,1989,3.23,6.83,38.2,46.8,49.6,41.1,85,82.6,83.13,-4.12,0.13,0.11,-1.29,0.38,-0.02,-0.55,-3.84
113,1990,11.07,2.52,37.7,47.8,55.1,38.9,82.8,82.5,82.63,2.85,3.26,3.23,3.11,2.12,0.93,2.14,1.92
113,1991,4.76,10.12,43.6,57.2,53.2,43.6,87.9,86.2,87.17,-1.46,-2.34,-2.73,-2.18,-3.08,-1.91,-2.69,-0.48
113,1992,4.62,5.73,38.1,47.4,51.7,40,81.4,79,80.5,-2.49,2.63,2.09,0.74,7.89,-0.81,1.69,-2.03
113,1993,8.79,9.05,38,50.9,50.1,38.8,84.3,84,83,3.35,4.27,5.31,4.31,3.8,4.44,3.82,2.54
113,1994,4.05,4.89,39.6,47,52.7,43.7,84.2,80.6,83.43,-1.5,-1.91,-1.67,-1.69,-1.72,0.15,-1.36,-0.73
113,1995,6.87,6.99,36.9,48.5,49.2,41.5,86.9,88.7,86.57,-0.38,-0.91,-0.09,-0.46,-1.7,2.16,-0.22,2.35
113,1996,3.72,2.98,34,49.3,51.8,41.6,83.2,82.8,82.3,0.89,1.23,-0.73,0.46,1.28,-2.18,-0.57,1.29
113,1997,8.17,4.59,34.4,44.8,53.4,41.9,84.9,79.5,81.5,-0.85,-1.12,1.1,-0.29,-1.06,3.29,0.49,-0.66
113,1998,10.17,3.69,41,55.7,57.4,43.5,84.2,84,82.83,2.56,-0.26,-0.41,0.63,-0.77,-0.54,0.6,1.71
113,1999,6.36,2.97,41.9,52,49.5,39.7,88,81.6,83.87,1.2,-0.27,0.28,0.4,-0.8,0.84,0.79,0.47
113,2000,4.75,2.95,38.1,52.7,52.7,45.3,81.8,84.7,82.07,0.6,-0.11,-0.31,0.06,-0.34,-0.63,0.17,0.12
113,2001,6.54,5.48,43.1,52.5,51,42.6,85.6,84.5,83.27,-0.72,-0.72,-0.58,-0.67,-0.24,0.22,-0.02,-0.78
113,2002,7.2,4.14,40.7,46.3,54.6,40,87.7,83.3,85,1.55,1.49,2.47,1.84,0.3,3.4,1.09,1.89
113,2003,3.81,2.37,40,48.7,51.2,40.4,84.2,85.4,82.67,0.28,1.85,1.56,1.23,4.79,-0.28,1.65,0.15
113,2004,6.19,6.2,40.1,54.2,53.1,42.3,82,78.5,80.03,0.56,0.76,1.46,0.93,0.78,2.35,0.92,0.76
113,2005,8.74,6.33,41.4,47.2,57.1,43.2,87,85.2,86.4,-2.8,-2.73,-3.07,-2.87,-0.66,-1.85,-1.94,-1.89
113,2006,6.12,4.62,42.6,51,52,39.4,86.6,82.4,83.73,-3.12,0.23,0.8,-0.7,0.69,1.78,0.23,-2.82
113,2007,9.94,6.63,37.9,54.7,54.3,47.5,82.9,87.3,84.43,-1.03,-0.97,-1.26,-1.09,-0.15,-1.16,-0.52,-1.05
113,2008,10.19,6.67,40.3,46,54.7,41.5,84,82.4,83.23,1.7,2.27,1.58,1.85,2.23,-1.36,0.45,1.72
113,2009,7.03,5.23,39.6,51.2,53.3,41.5,78.5,79.8,80.33,3.53,3.49,4.22,3.75,0.97,3.26,1.74,3.57
113,2010,5.3,6.76,44.2,52.6,54.2,41.8,87.3,88,86.4,3.69,-0.33,-0.94,0.81,-0.99,-1.93,0.2,2.81
113,2011,5.94,4.76,39.9,50.2,51.4,40.9,89,85.4,85.4,1.17,-0.29,-0.97,-0.03,-0.87,-2.12,-0.81,1.1
113,2012,3.67,6.96,41.4,54.6,52,41.1,94.2,86.4,88.4,-4.02,-5.06,0.06,-3.01,-4.37,0.17,-2.27,-3.51
113,2013,7.3,2.96,38.5,53.1,54.7,42.7,82.9,83.8,82.77,-0.03,-0.53,-1.29,-0.62,-1.51,-2.44,-1.34,2.11
113,2014,5.85,4.04,39.1,51.8,52,42.6,80.1,83,82.03,0.67,1.48,1.78,1.31,2.63,1.37,2,-1.94
113,2015,3.65,3.08,40.6,54.1,58.1,43.5,82.6,82,81.83,2.27,3.28,3.05,2.87,3.71,0.34,3.05,0.64
113,2016,5.16,11.56,40.3,50.5,60.1,48.2,84.3,85,85.2,1.55,2.7,3.94,2.73,3.93,4.53,2.62,1.96
113,2017,6.55,4.22,44.4,49.9,54.8,48.2,85.8,80.8,83.77,-0.34,-0.4,-0.12,-0.29,-0.3,0.72,-0.11,-0.1
113,2018,7.85,3.06,31,58,57.7,42.3,84,84.8,84.33,-0.45,-0.56,-0.63,-0.55,-0.46,-0.39,0.09,-0.91
113,2019,9.9,5.51,40.8,51.9,59.9,42.8,87.6,82.1,83.47,3.3,2.66,2.58,2.85,-0.9,0.58,-0.13,3.71
113,2020,8.43,3.01,37.3,50.7,53.5,40.3,87,83.2,85.2,2.48,2.92,-0.84,1.52,2.09,-2.52,-0.67,3.35
113,2021,7.44,3.56,41,50.7,57.3,51.2,83.3,85.4,84.43,1.14,1.26,1.72,1.37,0.7,1.77,1.53,0.49
113,2022,7.1,3.25,38.4,54.6,55,39.6,84.8,84.1,84.97,-1.03,-1.31,-1.24,-1.19,-1.15,-0.19,-0.97,-0.57
113,2023,8.27,4.69,38.9,50.7,56,45.8,85.3,83.3,84.33,-2.45,-2.43,-2.11,-2.33,-0.7,0.23,-0.89,-1.92
113,2024,5.79,3.82,42.4,54.7,54.3,43.3,83.4,83.4,83.97,-2.16,-1.85,-1.4,-1.8,0.26,0.77,-0.16,-1.84
113,2025,4.06,6.43,41.2,49.7,53.6,46.9,87.3,83.3,85.03,-2.87,-1.87,-2.27,-2.34,2.12,-1.78,0.08,-3.17
115,1980,6.02,3.89,39,52,56.6,39.3,90.9,88.1,87.17,-3.17,-3.54,-2.82,-3.18,-2.09,1.08,-0.56,-3.29
115,1981,3.98,2.65,47.1,47.7,53.8,42.8,83.6,81.1,82.63,1.41,2.58,4.53,2.84,3.95,6.65,3.87,1.2
115,1982,9.37,3.94,36.2,56.4,54.7,43.6,84.5,81.1,80.87,2.39,2.4,2.81,2.53,0.75,1.98,0.99,2.57
115,1983,4.28,10.05,38.4,49.2,54.7,45.4,90.5,91.8,88.8,-0.03,-0.76,-1.51,-0.77,-2.2,-2.49,-1.6,2.98
115,1984,7.62,9.18,41.8,48.3,53.6,49.2,84.9,87.5,86.3,-1.01,-1.14,-2.04,-1.4,-0.71,-3.05,-2.26,2.56
115,1985,9.78,7.33,45.8,52.7,55.6,46.6,85,80.4,81.8,0.25,0.33,1.53,0.7,0.32,3.67,1.58,-1.08
115,1986,3.09,11.49,43.2,53.8,57.6,45.3,87.8,81.7,84.8,-1.71,0.98,0.58,-0.05,2.95,-0.92,0.53,-1.74
115,1987,3.6,3.93,40.4,56,53.8,36.2,86.9,85,86.17,-2.41,-1.67,-1.69,-1.92,1.49,-0.59,0.05,-2.41
115,1988,6.11,9.06,40,50.6,54.6,36,90.7,90.5,89.73,-3.1,-3.68,-4.35,-3.71,-2.71,-3.15,-3,-2.28
115,1989,4.84,8.38,41.6,49.4,51.2,43.7,85.8,83.8,84.1,-1.95,-2.27,-2,-2.07,-1.56,0.09,-0.98,-1.63
115,1990,9.41,1.69,39,49.8,57.1,40.8,83.7,82.6,82.8,2.18,2.23,2.09,2.17,0.8,0.29,1.29,1.4
115,1991,5.96,10.64,46.2,59.4,55.3,45.5,87.5,86.2,86.93,-1.39,-1.83,-1.56,-1.59,-1.73,0.22,-1.48,-0.47
115,1992,4.84,4.6,40.6,49.3,53.3,42.2,82.3,80,81.1,-2.25,3.02,2.34,1.04,9.06,-1.12,2.32,-2.14
115,1993,8.05,10.68,40.4,52.9,51.4,40.3,85.5,84.6,83.87,1.99,2.78,3.03,2.6,2.98,1.62,1.6,2.14
115,1994,3.78,5,41,47.9,52.2,45.2,84.9,82,84.1,2.33,1.88,2.02,2.08,-0.65,1.01,0.02,2.71
115,1995,6.84,7.49,38.7,50.1,50.4,41.5,87.4,89.9,86.9,-0.59,-1.14,-1.42,-1.05,-1.86,-1.19,-1.6,2.7
115,1996,5.14,3.79,37.1,52.6,52.6,42.8,83.9,84.9,83.63,-0.25,-0.34,-0.62,-0.4,-0.34,-0.94,-0.68,1.85
115,1997,9.2,5.23,36,46.6,54.8,42.8,86.2,80.9,82.43,-0.79,-1.23,0.54,-0.49,-1.56,1.63,-0.29,-0.53
115,1998,9.82,4.54,42.7,57.3,60.3,45.7,84.1,84.1,83.2,2.17,1.94,2.04,2.05,-0.02,0.9,1.64,0.92
115,1999,6.1,3.03,44.4,53.4,50.7,41.6,89,83.5,84.83,0.98,0.58,0.9,0.82,-0.89,1.14,0.85,0.24
115,2000,4.6,2.83,39.4,54,53.7,46.3,82.9,84.9,82.8,0.48,0.68,1.01,0.72,0.74,1.22,1.13,-3.06
115,2001,6.41,4.7,45.5,53.7,52.2,43.5,86.6,86.2,84.33,0.25,0.07,0.65,0.32,-0.46,1.75,0.68,-1.18
115,2002,7.96,4.56,42.7,48.4,57.6,42.2,89.5,85.1,86.53,-0.29,-0.68,-0.79,-0.59,-1.25,-0.53,-0.89,3.83
115,2003,4.14,2.77,41,50.6,52.5,42.8,85.5,85.9,83.53,0.21,0.7,0.64,0.52,1.54,0.03,0.36,0.42
115,2004,7.42,6.85,41.4,55.3,56.1,45.6,82.2,79.7,80.77,0.27,0.57,1.83,0.89,0.98,3.95,1.66,0.29
115,2005,10,6.99,43.5,48.4,59.1,44.9,86.5,85.6,85.97,-2.04,-2.16,-2.4,-2.2,-0.99,-1.4,-1.36,-1.65
115,2006,6.5,4.82,43.7,52,52.4,40,87.6,84,84.73,-1.9,0.25,0.41,-0.41,0.75,0.57,-0.19,-1.41
115,2007,7.39,7.05,39.2,57.1,57.9,48.4,83.6,89.6,85.97,-1.34,-1.69,-2.21,-1.75,-1.46,-2.1,-1.15,-1.53
115,2008,11.62,5.63,41,47.9,56,42.9,84.6,82.7,84.07,2.29,3.64,2.9,2.94,4.76,-1.08,1.99,1.69
115,2009,5.9,5.96,42,52.1,55.7,41.2,79.8,80.8,81.6,3.88,3.73,3.5,3.7,0.75,0.47,0.68,4.02
115,2010,5.56,8.85,46.2,53.9,55.4,42.6,87.3,88.2,86.73,3.9,4.08,3.6,3.86,1.74,-0.19,2.07,2.62
115,2011,5.81,4.97,43.1,52.5,52.6,42.8,89.8,87.4,86.53,3.07,-0.79,-1.87,0.14,-2.36,-3.49,-1.32,2.72
115,2012,4.19,7.05,42.2,56.2,53.1,41.8,94.3,87.6,89.03,-4.37,-5.42,-5.36,-5.05,-4.52,-1.48,-3.03,-3.73
115,2013,6.86,3.47,39.5,53.8,56.4,43.3,81.9,83.7,82.4,2.03,0.04,-0.83,0.41,0.11,-2.5,-0.62,2.07
115,2014,5.96,3.52,41.5,53.5,52.8,43.4,80.2,82.4,81.67,0.96,0.98,1.79,1.24,0.34,2.73,1.99,-0.36
115,2015,3.87,3.84,42.7,55,58.5,44.4,82.9,83,82.3,1.05,1.38,1.14,1.19,1.33,-0.31,0.98,0.45
115,2016,5.19,13.02,41.6,51.4,60.3,49.7,84.5,84.8,85.23,-1.14,0.62,1.11,0.2,1.85,1.68,0.59,-0.61
115,2017,5.47,4.54,46.2,52,56.4,48.1,87.3,81.8,84.67,-0.81,-0.71,-0.96,-0.83,0.05,-0.96,-1.12,1.07
115,2018,9.36,2.11,34.1,60.5,59.9,43.5,83.7,84.2,84.57,0.34,1,0.89,0.74,2.08,-0.01,1.03,-0.96
115,2019,10,6.77,42.6,53.7,61.5,43.4,87.8,83,84.17,3.07,2.26,2.95,2.76,-1.46,2.75,0.74,3.07
115,2020,11.14,3.65,38.6,51.2,55,40.6,86.8,83.4,85.2,3.63,3.61,-0.7,2.18,1.06,-2.09,-0.46,4.17
115,2021,9.48,3.48,41.8,51.1,58,50.7,83.5,86.4,85,1.15,1.37,1.17,1.23,1.01,-0.18,0.9,0.59
115,2022,9.05,3.21,39.2,55.3,56.2,40.9,85.7,83.8,85.23,-1.06,-1.14,1.37,-0.28,-0.56,4.1,0.37,-0.28
115,2023,8.34,4.07,40.6,52.6,57.6,45.9,85.7,83.5,84.6,-1.97,-1.9,-1.51,-1.79,-0.41,0.6,-0.69,-1.35
115,2024,7.58,3.98,43.8,56.8,56,43.8,83.8,84.1,84.43,-0.92,1.33,1.32,0.58,4,0.39,0.72,-0.2
115,2025,3.4,8.48,42.6,51.8,55.5,47.7,87.4,84,85.1,-1.09,0.92,-0.55,-0.24,2.75,-1.64,0.13,-0.94
117,1980,5.95,4.23,40.8,52.6,56.8,40.3,92.3,90.8,89.27,-2.95,-3.01,-3.01,-2.99,-1.09,-0.94,-1.02,-2.91
117,1981,4.49,1.78,48.9,48.9,54.3,43.3,85.9,83.1,84.37,1.32,3.31,3.53,2.72,6.39,1.68,3.22,0.88
117,1982,9.52,3.9,38,57.6,55.3,43.4,86.4,82.7,82.57,1.94,2.45,2.77,2.39,2.12,1.72,1.72,1.68
117,1983,5.19,10.65,39.9,50.2,55,46,92.2,93.7,90.03,-0.08,-0.87,-1.82,-0.92,-2.41,-3.12,-1.92,3.78
117,1984,8.26,10.98,43.6,49.6,53.5,49.5,86.7,88.8,87.33,2.22,1.46,0.57,1.42,-1.59,-2.22,-1.88,3.16
117,1985,10.8,7.71,46.7,54.1,56.5,47.8,86.1,80.9,82.17,2.49,2.49,3.26,2.75,0.76,3.08,1.86,2.14
117,1986,3.33,12.9,45.5,54.9,59.5,46.6,88.8,82.6,85.83,-2.5,0.7,0.21,-0.53,2.1,-1.27,-0.05,-2.43
117,1987,4.37,3.51,41.2,57.3,55.2,38.4,88.5,87.3,87.7,-2.62,-2.62,-2.39,-2.54,-0.83,-0.1,-1.11,-2.03
117,1988,8.75,10.24,40.1,50.9,56,38.9,89.3,90.2,88.97,-2.4,-2.57,-2.84,-2.6,-1.26,-1.62,-1.92,-1.61
117,1989,6.32,9.47,42.1,48.7,53.2,46,86.1,84,84.07,-1.71,-1.81,-1.64,-1.72,-0.83,-0.06,-0.96,-1.16
117,1990,8.54,1.61,40.6,50.6,58.4,41.7,85.8,83.6,84.2,1.84,1.72,1.47,1.68,0.23,-0.22,0.29,1.72
117,1991,5.8,10.25,47.2,59.8,56.7,46,87.2,87,86.77,-1.08,-1.13,-1.36,-1.19,-0.49,-1.04,-1.14,-0.49
117,1992,5.97,5.18,42,50.7,54,42.8,84.9,80.6,82.2,-1.93,-1.24,-1.31,-1.49,1.47,-0.58,-0.49,-1.28
117,1993,9.11,10.9,41.1,53.5,53.3,41.8,86.6,86,84.93,2.13,2.9,3.36,2.8,2.97,2.27,2.14,1.93
117,1994,4.13,5.6,42.6,49.2,54.2,46.5,85.2,84,85.03,-0.89,-1.09,-1.21,-1.06,-0.89,-0.7,-0.93,-0.54
117,1995,8.33,7.28,40.5,51.6,52.3,44.3,87.6,89.3,86.53,1.42,1.09,1.32,1.28,-0.56,1.02,-0.03,1.79
117,1996,6.65,3.66,38.3,54.4,53.1,43.4,84,85.1,83.9,-0.3,0.3,-0.26,-0.09,0.91,-0.77,-0.25,1.53
117,1997,9.18,6.01,37.1,48.2,55.9,44.7,88.6,83.2,84.23,-1.2,-1.98,-1.64,-1.61,-2.71,0.38,-1.31,-0.74
117,1998,10.4,5.38,43.1,58.5,61.2,46.7,86,86.2,84.93,2.07,-0.03,-0.27,0.59,-0.08,-0.74,0.93,0.97
117,1999,7.31,3.89,46.2,53.7,51.9,42.9,90.2,84.7,85.97,-0.1,-0.6,-0.86,-0.52,-1.53,-0.96,-0.44,-0.55
117,2000,4.92,3.06,40.8,55.9,54.6,48.1,83.7,86.2,83.7,1.3,1.87,2.28,1.82,2.11,1.8,2.6,-4.19
117,2001,6.06,4.53,47.4,55.1,53.7,44.2,87.3,86.7,84.97,0.62,0.69,0.95,0.75,0.38,1.02,0.58,0.57
117,2002,8.04,6.19,44.4,50,57.1,43.1,89.2,85.8,86.8,0.02,-0.34,0.37,0.02,-1.01,1.1,0.05,4.35
117,2003,5.07,2.78,43.7,51.9,52.4,43.5,86.2,86.9,83.93,0.7,0.9,0.52,0.71,0.83,-0.88,0.39,0.33
117,2004,7.99,7.61,44.3,57.5,54,46.2,83.2,79.8,81.27,0.19,0.49,0.84,0.51,0.95,1.19,0.24,0.74
117,2005,10.66,7.09,45.1,50.1,59.3,45,88,87.3,87.37,-2.43,-2.71,-2.84,-2.66,-1.59,-1.22,-1.63,-1.94
117,2006,6.15,4.79,45.8,54.2,54.1,41.2,89.1,87.2,86.57,-3.42,-3.6,0.48,-2.18,-1.6,1.43,-0.63,-3.17
117,2007,7.24,5.58,40.4,57.6,57.5,48.8,85.1,92.9,87.47,-1.14,-1.6,-2.42,-1.72,-1.73,-2.96,-1.65,-1.17
117,2008,12.67,4.52,41.6,49.3,56.8,44.4,85.9,83.1,84.47,2.39,3.45,3.11,2.98,3.94,0.03,1.39,2.59
117,2009,5.21,6.18,42.3,53.7,55,42.2,80.9,82.2,82.37,2.79,2.87,2.7,2.79,1.08,0.4,0.71,2.88
117,2010,6.42,8.6,47.4,55,56.9,43,87.9,88.5,87.73,3.63,4.31,4.39,4.11,3.17,1.55,2.25,3.3
117,2011,7.09,5.38,44.2,53.2,52.3,43,91.3,87.9,87.67,4.01,-0.12,-0.84,1.02,-0.37,-2.2,0.45,3.01
117,2012,6.44,7.53,43.9,57.2,54,43.4,96.3,88.8,90.2,-1.59,-2.92,-3,-2.5,-4.49,-1.13,-2.75,-0.8
117,2013,9.36,3.61,40.9,54.4,57.2,43.8,83.9,84.2,83.7,3.18,-0.07,-0.8,0.77,-0.22,-2.21,-0.65,3.36
117,2014,5.27,3.89,42.6,53.5,54.3,45.7,82.1,84.3,83.4,1.27,0.8,1.92,1.33,-1.01,3.6,1.59,0.6
117,2015,5.12,4.19,44.4,56.2,59.6,44.6,84.2,83.2,83.1,3.54,4.18,4.27,4,3.02,1.54,2.85,2.46
117,2016,4.26,14.72,43.8,52.6,60.7,51.5,85.2,85.1,86.07,1.1,2.87,3.51,2.49,5.64,2.8,2.04,2.09
117,2017,5.28,3.28,46.7,52.8,56.5,48.6,88.4,82.7,85.3,-0.18,0.18,-0.21,-0.07,0.55,-0.64,-0.21,2.24
117,2018,9.89,1.49,35.3,61.1,60.4,45,86,85.6,86.27,-1.82,-1.76,-1.33,-1.64,-0.39,0.75,0.05,-1.95
117,2019,11.33,5.71,43.3,54.6,62.5,43.7,87.4,83.6,84.23,2.28,1.89,2.74,2.3,-0.47,3.14,0.98,2.44
117,2020,11.77,3.65,39.6,52,55.5,41.2,87,83.4,85.5,2.07,2.7,2.69,2.49,2.53,0.8,0.54,2.94
117,2021,8.38,4.33,42.4,52,58.4,51.7,84.4,86.2,85.2,1.05,2.29,2.56,1.97,4.04,1.52,2.24,0.74
117,2022,8.41,2.78,41.4,55.9,56.4,40.4,87.2,85.4,86.33,0.9,2.16,2.27,1.78,4.06,0.99,1.3,1.44
117,2023,8.84,4.23,42.4,53.7,56.9,46.6,87.3,84.8,85.67,-1.09,-1.18,-0.94,-1.07,-0.59,0.35,-0.49,-0.76
117,2024,7.06,3.95,45.3,57.9,57,44.5,85,85.4,85.8,-1.64,-0.72,-1.05,-1.14,2.24,-1.19,-0.43,-0.96
117,2025,4.75,9.78,43.9,52.4,56.5,49.8,88.4,84.7,85.73,0.34,1.49,-0.68,0.38,3.54,-2.03,0.16,0.76
119,1980,5.86,4.43,42.3,53.8,57.8,41.4,94.1,92.5,90.87,-2.85,-2.76,-2.69,-2.77,-0.62,-0.64,-0.69,-2.88
119,1981,4.41,1.76,50.1,50.3,55,43.6,87.2,84.3,85.4,0.74,2.18,2.5,1.81,4.54,1.66,2.33,0.53
119,1982,9.67,3.92,39.2,58.4,55.7,44.4,87.8,83.7,83.63,1.97,2.42,2.63,2.34,1.94,1.39,1.64,1.6
119,1983,5.26,11.15,40.4,51.3,56.4,47.7,93.4,94.1,90.63,3.96,2.77,1.78,2.84,-2.37,-2.11,-0.97,3.84
119,1984,8.65,11.73,44.3,51.2,55.1,50.7,87.7,89.5,88.2,-0.82,-1.49,-1.97,-1.43,-2.29,-1.89,-2.21,3.43
119,1985,10.75,9.07,47.9,55.2,57.3,48.7,87.8,82.5,83.57,3.05,2.88,3.5,3.14,0.45,2.76,2.17,2.16
119,1986,5.66,12.46,46.5,56.1,61.2,48.2,91,84.2,87.57,-1.94,0.21,-0.31,-0.68,0.63,-0.92,-0.48,-1.73
119,1987,4.73,3.14,42.2,59,56.7,39.3,89.2,88,88.53,-2.39,-1.94,-1.6,-1.98,0.61,0.42,-0.27,-1.98
119,1988,9.49,10.88,41.5,52.4,57.5,40.6,89.6,91.1,89.83,-2.32,-2.65,-2.99,-2.65,-1.7,-1.85,-2.07,-1.6
119,1989,7.63,8.9,43.8,50.3,54.4,46.7,86.4,85.4,84.93,-1.45,-1.43,-1.22,-1.37,-0.4,0.19,-0.47,-1.17
119,1990,8.59,1.98,42,52,59.6,42.8,87.5,84.7,85.67,1.79,1.65,1.43,1.62,0.12,-0.15,0.05,1.93
119,1991,5.69,10.56,48.1,61,58.1,47.1,88.2,87.8,87.73,-1.81,-1.75,-2.11,-1.89,-0.39,-1.62,-1.6,-0.97
119,1992,5.72,4.75,43.4,52.4,55.3,44.6,86.7,82,83.63,-2.51,-1.94,-1.82,-2.09,0.93,-0.24,-0.41,-2.08
119,1993,9.11,10.66,42.1,54.5,54.8,43.1,88.4,87.6,86.47,2.33,2.85,3.13,2.77,2.27,1.73,1.81,2.07
119,1994,4.49,6.48,43.9,50.9,55,48,86.1,85.4,86.2,2.97,2.4,1.8,2.39,-0.77,-1.06,-0.83,3.56
119,1995,8.72,7.67,42.1,53.2,53.4,45.7,88.3,91.2,87.57,2.79,2.32,2.36,2.49,-0.55,0.85,0.19,3
119,1996,6.46,4.21,39.9,56.2,54.9,45.3,85.2,86.6,85.17,1.45,1.91,1.38,1.58,1.82,-1,0.05,1.87
119,1997,10.01,7.16,38.7,49.6,57.1,46.2,88.8,83.8,84.53,-0.9,-1.26,-0.9,-1.02,-1.37,0.71,-0.66,-0.51
119,1998,10.98,4.88,44.4,60.2,62.3,48.2,86.9,86.5,85.9,2.21,2.81,2.99,2.67,2.47,1.41,2.58,1.04
119,1999,10.08,3.81,48.4,55.1,54.2,44.4,91.1,85.9,86.87,0.49,-0.05,-0.43,0,-0.15,-1.14,0.06,-0.53
119,2000,6.28,3.03,42,57.8,56,49,85.1,87.8,85.03,1.51,2.51,3.31,2.44,3.46,3.18,3.53,0.21
119,2001,4.87,4.96,49.5,56.5,55.4,45.6,88.3,87.9,86.3,0.77,1.13,1.42,1.11,1.33,1.22,0.67,1.05
119,2002,8.28,6.89,46.3,51.4,59.4,44.8,90.6,87.3,88.1,3.31,-0.41,-0.3,0.87,-1.23,0.2,-0.18,3.51
119,2003,5.49,2.95,45,53.3,54.1,45.8,87.7,88.3,85.17,1.4,1.31,1.06,1.26,0.15,-0.32,0.98,0.41
119,2004,9.51,8.36,45.7,59,56.2,48.6,84.2,81.2,82.47,2.09,2.68,2.96,2.58,2.4,1.66,0.95,2.78
119,2005,12.16,8.57,46.2,51.5,60.9,46.4,88.8,88.2,88.33,-2.04,-2.07,-1.68,-1.93,-0.7,0.5,-0.66,-1.62
119,2006,6.81,5.02,48.2,54.8,55.6,43,89.7,88.3,87.6,-2.08,-2.46,-2.6,-2.38,-1.79,-1.18,-1.23,-2.05
119,2007,8.6,6.81,41.8,59.3,59.8,50.2,86.1,93.5,88.13,-0.96,-1.3,-2.33,-1.53,-1.3,-3.5,-1.93,-0.71
119,2008,14.36,4.8,42.6,51,58.5,46,86.8,84.4,85.47,3.3,4.22,3.64,3.72,3.76,-0.42,0.99,3.81
119,2009,6.17,6.08,44.1,55.5,57.5,43.6,82.1,83.3,83.6,3.31,3.63,3.55,3.5,1.97,0.89,1.15,3.47
119,2010,5.35,8.39,49.2,56.3,58.3,45.4,89,90.2,89.13,3.51,4.01,3.99,3.84,2.6,1.18,1.7,3.42
119,2011,8.29,6.72,46.3,54.4,54.7,45,92.3,88.8,88.87,4.01,-0.28,-1.1,0.88,-0.85,-2.56,-0.08,3.29
119,2012,7.23,7.57,46.2,59.1,56.3,45.2,97.2,89.6,91.6,-1.74,-3.1,-3.39,-2.74,-4.63,-1.82,-3.1,-0.87
119,2013,10.42,3.49,42.8,55.9,59.7,46.1,85,85.5,84.9,3.63,3.7,-0.46,2.29,1.34,-1.39,0.88,3.04
119,2014,4.95,4.22,44.7,56.2,56.2,47.4,83.8,86.2,84.83,1.37,1.11,1.87,1.45,-0.36,2.62,1.24,0.99
119,2015,5.72,5.22,46.7,57.4,61.3,47.2,86.5,84.7,85,3.45,3.53,4.24,3.74,1.3,3.23,2.96,2.23
119,2016,4.25,16.53,45.5,53.7,62.2,52.8,87.8,86.6,87.93,1.55,2.76,3.55,2.62,4.09,3.24,1.57,2.7
119,2017,6.29,4.04,48.3,54.5,58.1,50.1,89.8,83.7,86.5,-0.28,0.31,-0.17,-0.05,0.93,-0.5,-0.13,3.14
119,2018,12.89,2.2,37,62.4,62.3,47.8,87.3,86.7,87.53,1.2,1.26,1.47,1.31,0.55,1.01,0.79,1.04
119,2019,11.81,6.89,45.1,56.2,63.8,45.2,87.7,85,85.07,3.29,3.13,4.36,3.59,0.55,4.64,2.15,3.2
119,2020,12.57,4.96,41,53,57.1,43,88.1,83.8,86.33,3.25,4.16,4.2,3.87,3.74,1.41,1.13,4.27
119,2021,9.93,5.21,43.5,52.9,59.6,52.7,85.6,87.4,86.27,1.98,2.89,3.03,2.63,3.34,1.32,1.61,2.15
119,2022,10.67,3.31,42.7,57.1,57.4,42.2,88.6,86.6,87.63,1.22,2.52,2.37,2.04,4.27,0.35,0.96,2
119,2023,9.84,4.26,43.5,55.1,58.4,47.4,88.6,86,86.73,-1.4,-0.86,-0.66,-0.97,1.19,0.33,-0.04,-0.95
119,2024,7.11,3.64,47.2,59.4,59.3,46.1,85.5,86,86.5,0.3,1.61,-0.52,0.46,4.03,-1.56,-0.01,1.25
119,2025,6.08,11.06,46.4,54.3,59.4,51.9,89.3,85.7,86.6,1.7,2.22,-0.54,1.13,2.08,-1.62,-0.02,2.09
121,1980,6.89,6.18,41.1,53,57.5,40.6,93.1,92.4,90.37,-1.53,-1.85,-2.16,-1.85,-1.42,-1.52,-1.33,-1.32
121,1981,4.22,2.62,49.4,49.4,54,42.8,86.9,84.1,85.3,0.73,1.14,1.68,1.18,1.47,1.97,0.97,1
121,1982,11.69,4.34,38.4,56.5,54.8,44.3,86.8,83.3,83,1.11,1.53,1.62,1.42,1.6,0.76,0.87,1.14
121,1983,5.41,12.03,39.6,49.9,55.7,46.8,92,94,89.97,3.38,-0.76,-1.48,0.38,-2.28,-2.4,-0.72,2.84
121,1984,8.8,10.71,42.7,49.7,54.4,51.7,87.3,88,87.7,2.07,1.12,0.58,1.26,-2.22,-1.26,-1.94,3.18
121,1985,12.24,10.46,47.4,53.8,55.7,48.5,87,82.5,83.23,3,2.35,3.44,2.93,-1.03,4,1.83,2.41
121,1986,7.36,14.15,45.5,55.5,60.2,46.9,90.5,83.2,87.03,-1.99,0.62,0.41,-0.32,1.85,-0.42,-0.19,-1.47
121,1987,5.2,3.9,41.8,58.2,55.1,37.6,88.1,87.8,87.97,-2.7,1,0.75,-0.32,2.99,-0.45,0.17,-2.26
121,1988,11.8,11.83,40.3,50.3,56.7,38.8,90.3,91,90.17,-2.33,-2.14,-2.54,-2.34,-0.17,-1.84,-1.64,-1.51
121,1989,10.47,8.68,43.1,49.6,54.2,44.1,86.4,86.3,85.1,-0.21,-0.67,-0.82,-0.57,-1.47,-0.65,-0.91,0.16
121,1990,8.65,2.39,41,51.5,57.1,41.4,87.3,85.3,85.63,2.19,1.66,1,1.62,-0.92,-1.47,-0.76,2.4
121,1991,7.11,13.07,48.3,60.9,56.3,46.7,88.9,89,88.3,-2.24,-2.7,-3.13,-2.69,-2.08,-2.13,-2.29,-1.51
121,1992,5.66,5.51,43.5,51,54.5,42,86.8,82.7,83.83,-2.92,-2.59,-2.79,-2.77,0.07,-1.39,-1.32,-2.27
121,1993,9.82,8.99,42.4,53.9,54.2,41.2,88.8,87,86.3,1.43,2.7,3.25,2.46,4.23,2.5,2.51,1.3
121,1994,5.33,9.26,43.8,48.5,53.2,46,86.2,84.6,85.97,-0.59,-0.8,-0.98,-0.79,-0.81,-0.79,-0.59,-0.59
121,1995,7.9,7.13,42.1,53.1,52.9,44.7,87.9,90.5,87.23,3.1,-0.31,-0.18,0.87,-0.92,0.28,0.67,2.47
121,1996,7.42,4.8,39.5,55.9,54,44.8,86,87.4,85.57,1.79,-0.25,-0.91,0.21,-0.76,-2.05,-0.68,1.7
121,1997,11.85,6.5,38.1,48.8,55.8,45.1,87.7,83.1,83.63,0.43,0.32,0.53,0.43,-0.19,0.72,0.6,-0.45
121,1998,10.3,5.14,44,58.9,60.6,47,86.2,85.7,85.17,1.68,2.17,2.57,2.14,2.02,1.86,2.09,0.98
121,1999,14.84,4.15,47.7,53.4,52.5,43,89.6,85,85.8,2.34,2.52,-0.02,1.61,1.24,-0.07,0.62,2.36
121,2000,8.27,3.61,40.7,56.2,55.1,47.8,83.3,85.3,83.53,1.7,2.27,3.13,2.37,2.23,3.3,3.47,0.08
121,2001,4.72,6.62,48,54.9,53.1,43.8,86.4,87.4,85.23,0.08,0.38,0.74,0.4,0.92,1.19,0.79,-1.94
121,2002,10.21,6.65,45.4,50.4,59.7,44.6,90.7,88.2,88.37,-0.5,-1.17,-1.94,-1.2,-2.16,-2.67,-2.11,2.83
121,2003,6.79,4.53,45,53,53.3,44.1,87.1,87.6,84.47,1.04,-0.27,-0.29,0.16,-0.8,-0.16,0.02,0.77
121,2004,9.05,7.87,44.9,59.2,56,47.4,83.5,81.5,82.27,0.27,0.71,2.06,1.01,1.41,4.26,1.4,0.85
121,2005,11.82,7.58,46.1,50.4,60.2,45.1,88.1,88.5,87.7,-2.33,-2.22,-1.86,-2.14,-0.37,0.39,-0.91,-1.58
121,2006,10.86,6.14,46.3,53.2,53.7,41.7,87.8,87.1,86.37,0.59,0.27,0.22,0.36,-0.77,-0.07,-0.05,0.39
121,2007,9.27,7.8,40.1,57.8,59,49.5,85,93.8,88,-1.24,-1.3,-2.21,-1.58,-0.59,-3.12,-1.25,-1.37
121,2008,16.64,6.64,41.9,50.4,58.3,44.4,86.1,83.6,84.93,3.8,4.05,3.74,3.86,1.93,0.32,0.93,4.03
121,2009,6.72,6.11,43.3,54.3,57.3,42.6,81.5,82.7,83.07,3.14,3.92,3.55,3.54,3.31,0.12,1.34,3.27
121,2010,5.71,7.04,47.7,56,56.6,43.8,88.5,89.5,88.33,2.27,2.67,2.46,2.47,1.9,0.2,1.19,1.98
121,2011,8.98,6.76,46,53.8,54,44,91.1,87.2,87.7,4.07,4.21,3.4,3.89,1.67,-1.12,1.54,3.03
121,2012,8.35,10.57,44.4,58.3,55.4,44.3,96.5,89,90.77,-2.33,-3.42,-3.39,-3.05,-3.98,-0.97,-2.65,-1.48
121,2013,11.42,3.98,41.6,54.6,58.2,45.5,82.8,84.1,83.2,4.06,4.71,4.04,4.27,3.19,-0.55,1.97,3.31
121,2014,4.1,7.37,44.4,55.2,54.5,46.8,82.3,84.1,83.27,1.74,1.36,2.74,1.95,-0.6,4.55,1.65,1.57
121,2015,7.59,6.36,45.4,56.4,60,46.1,85,83.3,83.43,4.23,3.87,3.89,4,0.25,1.25,2.54,2.44
121,2016,6.03,14.3,44.1,53.1,61,50.6,86.2,85.3,86.43,1.54,1.84,3.24,2.21,1.38,4.76,1.47,2.37
121,2017,5.64,4.08,47.6,54.4,57.5,48.4,89.5,83.5,86.07,-0.4,-0.39,-0.87,-0.55,-0.08,-1.57,-0.95,1.34
121,2018,13.5,5.4,35.8,61.1,62.1,46.5,86.8,84.8,86.3,1.57,1.36,2.35,1.76,-0.15,3.39,2.14,0.56
121,2019,13.32,8.28,44.1,55.9,62.7,45.6,87.5,84.6,84.67,4.56,4.19,5.61,4.79,0.28,5.58,2.73,4.22
121,2020,13.84,6.19,40.2,52.4,56.3,43.5,88.8,84,86.27,3.35,3.81,3.77,3.64,2.43,1.06,0.74,4.21
121,2021,11.76,7.37,42.7,52.1,58.4,52.5,86,86.7,86.23,1.25,2.51,3.48,2.41,4.17,3.68,2.07,2
121,2022,12.02,5.08,41.5,56.2,57.1,41.4,88.5,86.2,87.4,1.74,2.99,3.03,2.59,4.28,1.07,1.24,2.54
121,2023,11.87,4.39,42.4,54.2,57.8,47.4,88.9,85.7,86.93,-1.01,0.03,0.65,-0.11,0.08,1.87,0.13,-0.56
121,2024,8.89,3.76,46,58.9,59,45.7,86.1,85.9,86.43,0.28,2.5,2.34,1.71,6.75,0.3,1.87,0.85
121,2025,6.58,9.44,45.1,53.5,58.2,49.7,90.9,86.5,87.7,3.04,3.5,-0.68,1.95,2.31,-2.03,0.2,3.28
123,1980,4.7,5.75,38.1,50.4,55.3,37.8,89,86.8,85.57,0.66,-0.61,1.16,0.4,-1.82,3.48,1.21,-1.03
123,1981,3.46,3.25,43.9,46.1,52.2,38.8,82.6,80.1,81.43,1.99,2.37,4.18,2.85,1.76,6.15,3.48,1.28
123,1982,8.31,2.86,34.6,55.4,52.1,41.4,84.2,80.5,80.77,2.89,3.96,3.33,3.39,4.12,-0.67,1.05,3.33
123,1983,4.84,10.77,36.9,47.2,52.7,42.6,90.5,90,87.93,3.06,1.88,1.06,2,-2.61,-1.86,-1.65,3.6
123,1984,6.8,8.1,39.8,47.5,51.7,45.5,83.8,87,84.9,-0.45,-0.55,-1.41,-0.8,-0.43,-2.76,-1.52,2.63
123,1985,10.74,6.77,44.7,51.4,55.3,43.2,83.9,79.8,81.23,-1.71,-1.63,-1.44,-1.59,-0.28,0.05,-0.34,-1.61
123,1986,3.31,11.05,40.5,51.5,57.1,43.6,85.8,79.8,82.7,0.92,1.29,0.84,1.02,1.38,-0.95,0.64,0.47
123,1987,3.47,2.64,39.6,53.8,52.7,35,88.4,83.9,85.9,-2.11,-2.79,1.2,-1.23,-2.67,3.59,-0.29,-1.69
123,1988,5.55,7.44,37.5,49.2,53.2,36.1,90.9,90,89.4,-2.33,-3.55,-3.85,-3.24,-4.36,-2.01,-3.28,-1.31
123,1989,3.27,6.16,38.1,47,50.3,41.4,85.9,82.6,83.23,-3.63,-3.71,0.33,-2.34,-1.38,0.99,-0.65,-3.46
123,1990,9.01,2.35,39.2,47.7,55,39.2,82,81.5,81.6,4.05,4.35,4.59,4.33,2.16,2.06,3.08,2.65
123,1991,6.53,7.78,43.7,57.6,52.7,43.3,87.7,85.4,86.47,-0.88,-2.03,-2.44,-1.78,-3.74,-1.86,-2.68,-0.07
123,1992,4.68,5.16,37.4,46.9,51,39.5,80,77.9,79.77,-2.35,2.28,2.08,0.67,6.84,0.1,1.56,-1.78
123,1993,8.33,9.14,37.5,51.2,50.9,39,82.9,82.9,81.8,3.76,4.62,5.22,4.53,3.74,3.21,3.09,3.33
123,1994,4.05,3.96,39.5,46.9,53.8,44.9,83.8,79.8,82.97,1.27,0.78,1.39,1.15,-1.1,2.09,0.2,1.57
123,1995,5.1,7.38,36.1,47.8,49.7,42.5,87,88.4,86.27,-0.02,-0.32,-0.33,-0.22,-0.91,-0.15,-0.37,3.58
123,1996,3.13,2.82,34.7,48.4,51.5,41.4,83.3,83.2,82.37,1.29,2.17,-0.55,0.97,3.07,-1.64,0.33,1.59
123,1997,8.52,3.18,34.5,44.1,53.6,42,86.3,80.6,82.97,-1.08,-1.22,1.29,-0.34,-0.75,3.88,0.75,-0.88
123,1998,9.6,4.41,40.6,55,57.2,43.6,85.3,84.8,83.33,2.66,-0.14,-0.62,0.63,-0.43,-1.47,0.25,1.98
123,1999,5.56,3.76,41.4,51.6,50,40.2,88.9,81.8,84.27,1.06,-0.53,-0.61,-0.03,-1.6,-0.38,-0.22,0.69
123,2000,4.26,2.98,38.6,53.3,53.5,45.2,82.1,84.5,82,0.66,-0.13,-0.39,0.05,-0.38,-0.83,0.2,0.06
123,2001,7.26,5.07,42.8,52.4,50.7,42.2,85.8,84.2,83.1,1.19,1.23,1.15,1.19,0.5,0.15,0.55,0.95
123,2002,5.03,3.12,40.9,46.7,54.5,39.6,88.3,84,85.37,2.22,-0.66,-0.33,0.41,-1.98,0.79,-0.03,2.07
123,2003,2.79,1.85,39.5,47.7,51.7,40.2,84.4,85.7,82.93,0.2,1.1,0.64,0.65,2.75,-1.03,0.3,0.52
123,2004,4.42,5.93,40,53.3,53,42,82.2,78,79.8,-0.43,-0.86,-0.1,-0.46,-1.41,2.02,-0.23,1.12
123,2005,7.36,5.8,41.3,46.6,57.4,42.2,88.3,85.1,87,-2.78,-3.28,-3.48,-3.18,-2.34,-1.63,-2.41,-1.89
123,2006,6.63,3.28,42,50.5,52,38.9,87.6,82.4,84,-4.28,-4.15,0.35,-2.69,-0.94,1.05,-0.34,-4.35
123,2007,9.41,6.49,37.6,54.5,54,47.8,82.8,86,84.13,-1.25,-1.12,-0.03,-0.8,-0.01,2.93,0.66,-1.05
123,2008,7.66,3.84,40,45.8,54.9,41,84,82.1,83.1,-0.25,0.68,0.22,0.22,2.03,-1.18,0.2,-0.18
123,2009,9.42,5.32,38.1,50.4,53.2,40.5,78.4,79.1,79.8,4.29,4.49,4.51,4.43,1.91,1.44,1.15,4.75
123,2010,4.89,5.74,44.6,51.8,54.2,41.7,87.4,86.6,86,4.03,3.23,2.82,3.36,-1.14,-0.24,0.82,3.06
123,2011,5.49,4.28,39.4,49.7,51.2,41.4,89.5,85.3,85.37,2.34,2.06,1.73,2.04,-0.11,-0.37,0.23,2.17
123,2012,3.47,7.58,40.3,54.2,51.4,40.4,93.2,85.6,87.7,-1.88,-2.71,-2.54,-2.38,-3.07,-0.32,-1.65,-1.51
123,2013,7.48,2.34,37.6,52.7,53.7,42.1,82.9,83.4,82.43,3.07,-0.53,-1.27,0.42,-1.59,-2.37,-1.17,3.25
123,2014,4.99,4.33,37.6,50.7,52,41.4,79.8,82.3,81.4,0.97,0.74,1.5,1.07,-0.39,2.5,1.68,-1.75
123,2015,3.61,2.07,39.2,53.2,58.6,43,81.8,80.9,80.8,2.58,2.83,2.9,2.77,1.56,1.09,3.12,0.38
123,2016,4.27,11.59,39.1,50.5,59.4,47.8,83.5,83.7,84.13,1.44,2.08,4.14,2.55,2.35,6.83,3.31,1.33
123,2017,6.63,2.77,43,49,54.4,47.6,85.2,80.3,83.23,2.14,2.54,-0.39,1.43,1.86,-1.16,-0.1,2.76
123,2018,7.91,2.37,30.4,57.2,57.3,41.5,84.2,84.4,84.13,1.22,0.8,0.84,0.95,-0.88,0.38,0.48,0.64
123,2019,8.19,4.12,39.2,50.4,60.1,41.8,87.7,82.2,83.43,3.79,2.87,2.29,2.98,-1.61,-0.85,-0.82,4.23
123,2020,6.47,3.27,36.3,49.8,53.8,39.8,87,83.8,85.3,2.44,3.14,2.03,2.54,2.85,-2.34,-0.51,3.47
123,2021,5.85,3.54,40,50.1,57.1,50.9,83.1,85.6,84.47,1.52,1.98,1.83,1.78,1.87,0.15,0.93,1.41
123,2022,5.92,2.28,37.4,54.3,55,39.2,84,82.8,83.77,-0.67,-0.32,-0.33,-0.44,0.85,-0.13,0.06,-0.55
123,2023,7.11,4.24,38.4,50.1,56.7,45.5,85,82.9,84.1,-2.21,0.67,0.59,-0.32,2,-0.01,-0.18,-1.52
123,2024,6.51,3.58,42.1,54.5,54.6,43.8,83.1,83.2,83.77,0.03,0.64,-0.02,0.22,1.86,-0.05,0.27,0.4
123,2025,4.92,4.72,40.7,49.4,54.4,47.1,86.8,82.4,84.4,-3.02,-1.28,-1.4,-1.9,4.29,-0.76,0.94,-3.1
125,1980,5.28,5.25,39.1,51.4,56,39,91.2,88.2,87.23,0.53,-0.5,0.83,0.29,-1.5,2.49,0.86,-2.57
125,1981,3.48,3.26,45.9,48.1,54,41.8,84,81.8,83.03,1.83,3.4,4.25,3.16,5.27,3.6,3.83,1.07
125,1982,8.96,3.4,35.7,56.7,54.7,42.7,85.7,82,81.77,2.81,2.81,2.85,2.82,0.87,0.98,0.61,3.14
125,1983,4.41,11.23,37.6,48.7,54.3,45.3,92.7,93.2,90.07,-0.24,-1.18,-1.98,-1.13,-2.89,-2.76,-2.13,3.74
125,1984,6.9,8.78,41.6,48,53.5,48.7,84.5,87.5,86,2.24,2.16,1.19,1.86,0.46,-2.25,-0.95,2.89
125,1985,9.4,6.89,45.5,53.1,56.4,45.9,86,80.4,82.23,1.18,1.03,1.34,1.18,-0.1,1.24,0.22,1.49
125,1986,3.29,12.88,43.5,53.7,59.5,46.1,87.9,81.9,84.83,0.5,1.48,0.98,0.99,3.09,-1.04,1.19,-1.81
125,1987,4.44,3.9,40.6,55.2,54,35.8,89.6,86.6,87.83,-2.25,-2.82,-2.7,-2.59,-2.41,-0.52,-1.37,-2.06
125,1988,5.76,7.25,38.6,50.9,54.4,37.6,91.4,90.6,90.1,-3.76,-4.75,-4.85,-4.45,-4.12,-1.77,-3.04,-2.99
125,1989,3.31,6.78,40.2,48.6,51.9,43.4,87,84.4,84.5,-3.39,-3.27,-3.08,-3.25,-0.68,-0.44,-1.07,-3
125,1990,9.78,1.72,39.6,49,57,39.9,84.3,83.4,83.47,2.85,3.08,3.47,3.13,1.57,2.12,3.04,1.16
125,1991,4.24,9.51,45.4,58.3,54.7,44.1,87.5,85.8,86.73,1.64,0.93,1.22,1.26,-1.62,1.16,-1.01,2.79
125,1992,4.3,4.99,39.6,49.1,53,41.1,82.6,80,81.4,-1.6,1.82,1.17,0.46,5.45,-1.37,0.86,-1.23
125,1993,9.08,9.65,39.6,53.1,51.8,40.3,84.8,85.1,83.83,3.97,5.95,6.61,5.51,7.18,3.8,4.53,3.45
125,1994,3.5,4.1,40.9,49,53.1,45.7,85.4,83.3,84.8,3.37,2.75,2.5,2.87,-0.81,0.11,-0.54,4.09
125,1995,5.87,6.77,38.4,50.1,50.7,42,87.5,89.7,87.07,-0.3,-0.58,-0.58,-0.49,-0.91,-0.2,-0.67,3.69
125,1996,4.42,3.08,36.1,52,51.7,43,84.2,84.9,83.8,-0.02,0.07,-0.51,-0.15,0.21,-1.52,-0.46,1.02
125,1997,8.23,3.35,36.7,46.7,54.8,43.2,87,82.1,83.57,-0.93,-1.37,0.6,-0.57,-1.61,1.79,-0.43,-0.49
125,1998,10.43,5.63,42.3,58,59.6,44.8,86,85.7,84.3,3.78,3.18,3.08,3.35,-0.64,0.67,1.6,2.45
125,1999,6.33,4.08,44.1,53.6,49.1,41,89.4,82.8,84.93,1.93,2.03,2.35,2.1,0.9,1.6,1.33,1.6
125,2000,4.64,2.75,40.1,53.9,53.6,46,83.5,86.2,83.4,0.92,1.33,1.39,1.21,1.52,0.58,1.62,-2.26
125,2001,7.35,4.32,45.5,54.5,52.4,43,88.1,86.7,85.23,1.31,0.75,1.09,1.05,-1.26,1.25,0.34,1.08
125,2002,5.87,3.39,41.6,48.7,55.3,41,89.8,85.2,86.93,2.21,2.53,3.29,2.68,1.63,3.07,1.82,2.19
125,2003,3.91,2.12,41.7,50.4,51.6,42,85.6,87.3,84.03,0.49,1.42,1.34,1.08,2.94,0.2,1.53,-1.6
125,2004,4.79,5.95,42.2,55.5,54,44.2,82.7,80.3,81.03,0.74,0.71,1.56,1,0.15,2.76,1.24,0.53
125,2005,7.21,5.98,43.7,48.4,58.2,43.9,89.3,87,88.17,-2.73,-3.43,-3.56,-3.24,-2.94,-1.46,-2.59,-1.79
125,2006,5.79,4.01,44.1,53.3,52.8,39.6,88.7,84.8,85.57,-4.36,-3.75,-3.52,-3.88,0.48,-0.46,-0.59,-4.2
125,2007,8.61,6.05,39.3,56.8,55.8,47.4,84.6,90.1,86.2,-0.7,-0.88,-1.34,-0.97,-0.76,-1.64,-0.57,-1.04
125,2008,9.51,5.5,40.8,47.7,56,42.6,85.1,83,84.07,2.35,2.97,2.96,2.76,2.59,0.89,2.04,1.63
125,2009,8.21,4,41.4,52.4,55.1,41.5,80.3,80.8,81.63,4.7,5.28,6.52,5.5,3.17,5.37,3.46,4.56
125,2010,6.01,7.26,46.5,53.8,55.9,42.2,88.2,87.8,86.93,6.56,6.66,6.64,6.62,2.32,1.99,3.24,5.3
125,2011,6,4.06,41.7,51.5,51.5,41.7,90.4,87.4,86.8,5.24,-0.39,-1.41,1.15,-1.18,-3.17,-0.25,4.51
125,2012,3.3,7.6,42.4,55.8,52.3,41.2,94.7,87.7,89.07,-3.19,-4.31,-4.52,-4.01,-4.35,-1.97,-2.75,-2.84
125,2013,8.98,3.07,39.3,53.5,55.2,41.9,83.8,84.4,83.47,4.05,-0.14,-0.96,0.98,-0.41,-2.51,-0.56,4.05
125,2014,5.41,3.87,41,53.7,53.3,44.1,81.1,83.4,82.7,1.24,1.65,2.81,1.9,1.62,4,3.11,-1.1
125,2015,3.94,2.86,42.8,55.2,59.1,43.6,84.1,82.9,82.83,4.45,4.55,3.99,4.33,1.69,-0.28,3.25,1.86
125,2016,3.78,11.58,42,52.1,60.4,48.8,84.7,84.7,85.53,0.9,1.82,3.22,1.98,3.04,4.75,2.09,1.57
125,2017,5.64,3.29,46.4,51.8,55.7,48.2,88.2,82.4,85.4,-0.86,-0.29,-0.45,-0.53,1.46,-0.56,-0.56,2.12
125,2018,9.03,2.66,33.5,60.1,59.2,43,85.1,85.7,85.6,-0.92,-1.06,1.28,-0.23,-0.7,3.84,0.91,-0.88
125,2019,8.96,5.51,42.1,53.3,61.6,42.2,88.6,83.4,84.63,4.15,3.14,2.9,3.4,-1.74,0.25,-0.1,4.18
125,2020,7.94,2.95,38.6,51.5,54,39.9,87.8,84.6,86.17,-0.71,-0.59,-1.39,-0.9,0.13,-2.58,-1.53,3.69
125,2021,8.37,3.16,41.7,51.6,57.7,50.9,84.2,86.4,85.43,1.22,1.49,2.11,1.61,1.18,2.31,1.75,0.71
125,2022,8.03,2.2,39.4,55.5,55.3,39.5,85.8,84.9,85.4,-0.52,-0.46,-0.27,-0.42,0.02,0.41,-0.03,-0.38
125,2023,8.27,4.28,40.1,52.4,57.2,45.8,86.4,84.2,85.47,-1.69,-1.88,-1.5,-1.69,-1.08,0.54,-0.95,-1.02
125,2024,6.7,4.01,43.3,56.5,55.5,42.9,84.8,84.8,85.33,0.03,0.92,1.2,0.72,2.68,1.11,0.99,0.34
125,2025,3.92,6.11,42.8,51.3,54.4,48.1,87.9,84.3,85.53,0.02,0.65,-0.46,0.07,1.89,-1.39,0.19,-1.44
127,1980,8.49,11.06,43.7,53.5,61,42.5,94,93.3,91.3,-0.91,-1.22,-1.93,-1.35,-1.19,-2.52,-1.04,-1.23
127,1981,7.22,4.63,51.6,51.8,55.1,45.6,87.8,85.2,86.13,1.33,2.32,0.04,1.23,3.38,0.13,1.5,1.12
127,1982,12.11,5.08,41,57.8,56.2,45.9,88.9,85.6,85.6,-1.52,0.04,0.89,-0.2,0.12,2.56,0.73,-1.51
127,1983,6.43,16.97,40.7,54,57.6,47.7,91.5,94,89.97,3.79,3.33,2.1,3.07,-0.22,-2.67,-0.7,3.93
127,1984,10.67,13.37,45.4,52.1,56.5,54,86.8,87.1,87.17,1.41,1.56,1.11,1.36,0.89,-0.87,-0.42,2.05
127,1985,10.4,14.46,49.3,56.4,57.4,51.1,89.1,84.2,85.57,2.11,1.54,2.98,2.21,-1.07,4.8,1.78,1.76
127,1986,8.24,6.82,47.2,57,62.6,47.8,92,85.5,88.07,0.44,0.63,0.65,0.57,0.72,0.24,-0.09,0.94
127,1987,6.83,7.13,43.1,60.1,57.2,40,89.4,90.6,89.27,-2.36,-2.18,-2.39,-2.31,-0.18,-1.31,-0.7,-2.41
127,1988,12.53,13.16,43.7,51.6,58.6,40.4,89.8,92.1,90.53,-2.33,-2.63,-3.03,-2.66,-1.62,-2.02,-2.11,-1.6
127,1989,22.65,11.87,44.8,52.3,58.1,46.3,86,86.9,85.03,2.42,3.11,2.98,2.84,2.84,0.57,2.09,1.63
127,1990,17.72,4.34,43.2,53.5,60.1,42.9,88.5,85.9,86.93,1.95,1.98,1.47,1.8,0.68,-0.9,-0.59,2.76
127,1991,12.38,12.4,50.6,62.5,59.4,47.8,90.1,89.2,88.43,-1.42,-1.81,-2.28,-1.84,-1.59,-1.97,-1.91,-0.77
127,1992,8.5,7.2,46.5,53.1,57.7,45.1,87.8,82.8,84.17,-2.96,0.5,0.39,-0.69,1.5,-0.19,0.36,-3.2
127,1993,11.37,5.84,43.8,55.6,56.9,44.6,92.2,89.2,88.6,0.73,0.32,0.09,0.38,-0.98,-0.59,-0.05,0.28
127,1994,11.12,9.79,47.9,50.9,54.4,47.8,86.9,85.8,86.43,-1.07,-1.55,-1.66,-1.43,-1.78,-0.82,-1.3,-0.71
127,1995,9.85,8.79,45.7,56.2,56,46.8,87.7,90.6,87.3,1.31,1.26,1.25,1.27,0.25,0.35,0.86,0.73
127,1996,9.11,5.27,41.9,59.6,56.7,46.6,85.9,87.1,85.67,1.12,1.67,1.03,1.27,1.99,-1.4,0.78,0.6
127,1997,16.09,12.43,40.5,50.5,57.6,46.3,89.3,84.9,85.03,3.45,-0.08,-0.1,1.09,-0.23,-0.1,0.11,3.61
127,1998,10.24,4.95,46.1,60.4,62.2,49.1,86.9,87.5,87.03,1.44,2.18,2.25,1.96,2.65,0.89,2.62,-1.67
127,1999,12.22,6.05,50.9,54.3,54.8,44.7,91.6,90.7,89.17,-0.06,-0.48,-1.29,-0.61,-1.27,-2.57,-0.72,-0.68
127,2000,14.68,5.19,44.4,58.9,57.3,48.9,86.8,88.9,86.97,-1.4,-0.92,-1.01,-1.11,1.02,-0.56,0.27,-1.69
127,2001,8.74,8.05,51.6,56.5,56.5,45.3,88.9,88.9,87.3,-2.53,0.68,0.67,-0.39,2.05,0.16,0.46,-2.52
127,2002,15.3,15.55,49,54,62.4,49.2,92.1,90.2,90.13,3.1,1.85,1.01,1.99,-2.8,-1.94,-2.16,4.11
127,2003,10.44,8.61,48.1,56.8,56.5,46.5,88.6,88.9,86.2,2.13,1.7,1.87,1.9,-0.63,1.03,0.67,1.77
127,2004,8.54,7.71,46.6,60.8,58,50.9,86,84,84.67,-0.88,-0.85,-0.72,-0.82,-0.17,0.11,0,-1.01
127,2005,11.67,10.98,47.3,51.8,62,47.8,88.6,91,88.83,-1.13,0.22,1.03,0.04,0.67,2.48,0.91,-1.1
127,2006,15.14,4.42,51,55.4,55.8,44.8,88.2,88.8,87.7,0.11,1.4,1.8,1.1,3.91,1.63,1.63,0.36
127,2007,11.62,10.21,43.9,58.5,61.7,52.2,87.5,96.3,90.3,-1.62,-1.77,-2.7,-2.03,-0.95,-3.34,-1.34,-1.91
127,2008,18.71,11.03,45.3,53.1,60.5,46.4,89,86.9,87.67,2.79,3.04,-0.52,1.77,1.63,-1.55,-0.18,3.33
127,2009,8.96,8.17,46.8,57.4,62,46.2,83.9,85.2,85.63,0.66,1.6,2.05,1.44,3.02,1.84,1.68,0.67
127,2010,9.42,5.16,50,59.1,59.2,45.1,91.7,93.4,91.6,-1.47,-2.11,-2.5,-2.03,-2.38,-1.81,-1.75,-1.25
127,2011,12.03,6.51,50.3,55.8,57.2,45,91.9,88.6,89.6,4.09,3.38,2.67,3.38,-0.87,-1.07,0.27,3.53
127,2012,8.71,16.38,48.1,59.3,58.6,46.2,96.3,90.8,92.3,-4.21,-4.85,-4.91,-4.66,-3.21,-1.69,-2.61,-3.61
127,2013,14.26,5.1,44.4,55.6,60.8,49.7,84.6,84.8,84.97,1.26,1.4,1.85,1.5,0.81,1.77,1.98,0.16
127,2014,7.29,10.39,47.1,58.5,57.6,48.7,85.2,88.9,86.57,0.62,0.21,0.72,0.52,-1.03,1.59,0.56,0.28
127,2015,12.81,5.08,48.8,57.3,60.1,47.6,88.3,85.8,86.63,0.09,1.78,1.82,1.23,5.1,0.65,1.54,0.52
127,2016,13.1,15.29,47.3,54.4,61.7,53.1,89.1,87.1,88.27,0.67,1.99,2.77,1.81,4.16,2.95,1.84,1.34
127,2017,9.23,8.36,51.6,56.7,60,49.9,89.2,85.7,86.67,-0.61,-0.83,-1.02,-0.82,-0.85,-0.82,-0.17,-1.11
127,2018,14.9,6.92,40.4,63.4,64.2,49.6,89.1,87.2,88.5,-0.14,-0.58,-0.8,-0.51,-1.35,-0.85,-0.74,-0.15
127,2019,20.8,11.92,46.8,59.1,63.6,46.8,88.3,87.7,86.63,3.31,3.93,3.85,3.7,2.89,0.97,1.81,3.11
127,2020,17.52,8.45,44,55.1,60.6,46.2,90.4,84.8,87.1,2.22,2.29,2.79,2.43,0.91,2.21,1.06,2.44
127,2021,13.28,5.13,45.9,54.1,60.2,53.6,87,87.5,86.77,-0.38,0.92,0.92,0.49,2.77,0.29,0.76,-0.14
127,2022,15.42,6.56,46,59.5,58.6,44.2,90.9,87.8,88.9,-0.66,-0.65,-0.84,-0.72,-0.17,-0.77,-0.85,-0.13
127,2023,18.31,6.67,45.9,56.6,59.8,49.7,88.7,85.8,87.23,-1.9,1.54,2.78,0.81,4.62,4.21,2.17,-1.26
127,2024,11.92,2.6,50.6,61.2,61.7,48.2,87.2,88.5,87.5,1.06,1.5,1.08,1.21,1.66,-0.81,0.51,0.92
127,2025,13.02,11.4,49.8,57.2,60,51.2,89.6,86.9,87.57,3.35,3.07,-0.5,1.97,0.19,-1.49,0.61,2.58
129,1980,5.47,4.95,39.4,51.5,56.4,39.4,91.3,88.6,87.6,-2.69,-3.01,-2.24,-2.65,-1.78,1.37,-0.11,-3.03
129,1981,3.71,3.2,46.9,48.1,54.3,42.3,84.5,82.2,83.3,1.62,3.51,4.65,3.26,6.18,4.48,4.22,1.06
129,1982,8.86,3.54,36,57.1,54.9,43.1,85.3,82.2,81.63,2.72,2.62,2.65,2.66,0.53,0.89,0.46,3.05
129,1983,4.5,12.36,38,48.6,54.9,45.8,92.3,92.8,89.83,-0.12,-0.97,-1.86,-0.98,-2.58,-2.98,-1.97,3.72
129,1984,6.77,8.63,41.9,48.3,53.7,49.1,84.8,87.8,86.13,2.05,1.93,0.94,1.64,0.26,-2.37,-1.17,2.81
129,1985,9.14,6.95,45.8,52.9,56.5,46.6,85.4,80.5,81.97,0.92,0.86,1.51,1.1,0.11,2.2,0.84,0.96
129,1986,3.1,11.99,43.7,53.7,59.1,45.9,88,82.1,85.07,0.28,1.17,0.82,0.76,2.77,-0.71,0.97,-1.92
129,1987,4.5,3.72,40.8,55.9,53.9,36.6,89.2,86.7,87.73,-2.31,-2.64,-2.64,-2.53,-1.69,-0.81,-1.3,-2.06
129,1988,5.84,8.16,38.9,50.9,54.9,37.6,91,90.2,89.73,-3.61,-4.6,-4.87,-4.36,-4.08,-2.22,-3.21,-2.79
129,1989,3.64,7.1,40.8,48.6,52.2,44,86.5,84.1,84.13,-2.98,-2.68,-2.51,-2.72,0,-0.34,-0.83,-2.53
129,1990,9.94,1.66,39.6,49.1,57.2,40.2,84.6,83.7,83.73,2.9,2.86,3.06,2.94,0.76,1.48,2.38,1.41
129,1991,4.39,8.77,45.6,58.5,55,44.5,87.1,85.7,86.53,1.66,1.38,1.63,1.56,-0.35,1.18,-0.56,2.78
129,1992,4.6,4.98,39.9,49,53.2,41.3,83.1,80.6,81.8,-1.47,1.54,-0.43,-0.12,4.62,-1.28,0.62,-1.09
129,1993,9.05,9.48,39.8,52.7,51.8,40.3,85.1,85.1,83.97,2.72,4.65,5.17,4.18,6.63,3,3.71,2.47
129,1994,3.85,4.49,40.9,48.8,53.2,45.6,85.3,83.2,84.67,3.8,3.32,3.27,3.46,-0.28,0.88,0.2,4.24
129,1995,6.86,7.27,38.6,50.2,50.9,42,87.9,89.7,87.23,-0.37,-0.83,-0.77,-0.66,-1.49,-0.07,-0.89,3.89
129,1996,4.36,2.97,36.3,52.3,51.6,43,83.8,84.6,83.6,-0.33,-0.44,-0.71,-0.49,-0.42,-0.95,-0.79,1.38
129,1997,7.58,3.65,36,46.7,54.5,43.7,86.7,81.7,83.17,-1.58,-2.23,0.56,-1.08,-2.42,1.67,-0.82,-1.13
129,1998,10.54,6.38,42.3,58,59.5,44.8,85.2,85.1,83.73,3.52,3.18,3.43,3.38,0.05,1.74,2.16,2.18
129,1999,6.38,4.14,44.7,53.4,49.5,41.2,89.2,82.6,84.67,1.69,1.5,2.2,1.8,-0.05,2.56,0.98,1.72
129,2000,4.26,2.72,39.8,54.2,53.8,46.6,83.2,86.2,83.33,1.09,1.25,1.64,1.33,0.83,1.54,1.88,-2.96
129,2001,7.43,4.23,45.6,53.8,52,43.2,87.4,86.5,84.9,-0.84,-1.08,0.38,-0.51,-0.97,1.13,0.19,-1.09
129,2002,6.41,4.04,41.6,48.8,55.2,41.2,88.8,84.8,86.2,2.35,2.39,2.94,2.56,0.84,2.38,1.09,2.6
129,2003,4.24,2.68,41.9,50.3,51.5,42,85.2,87.1,83.8,0.5,1.12,0.72,0.78,2.01,-0.86,0.89,-1.13
129,2004,5.46,6.12,42.5,55.7,53.7,44.5,82.4,80.2,80.9,0.33,0.3,1.27,0.63,0.03,2.98,1.11,0.25
129,2005,7.93,6.32,43.8,48.1,58.2,44.4,88.4,87.1,87.5,-2.43,-3.17,-3.43,-3.01,-2.96,-1.78,-2.55,-1.63
129,2006,6.22,4.73,44.2,53.6,53,40,87.9,84.8,85.2,-3.77,-3.24,-3.11,-3.37,0.43,-0.62,-0.71,-3.48
129,2007,7.27,5.77,39.7,57,55.9,48.2,83.9,90.1,85.8,-1.77,-1.97,-2.29,-2.01,-1.14,-1.56,-0.78,-2.1
129,2008,10.49,5.39,41,48,56.2,43.4,84.2,82.6,83.57,2.51,4.02,3.67,3.4,5.31,0.19,2.82,1.7
129,2009,5.77,4.07,41.6,52.6,55,42.2,79.9,80.3,81.13,3.66,3.77,4.49,3.97,1.44,3.35,2.15,3.47
129,2010,5.85,7.11,47,54.2,56.1,42.5,87.7,87.6,86.6,5.31,5.23,4.68,5.07,1.4,-0.04,1.94,4.26
129,2011,5.85,4.13,42.5,52,51.6,41.7,90.2,87.9,86.8,3.71,-0.7,-1.7,0.44,-2.11,-3.21,-0.93,3.19
129,2012,4.25,6.8,42.8,56.2,52.3,42,94.5,88.2,89.07,-3.86,-4.94,-4.97,-4.59,-4.44,-1.61,-2.94,-3.28
129,2013,9.06,3.61,39.6,53.4,55.4,41.9,83.1,83.7,82.97,3.53,-0.19,-1.08,0.75,-0.57,-2.73,-1.01,3.84
129,2014,5.6,3.11,41.8,53.9,53.2,44.1,81.1,83.3,82.57,1.07,0.84,1.86,1.26,-0.37,3.33,2.06,-2.03
129,2015,4.44,3.23,42.5,55.2,58.9,43.6,84,83.3,83,3.38,3.37,2.86,3.2,1.01,-0.49,2.12,1.6
129,2016,4.32,11.81,42.5,52.5,60.7,49.3,85,85,85.77,-1.52,0.73,2.42,0.54,2.19,5.28,1.84,-0.97
129,2017,5.81,3.55,46.6,52.2,55.5,48.4,88.1,82.1,85.27,-0.97,-0.56,-0.94,-0.82,0.94,-1.33,-1.04,-0.06
129,2018,9.58,2.13,33.9,60.4,59.4,42.8,84.7,85.3,85.27,0.11,0.32,1.72,0.72,0.65,4.3,1.52,0.27
129,2019,10.29,6.09,42.1,53.4,61.5,42.3,88.1,82.8,84.13,4.96,3.81,3.89,4.22,-1.91,1.41,0.52,4.77
129,2020,9.49,3.38,38.5,51.4,53.8,39.6,86.8,83.8,85.5,-0.64,-0.57,-1.1,-0.77,0.01,-1.77,-1.23,4.64
129,2021,9.56,3.03,41.6,51.3,57.1,50.6,83.5,85.9,84.93,1.2,1.57,2.42,1.73,1.49,3.05,1.9,0.9
129,2022,8.55,2.33,39.4,55.2,55,38.9,84.9,84.1,84.6,1.63,1.87,2.08,1.86,1.23,1.21,0.66,1.99
129,2023,7.85,4.5,40,52.2,56.6,46,85.6,83.4,84.67,-1.61,-1.85,-1.08,-1.51,-1.2,1.75,-0.6,-0.93
129,2024,6.97,3.97,42.9,56.6,55,42.1,84.2,84.4,84.83,-0.84,0.85,1.31,0.44,2.55,1.64,0.99,-0.48
129,2025,3.4,6.75,43,51,53.8,47.8,87.2,83.7,84.83,-0.04,0.94,-0.64,0.09,2.82,-1.93,0.26,-1.05
131,1980,4.04,4.08,38.4,50.9,54.8,38.2,88.6,85.9,85.07,0.44,0.58,2.51,1.18,0.55,5.99,2.62,-1.34
131,1981,2.36,3.12,43.8,47.7,52.4,40.8,82,81.1,81.57,1.28,1.42,1.97,1.56,0.82,2.1,1.46,0.89
131,1982,6.17,3.54,34.4,55.8,53.8,43.2,84.3,80.2,80.43,2.16,4.46,4.96,3.86,7.57,2.88,3.5,2.39
131,1983,4.14,8.45,36.2,47.7,54,43.6,90.6,91.4,88.57,-0.57,-1.53,-2.46,-1.52,-3.04,-3.27,-2.31,-0.41
131,1984,3.93,6.47,40,47.2,52.1,45.1,83.6,86.3,84.57,-0.25,0.29,-0.68,-0.21,0.88,-2.05,-0.64,1.57
131,1985,7.27,5.29,44.6,52.7,55.7,44,85.5,80.2,81.8,-1.93,-2.26,-2.6,-2.26,-1.58,-1.72,-1.89,-1.27
131,1986,3.32,8.27,42.2,52.6,57.9,43.8,86.3,78,82.23,0.87,1.35,1.51,1.24,1.73,0.89,0.72,1.13
131,1987,4.01,2.2,41.3,54.6,52.7,36.2,89.5,83.1,86.27,-2.51,-3.49,-2.18,-2.73,-3.72,2.85,-1.05,-1.96
131,1988,4.65,8.3,38.2,51,54.7,36.2,91,89,89.13,-3.33,-4.34,-4.26,-3.98,-4.05,-1.09,-2.99,-2.29
131,1989,3.42,4.41,39.3,48,50.5,42.4,86,83.4,83.13,-4.21,-4.48,0.54,-2.72,-2.11,1.63,-0.25,-4.59
131,1990,8.97,1.07,39.4,47.8,55.8,40.1,82.4,82.3,81.8,3.97,4.12,4,4.03,1.67,0.9,2.67,2.41
131,1991,7.19,5.72,43.3,57.3,52.8,41.1,86.4,84.6,85.47,-1.35,-2.38,-2.8,-2.18,-3.51,-1.97,-2.71,-0.53
131,1992,3.97,6.57,38.4,48.6,51.5,40.4,79.3,77.6,79.23,-2.18,2.25,1.76,0.61,6.75,-0.79,1.03,-1.37
131,1993,6.84,9.52,37.4,52.2,50.9,39.6,81.8,81.9,80.9,5.41,6.73,8.41,6.85,5.65,7.12,6.16,3.91
131,1994,4.09,2.68,38.9,47.8,54,44.8,82.2,79.8,81.7,-1.47,-1.64,-1.57,-1.56,-0.98,-0.28,-0.51,-1.54
131,1995,4.59,7.01,36,49,50.9,41.3,85.7,87.4,85.13,-0.24,0.27,-0.28,-0.08,0.82,-0.84,-0.25,2.12
131,1996,4.75,3.51,34.7,48.8,52.4,42.3,82.4,82.4,81.47,-0.51,-0.58,-0.86,-0.65,-0.38,-1,-0.97,2.26
131,1997,6.69,1.75,35.4,45.1,55,42.9,84.5,80.1,81.9,-1.54,-2.14,1.33,-0.78,-2.28,4,0.28,-1.39
131,1998,10.03,3.17,41.8,55.9,58.2,44.9,85,83.5,82.33,2.73,1.85,1.67,2.08,-1.82,0.03,0.36,1.98
131,1999,3.97,4.33,43,52.8,49.9,40.2,88.4,80.8,83.3,2.47,1.98,1.82,2.09,-0.7,0.14,0.43,2.06
131,2000,5.39,2.72,39.2,52.6,54.1,45.4,82,84.1,81.57,1.2,1.38,1.02,1.2,0.9,-0.63,0.79,0.56
131,2001,7.44,3.37,43.7,53.3,52.2,41.9,85.6,83.5,82.47,2.64,1.96,1.35,1.98,-1.22,-1.23,-0.76,2.88
131,2002,4.11,2.72,40.1,46.7,55.2,40.3,87.2,83,84.5,2.05,2.37,2.8,2.41,1.59,2.02,1.35,2.12
131,2003,2.37,1.29,39.7,48.2,51.5,41.4,84.3,86.6,83.37,1.08,0.01,-0.72,0.12,0.02,-2.17,-0.62,1.09
131,2004,5.91,6.45,41.2,53.1,54.5,43.4,81.4,77.4,79.27,-0.63,-0.89,0.79,-0.24,-0.99,2.36,-0.17,0.91
131,2005,5.24,4.03,42.9,47.5,57.6,44,87.6,84.8,86.13,-1.97,-2.5,-2.79,-2.42,-2.21,-1.62,-2.14,-1.24
131,2006,7.96,2.73,43,51.8,52.2,38.9,87.8,83.1,83.97,-3.72,-4.03,-3.68,-3.81,-2.07,-0.19,-1.49,-3.32
131,2007,6.83,4.96,37.2,55.2,54.7,47.7,83.7,85.7,83.93,0.3,0.5,1.57,0.79,0.71,3.36,1.64,0.02
131,2008,5.73,3.67,39.7,46.9,55.6,41.6,83.6,81.9,82.47,2.77,2.65,2.28,2.57,0.51,-0.3,1.06,1.99
131,2009,8.56,5.5,38.1,50.8,54,39.8,78.4,79,79.57,5.6,6.01,7.17,6.26,2.97,5.35,4,4.87
131,2010,5.52,5.05,45.8,52.3,54.9,42.5,86,85.4,85.07,6.11,5.87,5.78,5.92,1.17,1.54,2.6,4.92
131,2011,5.24,2.77,39.9,50,51,42,89.1,85.8,84.9,3.78,-0.8,-1.68,0.43,-2.39,-2.89,-0.95,3.31
131,2012,3.63,7.63,41,53.9,50.4,39.8,91.3,84.6,86.37,-1.94,-2.93,-2.88,-2.58,-3.56,-0.77,-1.58,-2.01
131,2013,7.29,3.6,36.9,51.9,55.1,41.5,83,83.6,82.17,-0.25,-0.73,-1.82,-0.93,-1.53,-3.49,-1.92,3.51
131,2014,4.76,2.59,37.3,51.2,51.6,41.8,79.7,81.6,81.2,0.59,1.05,1.38,1.01,1.57,1.32,1.55,-3
131,2015,3.22,2.72,39.7,52.8,59.1,43.2,82.6,81.1,81.33,1.68,2.38,2.34,2.13,2.62,0.6,2.49,0.29
131,2016,4.72,9.75,40.3,51.4,59.2,48,83.1,83.9,84.4,1.5,2.64,3.57,2.57,3.89,3.61,2.57,1.59
131,2017,5.46,2.63,42.9,50,54.3,45.7,86.1,79.8,83.43,-0.75,-0.05,-0.4,-0.4,1.87,-1.09,-0.33,-0.17
131,2018,7.49,1.97,30.3,57.7,57.1,41.3,85,84.3,84.77,-0.72,-1.3,0.86,-0.39,-1.96,2.58,0.36,-0.97
131,2019,8.29,5.08,39.2,49.8,60.1,40.4,87.9,82.2,83.53,5.44,4.05,3.31,4.27,-2.49,-0.97,-1.02,5.91
131,2020,5.56,3.21,36.6,50,53.1,39.2,86.1,84.2,84.73,2.27,2.38,1.45,2.03,1.02,-2.05,-0.28,2.47
131,2021,5.93,5.09,40.5,50.8,56.7,49.2,83.5,85.6,84.53,2.66,2.61,-0.1,1.72,0.67,-0.29,0.45,2.6
131,2022,4.97,1.66,36.9,54.9,55.2,38.6,84.7,82.9,84.17,-0.5,-0.47,-0.51,-0.49,-0.06,-0.28,-0.23,-0.42
131,2023,8.44,3.76,38.2,51.6,56.8,45.4,85.3,83.2,84.73,-2.07,-2.01,-2.05,-2.04,-0.47,-0.73,-1.32,-1.28
131,2024,6.2,3.56,42.5,53.9,54.8,44,82.4,82.4,83.17,0.45,1.09,1.23,0.92,2.07,0.75,0.71,0.75
131,2025,4.04,4.04,40.9,49.4,55.4,48,86.1,82.4,84.13,-1.92,2.09,-0.17,0,6.27,-0.52,1.62,-1.82
133,1980,6.39,5.36,41.9,52.9,59.2,41,96,94.1,92.47,-1.88,-1.86,-1.66,-1.8,-0.53,0.01,-0.37,-1.87
133,1981,4.45,2.41,50.5,50,55.2,44.3,88,85.8,86.3,1.75,2.96,3.08,2.6,4.18,1.25,2.59,1.09
133,1982,10.05,4.44,39.6,57.5,56.2,44.6,88.8,84.4,84.37,2.53,2.49,3.01,2.68,0.66,2.32,1.42,2.35
133,1983,5.01,11.94,40.4,51.4,56.9,47.6,93.8,94,90.93,-0.21,-0.83,-1.75,-0.93,-1.92,-3.03,-1.86,3.9
133,1984,8.15,11.85,44,50.6,54.7,51.2,87.9,89.2,88.53,1.6,1.33,0.86,1.26,-0.33,-0.98,-1.06,2.47
133,1985,12.12,9.79,48.2,54.6,57.6,49.1,89.2,83.9,84.8,4.34,3.55,3.83,3.91,-1.03,1.95,1.62,3.37
133,1986,6,14.46,47.2,55.8,61,48.1,93.2,85.2,88.7,-1.57,-1.7,0.38,-0.96,-0.87,1.14,-0.36,-1.25
133,1987,6,3.5,43,58.9,56.7,40.1,90.5,90.1,90.2,-2.35,0.66,0.93,-0.25,1.97,1.01,0.47,-2.04
133,1988,10.47,12.54,41.8,53.1,57.2,40.3,90.4,93,91.17,-2,-2.22,-3.03,-2.42,-1.3,-3.12,-2.2,-1.41
133,1989,10.26,9.08,44.5,50.2,54.2,47,86.7,86.4,85.43,1.08,1.43,1.44,1.32,1.4,0.47,0.92,0.87
133,1990,9.35,2.67,42.2,51.8,60.1,42.6,88.6,85.1,86.33,1.76,1.62,1.38,1.59,0.12,-0.22,0,1.92
133,1991,5.83,11.88,48.4,61.4,57.7,46.8,89,88.2,88.07,-2.12,-1.95,-1.95,-2.01,-0.14,-0.6,-1.05,-1.46
133,1992,5.79,5.77,44.5,51.9,55.5,43.9,87.7,82.7,84.13,-1.38,-1.22,-1.58,-1.39,0.07,-1.46,-0.76,-1.22
133,1993,9.51,9.45,41.9,54.1,55.1,43.8,89.3,88.1,86.87,2.3,2.99,3.46,2.92,2.77,2.34,2.49,1.69
133,1994,6.01,8.49,44.3,50.9,55.3,47.8,87.2,85.9,86.5,4.46,3.52,2.79,3.59,-1.44,-1.1,-0.66,4.77
133,1995,8.75,8.01,42.3,53.5,54.1,45.7,88.4,91.8,87.87,3.72,0.05,-0.21,1.19,0.14,-0.62,0.65,3.24
133,1996,6.7,5.24,40.9,57.5,55,45.1,86,87,85.6,1.84,1.76,1.41,1.67,0.34,-0.52,0.21,1.75
133,1997,11.22,7.25,39.4,49,57.6,46.9,89.7,84.5,85.07,2.49,2.03,2.29,2.27,-0.62,1.43,0.85,2.13
133,1998,12.34,4.77,44.3,60.5,63.2,47.9,86.5,87.3,86.17,2.09,3.35,4.08,3.17,4.41,3.24,3.64,1.11
133,1999,12.31,4.44,48.7,53.8,54.4,44.2,91.9,86.6,87.53,-0.12,-0.48,-0.7,-0.43,-1.12,-0.83,-0.5,-0.29
133,2000,6.75,3.81,41.7,58,55.8,49.4,85.6,89,85.97,1.8,2.46,2.62,2.29,2.54,1.24,2.72,0.38
133,2001,5.82,5.41,50.6,56.6,55,45.8,88.6,89.4,87.27,0.27,0.95,0.72,0.65,2.14,-0.4,0.85,-1.26
133,2002,8.6,7.58,47,51.4,59.8,45.6,91.2,87.8,88.5,-0.27,-1.24,-1.73,-1.08,-3,-1.86,-1.89,1.98
133,2003,5.13,3.29,45.5,53.5,54.4,46,88.3,89.6,85.93,1.82,-0.18,-0.65,0.33,-0.55,-1.45,0.69,0.52
133,2004,7.03,8.51,45.4,59.2,56.2,49.2,84.8,82.4,83.27,1.03,1.95,2.42,1.8,3.09,2.01,1.82,1.02
133,2005,10.66,8.48,46.7,51.8,61.5,46.7,89.1,88.9,88.73,-1.8,-1.37,-1.4,-1.52,0.75,-0.52,-0.79,-1.04
133,2006,8.78,5.63,48.6,54.9,55.2,43.5,90.4,89.3,88.5,-1.11,-1.54,-1.44,-1.36,-1.61,-0.19,-0.67,-1.16
133,2007,8.01,6.62,41.9,59.3,60.6,50.1,87.2,95.2,89.43,-1.14,-1.53,-2.54,-1.74,-1.53,-3.48,-2.11,-0.78
133,2008,15.21,5.42,43,51.2,58.7,45.6,87.8,85.4,86.5,3.15,3.72,3.27,3.38,2.68,-0.21,0.43,3.96
133,2009,6.05,5.06,45.1,55.2,58.2,44.2,83.2,84.6,84.67,2.17,2.63,2.66,2.49,2.05,0.9,1.18,2.19
133,2010,6.49,6.63,49.4,56.7,58.7,45.4,90.5,90.8,90.17,0.05,0.36,0.12,0.18,0.96,-0.63,-0.04,0.22
133,2011,10.21,6.18,47.8,55.4,55.2,45.6,93.6,90.2,90.27,3.22,3.07,-0.5,1.93,0.53,-1.5,0.51,2.67
133,2012,6.46,8.5,47.2,59.3,57.2,46.2,97.9,90.5,92.67,-2.67,-3.48,-3.7,-3.28,-3.26,-1.74,-2.69,-1.83
133,2013,12.47,3.68,44.1,55.8,59.9,46.6,85.8,86.7,86.1,3.21,2.98,-0.65,1.85,0.29,-1.96,0.1,2.86
133,2014,4.14,4.9,46.4,57.2,56.1,47.9,85.1,88.6,86.37,0.49,0.15,0.68,0.44,-0.88,1.62,0.35,0.44
133,2015,7.4,5.91,47.8,57.8,61.6,48.2,87.7,85.4,85.77,2.71,3.2,3.42,3.11,2.31,1.64,3.18,0.94
133,2016,5.51,15.54,46.8,54.5,62.7,53.2,89,87.5,88.77,1.05,1.35,2.82,1.74,1.21,4.82,1.27,2
133,2017,6.47,2.79,50,55.6,59,50.6,92.2,85.3,88.1,-0.47,-0.85,-1.26,-0.86,-1.29,-1.48,-1.39,2.74
133,2018,15.1,3.01,38.8,62.8,64.1,48.5,89.2,87.6,88.73,1.46,1.57,2.05,1.69,0.78,1.93,0.98,1.53
133,2019,12.59,7.69,46.4,58,65.6,46.9,89.2,86.8,86.3,4.26,4.28,4.2,4.25,1.39,1.08,1.27,4.25
133,2020,12.73,5.62,42.5,53.9,58.1,43.7,89.9,84.9,87.3,3.03,3.74,3.89,3.55,3.06,1.61,1.2,3.78
133,2021,9.13,6.37,44.8,53,59.8,53.4,87.4,88.7,87.43,-0.74,-0.5,-0.51,-0.58,0.49,-0.17,-0.26,-0.42
133,2022,11.41,3.35,43.9,57.6,57.6,42.8,91.7,87.9,89.2,-0.65,-0.29,-0.19,-0.38,0.88,0.22,-0.29,1.71
133,2023,10.62,4.69,44.1,55.2,58.6,48.4,90.1,86.7,87.87,-1.71,-1.61,-1.41,-1.58,-0.22,0.1,-0.7,-1.17
133,2024,7.27,2.64,48.4,60.3,59.8,45.8,85.7,86.7,86.67,0.26,2.06,1.67,1.33,5.49,-0.53,1.4,0.57
133,2025,4.14,9.99,48,54.9,58.8,51.6,90.3,86.7,87.33,0.04,0.11,-0.54,-0.13,0.22,-1.61,-0.42,0.01
135,1980,6.11,4,41.1,53.4,56.8,40.4,90.9,89.6,88.17,-2.63,-2.52,-1.99,-2.38,-0.5,0.82,-0.18,-2.62
135,1981,4.53,1.66,48.4,48.4,54.2,43.8,85.6,82.9,84.1,0.72,2.16,2.98,1.95,4.55,3.11,2.62,0.73
135,1982,10.25,3.95,38.5,58,55.4,43.6,85.9,82.6,82.2,2.37,3.51,3.52,3.13,4.14,1.11,2.35,1.98
135,1983,5.59,10.03,39.7,50.3,54.4,45.4,91,92.6,89.17,4.05,3.01,1.8,2.95,-1.88,-2.7,-1.16,4.1
135,1984,7.72,11.28,43.9,50,53.6,50.1,86.3,87.7,86.9,-0.78,-1.42,-2.04,-1.41,-2.16,-2.29,-2.26,3.38
135,1985,10.52,7.74,46.5,54,55.6,47.1,85.9,81,82.23,1.97,1.65,2.32,1.98,-0.33,2.51,1.23,1.63
135,1986,3.3,13.39,44.5,55,59.1,46.6,88.2,82.2,85.33,-2.38,1.23,0.73,-0.14,3.68,-1.1,0.59,-2.35
135,1987,4.26,3.09,41,57.2,55.2,37.7,87.6,86.6,87.13,-2.9,-2.97,-2.85,-2.91,-1.11,-0.54,-1.37,-2.32
135,1988,9.5,10.53,40.4,51,55.7,37.9,89.6,90.5,89.27,-2.56,-2.67,-3.36,-2.86,-1.13,-2.9,-2.39,-1.69
135,1989,6.83,10,41.5,49.2,53.2,45.5,86,84.3,84.2,-1.44,-1.67,-1.66,-1.59,-1.14,-0.49,-1.17,-0.9
135,1990,8.04,2.08,40.2,50.7,57.8,41.6,85.6,83.6,84.07,2.35,2,1.48,1.94,-0.31,-0.94,0.23,1.9
135,1991,5.9,10.87,47.7,60.2,56.5,45.9,87.2,87.7,87.17,-1.21,-1.44,-1.95,-1.53,-1.06,-1.96,-1.54,-0.76
135,1992,5.64,4.27,41.7,50.8,54,42.8,84.8,81.2,82.5,-2.59,0.64,-0.42,-0.79,1.91,-1.27,-0.4,-2.21
135,1993,8.97,10.39,41.6,53.3,53.4,41.1,87.3,86.1,85.43,1.6,2.11,2.55,2.09,2.04,1.97,1.31,1.81
135,1994,4.18,6.19,42.6,48.9,53.5,45.9,85.1,84,85.13,3.28,2.56,2.01,2.62,-1.14,-0.84,-0.59,3.57
135,1995,8.47,7.35,40,51.7,51.8,43.5,87.7,89.8,86.9,-0.04,-0.08,-0.18,-0.1,-0.13,-0.32,-0.19,2.46
135,1996,5.98,3.7,38,53.8,53.1,43.3,84.2,85.5,84.13,-0.18,-0.12,-0.27,-0.19,0.12,-0.5,-0.3,1.8
135,1997,9.94,6.25,37.5,48.1,55.9,44.3,87.6,82.7,83.5,-0.93,-1.35,-1.02,-1.1,-1.54,0.56,-0.79,-0.53
135,1998,10.5,5.25,43.2,58.5,60.4,46.4,85.6,85.5,84.7,1.75,1.67,1.77,1.73,0.29,0.84,1.33,0.89
135,1999,8.57,3.7,46,53.3,51.8,42.9,89.7,84.5,85.67,-0.14,-0.51,-0.81,-0.49,-1.15,-1.04,-0.49,-0.43
135,2000,5.86,2.91,40.8,56,54.4,47.8,83.2,85.4,83.27,0.96,1.59,2.46,1.67,2.19,3.11,2.68,0.06
135,2001,5.16,5.11,47.5,54.8,53.2,44.3,86.8,86.8,84.77,-1.29,0.08,0.35,-0.29,0.24,0.84,0.29,-1.36
135,2002,9.21,5.95,44.6,49.6,57.1,43.1,89.1,85.9,86.9,-0.14,-0.49,-0.57,-0.4,-1.1,-0.4,-0.64,4.54
135,2003,4.64,2.89,44.2,51.6,52.6,43.4,86.3,86.5,83.73,0.62,1.07,0.96,0.88,1.54,0.01,0.77,0.41
135,2004,8.62,7.96,44.3,57.7,54.6,46.4,83.2,80.1,81.47,1.75,2.05,2.21,2,1.47,1.09,0.42,2.43
135,2005,11.23,7.89,45.3,49.9,59.2,45.2,87.2,87.6,87.03,-2.03,-2.06,-2.46,-2.18,-0.72,-1.84,-1.47,-1.58
135,2006,7,5.36,45.7,53.5,54,41.4,88.6,86.4,86.17,-2.45,-2.76,-2.52,-2.58,-1.71,-0.13,-1.1,-2.18
135,2007,7.73,6.38,40.1,57.4,57.7,48.9,84.6,92.5,87.07,-1.23,-1.71,-2.44,-1.79,-1.81,-2.73,-1.54,-1.35
135,2008,12.42,4.54,41.3,49.2,56.9,44.4,85.8,82.9,84.43,2.3,3.27,2.75,2.77,3.63,-0.54,1.15,2.43
135,2009,6.14,6.2,42.9,53.8,55.6,42.7,81,82.3,82.33,3.41,3.33,3.24,3.33,0.81,0.78,0.79,3.51
135,2010,5.64,7.61,47.5,55.3,56.8,43.3,87.6,88.6,87.57,3.86,4.8,4.73,4.46,4.03,1.25,3.01,2.91
135,2011,7.55,6.35,44.7,53.2,52.8,43,91.3,87.9,87.83,5.19,0.01,-0.84,1.45,0.04,-2.51,0.75,4.02
135,2012,6.59,8.21,43.5,57.2,54.2,43.4,96.4,88.8,90.33,-1.97,-3.22,-3.05,-2.75,-4.37,-0.48,-2.41,-1.31
135,2013,8.98,3.7,41.3,54.5,57.2,44.6,83.7,84.5,83.77,3.3,3.15,-0.66,1.93,0.57,-1.99,-0.2,3.37
135,2014,6.05,4.08,43.1,54.3,53.9,45.6,82.4,84.5,83.7,-0.1,-0.44,0.71,0.06,-1.07,2.12,0.6,-0.38
135,2015,5.32,4.29,44.2,55.9,58.7,43.5,84.6,83.5,83.5,2.87,2.76,2.87,2.83,0.57,1.18,1.81,1.83
135,2016,4.33,15.16,43.4,52,59.8,51,84.7,85,85.73,0.99,2.09,2.78,1.95,3.62,2.71,1.46,1.83
135,2017,4.74,4,46.4,52.3,56.2,48.3,88.5,82.9,85.43,1.04,1.45,-0.29,0.73,1.56,-0.86,-0.08,1.51
135,2018,11.71,2.35,34.9,60.6,59.9,44.8,85.3,84.4,85.43,1,1.29,1.96,1.42,1.19,2.39,1.54,0.72
135,2019,11.01,5.4,43,54.2,61.6,43.5,87.1,83.6,84.1,3.14,2.72,3.67,3.18,-0.28,3.68,1.46,3.14
135,2020,12.02,4.66,39.4,51.5,55.1,39.7,87.1,83.8,85.63,2.64,3.29,2.84,2.92,2.75,-0.31,0.27,3.55
135,2021,8.83,5.05,42.6,51.1,57.8,51.9,84.4,85.7,85.13,1.22,2.45,2.71,2.13,4.05,1.55,2.21,0.98
135,2022,9.32,3.44,41.2,55.4,56.2,40.3,87,85,86.13,1.16,2.38,2.74,2.09,4.03,1.81,1.6,1.67
135,2023,10.2,4.05,42.8,54.1,56.4,46.4,87.3,85.8,86.17,-0.7,-0.87,-0.28,-0.62,-0.71,1.49,0.1,-0.61
135,2024,6.43,3.64,46,58.2,57,44.3,85.2,85.4,85.73,0.01,1.11,-0.34,0.26,3.32,-1.03,0.01,0.84
135,2025,4.7,9.42,43.3,51.8,56,48.7,88.5,84.6,85.77,-0.65,0.93,-0.88,-0.2,2.8,-2.63,-0.39,-0.23
137,1980,6.15,4.75,40.2,51.7,56.6,40.1,91.4,89.1,88.03,-2.85,0.08,0.7,-0.69,0.23,1.9,0.46,-2.9
137,1981,3.91,2.7,47.6,48.2,54.4,42.8,85.1,82.6,83.67,1.52,3.53,3.8,2.95,6.48,1.91,3.41,1.01
137,1982,8.92,3.49,37,57.6,55.6,43.8,85.6,82.2,81.83,2.42,2.81,3.06,2.76,1.92,1.6,1.58,2.24
137,1983,4.59,12.39,39.8,48.5,54.7,45.4,91.9,93.2,89.7,-0.43,-1.2,-2.32,-1.32,-2.44,-3.73,-2.49,4.27
137,1984,6.86,9.08,42.6,48.5,53.7,48.9,85.8,87.5,86.27,1.83,1.68,0.97,1.49,0.11,-1.62,-0.95,2.54
137,1985,9.8,7.47,46.1,53.7,56.4,46.8,85.6,80.1,81.67,1.38,1.49,2.54,1.8,0.74,3.62,1.61,1.36
137,1986,2.87,13.74,44.5,53.8,58.7,45.5,88,82.5,85.2,1.3,2.25,1.8,1.78,3.24,-0.64,1.22,1.05
137,1987,4.17,3.78,41.3,56.3,53.9,36.6,88.8,87.3,87.7,-2.11,-2.52,-2.37,-2.33,-1.87,-0.33,-1.25,-1.78
137,1988,7.04,8.45,39.4,51,55,38.6,89.9,90.4,89.13,-2.96,-3.4,-3.87,-3.41,-2.25,-2.47,-2.56,-2.2
137,1989,3.96,7.56,41.2,48.1,52.5,45,86.7,83.9,84.1,-2.42,-2.29,-2.45,-2.39,-0.36,-1.2,-1.08,-2.07
137,1990,10.44,1.33,39.9,50.2,58.2,40.6,85.4,83.5,83.9,2.59,2.44,2.37,2.47,0.35,0.54,1.33,1.73
137,1991,5.19,8.96,45.9,59.4,55.8,44.8,86.8,86.1,86.43,-0.7,-0.94,-0.79,-0.81,-0.92,0.15,-0.96,2.42
137,1992,4.83,4.94,40.2,49.3,52.7,40.6,84.3,80.9,82.3,-2.04,-1.22,-1.57,-1.61,1.83,-1.44,-0.79,-1.24
137,1993,8.6,10.91,39.4,51.9,52.4,41,85.5,85.8,84.2,2.66,4.32,4.78,3.92,5.79,2.74,3.62,2.1
137,1994,3.73,4.81,41.1,48.6,54,45.9,85.1,83.4,84.6,3.54,2.73,2.53,2.93,-1.32,0.23,-0.53,4.13
137,1995,6.67,8.72,38.6,50.2,51.1,42.9,87.3,89.2,86.4,-0.27,-0.59,0.75,-0.04,-1.05,2.24,0.13,2.61
137,1996,5.03,2.13,35.8,53,51.6,43.3,84.2,85.2,83.93,-0.46,-0.7,-1.09,-0.75,-0.87,-1.39,-1.21,1.23
137,1997,8.11,3.53,35.7,47.2,54.8,43.3,87.5,82.4,83.6,-1.66,-2.28,-1.84,-1.93,-2.37,0.62,-0.91,-1.49
137,1998,10.97,5.62,42.8,57.7,60.4,45,85.7,86.1,84.5,3.21,-0.35,-0.8,0.69,-1.06,-1.46,1.04,1.48
137,1999,6.63,4.17,45.2,53,50.2,41,90.1,84.2,85.6,-0.45,-0.94,-0.85,-0.75,-1.62,-0.03,-0.72,-0.31
137,2000,4.78,2.74,39.4,54.8,54.2,46.9,83.6,86,83.4,1.32,1.64,1.71,1.56,1.37,0.72,2.02,-4.62
137,2001,7.49,3.53,46.1,54.4,52.9,43.4,87.3,86.6,84.77,1.17,0.78,1.19,1.05,-0.82,1.48,0.8,0.66
137,2002,5.92,4.53,42.3,49,55.5,41.7,88.7,84.9,86.07,2.55,2.11,2.81,2.49,-0.56,2.75,0.63,2.96
137,2003,4.65,2.6,42.3,50.9,51.3,42.2,85.5,86.4,83.6,0.24,0.84,0.6,0.56,1.87,-0.46,0.65,0.07
137,2004,5.97,5.76,42.6,56,53.4,44.8,82.9,79.9,81.03,-0.84,0.29,1.03,0.16,0.87,2.3,0.76,-0.61
137,2005,8.61,6.53,44.4,49.1,58.4,44,89.3,87.2,87.93,-2.59,-3.32,-3.24,-3.05,-2.97,-0.79,-2.25,-1.78
137,2006,7.07,4.88,44.6,52.8,52.8,40.5,89,86,86.2,-3.88,-3.43,-3.05,-3.45,0.17,0.07,-0.46,-3.72
137,2007,6.67,5.55,39.3,57,55.8,48.2,85.2,92.3,87.1,-1.87,-2.38,-3.01,-2.42,-2.11,-2.63,-1.59,-2.07
137,2008,10.66,5.74,40.9,47.8,56,43.5,84.9,82.9,83.93,2.3,3.38,3.41,3.03,3.94,1.15,2.42,1.76
137,2009,5.95,4.67,41.3,52.3,54.2,41.3,80.5,81.3,81.9,3.4,3.24,3.82,3.49,0.58,2.74,1.42,3.44
137,2010,6.29,8.16,46.6,53.5,56.2,42.4,87.5,87.9,87,5.6,6.64,6.32,6.19,4.84,1.1,3.27,4.81
137,2011,6.97,3.4,42.6,51.7,52.2,42.4,90.9,88.1,87.27,4.94,-0.58,-1.62,0.91,-1.75,-3.3,0.38,3.2
137,2012,4.96,7.12,43,56.1,53.2,43,95.2,88.3,89.5,-3.41,-4.47,-4.79,-4.22,-4.22,-2.34,-3.03,-2.87
137,2013,9.79,3.52,39.8,53.3,56.2,42.7,84,83.8,83.4,4.02,3.95,-0.8,2.39,1.03,-2.39,-0.39,4.41
137,2014,5.06,3.67,41.2,53.4,53.3,44.5,81.7,83.7,82.93,1.36,1.12,1.85,1.44,-0.31,2.52,2.1,-1.21
137,2015,4.22,2.9,42.8,55.3,58.9,43.7,83.7,83.2,82.67,2.96,4.05,3.73,3.58,4.18,0.29,3.42,1.15
137,2016,4.47,12.45,43.2,53.3,60.2,49.7,85,85.1,86.03,-2.05,1.42,2.06,0.48,4.27,2.35,1.24,-1.21
137,2017,6.04,3.27,46.1,51.8,55.6,48,88.9,82.7,85.47,-0.62,-0.9,-1.18,-0.9,-1.02,-1.13,-1.34,1.46
137,2018,9.7,1.48,33.4,60.2,59.3,43.3,86.5,85.5,86.43,-1.02,0.13,1.54,0.22,0.39,4.28,1.08,-0.6
137,2019,10.41,5.96,41.6,53.6,61.5,43.2,88.6,83.5,84.43,4.16,3.3,3.41,3.62,-1.29,1.36,0.67,3.92
137,2020,11.22,3.61,38.4,51.3,53.8,40.2,86.9,83.7,85.43,-0.5,-0.04,-0.54,-0.36,1.24,-1.52,-0.59,3.97
137,2021,8.88,2.81,41.3,51.2,57.2,51,84.3,86,85.1,1.69,2.05,2.39,2.04,1.62,1.65,2.15,0.7
137,2022,8.84,2.3,39.5,54.7,55.2,38.9,86,84.6,85.27,2.33,2.9,2.66,2.63,2.42,0.18,1.12,2.31
137,2023,7.84,3.85,39.9,51.7,55.8,45.5,86.7,84.2,85.4,-1.26,-1.16,-0.57,-1,-0.09,1.42,-0.2,-0.68
137,2024,8.28,4.57,43.1,56.7,55.2,43.2,84.4,85.2,85.3,-0.82,-0.33,-0.16,-0.44,1.23,0.4,-0.06,-0.25
137,2025,4.21,7.94,42.8,51.2,54.8,49.1,88.1,84.4,85.5,-1.21,0.64,-0.42,-0.33,1.92,-1.25,-0.08,-1.02
139,1980,6.31,4.31,39.5,52.9,56.3,39.3,90.5,88.5,87.13,-1.82,-2.01,-1.52,-1.78,-1.12,0.85,-0.2,-1.9
139,1981,3.68,2.18,46.6,48,53.7,42.5,84.6,81.5,83.27,0.98,1.46,3.16,1.87,1.75,5.53,2.29,1.25
139,1982,10.19,3.45,37.1,56.7,54.6,43.3,85.2,81.8,81.47,1.94,1.76,1.89,1.86,0.04,0.95,0.68,1.78
139,1983,4.53,8.33,38.7,49.2,54.7,45.5,90.2,90.6,88.23,2.4,-0.17,-0.86,0.46,-0.51,-2.11,-0.31,2.04
139,1984,6.7,9.91,41.7,48.5,53.3,49.4,85.6,87.9,86.87,-1.13,-1.5,-2.42,-1.68,-1.46,-3.23,-2.69,2.73
139,1985,10.81,7.44,45.8,53.1,55.4,47.7,85.1,80.4,81.83,1.18,0.95,1.84,1.32,-0.32,2.97,1.36,0.77
139,1986,4.11,13.1,43.1,53.9,58.8,45.4,87.9,81.7,84.9,-1.67,0.95,0.32,-0.13,2.85,-1.58,0.27,-1.69
139,1987,3.39,3.46,40.8,56.5,54.7,36.8,86.2,85,85.83,-2.66,-1.57,-1.7,-1.98,2.45,-0.86,0.15,-2.54
139,1988,7.23,10.52,40.2,51.3,55.4,37,90.5,90.1,89.8,-2.78,-3.15,-3.98,-3.3,-1.97,-3.48,-3.12,-1.64
139,1989,5.59,8.76,41.4,49.1,52.2,44.2,85.5,84.1,84.03,-1.65,-2,-1.98,-1.88,-1.55,-0.56,-1.33,-1.15
139,1990,7.92,2.33,39.9,50.2,57.4,41.2,84.7,82.8,83.3,1.62,1.34,1.42,1.46,-0.33,0.65,0.66,1.19
139,1991,6.1,10.85,46.5,59.7,55.5,45.9,87.4,86.6,86.93,-2.21,-2.63,-2.65,-2.5,-1.94,-0.87,-1.96,-1.32
139,1992,4.89,4.63,41,50,53.8,42.8,82.9,79.9,81.3,-2.88,2.39,2,0.5,7.17,-0.45,1.65,-2.56
139,1993,7.95,10.72,40.4,53.3,52.7,41,86.4,84.9,84.37,1.35,2.17,2.39,1.97,2.9,1.33,1.12,1.83
139,1994,4.2,6.83,41.8,48.6,53.3,45.3,85,82.6,84.5,-0.66,-0.68,-0.53,-0.62,-0.27,0.23,-0.24,-0.48
139,1995,6.06,7.06,40,51.3,51.6,43.2,87.4,89.3,86.77,-0.39,-0.75,-0.94,-0.69,-1.2,-0.79,-1.05,1.18
139,1996,5.06,3.67,37.6,53.2,53.5,43.7,84.7,85.5,84.17,-0.18,-0.67,-1.07,-0.64,-1.52,-1.41,-1.15,2.22
139,1997,9.71,5.89,36.3,47.2,55.1,43.6,86.8,81.2,82.7,-0.76,-1.24,-0.87,-0.96,-1.69,0.74,-0.54,-0.6
139,1998,10.6,4.4,43.4,57.9,60.2,46.2,84.5,84.7,83.73,2.67,-0.07,-0.1,0.83,-0.2,-0.13,1.27,1.44
139,1999,8.19,3.82,44.7,53.8,51.8,42.7,89.3,84.4,85.3,-0.04,-0.8,-0.93,-0.59,-2.3,-0.63,-0.36,-0.73
139,2000,5.24,3.16,39.4,54.5,53.7,46.6,82.8,84.3,82.7,0.81,1.19,1.85,1.28,1.39,2.35,2.06,-4.06
139,2001,5.38,5.37,46.9,53.8,52.9,43.6,86.6,86.1,84.4,0.12,0.21,0.46,0.26,0.32,0.8,0.49,-1.25
139,2002,8.39,4.9,43.3,48.5,57.3,42.4,89.6,85.8,86.67,-0.36,-0.91,-1.43,-0.9,-1.77,-1.84,-1.56,4.07
139,2003,3.91,2.99,42.4,51.3,53,43.1,86,86.5,83.8,0.15,0.37,0.31,0.28,0.7,-0.05,-0.05,0.46
139,2004,8.55,7.44,42.8,56.7,55.6,45.7,82.2,80.1,81.03,-0.75,0.33,1.05,0.21,0.99,2.26,0.78,-0.49
139,2005,10.27,7.2,44.3,49,59.2,45.1,87,86,86.27,-2.21,-2.43,-2.57,-2.4,-1.35,-1.18,-1.67,-1.54
139,2006,7.51,4.98,44.7,52.4,53.1,40.4,87.5,84.6,85.07,-1.99,-1.86,-1.74,-1.86,-0.22,-0.24,-0.62,-1.7
139,2007,8.58,6.86,39.2,56.8,57.9,49.3,83.6,89.8,86.13,-1.36,-1.38,-1.75,-1.5,-0.48,-1.54,-0.74,-1.44
139,2008,11.36,5.4,41.4,48.8,57.1,43.7,84.5,82.8,83.97,2.28,3.86,3,3.05,5.45,-1.41,2.13,1.67
139,2009,5.57,6.77,42.4,52.9,55.6,42.3,80.1,81.4,81.73,3.91,4.09,4,4,1.76,0.99,1.26,3.97
139,2010,5.81,8.91,46.8,54.8,55.7,43.2,87.2,88.9,87,3.31,3.86,3.34,3.5,2.67,-0.37,1.96,2.37
139,2011,6.98,6.35,43.8,53,53.4,43.2,89.8,87,86.67,3.39,-0.66,-1.65,0.36,-1.97,-3.18,-1.25,3.25
139,2012,5.14,8.6,42.4,56.6,53.4,42.4,94.9,87.3,89.07,-3.28,-4.38,-4.28,-3.98,-4.32,-1.04,-2.8,-2.53
139,2013,8.02,3.75,40,54.2,56.3,43.6,81.7,83,82.1,2.92,2.75,-0.75,1.64,0.39,-2.26,-0.19,2.77
139,2014,5.49,4.12,42.2,53.5,52.8,44.1,80.4,82.4,81.9,0.8,0.91,0.95,0.89,0.6,0.38,1.12,-1.69
139,2015,4.54,3.91,42.8,55.4,58.3,44.5,83.1,83,82.3,1.21,1.14,-0.01,0.78,0.17,-0.04,1.25,-0.94
139,2016,5.32,13.59,41.6,51.5,60.1,49.6,84.4,84.7,85.13,-1.07,0.51,1.05,0.16,1.53,1.78,0.56,-0.58
139,2017,4.7,4.4,45.9,52.5,56.1,48.5,87,81.8,84.43,-0.6,-0.25,-0.88,-0.58,0.86,-1.97,-0.97,1.22
139,2018,9.79,2.95,34,60.7,60.3,44,84.2,83.8,84.5,0.99,1.44,1.46,1.3,1.68,0.48,1.17,0.6
139,2019,9.37,5.91,42.6,53.9,60.9,44.2,87.2,82.8,83.8,2.51,2.04,2.61,2.39,-0.64,2.34,1.12,2.18
139,2020,11.84,4.37,38.2,51,54.6,40.7,86.7,82.8,84.77,3.04,3.52,-0.47,2.03,2.38,-1.41,0.2,3.53
139,2021,8.56,4.18,41.6,50.4,58.1,51.5,84,86.3,84.83,1.1,1.41,1.68,1.4,1.28,1.23,1.51,0.47
139,2022,10.08,4.13,39.8,55.3,55.9,40.7,85.5,83.4,84.9,-1.45,-1.14,-0.2,-0.93,0.48,2.46,0.01,-0.54
139,2023,9,3.8,40.5,52.6,56.6,45.9,85.8,83.7,84.5,-1.49,-1.3,-1.21,-1.33,0.11,-0.14,-0.54,-1.07
139,2024,7.85,3.17,44.4,56.9,56.4,44.2,83.4,83.6,84.1,-1.97,-0.75,-0.74,-1.15,3.03,-0.18,0.03,-1.17
139,2025,3.92,7.35,42.5,51.9,55.6,47.5,87.7,84.3,85.4,-1.56,-0.89,-1.7,-1.38,1.54,-2.72,-0.83,-1.26
141,1980,2.89,4.94,36.6,48,53.2,36.3,85.8,82.8,82.13,0.21,0.24,1.19,0.55,0.17,2.92,1.24,-0.95
141,1981,2.91,2.95,40.8,44.8,50.4,38.4,81.5,79.8,80.5,1.02,-0.64,1.65,0.68,-1.92,4.96,1.74,0.33
141,1982,4.99,2.56,32.2,54.4,50.6,40.4,83,79,79.47,1.17,2.82,2.21,2.07,5.3,-0.95,1.6,1.14
141,1983,4.71,8.71,34.6,45.3,51,42.2,87.9,87.6,85.63,-0.65,-0.66,-1.21,-0.84,-0.22,-1.87,-1.35,3.18
141,1984,4.01,6.85,38.7,44.9,49.9,43.5,82.7,85.5,83.47,-0.27,-0.45,-1.15,-0.62,-0.6,-2.27,-1.23,0.99
141,1985,7.44,5.6,42.7,49,52.9,40.7,83.3,78.3,79.83,-1.46,-1.34,-1.26,-1.35,-0.09,-0.17,-0.36,-1.32
141,1986,3.69,8.92,39.2,50.3,54.9,40.5,84.8,78.1,80.93,1.86,1.95,1.4,1.74,0.86,-1.04,0.21,1.77
141,1987,3.33,1.89,38.3,50.9,51.3,33.4,86.2,79.8,83.3,-1.54,-1.44,2.78,-0.07,-0.2,8.33,2.23,-1.18
141,1988,4.55,7.49,35.8,48,51.4,34,89.1,87.8,87.57,-2.8,-3.79,-4.36,-3.65,-3.83,-2.9,-3.8,-1.39
141,1989,3.64,5.68,35.5,45.5,48.6,39.1,84.8,80,81.27,-4.18,1.04,1.49,-0.55,3.11,1.7,1.21,-4.22
141,1990,6.21,1.56,37.1,45.8,53.5,36.9,81.1,80,80.33,2.99,3.09,3.72,3.27,1.25,2.82,3.15,1.33
141,1991,6.74,5.7,40.6,55,50.5,39.7,85.4,84.2,84.53,-1.23,-2.24,-2.96,-2.14,-3.42,-2.84,-2.7,-0.68
141,1992,4.01,6.16,36.3,45.3,50,37.9,77.2,76.1,77.27,-2.29,0.78,0.25,-0.42,2.35,-1.36,-0.89,-1.2
141,1993,6.93,8.55,35.2,49.5,48.7,36.8,81.7,81.2,80,4.95,4.58,4.52,4.68,0.41,1.22,3.14,2.63
141,1994,5.32,2.72,38.2,46.2,53.5,42.8,81,77.6,80.6,1.17,0.71,1.62,1.17,-1,2.93,1.15,0.74
141,1995,3.84,6.2,34.4,47,48.1,39.3,85.2,86.3,84.8,-0.73,-1.02,-1.28,-1.01,-1.09,-1.1,-1.46,3.03
141,1996,2.76,4.34,32.8,46.2,51,40,80,81.2,79.97,3.34,4.07,4.01,3.81,3.21,1.07,2.18,2.89
141,1997,6.53,2.87,33.6,42.4,51.7,40.8,83.5,78.4,80.77,-0.27,-1.02,-0.73,-0.67,-2.33,0.55,-0.81,-0.05
141,1998,7.85,3.16,39.3,53.5,54.7,42.5,83,82.3,81.17,1.95,1.49,1.65,1.7,-0.76,0.94,0.82,1.32
141,1999,5.17,3,40.4,51,47.5,37.9,87,79.2,82.27,2.73,-0.2,-0.36,0.72,-0.6,-0.54,0.35,2.22
141,2000,4.52,2.77,36.1,51.5,52.3,43.2,81,81.9,80,3.11,3.16,2.69,2.99,1.13,-0.44,2.26,1.2
141,2001,6.46,4.45,41.2,51.3,50.1,40.6,85.6,83,82.23,-0.7,-1.19,-1.2,-1.03,-1.7,-0.37,-0.99,-0.45
141,2002,4.6,2.92,38.7,44.7,53.5,39.4,87.2,83.7,84.37,2.12,-0.64,-0.14,0.45,-1.92,1.31,0.72,1.33
141,2003,2.11,1.35,36.5,46.8,50.1,38.3,83.2,85.9,82.5,-2.41,-1.84,-2.75,-2.33,0.98,-3.3,-1.34,-2.06
141,2004,6.22,6.8,37.8,49.8,52.2,41.6,80.5,76.4,78.33,1.54,1.53,1.96,1.68,0.44,1.77,0.82,1.62
141,2005,5.32,3.97,40,45,55.9,41.8,85.7,83.5,85.07,-2.84,-3.48,-3.35,-3.22,-2.82,-0.69,-2.44,-1.75
141,2006,7.42,3.92,40.1,49,50.1,37.6,85.1,82,82.2,-0.36,-0.21,-0.49,-0.35,0.34,-0.9,-0.4,-0.17
141,2007,5.96,5.63,35.8,51.2,52.4,46.7,82.8,82.7,82.2,-1.03,1.13,3.03,1.04,3.38,6.06,3.03,-1.01
141,2008,7.92,3.99,38.8,43.9,53.8,40,82.8,80.9,81.43,3.25,4.15,3.49,3.63,3.72,-0.71,1.32,3.26
141,2009,8.92,6.37,36,47.9,51.6,39.2,76.7,77.3,77.7,6.54,6.47,6.99,6.67,1.8,3.56,3.43,5.46
141,2010,3.61,5.38,42.1,50.5,52.2,39.5,85,84,83.2,4.42,5.35,5.05,4.94,4.16,0.75,2.82,3.61
141,2011,6.02,3.29,38,48.2,50.4,40.3,88,82.1,83.37,2.85,3.61,3.67,3.38,3.18,1.3,1.25,3.45
141,2012,4.78,6.57,38,52.1,48.1,38,91,83.5,86.13,-2.6,-3.43,-3.79,-3.27,-3.29,-2.13,-2.87,-1.72
141,2013,8.14,2.92,35.3,50.2,52.6,40.1,82,82.1,81.03,3.36,-0.55,-0.95,0.62,-1.66,-1.38,0.06,2.56
141,2014,4.72,3.45,35.7,48.6,49.6,39.7,79,81.3,80.33,1.87,1.85,1.82,1.85,0.49,0.49,2.2,-0.6
141,2015,3.18,2.6,37.7,51,57.7,42.9,81.2,80.1,79.9,2.35,2.22,2.13,2.23,0.34,0.4,1.93,0.74
141,2016,5.04,10.61,38,48.7,58.2,46.2,83.2,83.3,82.97,2.18,2.81,3.82,2.94,2.57,3.9,2.23,2.34
141,2017,7.26,4.66,41.6,46.9,52.6,45.7,83.1,78.7,81.47,3.65,5.53,4.53,4.57,6.78,-1.3,1.96,3.92
141,2018,6.3,1.68,28.6,53.9,55.9,39.7,83.5,82.5,82.47,4.2,3.61,4,3.94,-0.46,2.28,2.66,2.39
141,2019,8.68,4.9,37.6,47.8,58.9,39.9,86.7,80.9,82.17,5.84,5,4.73,5.19,-0.72,0.75,0.02,6.5
141,2020,7.72,3.65,35.7,48.3,51.3,37.2,86.2,83.9,84.77,-0.25,-0.36,-1.38,-0.66,-0.41,-3.15,-1.44,5.03
141,2021,4.34,4.02,39.3,48.8,54.5,48.1,82.4,85.2,84.1,-1.77,-2.19,-2.82,-2.26,-1.82,-2.57,-2.17,-1.18
141,2022,4.75,2.67,35.5,52.4,54.2,38.2,82.9,80.8,82.13,-0.83,0.47,1.44,0.36,1.4,3.05,0.93,-0.31
141,2023,8.3,4.1,36.3,48,56,43,83.4,81.1,82.27,-1.57,-1.19,-1.81,-1.52,0.67,-2.24,-1.5,-0.66
141,2024,6.9,3.75,39.8,51.4,53.5,41.9,81.9,81.7,82.37,0.85,2.02,-0.25,0.87,3.75,-0.76,1.1,0.83
141,2025,4.53,3.92,38.1,46.9,53,44.9,85.2,80.9,83.33,-2.49,-1.12,-0.97,-1.53,3.34,0.12,0.7,-2.28
143,1980,4.58,5.48,37.9,50.7,55.1,37.4,89.8,87.2,86,0.99,0.2,1.25,0.81,-2.07,3.21,1.37,-2.5
143,1981,3.64,3.13,43.5,47.1,52.6,40.5,82.9,81,82.1,2.1,2.88,4.23,3.07,2.98,4.96,3.51,1.38
143,1982,8.32,2.9,34.2,55.7,52.7,41.8,84.8,81.3,81.27,2.62,3.76,3.81,3.4,4.22,1.3,1.75,3.02
143,1983,4.7,10.84,36.5,47.4,52.8,43.1,91.8,92.2,89.33,3.78,2.69,1.46,2.64,-2.09,-2.88,-1.74,4.3
143,1984,7.06,8.05,40.6,47.3,52.2,46.4,83.9,87.2,85.27,2.64,2.58,1.59,2.27,0.63,-2.18,-0.78,3.24
143,1985,10.36,7.51,44.8,51.6,55.3,43.6,84.6,80.2,81.47,1.96,1.76,1.88,1.87,0.01,0.9,0.43,2.04
143,1986,3.45,11.35,41.6,52.3,57.8,44.3,86.4,79.9,83.1,1.48,2.3,2.06,1.95,2.89,0,1.49,1.07
143,1987,4.19,3.41,40.1,54.6,54,35.6,88.9,83.2,85.77,-2.32,-2.88,-1.81,-2.34,-2.39,2.32,-0.57,-1.97
143,1988,5.57,7.33,37.8,50.6,54.1,36.5,91.2,90.5,89.63,-3.12,-4.31,-4.69,-4.04,-4.53,-2.49,-3.5,-2.18
143,1989,3.32,6.29,38.2,47.2,50.2,42.1,85.9,83.2,83.27,-3.77,-3.92,-3.36,-3.68,-1.62,0.49,-0.99,-3.52
143,1990,9,2.08,38.6,47.9,55.6,39.2,81.6,81.2,81.33,3.35,3.7,4.12,3.72,2.08,2.38,3.27,1.75
143,1991,5.6,8.05,43.9,57.8,52.9,42.5,86.5,85,85.73,-1.14,-2.13,-2.2,-1.82,-3.32,-0.86,-2.2,-0.37
143,1992,4.6,5.69,38.1,47.5,51.6,40.1,80.7,78.5,80.33,-2.53,2.12,1.53,0.37,6.37,-1.13,0.82,-1.78
143,1993,8.64,8.63,37.8,51.5,50.7,39,83.1,83.3,82.13,3.52,5.52,6.75,5.26,7.08,5.4,4.68,3.35
143,1994,3.67,3.43,40,47.9,54,45.1,84.2,81,83.57,-1.67,-2.01,-1.86,-1.85,-1.54,-0.18,-1,-1.38
143,1995,4.43,7.16,37.1,47.9,50,42,86.6,88.4,86.13,-0.54,-0.74,-1.03,-0.77,-0.75,-1.09,-1.16,2.81
143,1996,3.62,2.93,34.7,49.4,52,41.5,83,83.2,82.43,1.39,2.13,-0.44,1.03,2.65,-1.32,0.44,1.55
143,1997,9.07,3.19,35.2,44.9,54.5,42.9,86.1,80.6,82.83,-0.68,-1.02,1.4,-0.1,-1.23,4.2,0.74,-0.48
143,1998,9.9,4.51,41.6,55.9,58.2,44.6,85.2,84.1,82.97,3.16,2.47,2.47,2.7,-1.09,0.75,0.67,2.65
143,1999,5.71,3.41,42.8,52.9,50,40.7,88.3,81,83.7,1.74,1.56,1.58,1.63,-0.02,0.56,0.36,1.74
143,2000,4.71,2.89,38.9,53.2,52.8,45.2,82.4,85.4,82.37,-1.09,-1.24,-1.36,-1.23,-0.78,-0.74,-0.07,-1.7
143,2001,7.41,4.42,43.9,52.6,51.4,42,86.8,85.2,83.97,0.36,0.02,0.04,0.14,-0.9,0.07,-0.16,0.27
143,2002,5.21,3.1,40.8,47.7,54.6,40.2,88.9,84.5,85.97,1.67,1.36,1.64,1.56,-0.43,1.27,0.26,1.89
143,2003,2.94,2.22,40.4,48.8,51.4,41.2,85,86.5,83.63,0.14,0.91,0.52,0.52,2.35,-0.88,0.49,0.16
143,2004,3.95,6.28,41,54.3,53.6,43.2,82.2,78.6,80.17,0.23,0.3,1.06,0.53,0.27,2.39,0.58,0.6
143,2005,6.92,5.59,42.5,48.2,57.6,43.2,89,86.2,87.73,-2.95,-3.44,-3.83,-3.41,-2.38,-2.24,-2.71,-1.99
143,2006,6.52,3.69,42.8,51.6,52.3,38.7,88.8,83.4,84.93,-4.05,-4.11,-3.5,-3.89,-1.44,0.56,-0.88,-3.86
143,2007,9.65,6.24,38.3,55.8,54.9,47.4,84,87.7,85.3,-1.2,-1.11,-0.67,-0.99,-0.11,0.98,-0.07,-0.93
143,2008,7.87,4.73,40.5,47.4,56,42,84.7,83.1,83.87,1,1.27,0.84,1.04,1.13,-0.91,0.41,0.74
143,2009,9.11,5.03,39.2,51,54.4,41,79.2,79.8,80.6,4.9,5.06,5.51,5.16,2,2.93,2.06,4.99
143,2010,6.08,6.39,45.9,52,54.8,41.5,87.5,86.8,86.23,5.57,5.08,4.62,5.09,0.25,0.21,1.45,4.76
143,2011,5.81,4.27,40.6,50.4,51.4,41.6,90.1,86.4,86.13,3.78,-0.37,-1,0.8,-1.12,-1.99,-0.45,3.57
143,2012,3.49,7.71,41.3,54.6,51.3,40.2,93.7,86,88.07,-2.72,-3.6,-3.33,-3.22,-3.49,-0.31,-1.79,-2.44
143,2013,7.96,2.53,38.5,53.2,54.7,42.1,83.7,85.1,83.4,-0.04,-0.42,-1.27,-0.58,-1.16,-2.67,-1.32,3.69
143,2014,6.16,3.78,40,53.2,53.3,44,81.2,83.4,82.7,1.23,1,1.97,1.4,-0.34,3.22,2.19,-1.57
143,2015,3.88,2.06,42,55,59.9,43.3,84.2,81.8,82.2,2.54,3,2.67,2.74,2.17,-0.06,3.06,0.21
143,2016,3.64,11.34,40.8,51.5,59.7,48.4,83.7,84.2,84.57,-1.43,0.81,2.26,0.55,2.44,4.58,2.13,-1.35
143,2017,6.14,3.58,45,50.2,55.4,47.6,86.8,81.6,84.33,-0.66,-0.16,-0.6,-0.47,1.3,-1.39,-0.66,-0.03
143,2018,9.07,2.38,32.3,58.8,58.2,42.5,84.8,84.8,84.93,-0.8,-0.78,0.77,-0.27,-0.19,2.32,0.65,-0.82
143,2019,9.42,5.1,40.9,51.1,61.1,41.2,88,82.8,84.1,4.51,3.46,3,3.66,-1.77,-0.31,-0.44,4.74
143,2020,7,3.64,37.4,50.4,53.6,39.8,87.8,84.5,85.9,2.5,2.99,1.8,2.43,2.24,-2.65,-0.86,3.6
143,2021,6.72,3.55,40.7,50.7,57.8,50.7,83.8,85.9,84.9,1.97,2.04,2.17,2.06,0.83,1.02,0.95,1.82
143,2022,6.87,2.14,38,55.1,55.5,40.2,85.7,84.4,85.17,-0.72,-1.03,-0.97,-0.91,-1.15,-0.13,-0.78,-0.41
143,2023,8.38,4.25,39.4,51.8,57.8,45.3,86.1,84.1,85.4,-2.05,-1.6,-1.08,-1.58,0.71,1.06,-0.28,-1.32
143,2024,7.07,4.05,43.2,55.5,56.1,44.4,84.2,83.9,84.7,-0.67,0.53,0.7,0.19,1.6,0.66,0.49,-0.45
143,2025,4.38,5.36,42,50.6,55.1,47.9,87.5,83.5,85.17,-2.41,-1.72,-2.04,-2.06,1.33,-1.48,-0.22,-2.5
145,1980,7.9,7.74,41.4,53,57.9,40.7,94.7,93.8,91.8,-1.66,-1.71,-1.9,-1.76,-0.65,-1.11,-0.96,-1.44
145,1981,4.66,3.27,49.6,49.6,54.6,43.4,87.7,85.5,86.07,2.29,3.24,3.33,2.95,3.57,1.26,2.46,1.61
145,1982,11.96,5.01,38.8,57.2,55.2,44.7,88.2,85.1,84.5,1.75,1.77,1.75,1.76,0.59,0.51,0.56,1.74
145,1983,5.84,15.39,39.4,51.5,55.6,46.7,92.6,94.8,90.73,4.02,3,1.82,2.95,-1.8,-2.64,-1.27,4.25
145,1984,8.47,10.69,43.1,50.2,54.7,51.3,88.3,88.8,88.27,-0.44,-0.85,-1.21,-0.83,-1.37,-1.34,-1.24,-0.12
145,1985,13.16,10.92,47.8,54.1,55.5,48.9,88.4,83.7,84.47,3.5,2.99,3.68,3.39,-0.46,2.99,1.84,2.79
145,1986,6.87,12.55,46.2,55.9,60.3,46.7,91.7,84.4,87.87,-1.65,0.63,0.7,-0.11,1.89,0.42,0.06,-1.05
145,1987,5.63,4.56,41.7,58.3,55.9,38.6,88.9,89.3,88.87,-2.18,0.82,0.95,-0.14,2.46,0.63,0.84,-2.22
145,1988,11.21,11.58,41.1,51.1,56.6,38.6,90.3,92.1,90.83,-2.07,-1.56,-2.42,-2.02,0.9,-3.06,-1.58,-1.35
145,1989,13.86,8.24,43.4,49.9,54.6,45.5,87.1,87.8,85.8,-0.01,-0.07,-0.14,-0.07,-0.17,-0.23,0.31,-0.52
145,1990,11.5,2.13,42,52.3,58.5,41.7,87.8,84.8,86,1.65,1.65,1.39,1.56,0.5,-0.28,-0.12,2.06
145,1991,7.81,12.75,47.5,60.8,56.4,46.1,89.4,90.2,88.87,-1.71,-2.08,-2.69,-2.16,-1.65,-2.46,-1.94,-1.27
145,1992,6.52,7.06,44.9,51.7,55,43.1,87.9,83.2,84.43,-1.53,-1.73,-2.23,-1.83,-1.07,-2.05,-1.37,-1.33
145,1993,10.35,8.74,41.8,54.2,54.6,42.4,90.4,88.1,87.53,1.36,2.05,2.17,1.86,2.48,0.99,1.61,1.01
145,1994,7.11,10.84,44.7,49.3,52.6,45.6,87.2,85.2,86.47,-0.48,-0.65,-0.78,-0.64,-0.67,-0.6,-0.46,-0.49
145,1995,8.97,8.46,42.9,53.7,52.6,44.4,88.3,91.6,87.9,2.66,-0.27,-0.46,0.64,-0.81,-0.65,-0.03,2.45
145,1996,7.57,5.17,40.5,57.1,53.4,44.5,85.8,87.3,85.53,2.69,2.63,1.8,2.37,0.65,-1.67,0.46,2.1
145,1997,10.81,7.27,38.8,48.8,56,45.6,88.7,83.3,84.13,2.34,2.06,2.43,2.28,-0.12,1.75,1.06,2.03
145,1998,11.11,4.44,44.8,59.8,61.2,47.5,86.3,86.7,85.9,2.49,2.5,-0.3,1.56,0.8,-0.89,1.56,1.01
145,1999,14.53,3.92,49.2,54,52.2,43.5,90.6,86.4,87.13,1.51,-0.36,-0.73,0.14,-1.08,-1.21,-0.25,1.11
145,2000,8.42,4.47,41.7,57.4,55.3,48,85,87.4,85.17,1.46,2.13,2.38,1.99,2.48,1.4,2.74,0.01
145,2001,5.15,6.9,50.5,55.7,54,44.6,87.2,87.8,86.1,0.07,0.7,0.9,0.56,1.9,0.83,0.98,-1.58
145,2002,11.16,7.28,46.7,51.5,58.9,44.7,91.3,88.7,88.9,-0.24,-1.22,-1.83,-1.1,-3.03,-2.21,-1.98,3.1
145,2003,6.74,5.55,45.5,54.1,53.6,44.3,87.8,88.7,85.5,1.45,-0.22,-0.63,0.2,-0.65,-1.31,-0.01,0.9
145,2004,9.21,7.35,45.5,59.4,55.5,48.8,84.8,82.4,83.33,0.72,1.36,2.11,1.4,2.14,2.67,1.57,0.83
145,2005,10.18,8.92,46.3,51.1,60.8,45.5,88.1,89.4,88.23,-2.06,0.24,0.6,-0.41,0.72,1.14,-0.29,-1.27
145,2006,11.53,5.83,48.7,54,53.9,42.9,88.8,87.7,87.3,0.36,0.76,0.72,0.61,1.3,0.14,0.59,0.28
145,2007,9.49,7.92,41.7,57.9,59.7,49.7,86.6,95.4,89.3,-1.26,-1.54,-2.56,-1.79,-1.25,-3.51,-1.93,-1.02
145,2008,16.38,6.9,42.9,51.8,58.1,44.5,87.1,84.4,85.83,2.77,3.28,-0.37,1.89,2.38,-1.11,-0.12,3.69
145,2009,6.78,5.06,44.1,54.6,57.8,43.1,83.1,83.6,84.4,1.73,3.41,3.41,2.85,5.57,1.07,2.42,1.7
145,2010,6.94,6.66,48.5,57.1,56.9,43.2,89.9,91.2,89.8,-0.47,-0.69,-0.28,-0.48,-0.81,1.01,0.23,-0.71
145,2011,10.07,6.01,47.9,55.4,54.7,44.5,92.8,89.1,89.5,4.6,4.98,4.17,4.58,2.58,-0.9,1.78,3.76
145,2012,8.14,11.81,46.8,58,56.1,44.1,97.7,90.1,92.3,-3.12,-3.98,-3.83,-3.64,-3.54,-0.76,-2.54,-2.25
145,2013,13.72,4.64,42.7,55,58.8,45.9,83.9,85,84.43,2.47,3.03,-0.2,1.77,2.47,-0.59,1.03,2.3
145,2014,4.69,7.88,45.6,56.2,54.6,46.6,83.7,86.2,84.57,1.8,1.53,1.91,1.75,-0.27,1.62,1.11,1.27
145,2015,9.57,6.09,46.8,56.7,59.7,46.6,87,84.6,85.13,3.1,3.48,3.62,3.4,2.09,1.49,2.96,1.49
145,2016,7.25,14.32,45.5,54,61.4,51.6,87.4,85.9,87.07,1.41,1.68,3.22,2.1,1.24,5.14,1.28,2.51
145,2017,5.45,3.94,49,54.8,57.2,48.2,89.3,83.6,85.97,1.85,1.77,-0.19,1.14,0.33,-0.57,-0.08,2.07
145,2018,15.42,4.64,37.6,61.7,62.7,47.2,87.7,85.1,86.87,2.16,1.88,2.13,2.06,-0.17,1.35,0.91,1.83
145,2019,13.3,9.14,45.6,57.2,63.3,45.3,87.8,86.2,85.4,4.71,4.11,3.35,4.06,-0.35,-0.99,0.33,4.38
145,2020,14.3,6.23,41.7,53.4,57.2,43.8,88.7,83.3,85.87,2.11,2.52,2.27,2.3,1.9,0,0.41,2.6
145,2021,12.36,7.47,44.1,52.8,59.4,53,86,87.1,86.13,0.9,1.62,1.77,1.43,2.45,0.93,0.71,1.48
145,2022,12.75,5.56,43.6,57.6,56.4,41.2,89.5,85.7,87.7,-0.79,-0.85,-0.82,-0.82,-0.43,-0.16,-0.95,-0.03
145,2023,14.06,5.69,43.7,54.8,57.7,47.2,88.8,85.8,86.97,-1.25,0.36,0.47,-0.14,1.07,0.45,-0.32,-0.46
145,2024,8.48,2.58,47.6,61.5,59.8,45.6,87,87.1,87.07,-2.07,-1.25,-1.65,-1.66,1.82,-1.58,-0.27,-1.92
145,2025,6.37,7.65,47.5,55.2,57.9,50,90.3,87.1,87.53,1.18,-0.16,-1.17,-0.05,-0.47,-3.08,-0.89,0.99
147,1980,6.4,4.02,38.2,51.7,55.3,38.6,90.3,87.6,86.47,-1.68,-2.13,-1.54,-1.78,-1.89,1.12,-0.15,-1.98
147,1981,3.73,2.85,45.3,47,53,41.5,83.3,80.7,82.47,1.3,2.73,4.5,2.84,4.69,6.17,3.85,1.2
147,1982,10.14,3.83,35.2,55.8,53.7,43.1,84.5,80.8,80.8,2.44,2.78,2.99,2.74,1.79,1.48,1.03,2.79
147,1983,4.68,9.57,38.1,48.2,53.8,45,90.1,90.3,88.07,3,-0.72,-1.36,0.31,-2.15,-2.17,-1.07,2.93
147,1984,7.11,9.48,40.7,47.6,52.5,48.6,84.2,86.6,85.87,-1.13,-1.03,-1.91,-1.36,-0.06,-2.94,-2.13,2.78
147,1985,9.57,7.45,45,52.6,54.4,45.8,84.5,80,81.6,0.25,0.19,1.32,0.59,-0.08,3.42,1.36,-0.98
147,1986,3.58,12.52,41.7,52.8,57.4,44.6,87.8,81.8,84.73,0.35,1.02,-0.42,0.32,2.1,-1.26,0.63,0
147,1987,3.41,4.13,40.3,55.9,53.4,35.3,86.4,84.7,85.73,-2.13,0.92,0.96,-0.08,2.76,0.41,0.91,-2.21
147,1988,6.31,9.92,38.8,50.2,53.8,36.1,90.4,90.1,89.67,-2.7,-3.38,-4.18,-3.42,-2.87,-3.44,-3.36,-1.61
147,1989,4.42,8.26,40.3,48.3,51.1,42.8,85.2,83.8,83.87,-1.67,-2.08,-1.66,-1.8,-1.76,0.64,-0.98,-1.19
147,1990,9.54,2.13,38.6,49.4,56.1,40,83.6,82.7,82.97,2.91,2.96,2.65,2.84,1.05,0,1.71,1.72
147,1991,5.56,10.23,45,59,54.2,45.1,88.2,86.4,87.33,-1.7,-2.26,-2.26,-2.07,-2.2,-0.7,-2.07,-0.66
147,1992,4.57,4.88,39.7,48.8,52.8,41.8,82.3,80,81.03,-2.44,3.05,2.57,1.06,9.16,-0.49,2.68,-2.49
147,1993,8.93,9.89,39.7,52.2,51.3,39.9,85.2,84.4,83.6,2.42,3.09,3.49,3,2.76,2.15,1.68,2.65
147,1994,4.22,5.83,40.6,47.6,52.6,44.5,84.8,81.8,84.13,-0.61,-1.02,-0.9,-0.84,-1.44,0.04,-0.88,-0.21
147,1995,6.55,6.93,38.6,50.2,50.3,42,87.8,89.2,87.03,-0.71,-1.46,-1.1,-1.09,-2.46,0.62,-1.33,1.81
147,1996,4.58,3.69,36,51.6,53,42.2,84,84,83.3,1.68,1.48,1.41,1.52,-0.09,0.25,0.04,1.9
147,1997,8.95,5.56,35.1,46.3,54.1,42.5,85.7,80.2,82.03,-0.39,-0.86,0.72,-0.18,-1.52,2.17,0.31,-0.55
147,1998,10.38,4.58,42.5,56.9,59.1,45,84.3,84.5,83.23,3.49,0,-0.33,1.05,0,-0.99,1.25,2.14
147,1999,8.05,3.3,43.8,53.6,50.4,41.1,88.4,82.3,84.37,0.71,0.34,0.96,0.67,-0.89,1.97,0.73,0.38
147,2000,4.7,2.95,38,53.8,53,46.1,82.8,84.9,82.77,0.56,0.53,0.73,0.61,0.07,0.75,0.84,-2.56
147,2001,5.4,5.17,45.9,52.7,51.7,42.9,86.4,85.5,84.13,-1.56,-1.35,-1.12,-1.34,0.16,0.28,-0.06,-1.51
147,2002,7.64,4.05,41.9,47.4,56.8,41.8,89.5,84.6,86.37,-0.34,-0.6,-0.13,-0.36,-0.88,1.23,-0.22,2.57
147,2003,3.79,2.6,41.6,50.6,52,42,85,85.6,83.13,0.35,1.06,1.08,0.83,2.24,0.4,0.85,0.42
147,2004,7.36,7.02,41.6,55.5,55.2,44.2,82,79.2,80.5,0.94,1.26,1.99,1.4,1.25,2.59,1.24,1.1
147,2005,9.55,6.87,42.8,48,58.2,44.2,86.3,85.6,85.97,-2.13,-2.18,-2.26,-2.19,-0.81,-0.92,-1.34,-1.53
147,2006,6.68,5.01,43.6,51.5,52.2,39.9,87,83.2,84.23,-2.01,0.37,0.52,-0.37,1.11,0.56,-0.03,-1.59
147,2007,8.27,7.27,38.5,55.9,57.1,48.1,83.2,88.9,85.5,-0.96,-1.09,-1.67,-1.24,-0.7,-2.07,-0.61,-1.42
147,2008,11.22,5.94,40.6,47.7,56.4,42.7,84.5,82.6,83.9,2.19,3.69,2.72,2.87,5.18,-1.77,1.75,1.75
147,2009,5.36,5.6,41.1,51.9,56.1,41.6,79.4,80.8,81.33,3.64,3.8,3.93,3.79,1.61,1.56,1.3,3.78
147,2010,5.75,8.31,45.4,53.8,55,42.5,87.2,88.4,86.67,3.75,3.53,2.8,3.36,0.5,-1.09,1.23,2.59
147,2011,5.58,5.42,42.1,52,52.7,42.2,89.8,86.8,86.43,2.18,-0.61,-1.5,0.02,-1.83,-2.86,-1.26,2.08
147,2012,4.77,7.61,41.9,55.8,53.2,41.8,94,86.9,88.53,-3.77,-4.85,-4.57,-4.4,-4.4,-0.64,-2.58,-3.21
147,2013,7.11,3.48,39.5,53.8,56.4,43.5,81.8,83.7,82.37,2.47,0.05,-0.88,0.55,0.14,-2.63,-0.39,2.27
147,2014,5.82,3.71,41.1,53.1,53,43.5,80,82.4,81.8,0.89,1.75,1.91,1.52,2.83,1.02,2.18,-0.46
147,2015,3.97,3.85,42.2,55.1,58.2,44.3,82.8,82.7,82.1,2.02,2.2,2,2.07,1.18,0.07,1.54,1
147,2016,5.06,12.34,40.9,50.8,59.8,48.9,84.1,84.8,84.9,0.95,1.48,2.17,1.53,1.87,2.53,1.2,1.36
147,2017,5.53,4.41,45.7,51.5,56.4,48,86.6,82.1,84.57,-0.78,-0.79,-1.09,-0.89,-0.26,-1.16,-1.26,0.94
147,2018,9.45,2.84,33.7,60,59.6,43.2,83.8,84.4,84.4,0.52,1.02,1.04,0.86,1.67,0.38,1.2,-0.7
147,2019,9.39,6.72,42,53.4,60.6,43.3,87.5,83,84.13,2.85,2.24,2.29,2.46,-0.95,0.82,0,3.12
147,2020,10.19,3.45,37.5,50.5,54.3,40.5,86.8,83.1,84.97,2.82,3.02,-0.55,1.76,1.45,-1.66,0.11,2.94
147,2021,8.33,3.89,41.2,50.6,57.9,51,83.4,85.9,84.67,1,1.17,1.45,1.21,0.82,1.21,1.38,0.33
147,2022,8.13,3.59,39,55,55.6,40.7,85.5,83.5,85.03,-1.26,-1.48,0.69,-0.68,-1.05,2.08,-0.59,-0.37
147,2023,8.25,4.24,39.8,52.4,56.8,45.5,85.4,83.4,84.27,-1.98,-1.88,-1.61,-1.82,-0.31,0.24,-0.78,-1.37
147,2024,7.44,3.92,43.7,56.4,56.4,43.7,83.4,83.6,84.07,-0.98,1.03,1.24,0.43,3.09,0.93,0.59,-0.26
147,2025,3.48,8.22,42.3,51.7,55.2,47.1,87.6,84.3,85.5,-1.33,-0.72,-1.42,-1.16,1.42,-2.33,-0.73,-1.01
149,1980,6.6,4.78,40.6,52.5,56.6,40.4,93.9,91,89.73,-2.38,-2.49,-1.88,-2.25,-1.07,1.05,-0.39,-2.23
149,1981,3.94,2.94,48.4,48.1,54.3,42.5,85.6,82.8,83.97,1.88,4.5,4.36,3.58,8.44,0.97,3.72,1.45
149,1982,8.07,4.97,37.3,56.7,54.8,43.1,86.6,82.6,82.2,2.84,3.07,3.43,3.11,1.59,2.03,1.84,2.46
149,1983,4.12,10.32,38.4,49.4,54.3,45.6,93.4,94.4,90.6,-0.52,-1.3,-2.3,-1.37,-2.48,-3.42,-2.49,3.86
149,1984,7.01,9.9,42.6,49.7,54.4,47.9,86.4,89.1,87.03,-0.45,-0.48,-1.35,-0.76,-0.21,-2.76,-1.44,2.54
149,1985,9.48,7.99,46.6,54.2,57.4,46.4,86.6,80.6,82.3,1.28,1.93,3.02,2.08,2.35,3.86,2.24,1.23
149,1986,3.05,13.1,44.7,54.5,59.4,46.3,88.9,82.7,85.83,-1.99,-1.58,-1.84,-1.8,0.64,-1.27,-0.53,-1.87
149,1987,5.21,3.95,41.9,56.5,54.7,37.4,89.7,87.6,88.17,-1.94,-2.01,-1.85,-1.93,-0.8,-0.15,-0.98,-1.42
149,1988,7.46,8.13,40.5,52.2,55.8,38.6,91,91.6,90.13,-2.21,-2.96,-3.02,-2.73,-2.94,-1.1,-2.15,-1.57
149,1989,4.25,6.94,41.7,48.6,52.5,45.2,88.1,84.9,84.9,-2.6,-2.46,-2.03,-2.36,-0.37,0.52,-0.41,-2.39
149,1990,9.59,1.5,39.9,49.7,58.3,40.7,85.8,84.1,84.27,1.64,1.88,1.7,1.74,1.22,0.04,0.63,1.59
149,1991,5.38,7.33,45.9,59.2,56.2,44.8,87.4,86.4,86.77,-0.87,-0.52,-0.94,-0.78,0.81,-1.42,-1.08,2.34
149,1992,5.24,5.21,41.5,50,53.4,41.9,84.7,80.5,82.27,-2.06,-1.51,-1.86,-1.81,1.02,-1.52,-1.08,-1.28
149,1993,7.59,11.3,39.9,52.8,52.6,41.4,84.8,86.1,84.1,2.64,3.58,4.1,3.44,3.65,2.66,2.91,2.05
149,1994,3.66,4.4,41.9,49.1,54.5,46.6,85.4,84.5,85.03,2.92,2.2,1.88,2.33,-1.25,-0.27,-0.61,3.36
149,1995,6.06,7.22,39.8,50.2,52.2,43.6,87.2,89.6,86.27,1.96,1.62,2.29,1.96,-0.43,2.52,0.57,2.33
149,1996,5.68,2.22,37.3,53.4,52.8,43.8,84.1,84.9,83.57,-0.06,-0.2,-0.44,-0.23,-0.44,-0.77,-0.46,1.13
149,1997,8.21,3.01,37.1,46.7,55.8,44.4,87.6,82.9,83.8,-0.48,-1.02,-0.91,-0.8,-1.76,0.02,-0.99,-0.08
149,1998,10.61,4.95,42.9,57.9,61.3,46.2,85.6,86.7,84.8,2.55,2.27,1.57,2.13,-0.03,-1.42,0.81,1.39
149,1999,6.8,5.29,45.8,53.7,51.1,42.2,90.4,85.4,86.07,-0.6,-1.04,-1.62,-1.09,-1.53,-2.04,-1.52,-0.3
149,2000,5.7,3.3,41.2,54.7,54.7,47.3,83.4,86.2,83.23,1.4,1.77,1.78,1.65,1.55,0.58,2.11,-4.67
149,2001,8.01,3.44,45.9,54.7,54.3,43.4,87.4,86.6,84.93,1.55,1.15,1.73,1.48,-0.71,2.1,1.12,0.99
149,2002,6.19,3.62,43.3,49.2,56.5,42.4,89.8,85.8,86.83,-0.13,-0.4,0.38,-0.05,-0.85,1.13,-0.03,3.26
149,2003,6.28,2.8,43.6,51.3,52.1,43.8,86.3,87.3,84.3,0.64,0.95,0.44,0.68,1.14,-1.23,0.48,0.14
149,2004,5.67,5.81,43.8,56.1,54.7,45.9,83.2,79.9,81.1,-1.27,0.1,1.14,-0.01,0.31,3.14,0.53,-0.73
149,2005,8.21,6.45,44.5,49.8,59.4,44.9,89.3,87.6,88.1,-2.55,-3.08,-3.08,-2.9,-2.36,-0.97,-1.88,-1.98
149,2006,6.52,3.94,45.2,52.7,53.6,41.6,89.8,86.8,86.67,-4.89,-4.63,-4.19,-4.57,-0.73,-0.1,-0.76,-4.92
149,2007,7.29,4.99,39.6,57.6,56.6,48.5,85.7,92.6,87.33,-2.41,-2.89,-3.55,-2.95,-2.18,-2.88,-2.06,-2.28
149,2008,9.61,5.85,41.1,49,56.6,43.7,85.1,83.1,83.93,2.66,3.82,3.46,3.31,4.28,0.1,2.5,1.81
149,2009,5.72,3.97,41.3,52.4,55.2,41.9,81.2,81.4,82.27,3.15,2.84,3.22,3.07,0.05,2.03,0.85,3.34
149,2010,6.25,7.93,47.4,53.7,57.2,43.5,87.9,87.9,87.3,4.64,6.04,5.64,5.44,5.63,0.68,3.23,3.91
149,2011,6.61,3.55,43.2,51.6,52.8,43.8,91.3,88,87.53,4.06,-0.6,-1.49,0.66,-1.79,-2.85,-0.32,3.15
149,2012,3.57,7.47,44,56.5,53.7,43.4,96,88.7,90.2,-3.92,-4.75,-5.31,-4.66,-3.71,-3.12,-3.16,-3.38
149,2013,8.59,2.59,40.1,53,57.6,43.6,84.7,84.3,83.8,0.01,-0.1,-1,-0.36,-0.3,-2.75,-1.01,3.12
149,2014,4.58,3.64,41.8,54.2,54.4,45.5,82,84,83.2,0.93,0.76,2.09,1.26,-0.22,4.2,2.26,-0.45
149,2015,4.34,2.85,44.9,55.6,60.2,45.8,84.3,82.9,82.77,3.63,5.02,4.41,4.35,5.28,-0.28,4.01,1.44
149,2016,3.11,13.44,43.8,53,60.9,50.8,85.7,84.9,86.47,-2.34,-1.29,-0.98,-1.54,2.42,0.52,-0.17,-1.32
149,2017,5.09,2.74,47.2,53,56.5,48.7,89.3,82.4,85.6,-1.94,-1.75,-1.68,-1.79,-0.01,-0.35,-0.16,-2.12
149,2018,9.05,1.49,34.5,61.9,60.6,44.7,87.5,86.5,87.47,-3.25,-3.07,-2.62,-2.98,-0.46,0.39,-0.89,-2.66
149,2019,9.59,4.61,42.9,53.8,62.8,43.2,88.1,83.6,84.37,3.08,2.75,3.27,3.03,-0.05,2.4,1.24,2.92
149,2020,9.37,2.94,39.3,51.4,55.3,41.9,86.5,83.3,84.93,3.04,3.52,2.86,3.14,2.38,-0.9,0.97,2.86
149,2021,7.98,3.53,42.6,51.9,58.4,51.6,84.3,85.9,85,2.38,3.07,2.89,2.78,2.82,0.41,2.05,1.57
149,2022,7.04,2.54,39.8,55,55.8,40.7,86.3,85.1,85.5,1.98,2.44,-0.62,1.27,2.01,-1.86,0,2.25
149,2023,6.78,3.54,40.6,52.6,56.8,46.5,88.1,84.1,85.73,-1.87,-2.06,-1.47,-1.8,-1.14,1.14,-0.53,-1.5
149,2024,7.27,4.11,44.5,56.4,56.4,45.2,84.4,84.6,85.23,0.53,1.46,-0.03,0.65,2.94,-0.1,0.4,1.2
149,2025,3.84,7.56,43.3,51.8,57.2,50.4,87.8,84.1,85.27,0.35,1.09,-0.66,0.26,2.34,-1.98,0.47,-0.95
151,1980,8.24,10.98,42.9,53.1,60.4,41.8,92.7,92.5,90.37,-0.86,-0.88,-1.53,-1.09,-0.32,-2.22,-0.62,-1.21
151,1981,6.66,4.01,50.9,51.3,54.9,45.5,87.2,84.4,85.47,1.89,2.72,2.55,2.39,3.07,0.33,1.76,1.41
151,1982,13.37,5.2,40.9,57.5,55.8,45.7,87.9,84.5,84.6,-1.05,0.19,0.67,-0.06,0.56,1.51,0.48,-0.94
151,1983,6.18,16.81,40.8,53.5,57.7,47.7,90.6,93.3,89.2,3.43,-0.37,-1.24,0.61,-1.1,-2.72,-0.96,3.48
151,1984,10.48,11.59,44.8,51.5,56.2,53.8,86,86.3,86.3,1.02,1.3,0.73,1.02,1.16,-1.33,-0.25,1.36
151,1985,11.05,14.66,49,55.6,56.9,50.5,88,83.6,84.57,2.78,2.12,4.16,3.02,-1.11,6.77,3.13,1.71
151,1986,7.76,7.72,46.7,56.3,62.2,47.4,91.3,84.7,87.3,0.54,0.63,0.66,0.61,0.45,0.28,-0.07,0.96
151,1987,7.06,6.5,42.1,59.3,56.4,39.4,88.6,90,88.4,-1.82,-1.39,-1.64,-1.62,0.73,-1.19,-0.05,-2.14
151,1988,12.16,11.62,42.9,50.8,58.2,39.4,89.5,91.5,90.03,-2.22,-2.35,-2.73,-2.43,-1.06,-1.86,-1.75,-1.61
151,1989,20.7,10.71,44,51.7,57.3,45.8,85.4,86.2,84.43,2,2.81,2.94,2.58,3.05,1.26,2.02,1.57
151,1990,16.28,3.79,42.6,52.9,59.8,42.4,88,85.2,86.27,2.37,2.01,1.8,2.06,-0.34,-0.03,-0.56,3.13
151,1991,12.56,12.08,49.8,62.2,58.7,47.1,90.1,89.2,88.33,-1.07,-1.74,-2.36,-1.72,-2.32,-2.4,-2.28,-0.41
151,1992,8.44,7.77,46,52.3,57.2,44,87.6,82.4,83.73,-2.61,0.36,0.16,-0.7,1.09,-0.51,0.11,-2.82
151,1993,11.37,5.92,43.2,54.9,56.1,43.4,91.3,88.3,87.63,0.8,0.94,0.97,0.9,0.68,0.36,0.94,0.24
151,1994,10.62,9.67,47,49.9,54.1,47.4,86.8,85.1,86.07,-0.91,-1.47,-1.34,-1.24,-1.96,-0.06,-0.88,-0.79
151,1995,9.99,9.59,45.3,55.3,55.3,45.8,87.6,90.6,87.17,1.62,1.49,1.42,1.51,0.12,0.23,0.63,1.23
151,1996,9.16,5.35,41,59.4,55.9,46.4,85.3,86.8,85.2,1.12,1.97,1.29,1.46,2.89,-1.41,0.82,0.88
151,1997,15.5,11.59,39.6,49.9,56.8,46.2,88.6,84.2,84.33,3.35,-0.25,-0.3,0.93,-0.76,-0.2,-0.08,3.47
151,1998,9.71,5.3,45.9,60,61.6,48.7,86.3,87,86.37,1.22,1.58,1.7,1.5,1.46,0.84,1.98,-0.62
151,1999,12.58,6.43,50.5,53.6,54,44,91.2,90.3,88.8,0.41,-0.27,-1.1,-0.32,-0.81,-2.58,-0.72,-1.05
151,2000,14.47,5.16,43.9,58.7,56.9,48.2,85.8,88.3,86.17,-1.22,-1.08,-1.12,-1.14,0.07,-0.46,0.28,-1.83
151,2001,7.59,7.99,50.7,55.9,55.6,44.6,88,88,86.5,-2.41,0.73,0.61,-0.36,2.18,-0.12,0.6,-2.59
151,2002,14.49,15.19,48.2,53.4,61.8,48.8,91.7,89.7,89.6,-0.62,-1.53,-2.1,-1.42,-2.9,-2.2,-2.32,4.35
151,2003,9.81,7.92,47.9,56.2,55.8,45.8,88.1,88,85.3,1.82,1.13,1.51,1.49,-1.51,1.49,0.38,1.59
151,2004,8.79,7.97,45.8,60.2,57.6,50.6,85.2,83.5,84.03,-1.18,-0.92,-0.93,-1.01,0.42,-0.31,-0.13,-1.14
151,2005,11.91,10.26,47,50.8,61.6,47.3,88,90,87.9,-1.26,-1.31,0.94,-0.54,-0.52,2.82,0.52,-1.13
151,2006,15.22,4.96,50.5,54.8,55.4,44.4,88.1,88.1,87.1,-1.46,1.23,1.31,0.36,3.68,0.65,1.11,-1.25
151,2007,12.18,9.96,43,58,61.3,52,87,95.9,89.77,-1.42,-1.4,-2.29,-1.7,-0.38,-3.11,-1.14,-1.6
151,2008,20.42,10.58,44.9,52.7,60.7,46,88.3,86.1,87,3.04,3.51,-0.38,2.06,2.36,-1.13,0.11,3.73
151,2009,9.86,8.19,46.3,56.8,61.6,45.5,83,84.5,84.97,0.43,1.3,1.53,1.09,2.76,1.07,1.21,0.55
151,2010,8.76,5.8,49.4,58.2,58,44.3,91.4,92.7,91.1,-1.31,-2.11,-2.42,-1.95,-2.8,-1.58,-1.74,-1.15
151,2011,11.59,7.24,49.8,55.4,57,44.7,91.3,88.2,89,4.12,3.5,2.93,3.52,-0.59,-0.61,0.58,3.49
151,2012,8.14,14.47,47.4,58.6,58.2,45.8,96.4,90.1,91.97,-4.18,-4.59,-4.45,-4.41,-2.52,-0.99,-2.22,-3.48
151,2013,14.78,5.26,43.8,54.9,59.9,48.7,84.1,84.1,84.3,0.86,1.06,1.66,1.19,0.85,2.13,1.6,0.29
151,2014,7.15,11.25,46.3,57.7,57.2,48.6,84.3,87.5,85.4,-0.31,-0.68,-0.31,-0.43,-1.19,0.88,0.14,-0.62
151,2015,11.96,5.61,48.4,56.7,59.9,47.5,87.4,84.3,85.5,0.9,2.83,2.88,2.2,6.07,1.02,2.52,0.83
151,2016,12.53,14.89,46.4,53.7,61.8,52.8,88,85.5,87,1.46,3.48,4.22,3.05,6.5,3.31,2.83,2.12
151,2017,9.19,8.22,50.7,56.1,59.3,49.2,88.8,84.8,86,0.7,-0.44,-0.79,-0.18,-1.31,-1.2,-0.7,0.63
151,2018,15.9,7.43,39.6,62.4,63.7,48.9,87.8,85.8,87.1,1.81,1.55,1.35,1.57,-0.22,-0.13,0.74,1.06
151,2019,19.66,11.31,46.1,58.6,62.8,46.4,87.3,86.4,85.4,4.16,3.98,3.72,3.95,0.75,0.46,1.06,3.91
151,2020,18.04,8.85,42.9,54.4,59.6,45.3,89,83.7,85.83,2.82,3.09,3.68,3.2,1.69,2.71,1.97,2.58
151,2021,13.46,5,44.8,52.9,59.4,52.8,85.9,86.6,85.73,1.67,2.79,2.64,2.37,3.86,0.41,1.17,2.15
151,2022,15.04,6.68,45,58.5,58.2,43.5,90,86.9,87.9,-0.81,-0.82,-1.25,-0.96,-0.27,-1.53,-1.04,-0.42
151,2023,18.82,6.17,44.8,55.4,58.9,48.8,87.8,84.7,86.03,-1.94,-1.39,-0.64,-1.32,1.07,1.81,0.17,-1.29
151,2024,11,2.09,49.6,60.2,60.8,47.1,86,87.2,86.3,0.51,1.14,0.58,0.74,2.04,-1.31,0.18,0.64
151,2025,11.57,10.28,49.1,56.2,59.4,50.7,89,85.9,86.67,3.14,-0.21,-0.84,0.7,-0.63,-1.97,0.15,2.37
153,1980,8.66,9.28,44.1,54.4,60.4,42.3,95.2,93.3,91.87,-0.95,-1.18,-1.85,-1.33,-0.99,-2.38,-0.93,-1.28
153,1981,6.94,3.75,51.9,51.3,54.5,44.6,88.5,86,86.87,1.23,2.43,2.41,2.02,3.99,0.69,1.84,1.06
153,1982,13.82,4.69,41.4,57.9,56.3,45.8,89.4,86.3,86.03,-1.15,-1.14,1.03,-0.42,-0.34,3.09,0.78,-1.13
153,1983,6.24,16.8,40.8,53.4,57.4,48.2,93.1,95.3,91.27,-0.02,-0.7,-1.98,-0.9,-2.04,-4.04,-2.05,3.63
153,1984,10.79,12.2,45,51.8,56,53.7,88.3,87.9,88.2,-0.65,-0.44,-0.98,-0.69,0.43,-1.75,-1.09,1.45
153,1985,11.15,14.71,49.4,56.2,57.2,51.1,90.2,84.6,86.37,2.68,1.9,3.05,2.54,-1.51,4.05,1.54,2.21
153,1986,7.61,6.92,47.6,57.3,62.5,48,92.4,85.2,88.4,-0.94,-0.73,-0.51,-0.73,0.36,0.43,-0.21,-0.52
153,1987,7.54,5.32,43.3,59.8,57.1,39.6,89.8,91.3,89.73,-2.24,-1.91,-2.53,-2.23,0.3,-2.44,-0.69,-2.52
153,1988,10.1,12.96,43.6,52.1,58.6,40.8,89.2,91.5,90.17,-2.84,-2.44,-2.47,-2.58,0.32,-0.83,-1.1,-2.13
153,1989,21.18,10.19,44.8,52.2,57.3,45.7,86.4,86.8,85.2,3.35,-0.12,-0.06,1.06,-0.35,0.13,1.42,2.06
153,1990,17.07,3.75,43.6,53.7,60,43.1,89,85.7,87.1,-0.38,-0.3,-0.64,-0.44,0.11,-1.09,-0.71,1.83
153,1991,10.79,11.28,50.5,62.5,59.6,47.5,90.6,89.4,88.83,-1.15,-1.94,-2.36,-1.82,-2.7,-1.87,-2.14,-0.6
153,1992,7.71,8.44,46.3,53.4,57,45.1,87.9,83.4,84.7,-2.99,0.35,0.37,-0.76,1.05,0.18,0.03,-2.91
153,1993,11.88,7.82,43.4,55.3,57,44.8,92.3,89,88.53,1.45,-0.37,-0.65,0.14,-1.1,-0.96,-0.29,1.18
153,1994,11.54,9.3,47.9,51.7,54.1,47.7,87.3,85,86.53,-0.93,-1.22,-1.1,-1.08,-1.17,0,-0.63,-0.77
153,1995,10.04,10.55,45.3,56.3,55.4,46,88.2,91.5,87.93,1.51,1.72,-0.14,1.03,1.1,-0.41,1.18,0.62
153,1996,9.36,5.53,42,59.4,55.9,46.2,86.9,88.1,86.63,0.75,0.92,0.17,0.61,0.73,-1.98,-0.23,0.63
153,1997,14.43,10.28,40.2,50.9,57.5,46.1,89.8,85.5,85.6,2.18,2.07,1.92,2.06,0.33,0.21,0.39,2.2
153,1998,11.95,5.07,46.1,60.1,62.3,49,87.4,87.6,87.37,1.43,2.07,2.27,1.92,2.37,1.23,2.63,-1.03
153,1999,12.95,5.21,50.7,54.6,54.3,44.6,91.4,90.1,88.8,-0.3,-0.67,-1.52,-0.83,-1.21,-2.76,-0.83,-0.88
153,2000,15.11,5.2,44.1,58.8,57.7,49.1,87.1,89.5,87.2,-1.97,-1.32,-1.36,-1.55,1.34,-0.54,0.21,-2.13
153,2001,8.26,8.63,51.9,56.3,56.3,45.5,88.8,88.6,87.27,-2.38,1.6,1.81,0.34,4.81,1.12,1.61,-2.24
153,2002,16.06,15.51,48.9,53.9,61.8,48.2,91.4,89.3,89.57,4.35,3.14,2.23,3.24,-2.3,-1.75,-1.92,5.48
153,2003,10.29,9.44,47.6,56.8,56.3,46.4,88.4,89.4,86.33,3.25,2.8,2.74,2.93,-0.36,0.7,0.74,2.93
153,2004,7.68,7.68,46.6,60.9,57.8,50,86,83.8,84.63,-1.15,-0.9,-0.93,-0.99,0.38,-0.37,-0.16,-1.09
153,2005,11.29,10.93,47.4,52.1,62,47.2,88.5,90.6,88.6,-0.93,0.8,1.29,0.39,2.39,1.71,1.09,-0.73
153,2006,13.99,5.59,50.9,55.7,55.5,44.2,88.4,89.4,88.1,-1.15,0.97,1.16,0.33,2.91,0.87,0.84,-0.81
153,2007,11.61,10.85,43.3,58.8,61.5,51.7,87.6,95.7,90.2,-1.57,-1.74,-2.78,-2.03,-1,-3.66,-1.63,-1.67
153,2008,20.45,10.76,44.7,53.8,59.9,46,88.7,86.5,87.53,3.61,3.76,-0.41,2.32,1.56,-1.24,-0.15,4.31
153,2009,8.18,7.21,46.6,57.3,61.4,46,84.3,85.7,85.97,0.58,1.29,1.48,1.12,2.29,0.97,1.04,0.71
153,2010,10.12,6.13,50.4,58.9,59,45.2,91.3,93.5,91.7,-1.2,-1.77,-2.43,-1.8,-2.08,-2.52,-2.09,-0.72
153,2011,12.75,6.3,50,56.1,55.9,44.8,92.5,89,90,3.89,3.33,2.5,3.24,-0.49,-1.47,-0.13,3.76
153,2012,9.78,16.75,48.3,59.6,57.5,45.6,96.2,90.8,92.17,-3.95,-4.61,-5.2,-4.59,-3.19,-3.18,-3.11,-3.3
153,2013,11.82,4.51,44.1,55.5,60.9,49.7,85,85.4,85.47,0.68,0.67,0.73,0.69,0.18,0.38,0.87,-0.72
153,2014,5.98,9.43,47.4,57.9,56.8,48.2,85.1,88.6,86.37,-0.05,-0.17,-0.02,-0.08,-0.38,0.38,0.34,-0.44
153,2015,13.24,5.06,48,57.6,59.9,46.6,88.5,86.6,87,0.29,1.99,-0.1,0.73,5.21,-0.3,1.38,0.61
153,2016,13.23,15.25,47.2,54.3,60.6,51.4,88.9,87.7,88.53,-0.82,1.44,2.11,0.91,4.31,2.45,1.43,1.22
153,2017,7.81,8.71,51.9,56.4,59.3,48.9,89.7,85.2,86.83,0.91,-0.38,-0.74,-0.07,-1.13,-1.19,-0.75,0.98
153,2018,14.56,7.11,39.9,63.4,64.5,49.6,89.6,87.1,88.7,0.33,-0.63,-0.81,-0.37,-1.89,-0.74,-0.55,-0.23
153,2019,18.49,11.74,46.8,59.1,64.1,46.8,88.5,88.4,87.1,3.43,4.79,4.32,4.18,5.14,0.08,2.36,3.13
153,2020,16.41,6.55,44.4,55.1,60.1,46.1,91,84.8,87.5,2.28,2.22,2.56,2.35,0.51,1.72,0.66,2.63
153,2021,12.17,5.53,46.2,54.9,60.8,53.9,87.8,88,87.43,-0.9,-0.25,-0.43,-0.53,1.7,-0.63,-0.13,-0.47
153,2022,15.34,6.63,45.9,59.5,58.7,44.2,91,87.9,89.2,-0.74,-0.78,-0.86,-0.79,-0.36,-0.47,-0.73,-0.32
153,2023,15.64,6.64,46.4,57.2,60.1,49.8,88.7,86.1,87.5,-2.4,2.3,3.61,1.17,6.91,4.65,2.95,-1.66
153,2024,11,1.88,50.7,61.8,61.9,48.2,86.9,88.8,87.67,1.18,1.57,1.19,1.31,1.53,-0.66,0.45,1.14
153,2025,11.2,10.37,50,57.7,60.5,51.3,88.9,87,87.27,2.64,2.87,-0.44,1.69,1.52,-1.31,1,1.91
155,1980,4.24,5.44,38.7,49.9,55.2,37.5,88.9,86.8,85.53,-0.18,-0.74,1.02,0.03,-1.75,3.05,0.8,-0.61
155,1981,3.23,3.16,44.5,45.9,52.8,38.7,83.2,80.6,81.8,1.78,2.1,3.74,2.54,1.51,5.56,3.14,1.11
155,1982,7.45,2.61,35.2,55.7,52.1,41.2,84.4,80.8,81.03,2.49,3.99,3.37,3.28,5.29,-0.65,1.44,2.9
155,1983,5.25,10.5,36.7,47.1,53.2,43.3,90.7,89.8,87.93,3.11,1.86,1.37,2.11,-2.8,-0.91,-1.55,3.82
155,1984,5.76,7.42,40,47.6,51.6,45.7,83.8,86.7,84.77,-0.29,-0.39,-1.21,-0.63,-0.38,-2.59,-1.28,2.33
155,1985,10.71,5.98,44.8,51.3,54.8,42.8,84.3,79.9,81.5,-1.91,-1.81,-1.75,-1.82,-0.29,-0.38,-0.54,-1.78
155,1986,3.21,10.69,40.2,51.2,57.6,43.8,85.8,79.9,82.67,0.83,1.41,0.95,1.06,2,-0.94,0.7,0.54
155,1987,3.37,2.61,40.1,54,52.8,35,88.7,83.6,86,-1.76,-2.29,1.13,-0.97,-2.12,3.38,-0.2,-1.27
155,1988,5.48,6.9,37.7,49,53.4,36.1,90.9,89.8,89.2,-2.31,-3.51,-3.69,-3.17,-4.32,-1.62,-3.18,-1.24
155,1989,3.29,5.8,38.1,47.1,50.6,41.5,85.9,82.7,83.37,-3.97,-3.94,0.16,-2.58,-1.13,0.47,-0.7,-3.9
155,1990,8.6,2.14,39.5,48.1,55.3,39,82.4,81.7,81.9,4.1,4.69,5.15,4.65,3.02,2.85,3.69,2.64
155,1991,6.07,7.29,43.6,57.6,52.6,42.8,87.4,85.3,86.3,-0.74,-1.91,-2.41,-1.69,-3.75,-2.09,-2.68,3.3
155,1992,4.69,5.08,37.2,46.9,51.3,39.4,79.5,77.5,79.37,-2.22,2.22,2.09,0.7,6.66,0.29,1.67,-1.76
155,1993,7.94,9.15,37.6,51.3,50.8,39,82.8,82.8,81.73,4.32,4.62,4.99,4.64,2.25,2.53,2.83,3.43
155,1994,3.97,4.04,39.5,47.4,54.2,45,83.4,79.5,82.7,1.48,0.88,1.27,1.21,-1.34,1.45,0.28,1.37
155,1995,4.98,6.92,35.9,47.7,49.7,42.2,86.8,88.4,86.3,-0.05,-0.38,-0.45,-0.29,-1,-0.33,-0.49,3.17
155,1996,2.92,3.16,34.6,48.2,51.6,41.3,82.8,83.4,82.2,1.6,2.43,1.68,1.9,2.97,-1.49,0.84,1.4
155,1997,8.12,3.03,34.3,43.9,53.5,42,86,80.6,82.93,-1.25,-1.34,0.93,-0.55,-0.66,2.8,0.36,-0.99
155,1998,9.36,3.85,40.8,55.1,57.2,43.7,85.3,84.9,83.43,2.51,2.15,1.43,2.03,-0.31,-1.48,0.54,1.54
155,1999,5.59,3.73,41.4,51.7,49.7,40.2,89.3,81.8,84.53,1.58,-0.52,-0.61,0.15,-1.57,-0.42,-0.16,1.21
155,2000,4.22,2.94,38.3,53.3,53.6,45.2,82.2,84.1,81.97,1.06,1.14,0.77,0.99,0.57,-0.76,0.88,0.12
155,2001,6.6,4.85,42.6,52.7,50.9,42.2,85.7,84.2,83.17,1.22,1.48,1.35,1.35,1.15,0.08,0.68,1.06
155,2002,4.92,3.26,40.8,46.2,54.6,39.8,88.5,84.3,85.53,2.52,-0.59,-0.32,0.54,-1.76,0.63,0,2.4
155,2003,2.49,1.64,39,47.6,52,40.2,84.6,86.2,83.3,0.25,0.98,0.51,0.58,2.28,-1.11,0.09,0.61
155,2004,4.98,6.24,40.2,52.6,53.4,42.3,82.3,77.9,79.9,-0.37,-0.7,0.68,-0.13,-1.1,2.05,-0.06,1.04
155,2005,7.24,5.56,41.4,46.3,57.5,42.4,88.2,85,87,-2.67,-3.01,-3.33,-3,-1.83,-1.91,-2.3,-1.81
155,2006,6.49,3.28,42,50.4,52.1,39.1,87.6,82.7,84,-4.09,-4,0.5,-2.53,-1.01,1.5,-0.07,-4.3
155,2007,8.86,6.25,37.4,54,54.1,47.8,83.5,85.5,84.07,0.96,1.13,2.36,1.48,0.8,4.02,1.45,1.25
155,2008,7.56,3.55,39.9,45.6,55,41,84.4,82,83.2,0.94,1.9,1.42,1.42,3.19,-0.86,0.76,1.07
155,2009,9.65,5.71,37.8,50.4,53.4,40.4,78.4,79.2,79.77,5.1,5.28,5.58,5.32,2.1,2.55,1.88,5.32
155,2010,5.14,5.63,44.5,52,54.2,41.8,87.6,86.7,85.97,4.93,4.11,3.41,4.15,-0.93,-0.84,0.98,3.74
155,2011,5.4,4.59,39.1,49.3,51.3,41.5,89.5,85.2,85.4,2.76,-0.44,-0.52,0.6,-1.33,-0.38,-0.07,2.52
155,2012,3.59,7.28,40,54.1,51,40.2,93,85.6,87.87,-2.04,-2.85,-2.82,-2.57,-3.08,-0.78,-1.84,-1.66
155,2013,7.52,2.29,37.1,52.4,53.1,41.9,83.1,83.3,82.5,2.61,-0.66,-1.16,0.26,-1.98,-1.72,-1.15,2.81
155,2014,5.13,4.21,37,49.8,51.3,40.5,79.4,82.4,81.17,1.32,1.13,1.6,1.35,-0.17,1.78,1.85,-1.38
155,2015,3.55,1.92,38.8,51.9,58.1,43.2,81.2,80.8,80.43,2.57,2.64,2.33,2.51,1,-0.12,2.43,0.49
155,2016,4.82,11.26,38.6,50.3,59,47.2,83.2,83.2,83.6,2.13,2.7,4.35,3.06,2.35,5.78,3.29,1.73
155,2017,7.18,2.94,42.2,48,53.7,46.7,84.1,79.5,82.47,2.5,2.99,2.42,2.64,2.23,-0.8,0.23,3.07
155,2018,7.52,2.34,29.8,56.3,56.9,40.9,83.8,84.1,83.6,2.13,1.84,1.85,1.94,-0.21,0.61,0.82,1.61
155,2019,8.19,4.11,38.7,49.8,59.6,41.5,87.4,81.8,83.07,4.61,3.7,3.08,3.8,-1.29,-0.71,-0.43,4.87
155,2020,6.18,3.34,35.8,49.4,53.4,39.3,86.8,84,85.2,3.08,3.38,2.15,2.87,1.84,-2.63,-0.77,3.99
155,2021,5.52,3.52,39.8,50.1,56.4,50.1,82.7,85.8,84.4,1.46,1.91,1.58,1.65,1.8,-0.39,0.84,1.21
155,2022,5.94,1.96,36.7,54,54.6,38.8,83.5,82.3,83.33,-0.42,0.49,0.53,0.2,1.46,0.29,0.56,-0.44
155,2023,6.71,3.89,38,49.5,56.5,44.9,85,83.2,84.03,-2.07,0.63,0.21,-0.41,1.88,-1.05,-0.55,-1.38
155,2024,6.7,3.6,41.5,54.1,54.7,43.3,82.8,83.1,83.47,-0.4,0.87,0.79,0.42,2.62,0.03,0.7,-0.25
155,2025,4.93,4.62,39.8,48.7,54.1,46.9,86.2,81.8,83.97,-2.66,-0.96,-1.1,-1.57,4.26,-0.7,0.91,-2.66
157,1980,7.02,6.93,41.5,52.4,58,40.9,95.6,94.3,92.3,-1.58,-1.44,-1.28,-1.43,-0.09,0.03,-0.21,-1.54
157,1981,4.58,2.85,50.2,49,54.8,43.9,88,86,86.33,2.05,3.06,2.93,2.68,3.66,0.56,2.32,1.27
157,1982,11.05,4.54,38.8,57.2,55.7,44.6,89.3,85.2,84.8,2,2.12,2.3,2.14,0.97,1.21,1.13,1.78
157,1983,4.95,14.63,39.7,51.5,56.4,46.4,94.1,95.1,91.47,3.72,2.75,1.4,2.62,-1.77,-3.18,-1.68,4.17
157,1984,7.84,11.01,43.3,50.3,54.6,50.9,88.7,89.3,88.9,1.64,1.16,0.85,1.22,-0.92,-0.59,-0.73,2.08
157,1985,13.89,10.01,47.9,54.1,56.8,48.2,89.6,84.7,85.3,4.22,3.31,4.22,3.92,-1.44,3.75,1.84,3.51
157,1986,5.87,13.79,46.6,56,60.4,47.1,92.8,85.3,88.7,-1.16,-1.07,-0.99,-1.07,-0.08,-0.1,-0.77,-0.5
157,1987,5.98,4.08,42.2,58.5,56.1,39.4,90.2,90.5,90.13,-2.31,0.49,0.74,-0.36,1.48,0.88,0.33,-2.06
157,1988,10.59,12.15,41.2,52.1,56.4,38.8,90.5,92.8,91.37,-2.12,-2.01,-3.06,-2.4,-0.34,-3.76,-2.24,-1.39
157,1989,12.5,8.53,44,50.1,54.1,46.1,87.6,87.6,86.27,-0.09,-0.21,-0.19,-0.16,-0.39,-0.01,0.21,-0.48
157,1990,10.46,2.34,41.8,52,59.4,41.8,88.6,85.4,86.6,1.44,1.44,1.22,1.37,0.46,-0.22,-0.17,1.88
157,1991,6.31,12.9,48.5,61.4,57,46.2,89.4,89.2,88.7,-1.92,-2.11,-2.42,-2.15,-1.14,-1.59,-1.52,-1.46
157,1992,5.89,6.44,45.5,51.7,54.6,42.1,88.1,83,84.43,-1.39,-1.29,-1.84,-1.51,-0.13,-2.05,-1,-1.24
157,1993,9.38,8.68,41.7,54.4,54.8,43.8,90.1,88.2,87.5,1.62,2.66,2.62,2.3,3.62,0.7,2.04,1.14
157,1994,6.83,9.77,44.4,49.1,54,46.6,87.5,85.4,86.7,-0.55,-0.99,-1.02,-0.85,-1.49,-0.38,-0.63,-0.61
157,1995,8.02,8.41,42.3,53.2,53.3,44.6,88,91.8,87.9,2.57,-0.03,-0.54,0.67,-0.08,-1.53,0.12,2.14
157,1996,7.47,5.3,40.7,57.2,53.6,45,86,87.6,85.9,1.76,1.62,0.82,1.4,0.13,-1.9,-0.21,1.53
157,1997,10.52,7.77,38.4,48,57.1,46.7,89.6,84,84.83,2.52,2.05,2.48,2.35,-0.64,1.93,1.17,1.98
157,1998,11.39,4.46,44.9,60.2,61.7,47.5,86.8,87.6,86.67,1.34,1.88,1.98,1.73,2.05,0.88,2,0.35
157,1999,13.18,4.26,49.5,54.3,52.4,43.5,90.6,86.1,87.07,1.79,-0.43,-0.52,0.28,-1.3,-0.4,0.11,1.25
157,2000,7.77,4.42,41.7,57.7,55.2,48.5,85.6,88.9,86.07,1.41,2.05,2.19,1.88,2.35,1.07,2.44,0.12
157,2001,5,6.03,50.3,55.8,54.6,45.1,87.9,88.9,86.97,-1.48,0.85,0.91,0.09,2.56,0.43,0.9,-1.55
157,2002,9.91,7.39,46.7,51.1,58.9,45.3,91.4,87.7,88.57,-0.44,-1.5,-1.85,-1.26,-3.31,-1.51,-2.05,2.69
157,2003,5.54,4.61,45.2,53.9,54.1,45,87.7,89.3,85.53,1.99,-0.31,-0.62,0.35,-0.94,-1.02,0.55,0.88
157,2004,8.72,8.52,45,59.8,55.5,48.8,84.6,82.1,83.03,0.54,1.26,2.04,1.28,2.32,2.72,1.7,0.59
157,2005,10.47,8.81,46.7,51.3,61.8,46.4,89.2,89,88.83,-1.91,-1.48,-1.26,-1.55,0.7,0.19,-0.74,-0.97
157,2006,10.8,6.5,48.4,54.3,54.8,43.2,90,89.3,88.5,-0.51,-0.78,-0.68,-0.66,-0.97,0.07,-0.53,-0.32
157,2007,8.75,7.55,41.8,58.3,60,49.5,87.1,95.4,89.47,-1.11,-1.13,-2.09,-1.44,-0.4,-3.24,-1.62,-0.78
157,2008,15.5,6.76,42.8,51.4,58,44.7,87.7,84.7,86.4,-0.69,0.69,-0.39,-0.13,2.07,-1.16,-0.38,3.94
157,2009,6.77,4.44,45.4,55.2,57.6,43.7,82.9,84.4,84.5,1.66,2.66,2.54,2.29,3.51,0.47,1.4,1.78
157,2010,7.02,6.96,49.1,57.3,57.9,44.3,90.4,91.1,90.23,-0.84,-0.9,-1.09,-0.94,-0.44,-0.87,-0.55,-0.81
157,2011,9.28,5.52,47.7,56.3,54.8,45.4,93.6,89.3,90.17,3.6,3.72,2.91,3.41,1.49,-1.27,0.85,3.15
157,2012,7.34,9.87,46.8,58.4,56.1,44.4,97.3,90,92.27,-3.14,-3.7,-3.94,-3.59,-2.66,-1.86,-2.53,-2.36
157,2013,14.24,3.93,43.6,55.4,58.5,45.5,84.6,85.6,85.13,2.6,2.64,-0.43,1.6,0.92,-1.28,0.32,2.4
157,2014,4.36,6.7,45.6,56.7,54.3,46.3,84.8,87.8,85.8,0.88,0.73,1.12,0.91,-0.2,1.4,0.63,0.72
157,2015,8.4,5.72,46.5,56.7,60,47,87.9,85,85.7,3.63,4.01,3.87,3.84,2.25,0.81,3.15,1.68
157,2016,5.09,15.32,46.2,54.3,61.2,51.7,88.6,86.9,88.27,1.1,1.22,2.39,1.57,0.68,3.88,0.8,2.03
157,2017,5.8,3.11,49.9,56,57.5,48.9,90.7,84.2,87,-0.28,-0.36,-0.67,-0.44,-0.33,-1.02,-0.73,2.21
157,2018,15.03,4.19,38.3,61.6,63,47.2,88.4,86.1,87.77,1.46,1.33,1.64,1.48,0.06,1.36,0.39,1.72
157,2019,13.51,8.2,46.1,57.7,64.6,46.3,88.4,86.5,85.93,3.67,3.37,2.82,3.29,0.22,-0.61,0.31,3.6
157,2020,13.21,5.35,42.6,54,57.2,43.2,88.8,83.7,86.13,1.42,1.9,1.71,1.68,1.9,0.02,-0.01,2.3
157,2021,10.94,7.57,44.7,53.2,59.8,53,85.9,86.9,85.9,-0.82,0.67,0.76,0.2,2.01,0.49,0.4,-0.43
157,2022,12,4.74,43.7,57.9,56.9,41.6,90.5,86.7,88.13,-0.7,-0.62,-0.6,-0.64,0.02,-0.12,-0.73,1.5
157,2023,13.44,4.8,44.3,55,57.3,47.2,88.8,85.4,86.8,-1.81,-1.24,-0.79,-1.28,1.14,0.97,-0.21,-1
157,2024,8.14,2.46,48.1,61.1,59.2,44.8,85.1,86.4,85.93,0.17,0.99,0.57,0.58,2.53,-0.97,0.29,0.44
157,2025,5.38,8.08,47.9,55.3,57.6,50,89.9,86.4,87,0.16,-0.11,-0.99,-0.31,-0.33,-2.69,-0.84,-0.08
159,1980,7.67,7.2,41,53.1,57.9,40.9,91.5,91.2,89.23,0.43,-0.4,-0.6,-0.19,-1.2,-0.72,-0.21,-1.09
159,1981,4.5,2.86,48.6,50,54.9,43.6,87.2,83.7,85.37,0.35,0.51,1.25,0.7,0.58,2.39,0.34,1.12
159,1982,12.8,6.1,38.9,57.1,55.5,44.8,86.9,83.6,83.37,-0.12,-0.36,-0.43,-0.3,-0.77,-0.31,-0.44,-0.05
159,1983,6.02,12.27,40.3,50.9,55.9,47.2,92,93.3,89.93,2.57,-0.67,-1.36,0.18,-2.01,-2.29,-1.04,2.43
159,1984,8.29,10.36,43.3,50.7,54.9,52.2,86.7,87.2,87.37,-1.04,-1.58,-1.96,-1.53,-1.95,-1.62,-2.23,2.96
159,1985,11.89,11.25,47.7,54.6,55.9,49.4,86.8,82.4,83.27,2.59,1.87,2.83,2.43,-1.37,3.46,1.75,1.72
159,1986,7.01,14.13,45.6,55.9,60.4,47.3,90.3,83.4,86.8,-1.29,0.64,0.35,-0.1,1.93,-0.67,-0.09,-0.87
159,1987,4.43,3.97,41.4,57.4,54.3,37.1,87.9,88.3,87.57,-2.04,-0.73,-1.22,-1.33,3.3,-1.7,0.51,-2.24
159,1988,12.43,8.57,41.1,50.4,56.1,37.8,90.8,91.1,90.77,-2.12,-1.87,-2.56,-2.18,0.1,-2.67,-1.84,-1.27
159,1989,13.16,8.38,43.1,49.3,55.7,45.4,86.8,86,85.37,1.32,1.2,2,1.51,0.05,2.75,0.78,1.65
159,1990,10.45,3.46,41.7,51.8,58.2,41.7,87.3,85.1,85.57,2.8,2.35,1.72,2.29,-0.49,-1.17,-0.18,2.71
159,1991,8.56,11.9,48.1,61.2,56.4,47.5,89.6,88.8,88.5,-2.1,-2.86,-3.3,-2.75,-2.94,-2.2,-2.64,-1.31
159,1992,6.33,7.14,43.6,51.4,55.5,42.8,86.4,81.8,83.2,-2.73,0.27,-0.25,-0.9,0.81,-0.74,-0.69,-2.26
159,1993,10.11,8.5,41.9,54.3,55.2,41.5,89.4,86.5,86.5,1.38,2.11,2.2,1.9,2.6,0.94,1.63,1.04
159,1994,5.77,10.08,44.2,48.9,53.5,45.7,85.7,84.1,85.57,-0.65,-0.87,-0.83,-0.78,-0.86,-0.14,-0.63,-0.4
159,1995,8.39,7.53,42.4,53.5,52.5,44.4,88,89.8,87.33,2.08,0.02,0.09,0.73,0.05,0.23,0.73,1.61
159,1996,7.93,5.37,39.8,56.1,54.6,44.8,85.5,86.4,85.1,2.93,2.28,1.6,2.27,-1.05,-1.35,-0.24,2.65
159,1997,13.2,7.61,38.5,48.5,55.4,45,87.5,82.8,83.43,2.57,-0.09,0.17,0.88,-0.27,0.5,0.89,1.96
159,1998,9.45,5.07,45.1,59,60.6,47.4,85.9,85.9,85,2.1,2.69,2.61,2.47,2.43,0.59,1.96,1.27
159,1999,14.17,5.4,47.4,53.8,51.7,42.5,90.1,85.8,86.47,2.92,3.14,-0.02,2.01,1.56,-0.07,1.29,2.38
159,2000,9.5,3.78,40.7,56.8,55.4,48.6,84.4,85.3,84.23,1.09,2.29,4.09,2.49,3.93,6.11,4.44,-2.02
159,2001,4.72,5.84,48.7,54.9,54.1,44.6,87.2,87,85.53,-2.24,0.56,0.41,-0.42,1.69,-0.27,0.27,-2.27
159,2002,10.22,7.95,45.9,50.4,59.6,45.7,91.2,88.9,88.97,-0.24,-0.86,-1.6,-0.9,-1.92,-2.5,-1.71,3.67
159,2003,7.18,5.99,45.5,53.9,53.7,43.2,87.4,87.2,84.73,0.89,1.13,1.26,1.09,0.99,0.75,0.55,1.03
159,2004,9.5,7.54,45.1,59.5,56.5,47.5,83.8,81.7,82.8,0.3,0.96,1.8,1.02,2.07,2.8,1.17,0.85
159,2005,11.58,7.71,45.5,50.4,60.7,46.8,87.1,88.9,87.37,-1.76,-1.91,-1.09,-1.59,-0.99,1.87,-0.28,-1.33
159,2006,12.27,6.14,46.7,53.9,54.2,42,88.6,87.3,87,-0.19,-0.43,0.53,-0.03,-0.77,1.58,0.32,-0.28
159,2007,10.33,9.33,40.8,57.4,58.6,50.1,85.9,94,88.63,-0.81,-1.09,-1.94,-1.28,-1.09,-2.9,-1.08,-1.18
159,2008,16.05,6.54,43.1,50.3,58.8,44.5,86.7,84.9,85.8,3.84,4.14,3.31,3.76,2.08,-1.2,1.03,3.46
159,2009,6.12,6.72,44.3,54.4,58.5,43.6,81.8,83.8,83.73,3.06,3.54,2.96,3.19,2.38,-0.63,0.88,3.08
159,2010,6.33,6.46,48.8,57.5,56.2,43.2,88.8,90.3,89,0.49,1.38,-0.14,0.58,2.81,-0.43,1.14,0.16
159,2011,10.35,7.02,46.5,54.9,56,43.4,90.8,87.7,87.97,4.14,4.04,2.82,3.67,0.97,-2.42,1.08,2.87
159,2012,7.26,11.71,44.5,58.5,55.1,44.4,97.1,88.9,91.2,-3.09,-4.07,-4.2,-3.79,-3.9,-1.64,-2.98,-2.18
159,2013,12.14,3.47,42.9,55.1,58.3,45.3,83.5,84.5,83.37,4.2,5.21,4.42,4.61,4.33,-0.75,2.82,2.87
159,2014,4.69,8.52,45.5,55.7,54.6,46.9,82.3,83.4,83.17,1.98,2.2,2.5,2.23,1.26,1.6,1.06,2.09
159,2015,8.47,6.08,45.8,56.7,59.1,46.8,84.6,83.6,83.5,4.27,4.23,3.93,4.14,1.21,0.39,2.62,2.43
159,2016,7.67,12.2,43.9,53.2,60.8,50.9,85.9,85.9,86.43,1.34,1.75,2.97,2.02,1.64,4.21,1.34,2.17
159,2017,6.45,4.08,48.4,55.5,58,49.6,88.3,83.3,85.67,-0.34,-0.12,-0.43,-0.3,0.56,-0.97,-0.48,1.04
159,2018,13.92,5.61,37.2,62.1,63.9,47.1,87.1,85,86.1,1.6,1.35,2.17,1.71,-0.28,2.89,1.96,0.57
159,2019,13.53,8.82,45.4,56.6,62.2,46.2,87.8,85.2,85.13,5.43,5.2,5.06,5.23,1.01,1.16,1.72,4.94
159,2020,16.08,7.14,40.9,52.9,56.7,43.6,88.1,83.5,85.57,3.49,4.78,4.51,4.26,4.96,0.67,1.49,4.32
159,2021,11.69,7.48,43.6,51.8,58.8,53.5,85,86.1,85.1,1.84,3.08,3.68,2.87,4.28,2.76,2.29,2.11
159,2022,11.66,5.58,42.8,57.5,57.5,42.4,86.5,84.5,85.7,1.9,3.69,4.57,3.39,5.96,3.77,2.98,2.41
159,2023,12.55,5.16,43.2,53.8,57.4,46.9,87.2,84,85.03,-0.68,-0.61,0.64,-0.22,0,1.93,0.59,-0.7
159,2024,8.88,3.22,48.1,59.8,58.8,45,84.9,84.9,85.2,0.29,1.59,1.32,1.07,3.98,-0.33,0.68,0.92
159,2025,7.62,8.73,45.7,54.6,58,49.5,89.1,83.9,85.9,1.81,3,-0.18,1.54,4.12,-0.54,1.43,1.75
161,1980,3.76,4.28,38.4,50.7,54.8,38.1,87.7,85.4,84.5,0.26,0.1,1.56,0.64,-0.39,4.39,1.59,-0.83
161,1981,2.9,3.01,42.9,47.2,52.5,40.1,82,81,81.5,0.33,0.32,1.12,0.59,0.07,2.48,1.18,-1.07
161,1982,5.55,3.32,33.7,55.3,53.6,42.6,84.5,80.6,80.7,1.62,3.31,3.26,2.73,5.56,0.88,2.4,1.52
161,1983,4.27,7.65,35.9,47.3,53.5,43.4,89.8,90.5,87.9,-0.48,-1.03,-2.02,-1.18,-1.78,-3.29,-1.86,-0.35
161,1984,4.15,6.78,39.7,47,51.8,44.7,83.3,86.3,84.37,-0.28,0.28,-0.81,-0.27,0.84,-2.43,-0.81,1.21
161,1985,7.57,5.8,44.4,52.4,55.4,43.4,85.2,80,81.53,-1.74,-2.11,-2.39,-2.08,-1.65,-1.5,-1.76,-1.15
161,1986,3.69,8.77,41.7,52.2,56.9,43.3,85.9,78,81.9,1.82,2.28,2.24,2.11,1.94,0.58,1.04,1.81
161,1987,4.01,2.42,41.4,54.6,52.8,36.2,89.6,82.3,85.9,-2.35,-3.35,2.07,-1.21,-3.71,6.22,-0.06,-1.63
161,1988,4.22,7.36,38.1,50.9,54.3,36.3,90.4,88.7,88.6,-2.82,-4.01,-4.06,-3.63,-4.46,-1.38,-3.19,-1.76
161,1989,3.59,4.44,38.9,48,50.1,42,85.8,82.4,82.63,-3.9,-4.02,-3.31,-3.74,-1.55,0.87,-0.26,-4.31
161,1990,8.78,1.09,39.5,47.9,55.7,40.1,82.3,82.2,81.73,4.76,4.4,4.83,4.66,0.37,2.66,3.9,2.08
161,1991,6.88,5.48,43,57,52.7,41.8,86.4,84.5,85.5,-1.4,-2.69,-3.29,-2.46,-4.28,-2.64,-3.18,-0.59
161,1992,4.3,6.68,38.3,48.5,51.7,40.4,78.7,77.8,79.13,-2.75,2.73,2.19,0.72,8.2,-0.79,1.47,-1.95
161,1993,6.55,9.21,37,52,51.1,39.8,81.8,82,80.87,5.69,6.18,7.25,6.37,3.22,5.13,5.01,3.86
161,1994,4.04,2.57,39.4,48.4,54.6,44.9,82.4,79.6,81.83,-1.41,-1.41,-1.35,-1.39,-0.46,-0.24,-0.1,-1.71
161,1995,4.56,6.47,36.1,49.2,51,41.2,86.2,87.2,85.43,-0.69,-0.7,-0.97,-0.79,-0.24,-1.04,-1.12,2.12
161,1996,4.17,3.6,35.4,48.8,52.6,42.3,81.9,82.4,81.4,-0.49,-0.73,-0.99,-0.74,-0.86,-1,-1.11,2.15
161,1997,6,1.88,35.6,45.1,55.1,43,84.6,79.8,82.03,-1.64,-2.41,-1.41,-1.82,-2.83,2.27,-0.64,-1.32
161,1998,9.62,2.97,41.8,56,58,44.7,84.8,83.1,82.17,2.37,1.6,1.71,1.89,-1.57,0.81,0.82,1.44
161,1999,4.63,3.82,42.7,52.8,50.2,40.6,88.8,80.7,83.53,-0.14,-0.3,-0.39,-0.28,-0.5,-0.37,-0.05,-0.43
161,2000,5.13,2.51,38.9,52.8,54.5,45.4,82,83.8,81.5,1.57,1.61,1.07,1.42,0.61,-1.12,0.99,0.46
161,2001,6.96,3.76,43.2,53.1,52,42.1,85.8,83.4,82.73,1.86,1.49,1.06,1.47,-0.54,-0.82,-0.62,2.26
161,2002,3.89,2.8,40.3,46.7,55.6,40.2,87.3,82.5,84.3,1.56,2.14,2.52,2.07,2.25,1.79,1.53,1.53
161,2003,2.18,1.26,39.6,48.2,51.5,40.9,84,85.8,82.97,-1.7,-1.16,-1.82,-1.56,1.11,-2.35,-0.61,-1.68
161,2004,6.14,5.49,40.9,52.6,54.6,43.6,81.1,77.2,79.03,-0.44,-0.81,-0.23,-0.49,-1.25,1.5,-0.36,1.19
161,2005,4.52,3.92,42.8,47.6,57.8,43.8,87.1,84.8,86.03,-2.53,-3.42,-3.95,-3.3,-3.43,-2.65,-3.12,-1.61
161,2006,7.68,2.87,42.9,51.6,51.9,39,87.4,82.4,83.5,-4.43,-4.31,-3.59,-4.11,-1,0.81,-0.7,-4.23
161,2007,7.08,5.07,37.2,55.2,54.8,48,83.7,85.1,83.63,0.32,1.44,2.49,1.42,3.45,3.58,2.59,0.09
161,2008,5.88,4.11,39.6,47.2,55.3,41.6,83.4,81.6,82.23,3.13,3.27,2.6,3,1.4,-1.02,1.04,2.47
161,2009,7.88,5.6,38.1,50.9,54.1,39.9,77.8,78.5,79.03,4.75,5.48,6.73,5.65,3.66,5.44,3.85,4.39
161,2010,5.18,4.7,45.6,52.4,55,42.8,85.9,85,84.6,5.03,5.12,5.31,5.15,1.81,2.16,2.81,3.96
161,2011,4.96,3.04,40.4,50.5,51,41.8,88.8,85,84.67,2.78,-0.42,-0.95,0.47,-1.27,-1.72,-0.85,2.94
161,2012,4.01,6.83,41,54.2,50.3,39.4,91.7,84.4,86.57,-1.44,-2.76,-2.84,-2.35,-4.38,-1.12,-2.39,-0.99
161,2013,7.05,3.53,36.9,52,55.4,42,82.8,83.6,82.07,3.12,-0.38,-1.35,0.46,-1.13,-3.04,-1.24,3.31
161,2014,4.14,2.69,37.6,51.4,52,41.9,79.4,81.6,80.87,1.35,1.41,1.62,1.46,0.59,1.07,1.91,-0.28
161,2015,3.47,2.54,39.4,52.3,59.5,44.2,82.3,80.9,81.13,1.77,2.32,2.36,2.15,2.19,0.84,2.5,0.31
161,2016,4.41,10.46,39.6,51.2,59.6,48,83.1,83.7,84.07,1.68,2.75,4.35,2.93,3.73,5.66,3.2,1.8
161,2017,5.64,2.7,43.1,49.8,54.2,46.5,85.1,79.4,82.97,1.75,2.76,2.11,2.21,3.57,-1.09,0.72,2.07
161,2018,6.48,1.7,30.7,57.4,57,41.4,84.5,83.9,84.17,1.33,0.97,1.81,1.37,-0.66,2.83,1.3,0.84
161,2019,8.57,5.56,39.2,49,60,40.2,87.9,82,83.43,6.18,4.82,4.16,5.05,-2.17,-0.48,-0.68,6.66
161,2020,6.64,3.48,36.9,49.9,53.1,39,86.3,84.4,84.9,2.88,2.81,1.6,2.43,0.69,-2.77,-0.69,3.21
161,2021,5.33,4.58,40.9,50.8,56.7,49.4,83.2,85.7,84.7,-0.07,-0.04,-0.51,-0.21,0.06,-1.41,-0.52,2.33
161,2022,4.69,1.93,36.9,55,55.5,39.3,84.5,82.4,83.83,-1.95,-1.86,-1.67,-1.83,-0.34,0.01,-0.19,-2.08
161,2023,7.77,3.98,38.6,51.6,57.4,45.7,85.1,83.3,84.5,-1.96,-2.13,-2.58,-2.22,-1.14,-1.99,-1.83,-1.31
161,2024,6.26,3.39,42.4,53.9,55,44.4,82.1,82.4,82.97,0.1,0.95,1.2,0.75,2.57,1.05,0.93,0.43
161,2025,3.99,4.1,40.8,49.1,55.5,47.7,85.7,82.3,84,-2.06,1.9,1.89,0.58,5.71,0.56,1.74,-1.91
163,1980,6.11,4.99,41.8,53.1,59.3,41.8,95.2,93.5,91.83,-2.31,-2.49,-2.68,-2.49,-1.24,-1.35,-1.27,-2.13
163,1981,4.17,2.13,50,49.9,55.5,44.2,87.5,85.1,85.87,1.42,2.87,2.97,2.42,4.77,1.19,2.54,0.96
163,1982,9.32,3.88,39.4,57.9,56.3,45,88.1,84.1,84.03,2.25,2.53,2.85,2.54,1.52,1.75,1.41,2.15
163,1983,5.28,12.26,40.5,51.3,56.9,47.6,93.6,94.2,90.77,3.31,-0.66,-1.42,0.41,-1.99,-2.48,-1.43,3.63
163,1984,8.42,11.77,44.2,50.7,55.2,51.7,87.9,89,88.2,2.08,1.57,1.09,1.58,-0.9,-0.96,-1.22,2.99
163,1985,11.31,9.62,47.9,55,57.4,49.4,88.1,83.4,83.97,3.82,3.3,3.42,3.51,-0.38,1.37,1.38,3.1
163,1986,6.94,13.34,46.9,56.2,61.4,48.3,92.4,84.9,88.33,-1.62,-1.6,0.09,-1.04,-0.46,0.27,-0.36,-1.48
163,1987,5.66,3.25,42.4,59,56.9,39.6,89.9,89.4,89.63,-2.3,0.85,1.2,-0.08,2.55,1.32,0.8,-2.02
163,1988,10.12,11.72,41.9,52.8,57.4,40.7,90.1,91.9,90.53,-2.07,-2.08,-2.67,-2.27,-0.66,-2.41,-1.82,-1.43
163,1989,9.59,8.56,44.2,50.7,54.4,46.5,86.4,86.3,85.3,0.25,0.3,0.18,0.24,0.22,-0.28,0.17,0.07
163,1990,9.21,2.89,42.5,52.3,60.2,43.1,88.3,85.1,86.23,2.14,1.92,1.51,1.86,0.01,-0.64,-0.19,2.36
163,1991,5.98,11.65,48.3,61.6,58,47.4,88.6,88.4,88.03,-1.86,-1.47,-1.81,-1.71,0.6,-1.48,-1.19,-1.07
163,1992,5.86,5.39,44.6,52.3,55.7,44.5,87.7,83,84.37,-1.59,-1.36,-1.59,-1.51,0.19,-1.12,-0.7,-1.34
163,1993,9.4,9.34,42.1,54.1,55.2,43.3,89.3,88.1,87.07,2.12,2.89,3.26,2.76,2.96,2.01,2.26,1.7
163,1994,5.29,7.66,44.9,51.2,54.7,48.1,86.6,86,86.47,3.74,2.87,2.21,2.94,-1.46,-1.11,-0.89,4.21
163,1995,8.89,8.07,43.1,53.9,53.4,45.8,88.7,91.9,88.07,3.86,-0.09,-0.44,1.11,-0.27,-1.09,0.05,3.74
163,1996,6.13,4.37,40.5,57.7,55.1,45.6,86.1,87.1,85.8,1.92,1.95,1.56,1.81,0.68,-0.57,0.14,2.03
163,1997,10.71,6.89,39.1,49.6,57.3,46.5,89.1,84.2,84.8,1.84,1.64,1.89,1.79,-0.01,1.24,0.82,1.59
163,1998,11.04,4.65,44.6,60.4,62.7,48,86.8,86.9,86.17,1.65,2.56,3,2.4,3.26,2.1,2.81,0.7
163,1999,12.46,4.36,49.4,55.2,53.6,44.5,91.7,86.4,87.43,0.39,-0.19,-0.51,-0.1,-0.56,-1.04,-0.14,-0.35
163,2000,6.56,3.34,41.7,58.7,56.1,48.8,85.7,88.6,85.7,1.89,2.92,3.33,2.71,3.67,2.13,3.56,0.3
163,2001,4.7,5.33,50.4,56.7,55.2,45.8,88.8,88.9,87.2,-1.45,0.46,0.3,-0.23,1.38,-0.34,0.1,-1.35
163,2002,8.42,7.34,47,51.6,59.6,45.7,91.7,88.3,89,-0.29,-0.89,-1.19,-0.79,-1.9,-1.17,-1.31,1.99
163,2003,5.37,2.98,45.3,53.8,54.6,46,88.6,89.2,86.07,1.67,1.35,1,1.34,-0.44,-0.65,0.93,0.43
163,2004,8.31,8.84,45.6,59.5,55.8,49.5,84.7,82.3,83.27,1.26,2.21,2.74,2.07,3.25,2.28,1.6,1.67
163,2005,11.06,8.28,46.6,52,61.5,47.2,89,89.1,88.9,-2.12,0.04,-0.1,-0.73,0.11,-0.31,-0.93,-1.4
163,2006,7.88,5.53,48.6,54.9,55.6,43.9,90.4,89.1,88.53,-1.18,-1.54,-1.89,-1.54,-1.47,-1.51,-1.16,-1.12
163,2007,7.85,6.71,41.7,59.1,60.4,50,87,95,89.37,-1.06,-1.23,-2.22,-1.5,-0.84,-3.36,-1.74,-0.8
163,2008,15.36,5.09,43.6,51.9,59.4,45.7,87.7,85.4,86.37,3.38,3.99,3.3,3.56,2.89,-0.85,0.33,4.15
163,2009,6.27,5.5,44.5,54.8,58,44.4,83.2,84.4,84.8,2.41,2.81,2.95,2.72,1.93,1.29,1.42,2.3
163,2010,5.88,7.38,49.4,56.9,58.3,45.2,90,90.8,90,2.51,3.04,2.83,2.79,2.36,0.31,0.92,2.77
163,2011,8.97,6.55,47.8,55.6,55.5,45.1,93.4,90.4,90.33,3.75,3.58,-0.68,2.22,0.64,-2.03,0.71,2.87
163,2012,7.11,9,47.1,59,56.9,45.9,97.8,90.5,92.4,-1.96,-3.15,-3.16,-2.76,-4.17,-1.01,-2.71,-1.08
163,2013,11.45,3.72,43.6,55.6,59.5,46.1,85.5,86.3,85.6,3.98,4,-0.57,2.47,1.29,-1.72,0.91,3.26
163,2014,4.05,5.02,45.2,56.7,56.3,47.7,84.8,87.4,85.67,0.65,0.07,0.65,0.46,-1.54,1.77,0.32,0.45
163,2015,6.57,5.86,47.1,57.5,61.6,48,87.7,85.5,85.87,2.94,3.13,3.33,3.13,1.47,1.57,2.68,1.42
163,2016,4.39,15.28,46,54.5,62.6,53,88.9,87.4,88.77,0.74,1.11,2.02,1.29,1.33,3.09,0.62,1.78
163,2017,6.45,3.74,49.7,55.5,58.4,50.8,91.6,85.1,87.83,-0.44,-0.8,-1.24,-0.83,-1.21,-1.57,-1.36,1.72
163,2018,14.88,2.85,38,62.5,63.6,48.5,88.6,87.2,88.37,1.48,1.48,2.07,1.68,0.45,2.23,1.02,1.5
163,2019,11.94,7.81,45.7,57.6,64.6,46,88.5,86.2,85.9,4.11,3.97,4.32,4.13,0.85,2.26,1.34,4.24
163,2020,12.61,4.64,41.9,53.7,57.2,43.3,89.4,84.8,87.23,2.91,3.88,4.15,3.65,3.8,2.03,1.8,3.41
163,2021,9.41,4.82,44,52.4,59.3,52.8,86.8,88.2,87.17,-0.54,0.37,0.25,0.03,1.12,-0.25,0.11,-0.4
163,2022,10.93,3.5,43.7,57.6,57.3,42.3,90.6,87.6,88.77,-0.72,1.08,-0.1,0.09,3.24,-0.3,0.26,1.3
163,2023,11,4.3,43.6,54.9,58.2,47.2,89.5,86.6,87.57,-1.49,-1.22,-1.02,-1.24,0.33,0.21,-0.31,-1.1
163,2024,7.24,3,47.8,59.9,59.5,45.5,85.5,86.2,86.47,0.57,2.23,1.65,1.48,5.16,-1.05,0.81,1.26
163,2025,5.34,10.13,47.9,54.9,59.4,52,90.1,86.6,87.27,1.94,2.1,-0.64,1.13,1.07,-1.93,-0.37,2.25
165,1980,7.96,9.42,42.8,53.6,59.7,41,92.3,92.7,90.23,-1.16,-1.16,-1.54,-1.29,-0.36,-1.5,-0.67,-1.23
165,1981,5.27,3.52,50.6,50.8,54.4,44.2,87.5,84.7,85.77,2.46,2.86,-0.13,1.73,1.96,-0.4,0.94,2.28
165,1982,15.99,5.46,40.4,57.1,55.4,45,87.8,85.2,84.7,0.43,0.65,0.41,0.5,0.8,-0.53,0.2,0.35
165,1983,6.34,16.89,40.8,52.3,56.8,47.5,91.4,94.4,90.07,3.93,3.15,1.75,2.94,-1.12,-3.24,-1.51,4.45
165,1984,10.24,10.03,44.2,50.9,55.8,52.9,86.6,87.1,86.87,1.47,1.38,0.65,1.17,0.19,-1.76,-0.73,1.86
165,1985,12.32,13.76,49.9,55.1,56.1,49.8,88.1,84.2,84.77,3.56,2.77,4.17,3.5,-1.27,5.04,2.8,2.25
165,1986,5.64,9.53,46.4,55.9,61.1,47.4,91.3,84.6,87.5,-1.77,-1.07,-0.6,-1.15,1.55,1.07,0.34,-1.38
165,1987,7.36,5.1,41.7,58.6,55.5,38.3,88.7,90.3,88.67,-1.8,-0.73,-1.12,-1.22,2.67,-1.42,0.37,-1.96
165,1988,10.09,10.17,41.8,50.4,57.3,38.7,89.6,91.1,90.1,-2.29,0.43,-0.42,-0.76,1.28,-1.25,-0.68,-1.78
165,1989,19.12,9.91,43.6,51.1,56.4,45.1,85.7,86.4,84.73,2.18,2.52,2.68,2.46,1.7,1.25,1.49,1.87
165,1990,14.05,3.67,41.8,52.7,59.4,41.5,87.8,85.2,86.1,2.5,2.25,2.22,2.32,0.03,0.58,0.09,2.92
165,1991,11.02,10.86,48.8,61.6,58.4,46.1,90.1,90,88.83,-1.14,-1.79,-2.36,-1.76,-2.28,-2.27,-2,-0.73
165,1992,8.92,8.62,45.6,51.4,56.4,42.6,87.5,82.6,83.73,-1.57,0.55,0.99,-0.01,1.64,1.5,0.91,-1.6
165,1993,10.39,6.26,42.4,54.4,55.7,42.4,91.3,88.2,87.73,1.37,1.71,1.61,1.56,1.44,0.23,1.07,0.95
165,1994,8.68,8.48,45,49.2,53.6,46,87.3,85.2,86.47,-0.41,-1.1,-1.18,-0.9,-2.2,-0.59,-0.63,-0.79
165,1995,10.04,9.3,43.6,54.3,53.7,44.8,88.4,91.3,87.83,1.97,1.62,1.93,1.84,-0.43,1.42,1.18,1.25
165,1996,9.51,5.82,40.4,58.4,54.7,45.6,85.6,86.9,85.47,2.44,3.46,2.75,2.88,3.83,-1.06,1.13,2.49
165,1997,13.11,9.17,38.6,49,55.7,45.5,88.7,83.9,84.37,3.99,-0.31,-0.27,1.14,-0.94,0.05,0.28,3.8
165,1998,10.04,5.1,45,59,60.9,48.1,86.5,86.8,86.2,2.23,2.32,2.19,2.25,0.97,0.33,2.42,0.27
165,1999,13.2,6.04,49.1,52.9,53.3,42.4,91.2,89,88.33,0.29,0.45,-0.7,0.01,0.57,-2.11,-0.22,-0.56
165,2000,13.62,4.67,42.6,57.9,56.3,47.7,84.7,87.7,85.5,1.37,1.35,1.41,1.38,0.38,0.58,1.69,-0.92
165,2001,6.03,7.32,50.1,55.8,54.8,44.2,87.4,87.2,86.13,-2.18,0.27,0.57,-0.45,0.8,0.99,0.14,-1.93
165,2002,11.58,13.46,47,52.3,60.4,47.6,91.7,90.5,89.8,-0.5,-1.4,-2.2,-1.37,-2.86,-2.83,-2.4,4.08
165,2003,8.91,8.08,47.2,55.4,54.9,44.9,88.1,87.9,85.1,1.4,0.87,1.2,1.16,-1.18,1.28,0.52,1.03
165,2004,8.26,7.18,45.7,59.8,56.6,49.2,85.9,83,84.33,0.08,0.71,0.72,0.5,1.9,0.26,0.44,0.4
165,2005,11.84,8.73,46.2,50,60.9,46.2,88.1,89.9,87.73,-1.12,-1.12,0.55,-0.56,-0.34,1.65,0.25,-1.04
165,2006,15.55,5.76,50.6,55,54.3,43.2,89,88.1,87.57,-1.03,0.81,0.85,0.21,2.42,0.38,0.59,-0.76
165,2007,13.56,9.03,41.5,57.7,60,50.5,86.8,95,89.23,-1.2,-1.55,-2.52,-1.76,-1.41,-3.38,-1.56,-1.39
165,2008,22.09,9.18,44,52.7,59.9,44.8,87.2,85.7,86.47,4.02,4.46,-0.38,2.7,2.55,-1.15,0.32,4.64
165,2009,7.42,7.25,45.1,56.5,60,44.6,82.5,84.1,84.83,0.46,1.37,1.72,1.18,2.87,1.46,1.26,0.72
165,2010,8.34,6.01,49.3,57.7,57,43.1,90.8,92,90.6,-0.49,-1.15,-1.25,-0.96,-2.12,-0.67,-0.74,-0.76
165,2011,10.77,8.33,48.8,55.5,56.3,44,91.8,88.6,89.17,4.39,4.45,3.78,4.21,1.54,-0.63,1.33,3.75
165,2012,8.25,12.78,46.9,58.6,57.4,45.1,97.4,89.9,92.1,-3.63,-4,-3.88,-3.84,-2.23,-0.85,-2.11,-2.85
165,2013,14.18,5,43.3,54.9,59.2,47.3,83.8,84.6,84.33,0.68,0.95,1.13,0.92,1.03,0.84,0.87,0.48
165,2014,6.49,10.58,45.8,57.1,56.1,47.9,83.8,86.3,84.77,-0.18,-0.41,0.38,-0.07,-0.76,1.13,0.33,-0.43
165,2015,11.56,5.84,47.4,56.7,59.4,47,87.1,84.1,85.13,2.11,3.33,3.39,2.94,4.31,1.23,2.99,1.08
165,2016,10.9,13.57,45.4,53.8,61.4,52.1,87.7,85.6,87,2.08,3.9,5.1,3.69,6.1,4.81,3.13,2.88
165,2017,7.79,6.22,49.9,55.9,58.4,48.5,88.7,83.8,85.77,-0.21,-0.49,-0.74,-0.48,-0.92,-0.89,-0.81,1.48
165,2018,16.02,6.05,38.4,61.9,63.5,47.6,87.5,85.8,86.83,2.37,2.16,1.94,2.16,0.11,-0.01,1.17,1.38
165,2019,16.6,9.72,45.7,57.7,62.2,45.6,87.5,86.2,85.4,4.61,4.23,3.84,4.23,0.26,0.13,0.91,4.28
165,2020,17.45,7.18,41.7,53.9,58.2,44.1,89,83.6,85.87,3.57,3.63,3.81,3.67,1.3,1.64,1.98,2.86
165,2021,13.27,5.05,43.5,51.4,58.8,53.4,86.1,87.4,86.13,1.79,2.71,2.53,2.34,3.3,0.31,1,2.22
165,2022,11.75,5.42,44,57.7,57.9,42.1,89.8,86.6,87.93,-0.75,-0.55,-0.81,-0.7,0.37,-0.97,-0.48,-0.52
165,2023,17.49,4.14,44.6,54.8,57.8,48.2,88.2,84.9,86.2,-1.73,-1.29,-1.23,-1.42,0.79,-0.23,-0.56,-1.1
165,2024,8.97,1.48,48.4,60.5,59.6,45.6,86.6,87.1,86.63,-2.82,0.75,0.11,-0.65,2.24,-1.68,-0.32,-2.58
165,2025,6.99,9.29,48,55.6,58.8,50.2,89.3,86,86.57,1.82,-0.23,-1.06,0.18,-0.69,-2.56,-0.48,1.35
167,1980,6.02,4.48,39.9,51.9,56.6,39.6,91.3,89.4,88.2,-3.01,-3.25,-2.71,-2.99,-1.63,0.61,-0.47,-3.22
167,1981,4.11,2.8,47.8,48.1,54.4,42.7,85.5,82.9,83.97,1.45,3.45,5.13,3.34,6.44,6.09,4.65,1.09
167,1982,8.75,3.49,36.4,57.2,55.2,43.2,85.5,82.7,82.03,2.46,2.74,2.7,2.63,1.6,0.74,0.88,2.63
167,1983,4.87,12.12,38.6,48.8,55.2,45.8,92,92.8,89.87,-0.08,-0.75,-1.69,-0.84,-2.04,-3.05,-1.77,3.85
167,1984,6.76,8.98,42.3,48.5,53.6,49.6,85.7,88.4,86.77,-0.59,-0.7,-1.57,-0.95,-0.5,-2.83,-1.7,2.83
167,1985,9.21,7.83,46,52.9,56.3,47,85.5,80.7,82.1,1.33,1.15,2.27,1.58,-0.13,3.73,1.61,1.02
167,1986,3.2,11.69,43.9,54,58.7,45.6,88.2,82.2,85.27,0.12,0.96,0.55,0.54,2.55,-0.94,0.66,-2.02
167,1987,4.14,3.62,40.9,56.4,54.1,37,88.4,86.6,87.47,-2.32,-2.22,-2.1,-2.21,-0.41,-0.33,-0.57,-2.23
167,1988,6.23,8.69,39.4,50.6,55.1,37.4,90.5,90.2,89.5,-3.22,-3.85,-4.53,-3.87,-2.88,-3.23,-3.15,-2.35
167,1989,4.22,7.94,40.9,48.4,52.4,44.4,86.2,83.9,84.07,-2.4,-2.27,-2.22,-2.3,-0.35,-0.55,-0.93,-1.97
167,1990,9.48,1.56,39.5,49.7,57.4,40.5,84.9,83.6,83.83,2.49,2.6,2.55,2.55,1.08,0.66,1.72,1.51
167,1991,5.3,9.27,46.2,59.1,55.5,44.8,87,86.1,86.67,1.34,0.97,1.03,1.11,-0.7,0.49,-0.83,2.35
167,1992,4.92,4.7,40.5,49.3,53.4,41.6,83.8,81.1,82.23,-1.67,1.3,-0.55,-0.31,3.91,-1.64,0.25,-1.29
167,1993,8.5,9.66,40.2,52.5,52,40.5,85.8,85.4,84.37,2.16,3.67,4.01,3.28,5.2,2.14,3.04,1.75
167,1994,3.63,4.68,41.4,48.7,53.4,45.6,85.3,83.4,84.77,3.62,3,2.88,3.17,-0.75,0.58,0.12,3.84
167,1995,7.58,7.62,39,50.5,51.2,42.2,88.2,89.7,87.3,-0.41,-0.76,-0.65,-0.61,-1.15,0.09,-0.77,3.07
167,1996,5.2,3.19,36.9,53.1,51.8,43.1,83.6,84.8,83.6,-0.37,-0.38,-0.59,-0.45,-0.15,-0.76,-0.67,1.7
167,1997,7.54,4.35,36,47.2,54.6,43.8,86.8,81.8,83.13,-1.62,-2.27,0.4,-1.16,-2.45,1.2,-0.98,-1.18
167,1998,10.34,6.18,42.6,58.3,59.7,45.1,84.8,84.9,83.57,3.02,2.66,3.01,2.9,-0.14,1.87,2.1,1.66
167,1999,6.34,3.89,45.3,53.4,50.2,41.5,89.3,83,84.83,-0.32,-0.73,-0.12,-0.39,-1.34,1.6,0.07,-0.34
167,2000,4.67,2.63,39.7,54.8,54.1,46.9,83,85.8,83.07,0.98,1.09,1.44,1.17,0.63,1.39,1.65,-3.83
167,2001,7.17,4.7,46.4,54.2,51.9,43.4,87,86.2,84.63,-0.89,-1.06,0.24,-0.57,-0.78,0.71,0.18,-1.22
167,2002,6.94,4.69,42.6,48.9,55.9,41.5,88.7,84.8,86.1,2.99,2.72,3.26,2.99,0.11,2.47,1.11,3.05
167,2003,4.17,2.42,42.5,50.6,51.3,42,85.4,86.5,83.67,0.48,0.94,0.76,0.73,1.53,-0.25,0.86,0.05
167,2004,6.13,6.43,42.8,56.5,54,44.9,82.5,80.1,80.93,0.12,0.42,1.07,0.54,0.94,2.09,0.91,0.24
167,2005,9.08,6.72,44.3,48.9,58.5,44.7,87.8,87.1,87.2,-2.28,-2.7,-2.94,-2.64,-1.96,-1.55,-2.03,-1.58
167,2006,6.83,5.3,44.9,53.4,53,40.1,88.3,85.1,85.5,-2.8,0.07,0.13,-0.87,0.21,0.21,-0.39,-2.53
167,2007,7.37,6.11,39.6,57.4,56.7,48.6,84.1,90.7,86.2,-1.16,-1.57,-2,-1.58,-1.59,-1.78,-1.03,-1.4
167,2008,11.5,5.8,41,48.4,56.4,43.6,84.4,82.8,83.8,2.76,4.28,3.82,3.62,5.41,-0.06,2.69,2.07
167,2009,5.42,5.09,41.8,52.7,54.9,42.2,80.1,80.7,81.43,3.8,3.62,3.79,3.74,0.64,1.63,1.25,3.68
167,2010,6.22,7.77,47.2,54.3,56,42.4,87.5,87.9,86.8,5.15,5.31,4.98,5.15,2.07,0.64,2.27,4.22
167,2011,6.23,3.98,43.2,52.6,51.8,42,90.6,88.3,87.2,3.86,-0.54,-1.54,0.59,-1.62,-3.17,-0.65,3.25
167,2012,4.81,6.55,43.1,56.5,52.6,42.4,95,88.6,89.47,-3.6,-4.71,-4.82,-4.38,-4.45,-1.79,-2.91,-3.09
167,2013,8.61,3.87,40,53.6,56,42.4,83.3,84,83.23,-0.01,-0.12,-0.96,-0.36,-0.34,-2.55,-0.97,3.24
167,2014,6.48,3.44,42.3,54.1,53.4,44.5,81.5,83.6,82.87,1.06,0.77,2.08,1.3,-0.54,4.17,2.27,-0.52
167,2015,4.74,3.67,42.8,55.4,59,43.8,84.1,83.5,83.17,3.25,3.31,2.87,3.14,1.18,-0.27,1.81,1.94
167,2016,5.09,12.09,42.9,52.8,60.7,49.6,85.2,85.2,86,-1.43,1.33,2.97,0.96,4,5.32,2.43,-0.84
167,2017,5.9,3.73,46.8,52.4,55.9,48.4,88.3,82.7,85.53,-0.78,-0.47,-0.84,-0.7,0.7,-1.26,-0.97,1.24
167,2018,9.76,1.72,34.4,60.7,59.7,42.9,85.1,85.2,85.57,0.41,1.18,2.37,1.32,2.43,3.95,2.38,0.18
167,2019,10.28,6.87,42.2,53.6,61.5,42.2,88,83.3,84.27,5.08,3.96,4.02,4.35,-1.78,1.4,0.62,4.83
167,2020,10.53,3.9,38.6,51.4,54,39.6,86.8,83.7,85.47,-0.49,-0.06,-0.55,-0.37,1.14,-1.47,-0.6,5
167,2021,9.9,3.28,41.7,51.3,57,50.5,83.6,86,85,1.32,1.93,2.72,1.99,2.22,2.96,2.16,0.99
167,2022,8.2,2.51,39.7,55.2,55.3,39.1,85.4,84.3,85,1.62,2.13,2.64,2.13,2.05,2.19,1.27,1.97
167,2023,7.45,4.44,40.7,52.8,56.9,46.2,86,84,85.1,-1.38,-1.45,-0.75,-1.19,-0.63,1.66,-0.34,-0.78
167,2024,7.27,3.78,43.5,57.2,55.2,42.6,84.8,85,85.43,-1.04,0.89,1.11,0.32,2.68,0.92,0.63,-0.52
167,2025,3.49,8.06,43.2,51.2,54.3,47.9,87.3,83.9,84.93,-1.02,0.92,-0.72,-0.27,2.76,-2.15,0.03,-0.95
169,1980,5.23,4.23,39.4,52.1,55.6,38.8,91.6,88,87.53,-2.83,-2.79,0.99,-1.54,-0.73,2.97,0.77,-3.19
169,1981,3.25,3.44,46.7,48.5,53.4,42.1,84.7,82.5,83.37,2.17,4.17,4.2,3.51,6.68,1.38,3.71,1.27
169,1982,8.75,3.85,36.8,56.8,54.4,43.2,85.8,81.7,81.6,2.62,3.43,3.79,3.28,3.24,2.15,2.1,2.58
169,1983,4.25,10.28,37.8,48,54.3,45,93,93.1,90.1,-0.63,-1.62,-2.62,-1.62,-3.18,-3.49,-2.85,4.46
169,1984,6.95,8.08,41.1,48.8,52.6,47,85.5,87.6,86.23,1.66,1.86,0.99,1.5,1.11,-2.04,-0.75,2.34
169,1985,10.02,7.38,45.5,53.8,55.7,45.2,86.9,80.4,82.43,1.53,1.6,2.17,1.77,0.7,2.19,0.52,2.19
169,1986,3.01,13.12,43.3,53.8,59.2,45.4,88,80.9,84.53,1.38,2.48,1.96,1.94,3.74,-0.8,1.12,1.39
169,1987,4.68,2.99,41,55.3,54,35.6,89.8,86.5,87.63,-2.21,-2.84,-2.36,-2.47,-2.59,0.59,-1.06,-2.02
169,1988,6.19,6.69,39,51.4,55.3,37.9,90.7,91.1,89.7,-3.27,-4.04,-4.47,-3.93,-3.33,-2.53,-2.69,-2.82
169,1989,2.93,7.12,40.5,48.5,52.1,44.1,87.7,84.8,84.8,-3.68,-3.66,-3.35,-3.56,-1.07,-0.19,-1.03,-3.43
169,1990,9.05,1.2,39.4,49.3,57.6,40.4,85.1,83.8,83.87,2.66,2.64,2.76,2.69,0.77,1.18,2.32,1.1
169,1991,4.45,7.97,45.6,57.9,55.1,43.2,86.8,85.6,86.23,-1.17,-1.5,-1.67,-1.45,-1.36,-0.98,-1.95,2.45
169,1992,3.93,4.92,39.2,49.8,52.7,41.4,83.5,79.9,81.63,-2.14,1.21,0.45,-0.16,3.63,-1.9,-0.23,-1.49
169,1993,8.23,11.05,39.7,53.7,51,39.4,85.2,85.9,84.17,3.4,4.71,4.95,4.35,4.98,2.19,3.24,2.84
169,1994,3.24,3.72,41.9,49.8,54.1,45.9,84.7,82.8,84.27,-0.19,-0.59,-0.43,-0.4,-1.25,0.28,-0.51,0.76
169,1995,5.02,6.91,37.7,50,51.2,42.6,86.8,89.1,85.87,-0.2,-0.43,0.51,-0.04,-0.77,1.52,0.05,2.8
169,1996,4.87,2.74,35.8,52.7,52.3,43.7,84.3,84.7,83.63,1.8,-0.09,-0.34,0.46,-0.26,-0.79,-0.3,1.95
169,1997,9.01,2.67,37,46.9,55.4,42.9,86.6,82.8,83.53,-1.17,-1.77,-1.39,-1.44,-2.15,0.61,-1.04,-0.72
169,1998,10.41,4.53,43.2,57.9,60.4,45.1,85.9,85.5,84.23,2.97,2.57,1.87,2.47,-0.3,-1.31,1.04,1.56
169,1999,6.04,5.39,44.9,53.7,51,41.6,89.6,83.9,85.27,-0.35,-0.68,-0.74,-0.59,-1.08,-0.4,-0.53,-0.35
169,2000,5.37,2.8,40.9,53.4,54.6,46.2,83.2,85.5,82.83,1.03,1.26,1.17,1.15,0.99,0.11,1.4,-3.91
169,2001,8.29,3.55,45.2,54.2,53.1,42.8,87.5,87.3,84.97,1.19,0.61,1.62,1.14,-1.37,3.21,0.96,0.93
169,2002,4.95,3.74,41.6,48.1,55.5,40.8,88.9,84.6,86.1,2.41,-0.13,0.17,0.82,-0.39,0.52,0.15,2.57
169,2003,4.52,2.4,41.7,50.6,51,42.4,85.2,86.5,83.63,0.13,0.84,0.82,0.6,2.19,0.18,0.92,-2.16
169,2004,4.02,5.48,42.1,55,54.3,44.9,82.5,79.8,80.6,0.22,0.1,1.44,0.59,-0.28,4.04,1.18,0.32
169,2005,6.78,5.73,44.5,49.9,58.2,44.3,88.8,87.1,87.67,-2.33,-2.87,-2.99,-2.73,-2.35,-1.25,-2.15,-1.54
169,2006,6.97,2.97,44.5,52.5,52.2,39.5,89.7,85.4,86.13,-4.67,-4.44,-4.42,-4.51,-0.77,-1.32,-1.15,-4.69
169,2007,7.59,5.25,38.8,56.8,55.3,46.9,85,91.2,86.7,-2.5,-2.9,-3.56,-2.99,-1.99,-2.88,-1.57,-2.85
169,2008,8.69,4.98,40.3,47.3,55.1,41.9,84.8,82.2,83.53,1.59,2.15,2.48,2.07,2.19,1.64,2.17,0.77
169,2009,7.73,4.25,40.2,51.6,54.9,40.5,80.3,80.7,81.6,4.18,3.56,4.65,4.13,-0.58,4.37,1.77,4.1
169,2010,6.13,7.06,46.7,52.6,55.5,42.9,87.4,87,86.53,5.77,6.57,6.45,6.26,4.18,1.68,3.64,4.56
169,2011,5.81,2.65,41,50.6,51.2,41.7,90.3,87.1,86.4,4.86,-0.56,-1.66,0.88,-1.67,-3.46,0.18,3.32
169,2012,3.64,8.22,41.5,55.3,52.4,41.4,94.4,87.2,88.63,-3.46,-4.31,-4.68,-4.15,-3.61,-2.46,-2.78,-3
169,2013,8.78,2.7,38.4,52.6,55.6,41.9,83.6,83.5,82.8,0.01,-0.05,-1.04,-0.36,-0.15,-3,-1.04,4.04
169,2014,5.26,3.98,39.6,53,53,43.7,79.9,82,81.47,1,1.08,2.14,1.41,0.56,3.51,2.35,-1.6
169,2015,3.55,2.51,42.8,54.4,59.1,44,82.8,81.4,81.6,3.61,4.21,3.93,3.92,2.9,0.47,3.67,1.18
169,2016,2.7,12.02,41.7,51.4,59.9,48.7,84,83.8,84.93,-2.22,0.75,1.8,0.11,2.24,3.4,0.86,-1.34
169,2017,5.7,2.56,46.1,51.8,56.1,48.2,87.9,81.1,84.5,-0.46,-0.67,-0.16,-0.43,-0.76,1.31,-0.28,1.46
169,2018,9.79,3.07,33.3,60.7,59.9,43.6,86,85.8,86.23,-1.11,0.03,1.46,0.13,0.08,4.3,1.24,-0.99
169,2019,8.75,5.34,41.8,52.9,62.3,42.4,88,82.8,83.97,4.55,3.53,3.49,3.86,-1.66,0.95,0.18,4.61
169,2020,7.32,3.12,38.5,51.4,54.8,41.1,85.6,83.5,84.6,2.79,3.14,-0.7,1.74,1.92,-2.1,-0.06,3.12
169,2021,8.22,3.2,41.5,51.2,57.8,51,83.1,84.8,83.97,1.3,2.03,1.99,1.77,2.6,0.51,1.27,1.19
169,2022,6.94,1.39,38.6,54.7,55.6,39.8,84.4,84.1,84.17,0.69,0.75,-0.57,0.29,0.38,-1.71,-0.33,0.64
169,2023,7.43,3.37,39.8,51.8,56.7,46,86.2,83.9,85,-1.75,-1.94,-1.59,-1.76,-1.12,0.46,-1,-1.08
169,2024,6.5,4.06,43.4,56.2,56.2,44.9,83.5,84,84.63,-2.03,-1.18,-1.1,-1.44,1.92,-0.13,-0.09,-1.5
169,2025,3.3,6.1,42.8,50.7,55.7,49.1,86.7,83.4,84.57,-1.98,-0.66,-1.19,-1.28,3.36,-1.8,0.69,-2.4
171,1980,5.96,5.21,40.3,52.2,56.9,40.4,92.9,90.4,89.17,-2.53,-2.29,-1.42,-2.08,-0.06,1.89,0.32,-2.5
171,1981,4.21,2.95,48.1,48.3,54.5,43,85.6,83.1,84.13,1.51,3.86,3.78,3.05,7.49,0.98,3.33,1.12
171,1982,8.28,3.73,37.7,57.7,54.9,43.4,86.2,82.6,82.23,2.37,2.74,3.22,2.78,1.84,2.28,1.9,2.05
171,1983,4.34,11.24,39.3,49,54.2,45.2,92.6,94,90.27,-0.43,-1.31,-2.44,-1.39,-2.77,-3.8,-2.62,4.16
171,1984,6.56,9.42,42.9,49.3,54.2,48.9,86.4,88.2,86.83,-0.61,-0.49,-1.15,-0.75,0.19,-2.14,-1.26,2.31
171,1985,9.37,6.81,46.6,54.6,57,46.7,86.2,80.4,82,0.21,0.61,1.89,0.9,1.28,4.01,1.97,-1.21
171,1986,2.79,13.38,44.9,54,59,45.8,88.6,83.2,85.8,0.92,1.72,1.25,1.3,2.69,-0.86,0.89,0.71
171,1987,4.52,3.57,41.4,56.2,54.2,36.8,89.4,87.8,88.2,-2.08,-2.36,-2.2,-2.21,-1.5,-0.25,-1.3,-1.52
171,1988,7.51,8.48,39.8,51.5,55.3,38.8,90.4,91.2,89.67,-2.7,-3.32,-3.66,-3.23,-2.68,-2.06,-2.53,-1.96
171,1989,4.43,7.48,41.6,48.2,52.7,45.2,87.4,84.2,84.5,-2.24,-2.09,-2.16,-2.16,-0.25,-0.86,-0.9,-1.91
171,1990,10.06,1.21,39.7,50.3,58.3,40.5,86,84,84.4,2.16,2.02,1.79,1.99,0.25,-0.09,0.62,1.78
171,1991,5.34,8.32,46,59.7,56.1,44.9,87.3,86.6,86.9,-0.66,-0.78,-0.85,-0.76,-0.57,-0.44,-1,2.24
171,1992,5.03,4.94,40.6,49.9,52.8,40.6,85,81.3,82.8,-2.06,-1.49,-1.93,-1.83,1.08,-1.78,-1.13,-1.3
171,1993,8.51,11.27,39.5,52,52.6,41.1,85.6,86.2,84.47,2.89,4.19,4.75,3.94,4.79,2.96,3.44,2.27
171,1994,3.99,4.82,41.1,48.9,54.3,46.3,85.6,84.2,85.2,3.36,2.58,2.34,2.76,-1.3,0.06,-0.61,3.96
171,1995,6.89,8.34,38.9,50.5,51.5,43.1,87.6,89.8,86.73,-0.22,-0.5,0.64,-0.03,-0.92,1.93,0.12,2.46
171,1996,4.98,1.8,36.2,53.4,52.1,43.4,84.4,85.8,84.3,-0.9,-0.87,-1.12,-0.96,-0.2,-1,-0.71,-0.65
171,1997,7.77,3.59,36.3,47.2,55.2,43.7,87.9,82.8,84,-1.37,-1.95,-1.69,-1.67,-2.19,0.19,-0.91,-1.25
171,1998,11.02,5.45,42.8,57.8,60.9,45.6,86.2,86.8,85.13,3.28,-0.16,-0.69,0.81,-0.48,-1.64,1.08,1.67
171,1999,6.52,4.53,45.6,53.3,50.4,41.4,90.8,84.9,86.23,-0.65,-1.31,-1.51,-1.16,-2.18,-1.01,-1.42,-0.32
171,2000,4.87,3,40.2,54.9,54.4,47,84.1,86.2,83.73,1.31,1.59,1.7,1.53,1.25,0.82,2,-5.16
171,2001,7.83,3.49,46.1,54.6,53.7,43.4,87.8,86.8,85.13,1.67,1.27,1.74,1.56,-0.67,1.78,1.19,0.95
171,2002,5.69,4.34,42.8,49.3,55.9,42,89.2,85.5,86.57,2.89,2.17,2.71,2.59,-1.26,2.29,0.27,3.3
171,2003,5.53,2.83,43,51.3,51.9,43,85.8,86.6,83.87,0.4,1.21,0.81,0.81,2.54,-0.81,0.9,0.09
171,2004,6.23,5.77,43.1,56.4,54,45.3,83.4,80.2,81.4,-0.95,0.28,1.09,0.14,0.84,2.52,0.73,-0.63
171,2005,8.64,6.74,44.4,49.4,58.9,44,89.8,87.7,88.43,-2.77,-3.4,-3.17,-3.11,-2.75,-0.35,-2,-2.01
171,2006,7.61,4.55,44.4,52.4,53.3,40.7,89.8,86.7,86.83,-3.88,-3.64,-3.24,-3.59,-0.46,0.07,-0.55,-3.86
171,2007,7.25,5.51,39.6,57.4,55.9,48.6,85.9,93.1,87.63,-2.05,-2.71,-3.5,-2.75,-2.61,-3.21,-2.25,-1.94
171,2008,10.29,5.74,41,48.3,56.5,43.6,85.3,83.3,84.2,2.86,3.97,3.76,3.53,4.22,0.6,2.86,1.79
171,2009,5.36,4.54,41.5,52.2,54.3,41.7,80.9,81.6,82.3,3.34,3.15,3.61,3.37,0.46,2.36,1.08,3.57
171,2010,5.95,8.32,46.7,53.5,56.6,42.7,87.9,88,87.3,5.29,6.47,6.52,6.09,5.15,2.15,3.62,4.58
171,2011,7.68,3.43,42.9,51.7,52.9,42.7,91.3,88.2,87.5,5.49,-0.47,-1.51,1.17,-1.42,-3.26,0.53,3.78
171,2012,4.64,7.22,43.4,56.1,53.6,43.1,95.8,88.6,89.93,-3.17,-4.14,-4.55,-3.95,-3.88,-2.52,-2.94,-2.64
171,2013,9.58,3.11,40,53.2,56.9,43.4,84.7,84,83.77,3.86,3.59,-0.87,2.19,0.4,-2.62,-0.7,4.26
171,2014,4.85,3.93,41.8,54,53.7,45,82.3,84.2,83.43,1.29,1.03,1.97,1.43,-0.39,3.15,2.21,-0.28
171,2015,4.34,3.01,43.7,55.7,59.5,44.7,84,83.3,82.83,3.7,5.25,4.75,4.57,5.81,0.11,4.27,1.56
171,2016,4.1,13.28,43.5,53.3,60.5,50.3,85.5,85.3,86.47,-2.11,1.21,1.53,0.21,3.64,1.31,0.63,-1.22
171,2017,5.49,3.07,46.6,52.6,55.9,48.3,89.3,82.9,85.77,-1.06,-1.28,-1.47,-1.27,-0.99,-0.99,-1.11,-0.68
171,2018,9.42,1.42,33.9,61.1,60.2,44,87.5,86.1,87.3,-2.72,0.07,1.12,-0.51,0.22,3.17,0.5,-2.33
171,2019,10.7,5.65,42.2,54.1,62.1,43.5,88.8,83.8,84.77,3.84,3.15,3.55,3.51,-0.9,2.18,1.03,3.62
171,2020,11.25,3.37,38.7,51.4,54.6,41.1,87,83.8,85.53,3.29,3.46,-0.4,2.12,1.51,-1.21,-0.04,3.83
171,2021,8.53,3.06,41.9,51.6,57.7,51.4,84.6,86.1,85.27,1.68,2.38,2.55,2.2,2.6,1.25,2.28,0.77
171,2022,8.39,2.45,39.6,54.8,55.4,39.4,86.2,84.9,85.47,2.4,3.04,2.47,2.64,2.65,-0.76,0.8,2.49
171,2023,7.51,3.76,40,52.1,56,45.8,87.4,84.4,85.67,-1.18,-1.24,-0.84,-1.09,-0.52,0.81,-0.44,-0.73
171,2024,8.52,4.56,43.5,56.7,55.6,43.9,84.4,85,85.3,0.18,0.81,0.81,0.6,1.96,0.25,0.19,0.82
171,2025,4.17,7.92,42.9,51.6,55.8,49.7,88.3,84.6,85.7,-0.87,-0.14,-0.65,-0.55,1.91,-1.55,0.05,-0.89
173,1980,6.08,4.55,40.3,53.3,57.2,40.1,90.6,88.9,87.37,-1.47,0.01,0.19,-0.42,0.03,0.56,0.06,-1.48
173,1981,3.49,2.01,47.5,48.7,54.5,43.2,85,81.9,83.5,0.78,1.26,2.56,1.53,1.68,4.28,1.73,1.16
173,1982,10.44,3.69,37.9,57.4,55.4,43.6,85,81.8,81.43,1.91,2.34,2.42,2.22,1.88,0.95,1.31,1.73
173,1983,4.92,9.81,39.2,49.7,55,46,90.3,90.7,88.23,3.33,2.92,2,2.75,-0.2,-1.87,-0.05,3
173,1984,7.26,10.74,42.5,49.3,53.8,49.8,85.8,87.9,86.83,-0.97,-1.53,-2.34,-1.61,-1.97,-2.91,-2.6,3.48
173,1985,11.4,7.76,46.6,53.5,56.2,47.8,85.3,80.8,82,1.77,1.34,2.09,1.73,-0.74,2.66,1.32,1.22
173,1986,3.85,12.86,44,54.9,59.5,46,88,81.7,84.93,-2.35,0.98,0.33,-0.35,2.93,-1.64,-0.09,-2.03
173,1987,3.92,3.4,40.8,56.8,55.4,37.2,86.5,85.3,86.13,-2.69,-1.82,-1.98,-2.16,1.79,-1.04,-0.33,-2.35
173,1988,8.51,10.4,41,51.5,56.2,37.8,90.4,90.3,89.77,-2.71,-2.8,-3.65,-3.05,-1.12,-3.4,-2.75,-1.63
173,1989,6.13,8.9,41.8,49.2,52.9,44.8,86,84.5,84.43,-1.68,-2.11,-2.24,-2.01,-1.8,-1.05,-1.52,-1.24
173,1990,7.8,2.31,40.6,50.8,58,41.8,85.5,83.3,83.93,1.58,-0.14,-0.02,0.47,-0.43,0.33,0.36,1.32
173,1991,6.1,11.01,47.1,60.1,56,46.3,87.5,87.1,87.2,-1.83,-2.09,-2.33,-2.08,-1.35,-1.37,-1.67,-1.19
173,1992,4.89,4.61,41.7,50.4,54.3,42.8,84.2,80.3,81.97,-2.95,1.06,0.74,-0.38,3.19,-0.65,0.07,-2.42
173,1993,8.01,10.81,40.9,53.3,53.3,41.1,87,85.5,84.97,0.99,1.88,2.27,1.71,2.95,1.77,1.43,1.27
173,1994,4.68,7.49,42.2,48.6,53.6,45.9,85.5,83,84.83,3.25,2.81,2.34,2.8,-0.32,-0.54,-0.05,3.36
173,1995,7.35,7.01,40.3,51.8,51.7,43.5,87.7,89.6,86.93,0.01,-0.11,-0.3,-0.13,-0.32,-0.6,-0.3,2.16
173,1996,6.08,3.74,38.2,53.8,53.7,43.8,85.2,86.2,84.6,-0.13,-0.61,-1.34,-0.69,-1.46,-2.4,-1.42,1.96
173,1997,9.95,6.32,37.2,47.5,55.2,44.1,87.1,81.8,82.97,-0.93,-1.27,-1.01,-1.07,-1.29,0.36,-0.65,-0.66
173,1998,10.82,4.48,43.7,58.1,60.2,46.7,84.7,85,84.03,2.24,2.06,1.95,2.08,0.16,0.31,1.38,1.14
173,1999,9.12,4,45.5,53.8,51.6,42.7,89.6,85.2,85.73,1.07,-0.58,-0.93,-0.15,-1.73,-1.23,-0.1,0.21
173,2000,5.85,3.28,40,54.8,54.1,47,83.1,84.5,82.87,1.18,1.68,2.39,1.75,1.84,2.66,2.68,-0.03
173,2001,5.24,5.87,46.6,54.1,53.3,44,86.6,86.9,84.6,-0.97,-0.99,-0.96,-0.97,-0.37,-0.22,0.02,-1.32
173,2002,8.69,5.4,44.2,49.1,57.9,43.3,89.9,86.7,87.17,3.81,-0.57,-1.26,0.66,-1.7,-2.24,-1.24,4.16
173,2003,4.45,3.34,43,51.8,53.1,43.3,86.7,86.9,84.13,0.22,0.47,0.29,0.33,0.81,-0.39,-0.06,0.46
173,2004,9.44,8.07,43.8,57.6,55.8,46.3,82.9,80.9,81.73,1.02,1.31,1.73,1.35,1.18,1.68,0.63,1.5
173,2005,11.05,7.6,45.3,49.4,59.2,46,87.8,87,87.1,-2.34,-2.53,-2.68,-2.52,-1.28,-1.25,-1.69,-1.67
173,2006,7.88,5.46,45.4,53,53.4,41,88.2,85.9,85.93,-2.07,-2.15,-1.82,-2.01,-0.86,0.32,-0.57,-1.88
173,2007,8.97,6.57,39.2,56.9,58.1,49.5,84.3,91.2,86.9,-1.2,-1.32,-1.78,-1.43,-0.75,-1.78,-0.82,-1.36
173,2008,12.29,5.19,41.8,49.5,57.2,44.4,85.1,83.4,84.4,2.31,3.21,2.81,2.78,3.44,-0.22,1.55,2.03
173,2009,6.15,6.55,43,53.7,56.2,42.8,80.8,81.9,82.2,3.7,3.52,3.46,3.56,0.6,0.92,0.69,3.92
173,2010,5.3,8.14,47.5,55.4,56,43.4,87.8,89.2,87.63,3.29,3.85,3.31,3.48,2.7,-0.43,2.31,1.94
173,2011,8.09,6.38,44.6,53.4,53.5,43.4,90.4,87,87.07,4.02,-0.23,-1.11,0.89,-0.68,-2.72,-0.22,3.47
173,2012,5.84,8.85,42.7,57.3,53.5,43,95.9,88,89.77,-2.4,-3.8,0.27,-1.98,-4.95,0.82,-2.39,-1.54
173,2013,8.53,4.24,40.6,54.6,56.2,43.9,82.3,83.4,82.67,3.74,3.53,-0.57,2.23,0.52,-1.7,-0.03,3.76
173,2014,5.87,4.52,42.8,53.8,53.2,45.1,81.3,83.1,82.6,0.55,0.6,0.83,0.66,0.32,0.88,0.73,0.24
173,2015,5.27,4.49,43.5,55.7,58.6,44.7,83.6,83.3,82.7,2.01,-0.19,-0.18,0.55,-0.58,-0.01,1.11,0.79
173,2016,5.45,14.76,42.4,52.2,60.1,50,84.8,84.9,85.57,-0.81,1.06,2.22,0.82,3.18,3.82,1.86,-0.37
173,2017,4.87,4.54,46.2,52.8,56.1,48.6,88,82.3,85.03,-0.53,-0.32,-0.93,-0.59,0.48,-1.93,-1.01,1.67
173,2018,10.71,3.06,34.5,60.9,60.3,44.3,84.7,83.8,84.83,1.6,2.18,2.65,2.14,2.23,2.09,2.29,0.83
173,2019,11.24,6.09,43,54.3,60.9,44.4,87.4,83.1,83.93,4.28,3.78,4.46,4.17,-0.18,3.22,1.9,3.78
173,2020,12.85,4.83,39,51.6,54.6,40.8,86.8,82.9,84.9,4.05,4.89,4.19,4.38,3.75,-0.57,0.94,4.65
173,2021,9.73,4.97,41.9,50.7,57.8,52,84.3,86,84.83,2.64,3.34,3.74,3.24,2.9,2.24,2.22,2.38
173,2022,10.99,4.34,40.2,55.2,56.3,40.7,85.8,83.8,85.17,2.18,2.76,3.86,2.93,2.42,4.14,1.56,3.13
173,2023,10.02,3.94,41,52.9,56.7,46.4,86.7,84.2,85.1,-1.34,-1.52,-1.19,-1.35,-0.95,0.52,-0.69,-0.89
173,2024,8.34,3.26,44.8,57.4,56.9,44.7,83.8,84.1,84.53,-1.09,1.18,-0.1,0,3.54,-0.31,0.3,-0.35
173,2025,4.63,7.34,43.1,52.3,56.2,48.2,88.5,84.7,85.87,0.21,0.86,-0.94,0.04,2.01,-2.81,-0.79,0.82
175,1980,4.34,5.77,38.2,50,54.5,37.2,88.3,86.3,85.13,0.36,-0.33,1.53,0.52,-0.99,4.59,1.56,-1.21
175,1981,2.97,3.57,42.9,46.2,51.1,38.6,82.4,80.4,81.47,1.49,1.94,3.59,2.34,1.81,5.54,3.13,0.9
175,1982,7.21,2.61,33.3,54.9,52,41,84.4,80.9,80.9,2.25,3.77,3.31,3.11,5.28,-0.22,1.44,2.78
175,1983,4.81,9.77,35.8,46.3,51.9,42.4,91.2,91.1,88.57,-0.53,-1.37,-2.26,-1.39,-2.66,-3.1,-2.27,-0.21
175,1984,5.51,7.08,39.7,46.6,51.6,44.9,83.6,86.9,84.8,-0.36,-0.27,-1.02,-0.55,0.18,-2.34,-1.08,1.7
175,1985,10.65,6.01,44.1,50.8,54.4,42.1,84.2,79.8,81.2,-1.34,-1.42,-1.37,-1.38,-0.68,-0.28,-0.47,-1.32
175,1986,3.22,10.33,40,51.1,57.1,43,85.6,79,82.3,0.39,1.24,1.07,0.9,2.69,-0.13,1.14,0.11
175,1987,3.71,2.59,39.6,53.3,53.1,34.6,88.7,82.4,85.4,-2.44,-3.09,1.82,-1.24,-2.71,5.46,0.13,-1.85
175,1988,5.42,7.76,37.3,49.4,52.9,35.7,90.4,89.8,88.97,-2.31,-3.58,-3.8,-3.23,-4.54,-1.76,-3.16,-1.39
175,1989,3.37,5.86,36.9,46.6,49.7,41,85.5,82.9,82.8,-3.4,-3.48,0.24,-2.21,-1.3,0.71,-0.51,-3.45
175,1990,8.62,1.91,38.5,47,55.3,39.1,81.6,80.9,81.13,4.13,4.25,4.87,4.42,1.65,3.16,3.48,2.52
175,1991,6.68,7.07,42.7,57,52.5,42,86.1,84.1,85.1,-0.87,-1.85,-2.02,-1.58,-3.21,-1.08,-2.01,-0.32
175,1992,3.91,5.58,37.1,46.9,50.9,39.5,79.5,77.7,79.4,-2.47,2.95,2.58,1.02,8.84,-0.2,2.07,-1.85
175,1993,8.21,8.68,36.3,50.8,49.9,37.8,82.4,82.3,81.33,4.45,5.82,6.69,5.65,5.49,4.41,4.14,4.02
175,1994,4.16,3.72,38.8,47.3,53.7,44.3,82.7,79.6,82.3,-1.13,-1.36,-1.14,-1.21,-1.04,0.25,0.07,-1.64
175,1995,4.04,8.54,35.5,48.2,49.5,41.1,86,87.6,85.53,-0.51,-0.38,-0.33,-0.41,0.21,0.04,-0.43,3.03
175,1996,2.98,2.91,33.8,48.2,51.3,40.8,82.5,82.5,81.77,1.26,1.79,-0.26,0.93,1.98,-0.77,0.35,1.45
175,1997,9.02,2.81,34.7,43.8,53.6,41.7,85,79.8,82.17,-0.69,-0.89,1.65,0.02,-0.82,4.94,1.2,-0.57
175,1998,10.13,4.44,41,55,56.9,44.1,84.6,83.3,82.27,3.73,3.24,3.11,3.36,-0.3,0.58,1.34,2.77
175,1999,5.66,3.74,41.5,52.4,48.9,39.6,88,80.3,83.23,2.97,-0.45,0.26,0.93,-1.35,0.78,0.19,2.89
175,2000,4.88,2.94,37.8,52.4,52.6,44.3,82,84,81.57,0.68,0.58,0.61,0.62,-0.08,0.25,0.74,-1.39
175,2001,7.69,4.03,42.5,52.2,50.1,41.5,86,84.4,83.2,1.68,1.3,0.93,1.3,-0.62,-0.72,-0.11,1.5
175,2002,4.39,2.99,39.9,46.5,53.5,39.3,87.9,83.5,84.87,1.63,1.22,1.96,1.6,-0.73,2.62,0.78,1.65
175,2003,2.47,1.94,38.8,47.5,50.6,40,84.3,86.1,83.17,0.43,0.91,-0.6,0.25,1.59,-1.8,-0.32,0.75
175,2004,4.24,7.33,40,52.7,52,42.1,81.9,77.7,79.57,-0.56,-0.72,0.71,-0.19,-0.64,2.14,-0.06,1.23
175,2005,6.52,4.97,41,47,56.1,42,87.9,85.2,86.87,-3.06,-3.64,-3.99,-3.56,-2.69,-2.16,-2.81,-2.08
175,2006,7.23,3.13,41.5,50.7,51.6,38.2,87.9,82.7,84.1,-4.18,-4.2,0.3,-2.69,-1.35,0.91,-0.67,-4.07
175,2007,8.69,6.08,37.1,54.8,52.9,46.3,83.2,85.8,84.07,-1.38,0.15,0.91,-0.11,0.46,2.32,0.48,-1.04
175,2008,6.44,4.19,39.6,46.2,54.4,40.8,83.8,82,82.97,0.44,0.46,0.07,0.32,0.21,-1.05,-0.04,0.22
175,2009,9.61,5.32,37.7,50,52.6,40,78.2,79.2,79.8,4.85,5.25,5.32,5.14,2.69,1.83,2.06,4.79
175,2010,6.03,5.09,44.8,51.4,53.9,40.8,86.8,85.5,85.33,5.54,4.87,4.94,5.12,-0.3,1.71,2.31,4.12
175,2011,5.64,3.78,38.9,49.3,50.5,40.7,89.5,85.3,85.3,3.8,3.1,2.56,3.15,-0.94,-0.65,-0.2,3.87
175,2012,3.58,7.97,39.8,53.5,50,39.5,92.1,84.9,86.87,-1.77,-2.55,-2.38,-2.23,-2.89,-0.29,-1.52,-1.46
175,2013,7.9,2.67,36.5,51.9,52.9,41.1,82.7,83.4,82.23,4.08,-0.45,-1.12,0.84,-1.36,-2.15,-0.62,3.93
175,2014,6.15,3.34,37,50.6,50.9,41.1,79.3,81.4,80.83,1.1,1.36,1.75,1.4,1.11,1.6,2,-0.72
175,2015,3.62,1.99,38.3,52.6,57.7,42.4,81.5,80.1,80.33,1.86,1.84,-0.04,1.22,0.53,-0.11,1.8,0.22
175,2016,4.05,9.98,38.4,50.3,58.4,47.6,82.6,83.1,83.43,0.09,0.99,2.48,1.19,2.72,4.78,2.59,-1.1
175,2017,6.8,3,42.8,48.8,53.5,46.6,84.9,79.6,82.73,1.51,1.76,-0.35,0.97,1.22,-1.04,-0.09,1.85
175,2018,7.92,2.19,30,57,56.4,41,83.7,83.8,83.67,0.92,0.95,1.22,1.03,0.35,1.1,0.86,0.6
175,2019,9.18,4.56,38.7,49.4,59.6,40.7,87.4,81.7,83.1,5.26,3.99,3.23,4.16,-2.2,-1.05,-0.87,5.63
175,2020,6.33,3.35,35.8,49.3,52.5,38.8,86.1,83.6,84.7,2.52,2.53,1.33,2.13,0.81,-2.82,-1.36,3.58
175,2021,6.06,4.5,39.2,49.2,56.5,49.6,83.3,84.8,84.17,2.37,3.09,3.24,2.9,2.91,1.38,1.82,2.21
175,2022,6.14,1.74,36,54,54.9,38.7,83.9,82.1,83.17,1.69,1.77,1.75,1.74,0.76,0.48,0.47,1.83
175,2023,7.73,3.64,37.4,49.7,56.2,44.6,84.4,82.6,83.77,-2.27,0.27,0.31,-0.56,0.82,0.2,-0.62,-1.46
175,2024,8.17,4.26,42.2,54,54.8,42.9,82.1,82.2,82.9,0.21,1.24,1.39,0.95,3.14,0.84,1.13,0.45
175,2025,4.08,4.62,41.1,48.9,54.1,47,85.8,81.8,83.67,-2.02,1.64,-0.23,-0.2,4.91,-0.7,1.27,-2.1
177,1980,2.86,4.32,35.2,46.6,51.5,34.5,85.1,81.9,81.63,0.38,0.18,1.32,0.63,-0.49,3.47,1.38,-0.89
177,1981,3.39,2.94,39.2,43.4,48.8,36.1,81,79.1,79.8,1.28,1.23,2.73,1.75,0.24,4.88,2.47,0.58
177,1982,4.89,3.27,30.6,52.9,49,39,82.6,78.4,78.53,1.99,2.59,2.5,2.36,2.4,0.55,0.95,2.25
177,1983,4.32,8.91,33.8,43.6,49.1,40.4,87.3,87.4,85.23,-0.49,-0.77,-1.21,-0.82,-0.98,-1.57,-1.34,3.38
177,1984,2.77,6.06,37.1,43.3,48.1,42.4,82.4,84.3,82.57,0.95,1.02,-0.54,0.48,0.51,-1.61,0.05,0.59
177,1985,7.19,6.11,42,48.6,52.5,39.8,83.3,77.7,79.47,-1.34,-1.49,-1.16,-1.33,-0.86,0.53,-0.43,-1.14
177,1986,4.9,8.44,38.5,49.2,54.3,40.2,84.1,77,80.23,1.62,1.13,0.89,1.21,-0.98,-0.36,-0.57,1.94
177,1987,3.63,2.26,38.4,50.2,50.1,32.3,86.1,79.3,82.93,-1.26,0.01,1.46,0.07,0.04,4.34,0.7,-0.55
177,1988,3.89,6.89,34.9,47,50.1,32.7,88.6,87,87.27,-3.09,-4.11,-4.71,-3.97,-4.01,-3.07,-3.96,-1.66
177,1989,3.76,5.36,35.2,44.6,47,38.3,85.1,79.8,81.2,-4.53,-3.7,-2.89,-3.71,1.09,1.29,0.24,-4.43
177,1990,7.46,1.14,36.8,45,53.1,36.1,80.8,80.1,79.9,2.63,2.31,2.94,2.63,-0.16,2.62,2.34,1.24
177,1991,5.96,5.19,39.5,53.8,49,38.4,84.3,82.9,83.5,-1.16,-2.12,-2.63,-1.97,-3.26,-2.18,-2.27,-0.78
177,1992,3.89,6.32,35.1,44.9,49.1,36.7,76.6,76.4,77.23,-2.08,1.33,0.85,0.03,3.98,-1.01,0.07,-1.29
177,1993,5.86,8.04,33.7,48.6,47.7,36.2,80.6,80.8,79.1,5.88,5.93,5.67,5.83,1.96,1.04,4.01,3.21
177,1994,4.28,2.76,36.6,44,53.3,41.8,80.2,77.3,79.97,1.35,1.31,2.02,1.56,0.28,2.54,1.51,0.88
177,1995,3.61,5.14,33.1,46.5,47,39.2,84.2,85.6,84.1,-0.75,-0.66,-1.05,-0.82,0.03,-1.36,-1.19,2.47
177,1996,3.75,3.45,32.3,45.5,50.3,39.3,79.5,81.2,79.47,2.26,2.85,2.51,2.54,2.48,-0.14,1.5,1.71
177,1997,6.15,2.84,33.5,42.3,51.6,40.1,82.3,77.8,80.23,2.26,-0.25,-0.1,0.64,-0.75,0.36,0.43,1.9
177,1998,8.6,2.81,38.9,52.8,54,42.5,83.2,82,81,2.36,1.82,2.14,2.11,-0.89,1.52,1.01,1.74
177,1999,4.43,2.33,39.7,50.1,46.8,37.3,87,79.1,82.13,2.47,2.62,-0.32,1.59,1.21,-0.97,0.73,2.03
177,2000,4.73,2.04,35.7,50.7,52,43.2,81.1,81.8,80.07,2.39,2.26,1.66,2.1,0.34,-1.09,1.47,0.75
177,2001,6.15,3.96,40.8,51,49.8,40.2,85.6,82.5,82,1.41,0.82,0.83,1.02,-1.34,0.29,-0.46,1.7
177,2002,4.09,3.57,38.6,44.6,52.4,38.3,87.1,83.2,83.93,1.81,-0.6,0.52,0.58,-1.79,1.57,0.59,1.28
177,2003,2.28,1.39,35.8,46.2,49.8,37.9,82.6,85.7,82.27,-1.37,-1.12,-2.1,-1.53,0.34,-3.28,-1.49,-0.97
177,2004,6.32,7.51,36.8,49.2,51.1,41.4,80.3,76.6,78.13,2.22,2.26,2.09,2.19,0.8,0.18,0.71,2.05
177,2005,5.63,3.78,39.3,44.8,55,40.8,85.1,83.2,84.57,-2.37,-2.8,-2.76,-2.64,-2.01,-0.76,-1.84,-1.62
177,2006,6.98,4.57,40.1,49,49.7,36.8,85,81.5,81.93,1.06,1.33,1.02,1.14,1.13,-0.51,0.43,0.93
177,2007,5.77,4.7,35.6,50.9,51.7,46.6,83.1,82.4,82.17,0.68,0.88,2.71,1.42,0.8,5.78,2.09,0.88
177,2008,7.81,4.49,38.3,44.2,53,39,82.6,80.5,80.93,4.84,5,4.14,4.66,1.97,-1.02,1.49,4.09
177,2009,8.68,5.2,35.7,48,50.9,38.7,76.3,77.1,77.5,4.26,4.85,5.64,4.92,3.09,3.85,2.64,4.39
177,2010,3.56,5.24,41.9,50.4,51.8,38.9,84.9,83.9,83.13,3.89,5.87,5.36,5.04,7.13,0.3,3.71,2.96
177,2011,6.03,3.53,37.9,47.7,49.3,39.7,87.3,82.1,83.1,2.6,3.98,3.61,3.4,4.94,0.12,1.44,3.18
177,2012,5.01,6.3,37.8,51.8,47.2,37.1,91.3,83.2,85.97,-2.4,-3.57,-4,-3.32,-4.25,-2.4,-3.37,-1.39
177,2013,7.29,3.5,35,49.7,51.9,39.2,81.9,81.8,80.83,3.88,-0.58,-1.35,0.65,-1.74,-2.48,-0.28,3.07
177,2014,3.78,3.45,35.1,48.1,48.8,39.1,78.8,81.1,80.13,1.65,1.38,1.61,1.55,-0.29,1.11,1.92,-0.41
177,2015,2.81,2.72,36.4,50.2,56.7,41.9,80.8,79.8,79.57,2.47,2.16,1.86,2.16,-0.17,-0.22,1.76,0.65
177,2016,4.42,10.24,37.5,48.3,57.3,45.2,83,83.2,82.7,1.81,2.45,2.93,2.4,2.48,2.2,1.97,1.56
177,2017,6.79,4.54,40.9,46.7,52.2,45,82.6,77.8,80.87,3.29,5.41,4.62,4.44,7.39,-0.7,2.56,3.29
177,2018,6,1.63,28,54.1,54.4,39.1,83.2,82,81.9,2.6,2.81,3.69,3.03,1.42,3.52,2.84,1.57
177,2019,7.79,4.17,36.8,46.7,58.4,39.3,86.1,79.7,81.47,5.46,4.85,4.73,5.01,-0.14,1.15,0.48,5.93
177,2020,6.84,3.8,34.5,47.3,50.8,36.6,85.7,82.8,83.67,4.56,4.23,3.3,4.03,0.41,-1.46,-0.38,5.12
177,2021,4.33,3.94,38.3,47.6,52.5,47.4,81.9,83.7,83.13,-1.54,-1.69,-1.93,-1.72,-0.92,-1.26,-1.45,-0.91
177,2022,5.36,2.18,34.8,51.8,53.3,36.8,82.7,80.4,81.47,0.46,1.49,2.49,1.48,3.22,3.48,1.84,0.95
177,2023,8.23,5.76,35.3,46.8,55.5,43.1,82.8,81.8,82.27,-1.55,-0.72,-1.56,-1.28,2.03,-2.76,-1.2,-0.67
177,2024,6.77,3.31,38.6,50.1,51.4,40.5,81.4,81.7,81.57,2.03,3.19,-0.09,1.71,4.09,-0.27,1.97,1.49
177,2025,3.73,4.23,36,45.9,52.3,43.5,84.2,80,82.33,-0.03,1.23,1.44,0.88,3.68,1.02,1.54,-2.44
179,1980,4.9,5.36,38.1,50.8,55.5,37.9,90.2,87.4,86.23,1.14,0.36,1.29,0.93,-1.96,2.9,1.45,-2.76
179,1981,3.83,3.25,44.7,47.2,53.3,41.3,83.4,81.1,82.47,2,3.31,4.68,3.33,4.54,5.14,4.02,1.35
179,1982,8.69,3.44,34.9,56,53.5,42.4,84.7,81,81.1,2.59,3.31,3.66,3.19,2.97,2.08,1.59,3
179,1983,4.44,11.69,36.9,47.9,53.7,44.4,91.5,91.8,88.97,3.63,2.5,1.3,2.48,-2.27,-2.83,-1.57,3.91
179,1984,7.01,8.5,40.7,47.3,52.3,47.2,83.8,86.6,85.2,-0.51,-0.29,-1.22,-0.67,0.52,-2.87,-1.3,2.87
179,1985,9.67,7.3,45,51.9,55.4,44.8,84.6,80.1,81.47,0.84,0.9,1.1,0.95,0.45,0.85,0.52,0.84
179,1986,3.51,11.56,42.7,52.8,58,45.1,87.1,80.9,83.93,0.6,1.5,0.97,1.02,2.88,-1.13,1.18,-1.79
179,1987,4.24,4.21,39.8,54.8,53.4,35.6,89,85,86.77,-2.44,-2.88,-2.54,-2.62,-2.08,0.13,-1.14,-2.17
179,1988,6.01,7.78,37.8,50.6,54.1,36.3,91.4,90.2,89.8,-3.83,-4.91,-5.32,-4.69,-4.41,-2.77,-3.7,-2.82
179,1989,3.27,6.49,39.5,48,50.7,42.3,86,83.3,83.63,-4.39,-4.33,-4.01,-4.24,-1.17,-0.38,-1.32,-4
179,1990,10.39,1.97,38.6,47.9,55.6,39.1,82.7,82.5,82.4,2.86,3.29,3.88,3.34,2.17,2.81,3.14,1.53
179,1991,4.57,9.34,44.4,57.6,53.5,43.2,87.2,85.6,86.5,-1.36,-2.11,-2.22,-1.9,-2.65,-0.99,-2.21,-0.41
179,1992,5.21,5.08,38.8,48,52,40.4,81.6,79.2,80.83,-2.28,2.44,1.63,0.6,7.33,-1.68,1.11,-1.69
179,1993,8.98,9.33,38.9,51.9,50.7,39.2,84.2,84.2,83.13,3.11,5.31,6.73,5.05,7.55,5.88,4.98,2.91
179,1994,4.07,4.04,40.4,48.1,52.8,44.7,84.9,81.9,84.13,-1.52,-1.74,-1.29,-1.52,-1.13,0.81,-0.77,-0.96
179,1995,6.36,6.71,37.8,48.6,49.7,41.6,86.9,89.1,86.57,-0.58,-0.93,-1.08,-0.86,-1.25,-0.74,-1.24,2.95
179,1996,4.05,3,35,50.2,51.6,41.9,83.4,83.9,83,0.74,1.21,-0.67,0.43,1.64,-2.01,-0.36,1.08
179,1997,7.6,3.56,35.5,45.6,54.2,42.9,86.2,81,82.83,-1.32,-1.93,0.85,-0.8,-2.23,2.54,-0.47,-0.83
179,1998,9.22,4.24,41.7,56.4,58.2,44.3,85.4,84.8,83.5,1.96,-0.4,-0.36,0.4,-1.19,-0.03,0.34,1.36
179,1999,5.59,3.53,42.8,52.7,49.4,40.4,88.9,82,84.5,0.95,1.1,1.27,1.11,0.72,0.86,0.7,0.87
179,2000,4.55,2.79,39.2,53.4,53.4,45.6,82.8,85.8,82.9,-1.72,-1.62,-1.74,-1.69,-0.23,-0.88,0.02,-2.35
179,2001,7.45,4.67,44.7,53.5,52.1,42.8,86.9,85.6,84.23,-0.33,-0.43,0.26,-0.17,-0.39,0.79,0.15,-0.39
179,2002,6.56,4.11,41.4,47.7,54.8,40.7,89,84.4,86.1,1.89,1.82,2.28,2,0.37,1.96,0.75,2.13
179,2003,3.66,2.25,41,49.3,51.5,41.5,84.9,86.4,83.4,0.44,1.92,1.78,1.38,4.56,0.18,1.95,0.09
179,2004,4.7,5.68,41.2,54.8,53.7,43.4,82.4,79,80.47,0.29,0.45,1.16,0.63,0.58,2.25,0.8,0.48
179,2005,7.37,6.43,42.6,47.8,57.9,43.6,88.7,86.3,87.6,-2.9,-3.26,-3.54,-3.23,-1.97,-1.86,-2.35,-2.04
179,2006,6.46,4.57,43.3,52,52.7,39.3,88.2,83.4,84.77,-3.59,0.18,0.56,-0.95,0.54,1.19,-0.07,-3.29
179,2007,10.07,6.4,38.6,55.9,55.6,47.6,84.2,88.4,85.47,-0.94,-1.03,-1.22,-1.06,-0.56,-0.88,-0.7,-0.81
179,2008,9.07,5.75,40.6,47.3,55.9,42.3,84.8,83.2,83.93,1.62,2.2,1.89,1.9,2.23,-0.26,1.04,1.38
179,2009,8.17,4.8,40.4,51.4,54.6,41.6,79.5,80.1,80.97,4.22,4.27,4.82,4.44,1.46,2.96,1.78,4.36
179,2010,6.02,6.78,45.4,53,55.1,41.5,87.6,87.5,86.43,4.77,4.49,3.83,4.36,0.64,-0.57,1.08,4.14
179,2011,6.06,4.92,41.1,51,51.7,41.6,89.6,86.3,85.97,2.92,-0.29,-1,0.54,-0.87,-2.22,-0.42,2.57
179,2012,3.66,7.87,42,55.3,52,40.8,94.3,86.6,88.47,-3.23,-4.25,-0.02,-2.5,-4.05,-0.05,-2.01,-2.89
179,2013,8.64,2.97,39,53.4,55.1,42.3,83.4,84.8,83.27,-0.14,-0.56,-1.51,-0.74,-1.32,-3.01,-1.58,3.38
179,2014,6.52,4.04,40.3,53,53.3,44.1,80.9,83.5,82.6,0.97,1.13,2.46,1.52,0.79,4.35,2.68,-1.57
179,2015,3.99,2.73,42.5,55.3,59.5,43.7,83.8,82.5,82.4,3.28,4.15,3.67,3.7,3.61,-0.14,3.43,1.13
179,2016,3.95,11.85,41.7,51.9,60.8,49.1,84.3,84.8,85.1,0.94,1.76,3.23,1.98,2.75,4.95,2.19,1.47
179,2017,6.29,3.67,45.5,51.1,55.6,48.6,86.9,81.8,84.5,-0.67,-0.35,-0.63,-0.55,0.75,-0.96,-0.56,-0.2
179,2018,9.04,3.09,32.9,59.3,59,43.4,84.6,85.3,85.03,-0.74,-0.77,0.65,-0.29,-0.31,1.96,0.53,-0.81
179,2019,9.88,5.53,42.1,52.5,61.3,42.1,88.1,83,84.2,3.81,2.83,2.43,3.02,-1.77,-0.31,-0.4,3.92
179,2020,7.85,3.39,38.2,51.2,54.1,40.5,88.1,84.6,86.2,-0.93,0.95,-0.82,-0.27,2.85,-2.45,-0.8,3.24
179,2021,7.5,3.41,41.2,51.1,57.9,51.3,83.7,86,84.87,0.86,1.06,1.14,1.02,0.87,0.58,0.92,0.47
179,2022,7.37,2.57,39,55.4,55.4,40.1,85.8,84.9,85.53,-0.89,-1.33,-1.01,-1.08,-1.6,0.54,-0.85,-0.44
179,2023,8.15,4.85,39.7,51.9,57.3,45.8,85.9,83.9,85.07,-1.74,-1.71,-1.43,-1.63,-0.44,0.3,-0.73,-1.18
179,2024,5.98,3.62,42.9,55.6,55.4,43.5,84.1,83.9,84.63,-0.7,0.49,0.9,0.23,1.47,1.39,0.72,-0.52
179,2025,4.25,5.9,42.1,50.7,54.4,47.8,87.6,83.8,85.27,-2.13,-1.45,-1.88,-1.82,1.37,-1.75,-0.05,-2.46
181,1980,8.41,9.41,42.8,53.6,59.3,41,94.2,93.7,91.43,-1.33,-1.44,-2.41,-1.73,-0.75,-3.35,-1.55,-1.27
181,1981,5.79,3.24,50.9,49.9,53.8,43.6,87.9,85.4,86.17,1.99,3.12,2.92,2.68,4,0.36,2.24,1.34
181,1982,16.58,5.03,40,56.8,55,44.6,88.9,85.9,85.63,0.86,0.71,1.38,0.98,-0.18,2.25,0.62,1.03
181,1983,5.86,17.35,40.6,52.9,56.3,47.7,92.5,95,90.8,3.99,-0.79,-1.95,0.42,-2.37,-3.71,-1.87,4.27
181,1984,10.96,11.39,44.1,50.6,54.7,52.4,87.9,87.6,87.9,-0.63,-0.58,-1.04,-0.75,-0.03,-1.55,-1.14,-0.02
181,1985,12.75,13.42,48.1,54.8,55.9,49.9,89.4,84.2,85.53,3,2.3,4.06,3.12,-1.17,5.98,2.21,2.66
181,1986,6.57,8.29,46.9,56.4,61.4,47.1,92,84.6,87.9,0.2,0.35,0.64,0.4,0.51,1,-0.07,0.86
181,1987,7.72,4.89,42.6,58.7,55.8,39.1,89.1,90.6,89.07,-2.14,-1.98,-2.65,-2.26,-0.2,-2.6,-1.14,-2.15
181,1988,9.77,13.04,42.6,51.1,57.2,39.7,89.1,91,89.93,-2.99,-2.82,-2.95,-2.92,-0.4,-1.27,-1.49,-2.29
181,1989,18.35,9.42,43.8,51,55.6,45.2,86.3,86.7,85.13,1.02,-0.38,-0.68,-0.01,-1.15,-1.02,0.3,-0.95
181,1990,15.05,2.81,42.9,52.4,58.9,41.8,87.8,84.8,86.13,-0.38,-0.32,-0.4,-0.37,0.05,-0.34,-0.47,1.91
181,1991,10.22,11.92,49.8,61.6,57.6,46.7,90.2,89.2,88.6,-1.19,-2.02,-2.57,-1.93,-2.86,-2.29,-2.23,-0.75
181,1992,7.89,10.63,45.6,52.3,56.3,43.7,87.4,82.8,84.1,-2.4,-2.32,-2.42,-2.38,-0.51,-1.01,-0.89,-2.25
181,1993,11.75,7.61,42,54.5,55.8,43.7,91.2,88,87.53,1.36,-0.5,-0.81,0.02,-1.5,-1.08,-0.07,0.65
181,1994,9.93,9.5,46.6,50.2,53.5,46.5,86.8,84.5,86.03,-0.71,-1.05,-0.95,-0.9,-1.25,-0.03,-0.47,-0.74
181,1995,10.2,10.55,44.4,54.9,53.7,44.4,87.4,91.6,87.53,1.09,1.15,-0.23,0.67,0.52,-0.68,0.39,0.72
181,1996,8.84,6.12,41.2,58,54.5,45.1,86.2,87.9,86.13,1.19,1.23,-0.76,0.55,0.48,-2.29,-0.44,1.14
181,1997,11.86,8.69,38.9,49.3,56.4,45.6,89.5,84.4,84.93,2.23,-0.16,-0.06,0.67,-0.48,0.25,0.54,1.8
181,1998,11.42,5.16,45.4,59.6,61.2,47.9,87.3,87.4,86.97,1.37,1.41,-0.04,0.91,0.55,-0.12,1.51,-0.71
181,1999,14.25,5.72,50.9,53.5,52.7,43.1,91.2,89.3,88.27,-0.22,-0.7,-1.46,-0.79,-1.52,-2.5,-1.09,-0.52
181,2000,12.35,6.01,42.7,58.7,56.7,48.3,86.3,89,86.47,-1.09,-1.03,-1.09,-1.07,-0.14,-0.52,0.74,-2.28
181,2001,6.69,8.64,51.4,55.4,55.2,44.6,88.1,88,86.7,-2.47,1.15,1.67,0.12,3.45,1.92,1.54,-2.47
181,2002,13.55,11.35,48.4,52.5,60.4,47.1,90.9,88.9,88.9,-0.43,-1.16,-1.55,-1.05,-2.31,-1.55,-1.72,4.62
181,2003,8.07,10.06,46.3,55.4,55.3,45.2,88.1,89.2,85.93,1.48,1.12,1.06,1.22,-0.64,0.17,0.57,0.85
181,2004,8.53,7.32,46,60.2,56.2,49.9,85.7,83.6,84.27,0.37,0.83,0.8,0.67,1.5,0.18,0.68,0.28
181,2005,10.88,9.5,46.3,51.3,61.5,45.8,88.2,89.8,88.27,-1.6,0.87,0.8,0.02,2.6,0.07,0.36,-1.19
181,2006,15.32,8.32,49.6,54.7,54.6,43.5,88.7,88.6,87.63,-0.7,0.98,1.14,0.47,2.94,0.79,0.88,-0.38
181,2007,10.57,8.76,41.6,58.2,60.6,50.6,87.7,95.7,90.13,-1.42,-1.65,-2.66,-1.91,-1.15,-3.54,-1.58,-1.55
181,2008,22.83,9.36,43.3,52.5,59,44.7,88,85.7,86.83,3.6,3.91,-0.21,2.43,2.05,-0.63,-0.01,4.56
181,2009,7.44,6.51,45.2,55.7,60.3,45.7,83.6,84.8,85.3,0.59,1.17,1.48,1.08,1.93,1.27,1.07,0.66
181,2010,9.67,6.42,49.6,58,57.8,43.4,90.6,92.4,90.9,-0.62,-1.11,-1.76,-1.16,-1.66,-2.31,-1.64,-0.33
181,2011,10.54,6.17,48.9,55.3,55.3,44.4,92.4,88.8,89.6,4.04,3.45,2.66,3.38,-0.52,-1.32,-0.04,3.87
181,2012,9.28,14.26,47.6,58.2,56.9,44.8,96.3,90,91.77,-3.64,-4.41,-4.83,-4.29,-3.44,-2.61,-3.07,-2.89
181,2013,11.88,4.56,42.9,54.5,60,48.2,84.4,85,84.73,0.49,0.77,0.84,0.7,0.98,0.46,0.97,-0.4
181,2014,5.78,9.67,46.1,56.8,55.5,47.5,83.9,87,85,1.16,-0.01,0.03,0.39,-0.03,0.09,0.45,0.81
181,2015,12.48,5.26,47.7,56.8,59.4,46.4,87.3,85,85.63,1.29,2.59,2.43,2.1,4.28,0.34,2.21,0.7
181,2016,10.21,14.64,46,53.4,61.3,51.4,88,86.4,87.5,1.07,2.5,3.56,2.38,4.62,3.97,2.12,2.01
181,2017,6.77,5.83,50.2,55.4,58.3,48.8,89.1,83.7,85.9,-0.14,-0.61,-0.86,-0.54,-1.44,-0.94,-0.93,1.7
181,2018,16.33,5.74,38.8,62.1,64.3,48.6,88.3,85.6,87.37,1.85,1.25,1.38,1.49,-1.22,0.77,0.32,1.54
181,2019,16.78,10.13,46,58.2,63.9,46.1,88,87.2,86.07,4.1,4.45,3.95,4.17,2.3,-0.12,1.6,3.6
181,2020,16.77,6.95,42.6,54,58.7,45.1,89.9,84.2,86.67,2.41,2.54,2.77,2.57,1.11,1.48,0.84,2.72
181,2021,12.32,5.67,45,53.6,59.8,53.2,87.1,87.6,86.8,0.87,1.24,0.88,1,1.39,-0.69,0.07,1.15
181,2022,15.97,6.6,44.6,57.8,57.2,42.1,90.2,87.1,88.37,-0.85,-0.6,-0.9,-0.78,0.49,-1.09,-0.81,-0.27
181,2023,16.74,6.62,44.9,55.9,59.4,48.6,87.3,85.4,86.3,-1.95,1.23,1.83,0.37,3.69,2.19,1.16,-1.28
181,2024,9.07,1.5,49.2,60.9,60.9,46.7,85.2,87.8,86.4,0.67,1.43,0.95,1.02,2.5,-1,0.64,0.59
181,2025,8.96,7.5,48.4,56.6,59.2,50.4,88.2,85.7,85.9,1.58,1.87,-0.46,1,1.36,-1.37,0.66,1.03
183,1980,7.01,5.23,37.3,51.1,54.7,37.8,90,87.5,86.1,-0.65,-1.28,-1.28,-1.07,-2.1,-0.39,-0.42,-1.18
183,1981,3.37,2.51,44.8,46.3,53,40.2,83.5,81.2,82.87,1.47,2.52,3.71,2.57,3.62,4.35,2.62,1.68
183,1982,9.3,3.42,34.4,54.9,52.7,41.9,84.6,80.9,81.03,2.43,2.59,2.56,2.53,1.22,0.73,0.79,2.55
183,1983,4.24,8.63,37.4,47,52.9,44.3,90.2,88.6,87.67,1.76,-0.56,-0.48,0.24,-1.68,0.07,-0.44,1.85
183,1984,6,8.56,39.4,46.9,51.8,48.1,83.2,85.3,85,-0.76,-0.49,-0.98,-0.74,0.55,-1.63,-1.12,2.14
183,1985,10.69,6.33,44.6,52.3,53.7,44.9,84,79.7,81.37,-1.49,0.27,1.5,0.09,0.81,3.77,1.2,-1.29
183,1986,3.9,12.05,40.9,52.5,56.9,44,87.8,81.9,84.63,0.86,0.84,0.25,0.65,0.19,-1.5,-0.12,0.61
183,1987,3.33,3.56,38.9,54.2,53.9,35.2,86.3,84.3,85.3,0.13,0.44,0.65,0.41,0.98,0.77,0.72,-2.08
183,1988,6.55,8.6,37.7,49.4,53.5,36.2,90.6,90.1,89.9,-2.67,-3.4,-4.22,-3.43,-3.02,-3.53,-3.61,-1.39
183,1989,5.13,8.19,38.8,47.3,51,42,84.9,83,83.43,0.43,0.29,0.6,0.44,-0.28,1.03,-0.36,1.16
183,1990,10,2.93,39.4,49,55.7,40.1,83.2,82.1,82.5,2.27,2.77,2.74,2.59,2.19,0.76,1.58,1.87
183,1991,6.51,10.35,44.2,58.5,52.9,45.1,88.2,86.3,87.03,-1.46,-2.28,-2.56,-2.1,-2.9,-1.56,-2.48,-0.52
183,1992,5.38,4.85,39,47.8,51.9,40.4,81.4,78.8,80.27,-2.32,2.22,1.79,0.56,6.65,-0.59,1.57,-2.09
183,1993,8.53,10.18,38.6,51.2,50.8,39.2,84.7,84.1,83.13,3.44,4.16,4.12,3.91,3.23,1.17,2.2,3.02
183,1994,4.2,6.44,40.6,46.4,52.9,43.4,84.3,81.3,83.83,-0.68,-0.97,-0.86,-0.84,-1.08,0.04,-0.93,-0.11
183,1995,5.91,6.08,38.5,49.5,50.1,43,87.3,88.5,86.73,-0.22,-0.78,-0.84,-0.61,-1.74,-0.42,-0.94,1.52
183,1996,4.92,3.38,35.9,50.7,52,42.5,83.4,83.1,82.63,1.82,1.99,-0.36,1.15,1.09,-1.07,0.31,1.69
183,1997,9.08,5.49,34.2,44.8,52.8,41.6,85,79.7,81.57,-0.11,-0.4,-0.01,-0.17,-0.91,1.03,-0.03,-0.04
183,1998,9.79,3.97,42.5,56.2,57.8,44.3,83.9,84.1,83,3.73,3.78,-0.18,2.44,1.3,-0.55,2.35,1.82
183,1999,7.76,3.49,42.9,51.8,49.8,40.7,88,82.7,84.27,-0.43,-0.64,-0.93,-0.67,-0.77,-1.08,-0.56,-0.54
183,2000,5.6,3.09,37,53.4,51.9,45.4,82.4,84.6,82.47,0.86,0.69,0.31,0.62,-0.25,-0.92,0.33,0.16
183,2001,4.78,5.31,44.8,52.5,51.4,43,85.5,84.7,83.47,-1.84,0.52,0.78,-0.18,1.55,0.95,0.56,-1.75
183,2002,8.9,4.5,41.9,47.5,55.6,40.7,88.6,84,85.8,2.89,2.88,3.89,3.22,0.88,3.92,1.3,3.56
183,2003,3.92,2.69,41,49.7,51.3,40.5,84,84.7,82.6,0.1,1.45,1.97,1.17,4.1,2,1.82,0.34
183,2004,8.3,7.48,41.8,55.7,53.6,43.4,81.7,79.2,80.4,2.76,2.81,3.7,3.09,0.99,3.54,2.42,2.06
183,2005,10.06,7.24,41.6,47.3,56.7,43.8,86.4,85.5,85.9,-1.9,-1.49,-1.64,-1.68,0.65,-0.89,-0.66,-1.47
183,2006,6.77,4.5,43,50.2,52.2,39.9,86.2,82.9,83.7,0.12,0.83,0.92,0.62,2.19,0.52,0.58,0.48
183,2007,8.55,7.21,38,54.2,55.5,47.9,83.3,88.6,85.37,-1.28,-1.49,-1.79,-1.52,-1.03,-1.37,-1.12,-1.07
183,2008,10.25,7.55,40.2,47.1,55,41,84.3,82.6,83.63,3.16,3.69,2.91,3.25,2.56,-1.19,1.82,2.01
183,2009,5.8,6.22,40.4,50.6,54.1,41.3,79.2,80.7,80.97,3.18,3.17,3.74,3.36,0.94,2.7,1.4,3.34
183,2010,5.74,6.4,44.7,53.2,54.2,41,87.1,87.7,86.47,3.26,3.03,-0.53,1.92,0.33,-1.58,0.95,2.11
183,2011,6.36,6.29,41.2,51.7,52.6,40.8,89.8,85.9,86.27,-0.02,-0.78,-1.45,-0.75,-2.28,-2.25,-1.53,2.12
183,2012,5.49,8.76,40.8,54.8,52,41,93.9,85.8,88.1,-3.13,-4.2,0.47,-2.29,-4.2,1.42,-1.82,-2.5
183,2013,7.67,3.46,39,53.6,55.1,42.4,81.6,82.9,82,1.81,1.79,-0.61,1,0.51,-1.83,-0.24,1.79
183,2014,6.32,5.08,40,51.8,52,43.2,79.6,82.1,81.53,1.07,1.35,2.02,1.48,1.18,2.41,2.25,0.02
183,2015,4.85,3.89,41.1,54.4,56.9,44.1,82.5,81.9,81.7,3.5,3.6,2.99,3.36,1.39,-0.72,2.25,1.64
183,2016,6.24,10.86,40.4,50.4,59.4,47.8,83.7,84.8,84.63,1.91,2.65,3.44,2.67,2.8,3.2,2.23,1.88
183,2017,7.14,4.81,45,50.3,54.9,47.5,85.6,81.3,83.77,-0.34,-0.64,-0.49,-0.49,-1,0.25,-0.59,2.92
183,2018,9.73,4.62,32.7,57.8,58.6,43,83.8,84.4,84.13,1.37,1.18,1.38,1.31,-0.13,0.95,0.91,0.81
183,2019,9.67,6.21,40.4,51.8,59.2,42.4,87.2,83.1,83.77,2.93,2.17,1.63,2.24,-1.36,-0.96,-0.63,3.11
183,2020,11.04,3.83,36.7,49.4,53,39.8,86.5,82.8,84.7,2.36,2.61,-0.45,1.51,1.49,-1.34,0.25,2.41
183,2021,8.03,4.35,40,48.5,56.7,50.3,82.7,85.6,84.07,1.48,1.84,1.9,1.74,1.51,0.75,2.04,0.21
183,2022,9.19,3.89,38.3,53.8,54,39.5,84.9,82.6,84.3,-1.49,-1.79,-0.92,-1.4,-1.36,2.06,-0.73,-0.59
183,2023,9.6,4.06,38,50,54.2,44.3,84.5,82.4,83.4,-2.3,-2.15,-1.82,-2.09,-0.26,0.32,-0.79,-1.66
183,2024,7.81,3.52,42.7,55.1,55.4,42.6,82.5,82.9,83.37,-0.85,1.14,1.29,0.53,3.42,0.81,0.74,-0.2
183,2025,4.29,6.48,41.4,50.6,53.8,45.2,87.3,82.7,84.7,-1.83,-1.84,-2.25,-1.97,-0.59,-1.82,-1.04,-1.78
185,1980,7.74,7.91,41.7,53.6,59.2,42.4,92,92.3,89.9,-0.75,-0.99,-1.37,-1.04,-0.94,-1.46,-0.38,-1.3
185,1981,4.72,3.1,49.3,50.4,55.8,44.6,87.4,84.3,85.8,1.03,1.17,1.45,1.22,0.76,1.2,-0.01,1.89
185,1982,12.58,6.46,39.7,58.6,56.3,46.4,87.4,83.8,83.73,-0.53,-0.75,-0.78,-0.69,-0.81,-0.31,-0.4,-0.57
185,1983,6.17,14.52,40.7,52.2,57.3,47.5,91.9,93.2,89.93,3.43,-0.76,-1.62,0.35,-2.28,-2.82,-1.3,3.38
185,1984,9.73,9.8,44.2,51.8,55.4,52.8,86.7,86.7,87.17,-1.17,-1.67,-2.21,-1.68,-1.87,-2.15,-2.51,0.05
185,1985,12.19,11.58,48.7,56.1,56.8,49.7,87.1,82.7,83.63,1.7,1.05,2.46,1.74,-1.41,4.57,1.61,1.27
185,1986,7.78,11.91,47,56.4,61.2,47.8,90.3,83.1,86.53,0.37,1.03,1.08,0.83,2.09,0.46,0.77,0.5
185,1987,5.5,4.45,42.1,58.5,55.7,37.5,88.2,89.1,88.03,-1.98,-1.2,-1.89,-1.69,1.74,-2.44,-0.17,-2.29
185,1988,11.09,8.13,42.9,52.5,56.7,38.9,90.3,90.7,90.4,-2.87,-2.17,-2.81,-2.62,1.23,-2.61,-1.53,-2.01
185,1989,16.39,8.82,43.8,49.9,56.5,45.6,86.6,85.8,85.07,2.13,2.24,3.06,2.48,1.01,3.14,1.88,1.82
185,1990,10.22,3.63,42.6,52.9,59,42.9,87.3,85.5,85.93,2.05,1.65,1.28,1.66,-0.55,-0.61,-0.14,2.01
185,1991,10.61,10.86,49.4,61.8,57.2,47.5,89.9,88.8,88.63,-2.05,-2.81,-3.34,-2.73,-2.92,-2.45,-2.52,-1.47
185,1992,5.68,7.77,44.4,52.1,55.6,43.3,87,82.2,83.4,-2.83,0.76,0.91,-0.39,2.28,0.68,0.33,-2.42
185,1993,9.24,6.69,42.1,54.5,54.9,42.1,90.5,87.1,87.3,0.62,0.95,0.64,0.74,1.19,-0.64,-0.1,1.01
185,1994,6.73,9.71,45,49.8,54.9,46.4,87.2,84.9,86.37,-0.38,-0.97,-1.15,-0.83,-1.87,-0.85,-0.79,-0.55
185,1995,8.42,8.64,42.7,53.8,53.9,45.2,88.6,91,88.13,1.79,-0.1,0.19,0.63,-0.3,0.56,0.42,1.62
185,1996,8.07,6.52,40.4,57.1,55.1,45.2,85.5,87,85.4,2.4,2.19,1.56,2.05,0.12,-1.22,0.22,2.01
185,1997,13.55,8.49,39.5,49.5,56.1,46.3,88.4,83.9,84.3,2.56,-0.48,-0.35,0.58,-1.45,0.23,0.47,1.88
185,1998,8.79,5.45,45.1,59.5,61.1,47,86.2,86.5,85.7,1.77,1.79,1.79,1.78,0.61,0.56,1.2,1.06
185,1999,14.11,4.69,47.1,53.8,52.3,43.1,90.3,86.6,87.1,1.84,1.77,-0.56,1.02,0.35,-1.69,0.07,1.48
185,2000,11.51,3.95,40.9,57.1,56,48.7,85,85.8,84.8,1.36,1.45,2.86,1.89,0.69,4.67,3.15,-2.02
185,2001,5.37,7.04,49.2,55.6,54.7,44.9,87.8,87.2,86.07,-2.1,0.53,0.41,-0.39,1.6,-0.22,0.18,-2.04
185,2002,11.35,10.3,46.6,51.2,61.2,45.7,91.8,89.8,89.93,-0.44,-1.16,-2.16,-1.25,-2.3,-3.35,-2.32,3.46
185,2003,8.48,6.53,45.8,54.4,54.2,44.8,87.6,88.5,85.43,0.84,0.61,0.24,0.56,-0.44,-0.9,-0.2,0.66
185,2004,9.14,6.71,45.7,59.9,57.7,48.4,84.4,82.4,83.53,0.32,1.46,2.54,1.44,3.53,3.69,2.14,0.65
185,2005,11.75,7.32,45.9,50.7,61.3,47,87.9,89.4,87.93,-1.38,-1.8,-1.09,-1.42,-1.69,1.59,-0.41,-1.12
185,2006,14.37,6.64,47.6,54.3,54.8,43.2,89.1,87.9,87.37,1.21,0.82,1.44,1.16,-0.78,2.1,0.68,1.08
185,2007,9.56,9.44,41.6,58.1,59.4,50.9,87,94.8,89.57,-1.51,-1.95,-2.66,-2.04,-1.8,-2.75,-1.73,-1.44
185,2008,18.43,7.51,44,51.1,58.8,44.7,87.1,84.8,86.3,3.5,3.76,-0.5,2.25,1.86,-1.49,0.28,3.73
185,2009,6.65,8.37,45,55.7,59,44.1,82.2,84.5,84.4,1.04,2.32,2.05,1.8,4.17,-0.1,1.41,1.1
185,2010,7.58,6.65,49.2,57.8,57.4,44.4,89.6,91.6,90.1,-0.65,-0.43,-0.89,-0.66,0.48,-1.52,-0.3,-0.78
185,2011,10.16,8.12,47.1,55.2,56.6,44.7,91.8,88,88.83,3.84,4.32,3.44,3.87,2.63,-1.31,1.63,2.96
185,2012,7.24,12.1,45.3,59.3,56.3,45.1,97.3,88.6,91.43,-4,-5.16,-5.15,-4.77,-4.69,-1.57,-3.43,-2.97
185,2013,13.07,4.23,43.7,55.5,58.9,45.8,84.3,85.2,84.17,3.12,3.55,2.75,3.14,2.26,-1.32,1.52,2.13
185,2014,5.65,10.09,45.5,56.3,55.7,47.2,83.2,84.7,84.27,2.11,2.01,2.47,2.2,0.37,1.99,1,2.11
185,2015,10.98,6.18,46.6,57.3,59.5,47,86,84.2,84.73,3.73,3.68,3.27,3.56,0.99,-0.08,2,2.28
185,2016,9.61,11.15,44.5,53.9,61.2,51.4,86.8,86.9,87.23,0.85,1.39,1.99,1.41,1.88,2.24,0.81,1.58
185,2017,6.48,4.76,49.4,55.8,58.5,49.7,88.7,84,86.23,-1.21,-1.13,-1.59,-1.31,-0.14,-1.73,-0.9,-1.04
185,2018,15.72,4.33,37.8,62.4,64.5,47.6,88.1,86.5,87.27,2.53,2.01,1.77,2.1,-0.76,-0.1,1.45,0.87
185,2019,16.07,9.2,45.8,57.2,62.8,46.1,88.1,85.8,85.73,5.51,5.37,5.47,5.45,1.3,1.96,2.12,4.99
185,2020,16.57,6.61,41.2,53.4,57.4,44.5,89.2,84.6,86.67,3.24,4.1,3.95,3.76,3.58,0.82,1.63,3.43
185,2021,11.63,6.86,43.6,52.1,59,53.8,86,87.1,85.93,1.47,2.36,2.78,2.2,3.14,1.98,1.81,1.53
185,2022,13.18,5.95,43.4,58.1,57.6,43,87.4,85.3,86.5,1.61,2.69,2.89,2.4,3.74,1.43,1.31,2.25
185,2023,14.61,5.23,43.7,54.2,57.8,47.6,87.9,84.9,85.9,-0.79,-0.95,-0.36,-0.7,-0.72,1.49,0.1,-0.7
185,2024,8.91,3.06,48.8,60.3,59.3,45.8,86.1,86.2,86.27,-0.66,0.58,0.04,-0.01,1.74,-1.42,-0.49,-0.07
185,2025,8.75,10.16,46.8,55.4,58.7,50.2,90,84.9,86.77,1.38,2.07,-0.19,1.09,2.5,-0.58,0.76,1.41
187,1980,4.01,4.22,38.5,51.2,54.4,38.3,89.2,86.4,85.33,1.04,0.7,2.39,1.38,-0.72,5.29,2.57,-2.85
187,1981,2.66,3.99,44.7,47.9,52,40.8,82.1,80.9,81.53,2.77,3.19,3.48,3.15,2.11,1.87,2.06,2.28
187,1982,7.27,3.2,34.4,55.9,53.4,42.9,84.2,80,80.33,2.29,4.48,4.83,3.87,7.28,2.42,3.08,2.72
187,1983,4.16,9.2,36.4,47.7,53.3,43.9,90.9,91,88.43,-0.66,-1.59,-2.49,-1.58,-3.01,-3.18,-2.46,-0.29
187,1984,5.27,6.91,40.1,47,51.4,45.6,83.3,85.6,84.13,1.73,1.93,1.12,1.59,1.14,-1.85,-0.51,2.24
187,1985,9.93,6.25,44.6,52.4,55.6,44.2,84.6,79.8,81.07,-1.51,-1.75,-1.71,-1.66,-1.17,-0.44,-1.09,-1.07
187,1986,3.64,9.95,42.5,52.6,58.2,44.2,86.5,78.4,82.6,-1.33,0.88,0.96,0.17,2.65,0.51,0.9,-1.31
187,1987,4.17,2.65,41.2,54.6,52.7,36.2,90,84.1,86.73,-2.73,-3.58,-2.82,-3.04,-3.41,1.18,-1.5,-2.2
187,1988,4.76,7.02,38.2,51.4,54.8,36.1,91,89.5,89.3,-4.05,-4.98,-5.09,-4.71,-4.04,-1.86,-3.28,-3.05
187,1989,2.83,4.73,39.5,47.8,51,42.4,86.2,83.9,83.43,-4.58,-4.6,-4.03,-4.4,-1.48,0.29,-0.59,-4.89
187,1990,8.44,1.42,39.2,47.6,55.6,39.7,82.6,82.4,82.03,3.24,3.73,3.66,3.54,2.47,0.94,2.57,2.01
187,1991,5.82,6.74,43.4,57.3,52.8,41.3,86.4,84.3,85.37,-1.14,-1.67,-1.96,-1.59,-1.96,-1.38,-2.18,-0.08
187,1992,4.1,5.52,38.3,48.5,51.2,40.2,80,78,79.57,-2.38,1.61,0.93,0.05,4.84,-1.57,0.12,-1.57
187,1993,7.04,9.81,37.6,52.2,50.2,39.4,82.2,82.8,81.53,3.79,5.75,7.22,5.59,7.04,6.19,5.29,3.25
187,1994,4.8,3.11,39.4,48.2,53.4,45,82.8,80.7,82.5,-1.55,-1.7,-1.63,-1.63,-0.91,-0.31,-0.86,-1.22
187,1995,5.13,7.59,36.6,49.1,50.6,41.6,86.1,87.6,85.3,-0.25,0.27,-0.11,-0.03,0.8,-0.34,-0.09,2.9
187,1996,4.38,2.97,34.6,49.3,51.9,42.2,82.5,82.3,81.7,1.32,1.69,-0.15,0.95,1.49,-0.45,-0.01,1.87
187,1997,8.21,1.83,35.4,44.9,55,43,84.9,80.3,82.03,-0.38,-0.83,1.67,0.15,-1.47,5,1.03,-0.26
187,1998,10.52,3.97,41.5,56.1,58.7,44.9,84.9,83.9,82.6,3.46,2.48,2.23,2.72,-1.87,0.03,0.15,3
187,1999,4.85,4.64,42.6,52.7,49.6,39.9,88.3,81.2,83.47,2.5,2.13,1.89,2.17,-0.34,-0.07,0.09,2.53
187,2000,4.95,3.14,38.5,52.9,53.8,45.6,82.2,84.8,81.83,1.15,1.16,-0.64,0.56,0.38,-1.92,0.6,0.04
187,2001,7.46,3.77,43.6,52.9,51.8,41.6,86,84.2,82.77,1.83,1.46,1.11,1.47,-0.54,-0.61,-0.39,2.05
187,2002,4.38,3.25,39.9,46.8,55.8,39.7,87.5,83.8,84.9,2.01,1.73,2.33,2.02,-0.23,2.33,0.73,2.21
187,2003,2.62,1.72,39.8,48.6,51.3,41.1,84.5,86.9,83.53,0.39,0.57,0.16,0.37,0.66,-1.04,-0.18,0.5
187,2004,4.86,8.08,40.6,53.5,54.2,43.5,81.6,78.1,79.63,-1.11,0.3,1.28,0.16,0.89,3.05,0.75,-0.61
187,2005,5.93,4.87,42.5,48.3,57.8,43.2,88.2,85.5,86.5,-2.13,-2.77,-3.02,-2.64,-2.58,-1.61,-2.45,-1.19
187,2006,7.76,2.86,43.3,51.4,51.9,38.6,88.6,83.5,84.7,-3.78,-4.02,-3.89,-3.9,-1.89,-0.85,-1.54,-3.51
187,2007,7.61,5.88,37.5,55.3,54.5,47.1,83.6,86.6,84.13,-1.77,-1.61,-0.97,-1.45,-0.07,1.43,0.37,-1.87
187,2008,6.33,3.97,39.6,46.3,55.4,41.4,83.7,82.3,82.67,1.75,1.71,1.37,1.61,0.42,-0.48,0.81,1.03
187,2009,9.32,5.05,38.6,50.5,54.6,39.6,78.9,79.6,80.1,5.14,5.12,6.1,5.45,1.53,4.52,2.96,4.68
187,2010,6.08,5.27,45.7,52.2,54.4,41.9,86.3,86,85.43,6.53,6.26,5.87,6.22,1.21,0.76,2.96,4.71
187,2011,4.27,2.3,39.5,49.7,50.3,42.2,89.6,86.1,85.23,4.03,-0.57,-1.65,0.6,-1.71,-3.41,-0.56,3.22
187,2012,3.82,8.78,40.6,54.2,50.5,39.4,91.5,85.8,86.87,-2.17,-3.13,-3.19,-2.83,-3.57,-1.14,-1.85,-2.11
187,2013,7.48,3.42,36.4,52.1,54.8,41.2,83.1,83.8,82.37,-0.22,-0.53,-1.68,-0.81,-0.98,-3.63,-1.76,4.2
187,2014,5.73,2.78,37.6,51.2,51.6,41.9,79.8,81.3,81.03,0.87,1.17,1.87,1.3,1.18,2.45,2.08,-0.62
187,2015,3.34,2.21,40.2,53.3,58.8,42.5,82.6,80.6,81,1.73,3.21,3.17,2.7,4.97,0.87,3.38,0.33
187,2016,4.48,10.37,40.3,51.5,59,47.6,83.4,83.6,84.3,1.38,2.44,3.21,2.34,3.61,3.04,2.07,1.71
187,2017,4.89,3.01,43.2,49.7,54.5,46.1,86.2,79.9,83.4,-1.09,0.43,-0.32,-0.33,1.3,-0.97,-0.73,-0.28
187,2018,7.75,1.86,30.3,57.7,57.6,40.8,84.6,84.3,84.47,-1.59,-1.99,0.42,-1.05,-1.69,1.26,-0.47,-1.41
187,2019,8.69,4.23,39.6,50.5,60.5,40.2,87.8,81.9,83.27,4.56,3.23,2.56,3.45,-2.59,-1,-1.25,5.14
187,2020,5.37,2.7,36.2,50.1,52.7,38.6,85.7,83.5,84.13,1.45,1.7,0.69,1.28,1.19,-2.49,-0.71,1.93
187,2021,6.1,4.43,39.7,51,56.7,49.1,82.9,84.6,83.57,1.84,1.83,1.53,1.73,0.54,-0.34,0.5,1.57
187,2022,6.16,1.2,36.7,54.6,55,38.2,84.1,82.4,83.37,-0.54,-0.67,-0.98,-0.73,-0.58,-1.13,-0.88,-0.26
187,2023,8.3,3.27,38.9,51.9,56.7,44.4,84.6,82.6,83.83,-2.09,-1.62,-1.17,-1.63,0.77,0.84,-0.44,-1.24
187,2024,7.12,3.8,41.8,54.5,55.4,43.7,82.4,82.3,83.13,-0.88,1.18,-0.06,0.08,3.53,-0.18,0.68,-0.5
187,2025,3.79,4.23,40.8,49.6,55.1,47.8,86.3,82.3,84.1,-2.48,-0.69,-1.04,-1.4,4.61,-1.27,0.85,-2.47
189,1980,6.85,6.52,41.5,53.3,58.3,41.1,94.9,94,91.87,-2.19,-2.56,-2.85,-2.53,-1.78,-1.68,-1.69,-1.84
189,1981,4.09,2.78,49.5,49.4,54.2,43.5,87.5,85.1,85.93,1.23,2.13,2.58,1.98,3.07,2.03,1.83,1.22
189,1982,11.43,4.32,39,57.4,55.5,45.2,87.7,84.4,84,1.7,2.06,1.91,1.89,1.61,0.17,0.79,1.68
189,1983,5.64,13.15,39.7,51,56.1,47,92.8,94.3,90.5,3.04,-0.61,-1.38,0.35,-1.84,-2.5,-1.3,3.23
189,1984,8.46,11.02,43,50.2,54.7,51.5,88.2,89,88.3,-0.69,-1.06,-1.49,-1.08,-1.31,-1.63,-1.58,-0.1
189,1985,12.26,10.46,47.5,54.5,56.2,48.9,87.7,83.2,83.8,3.19,2.87,3.26,3.11,0.01,2.08,1.78,2.36
189,1986,8,14.38,46.2,55.7,60.7,47.5,91.1,84.4,87.7,-1.72,0.29,0.23,-0.4,0.88,-0.12,-0.36,-1.23
189,1987,5.24,4,42,58.6,56.2,38.9,88.7,88.8,88.63,-2.58,0.86,0.95,-0.26,2.59,0.53,0.63,-2.42
189,1988,11.69,11.93,41.2,51.6,57.2,39.6,90.1,91.6,90.5,-2.32,-2.02,-2.72,-2.35,0.16,-2.71,-1.8,-1.53
189,1989,11.28,7.71,43.6,49.9,54.6,45.2,86.9,87.1,85.47,-0.24,-0.56,-0.7,-0.5,-1.04,-0.59,-0.63,-0.17
189,1990,9.5,2.5,41.9,52,58.3,42.2,87.8,85,86,1.81,1.59,1.17,1.52,-0.09,-0.78,-0.58,2.34
189,1991,7.22,12.71,48.2,61,57,47,89,90,88.77,-2.23,-2.51,-3.11,-2.62,-1.54,-2.57,-2.29,-1.46
189,1992,5.73,6.33,44.8,52.1,55.1,43.6,87.7,83.6,84.53,-2.28,-2.27,-2.76,-2.44,-0.68,-2.16,-1.59,-1.82
189,1993,9.92,8.67,42.3,54.2,54.5,42.5,89.6,87.7,86.97,1.38,2.26,2.24,1.96,3.05,0.65,1.7,1.02
189,1994,5.79,9,44.3,49.9,53.2,46.2,86.2,85.5,86.27,-0.45,-0.63,-0.84,-0.64,-0.69,-0.83,-0.51,-0.49
189,1995,8.58,7.63,42.5,53.4,52.8,45.1,88.4,91.5,87.8,3.51,-0.16,-0.57,0.93,-0.47,-1.29,0.17,3.07
189,1996,6.9,4.8,40.2,56.9,53.8,44.7,86.4,87.5,85.9,2.01,1.72,1.04,1.59,-0.24,-1.52,-0.3,1.92
189,1997,10.99,6.91,38.9,48.8,55.8,45.6,88.7,83.7,84.4,0.21,0.23,0.51,0.32,0.12,0.92,0.56,-0.3
189,1998,10.07,4.65,44.7,59.7,61.4,47.8,86.4,86.2,85.8,1.66,2.18,-0.05,1.26,2.07,-0.15,1.87,0.48
189,1999,13.1,3.98,48.6,54.4,53.4,44.3,90.4,85.5,86.47,0.47,0.45,-0.2,0.24,0.07,-0.6,0.3,-0.36
189,2000,7.54,3.73,41.8,57.6,55.4,48.4,84.4,86.8,84.57,1.89,3.05,3.18,2.71,4.08,1.34,3.65,0.05
189,2001,4.72,5.83,49.7,56,53.9,44.9,87.1,87.7,85.93,0.05,0.61,0.93,0.53,1.68,1.15,0.99,-1.83
189,2002,9.94,6.9,46.4,51.2,59.5,44.6,91.3,88.2,88.73,-0.4,-1.13,-1.55,-1.03,-2.31,-1.61,-1.71,2.29
189,2003,5.89,4.15,45.2,53.5,53.9,45.2,87.7,88,85.07,1.48,-0.21,-0.32,0.32,-0.62,-0.4,0.49,0.73
189,2004,8.54,7.8,45.4,59,55.9,48.8,84.2,81.7,82.77,0.45,1.17,2.15,1.26,2.3,3.3,1.48,0.93
189,2005,10.46,7.71,46.6,51.3,60.9,46.1,88.3,88.8,88.13,-2.4,-1.93,-1.63,-1.99,0.66,0.32,-0.62,-1.62
189,2006,11.04,6.18,48.3,54,54.4,42.8,88.8,87.6,87.17,0.22,0.55,0.11,0.29,1.05,-1.14,0.04,0.17
189,2007,8.71,6.98,41,58.3,59.5,49.6,86.2,95.4,89.1,-1.45,-1.83,-2.85,-2.04,-1.59,-3.61,-1.99,-1.33
189,2008,15.99,6.87,42.8,51.3,58.2,44.5,86.8,84.2,85.53,3.26,3.71,3.07,3.35,2.36,-0.77,0.16,4.04
189,2009,6.8,5.34,43.5,54.6,57.3,42.5,82.2,83,83.63,2.32,3.21,3.25,2.93,3.38,1.14,1.84,2.21
189,2010,6.56,6.69,48.8,56.7,57.1,43.6,89.4,90.7,89.27,-0.49,-0.29,-0.14,-0.31,0.47,0.34,0.58,-0.89
189,2011,9.88,6.74,47.1,54.7,54.2,44.6,92.4,88.8,89.2,4.03,4.03,2.94,3.67,1.23,-2.03,1.32,2.72
189,2012,8.38,10.61,46,58.6,55.7,44.2,97.5,90.1,91.93,-2.75,-3.97,-3.89,-3.54,-4.5,-1.01,-2.97,-1.8
189,2013,12.62,3.86,42.5,54.9,58.4,45.6,83.8,85,84.27,3.77,4.03,-0.3,2.5,1.94,-0.89,1.08,3.39
189,2014,4.36,6.54,44.8,55.7,55,46.4,83.5,85.8,84.3,0.4,-0.41,0.82,0.27,-1.24,2.45,0.8,-0.39
189,2015,7.56,6.46,46.3,56.6,60,45.8,86.5,84.3,84.67,2.9,2.96,2.84,2.9,1.07,0.54,2.13,1.47
189,2016,6.37,14.63,44.8,53.7,61,50.8,87.3,86,87.3,0.9,1.26,3.01,1.72,1.36,5.63,1.59,1.83
189,2017,5.53,3.95,48.4,54.5,57.2,48.1,90,84.3,86.5,1.57,1.63,-0.19,1,0.66,-0.58,0,1.78
189,2018,15.63,4.96,36.5,61.5,62.2,47,87.9,85.7,87.3,2.51,2.41,3,2.64,0.48,2.51,2.03,1.65
189,2019,12.24,10.22,45,56.6,63.3,45.4,87.8,85.8,85.33,4.93,4.66,4.36,4.65,0.71,0.54,0.81,5.06
189,2020,13.53,6.93,41.2,52.8,56.5,43.6,89.4,84.6,86.93,2.61,3.21,3.02,2.95,2.61,0.42,0.52,3.45
189,2021,11.74,6.81,43.3,52.4,58.7,52.6,86.6,87.1,86.77,0.73,1.55,1.64,1.31,2.69,0.73,0.6,1.42
189,2022,12.01,4.8,42.6,57.2,56.8,41.4,89.3,86.6,87.97,-0.72,-0.26,-0.39,-0.46,1.16,-0.47,-0.42,-0.08
189,2023,12.45,4.88,43.2,54.7,57.7,47.2,89.1,86.4,87.53,-1.42,-1.08,-1.01,-1.17,0.57,-0.12,-0.64,-0.7
189,2024,8.54,3.19,46.8,59.9,59.2,45.8,86.2,86.2,86.6,0.28,1.75,1.21,1.08,4.5,-1.07,0.78,0.71
189,2025,6.26,8.8,46.4,54.3,58.6,50.5,90.7,86.9,87.73,1.44,1.61,-0.96,0.7,0.95,-2.87,-0.6,1.57
191,1980,7.56,7.71,41.4,53.3,57.9,40.6,92.6,92.9,90.47,-0.94,-1.12,-1.65,-1.24,-0.84,-1.91,-1,-0.96
191,1981,4.83,2.99,49.2,50,54.7,43.3,87.8,84.6,86.07,0.82,0.87,1.14,0.94,0.39,1.07,0.08,1.37
191,1982,11.73,5.85,38.6,57,55.3,44.4,87.4,84,83.73,0.13,0.25,0.4,0.26,0.4,0.52,0.41,0.03
191,1983,5.91,13.67,39.8,50.5,55.8,46.8,92.2,94.2,90.3,3.56,2.56,1.66,2.59,-1.89,-1.9,-0.79,3.44
191,1984,9.76,10.24,43.4,50.2,55,52.1,87.6,88.2,88.1,-1.04,-1.54,-1.99,-1.52,-1.83,-1.81,-2.05,-0.23
191,1985,11.94,11.25,47.7,54,55.6,48.7,87.4,82.8,83.6,2.37,1.63,2.84,2.28,-1.48,4.13,1.79,1.63
191,1986,8.11,13.16,45.8,55.9,60.6,47,90.7,83.3,86.97,-1.19,0.75,0.72,0.09,2.25,0.14,0.28,-0.76
191,1987,5.18,4.31,41.4,58,55.3,37.6,88.3,88.6,88.13,-2.22,1.09,-0.36,-0.5,3.26,-1.07,0.54,-2.27
191,1988,12.55,9.04,40.8,50.7,56.3,38.3,90.7,90.8,90.57,-2.16,-1.79,-2.5,-2.15,0.42,-2.66,-1.71,-1.33
191,1989,15.31,8.54,43.2,49.7,55.6,45,86.5,86.2,85.17,1.63,1.55,1.9,1.69,0.25,1.54,0.78,1.62
191,1990,10.64,3.28,41.3,52.2,58.2,41.9,87.8,85.8,86.17,0,-0.3,-0.97,-0.42,-0.91,-2.08,-0.99,1.76
191,1991,9.3,11.77,48.6,61,56.7,46.9,89.4,90.1,88.87,-2.11,-2.77,-3.3,-2.73,-2.63,-2.46,-2.64,-1.3
191,1992,6.24,7.33,44.1,51.5,55.1,42.5,87,82.9,83.9,-2.56,0.49,0.11,-0.65,1.48,-0.99,-0.54,-2.07
191,1993,9.92,8.09,42.3,54.1,54.1,41.2,89.6,87.3,86.97,1.25,1.99,2.05,1.76,2.6,0.8,1.32,1.18
191,1994,6.46,11.06,45.4,49,53.4,46,86.6,84.5,86.07,-0.55,-0.71,-0.62,-0.63,-0.65,0.06,-0.26,-0.53
191,1995,8.5,7.9,42.5,53.6,53.4,44.8,88.8,90.8,88.07,2.21,-0.51,-0.37,0.44,-1.54,0.26,0.05,1.93
191,1996,7.97,5.51,40,56.5,54.7,44.7,85.7,87.2,85.5,2.28,1.97,1.85,2.03,-0.21,0.23,0.67,1.8
191,1997,12.49,7.36,38.3,49.2,55.5,45,88.2,83.4,84.1,2.56,2.32,2.37,2.42,0.09,0.87,1.32,1.73
191,1998,9.79,5.36,44.8,59.2,60.8,47.4,86.6,86.2,85.67,1.56,1.88,2.06,1.83,1.44,1.11,1.63,0.86
191,1999,15.4,4.74,48.2,53.4,52.2,43.1,90.3,85.8,86.73,2.27,2.97,-0.11,1.71,2.82,-0.32,1.46,1.83
191,2000,9.63,3.97,40.9,56.8,55.4,47.6,84.3,85.8,84.3,1.66,2.08,2.99,2.24,1.78,3.37,3.38,-2.04
191,2001,5.24,5.92,49.2,55.2,53.8,44.5,87.8,87.8,86.2,-2.4,-2.03,-2.1,-2.18,0.38,-0.84,-0.43,-2.37
191,2002,10.79,8.18,47,51.3,60.6,45.5,91.9,89.9,89.73,-0.35,-1.01,-1.91,-1.09,-2.09,-3.03,-2.05,2.97
191,2003,7.82,6.23,46.1,54.1,53.9,44.4,88.1,88.5,85.57,0.81,-0.35,-0.52,-0.02,-1.06,-0.6,-0.37,0.7
191,2004,8.64,6.95,45.6,59.8,56.6,48.2,84.3,82.2,83.17,0.18,0.7,2.21,1.03,1.61,4.75,1.6,0.78
191,2005,11,8.53,46.1,50.2,60.6,45.5,88.2,88.9,87.93,-2.26,-2.48,-1.6,-2.11,-1.35,1.88,-0.74,-1.5
191,2006,13.22,5.83,47.2,53.7,54.3,42.4,88.5,87.6,86.83,0.82,0.51,1.05,0.79,-0.68,1.79,0.69,0.55
191,2007,9.95,9.23,41,57.6,59,49.8,86.2,94.8,88.93,-1.36,-1.59,-2.36,-1.77,-1.11,-2.81,-1.32,-1.49
191,2008,16.91,7.05,42.5,51,58.8,44.2,86.8,85.2,85.93,3.14,3.44,-0.4,2.06,1.85,-1.21,0.2,3.52
191,2009,6.84,6.62,44.1,54.3,58.2,43.3,81.8,83.6,83.8,1.95,2.65,2.46,2.35,2.7,0.27,1.29,1.84
191,2010,6.84,7.16,48.4,57,57,44.2,89.9,91.2,89.8,-0.85,-0.67,-0.82,-0.78,0.27,-0.64,-0.06,-1.02
191,2011,10.03,6.93,47.1,55.1,55.4,43.9,91.6,87.7,88.23,3.79,3.94,3,3.58,1.62,-1.61,1.38,2.69
191,2012,7.55,11.46,45.7,58.4,56.2,45,97.9,89.6,92.1,-3.09,-4.07,-4.24,-3.8,-3.91,-1.77,-3.05,-2.15
191,2013,11.96,3.39,42.9,55.3,58.5,45.9,83.9,85.1,84.1,3.11,4.12,3.42,3.55,3.98,-0.81,2.05,2.36
191,2014,4.61,8.99,45.9,56,55.7,48,82.7,84.4,83.7,1.74,1.5,2.62,1.95,-0.19,3.81,1.67,1.43
191,2015,9.04,6.35,46.6,57.2,59.8,47.2,85.6,84.1,84.17,4.07,3.8,3.51,3.79,0.43,0.31,2.44,2.1
191,2016,7.7,11.86,45.1,54,61.5,52.1,88,87.5,88.13,1,1.59,2.84,1.81,2.08,4.24,1.66,1.6
191,2017,5.98,4.5,49.7,56,58.4,50,90.2,84.4,87.17,-0.73,-0.86,-1.31,-0.97,-0.62,-1.64,-0.93,-0.62
191,2018,14.9,4.72,37.8,61.7,63.4,46.8,87.2,85.7,86.67,1.84,1.56,2.11,1.84,-0.26,2.11,1.91,0.62
191,2019,14.96,8.92,45.7,57.2,63,46.2,87.8,85.6,85.47,5.3,4.86,5.28,5.15,0.33,2.74,1.85,4.99
191,2020,15.45,7.41,42,53.6,57.3,44.5,89.2,84.9,86.77,3.57,4.48,4.36,4.14,3.83,1.03,1.45,4.17
191,2021,11.96,7.3,43.4,52.2,59.1,53.1,86.5,87.6,86.63,1.59,2.51,3.28,2.46,3.25,3.07,2.24,1.63
191,2022,11.45,4.86,43.7,57.7,57,42.2,88.8,86.5,87.83,-1.12,0.92,1.32,0.37,2.77,1.49,0.92,-0.69
191,2023,12.15,4.62,42.9,53.8,57.4,47.8,88.9,85.7,86.83,-1.8,-1.75,1.11,-0.81,-0.41,3.34,0.39,-1.35
191,2024,8.79,2.72,47.4,60,59.5,45.7,86.1,85.9,86.2,-2.31,1.04,0.76,-0.17,3.13,-0.53,0.27,-1.9
191,2025,7.04,8.29,46.1,54.7,58.5,50,90.3,85.2,86.9,1.48,2.04,-0.53,1,2.12,-1.59,0.18,1.65
193,1980,8.18,9.2,43,54.6,59.2,41.8,92.4,93,90.43,-0.93,-0.61,-1.19,-0.91,0.68,-1.93,-0.48,-0.97
193,1981,5.29,3.29,49.8,50.8,55.7,43.8,88.1,85.1,86.37,1.42,1.81,1.54,1.59,1.61,-0.23,0.02,2.07
193,1982,13.58,5.94,40.2,58.3,56.1,45.3,88,85,84.6,-0.6,0.05,0.1,-0.15,0.14,0.16,0.1,-0.67
193,1983,6.25,14.96,40.7,51.8,56.9,47.6,92.2,94.4,90.6,0.03,-0.53,-1.49,-0.66,-1.6,-3.05,-1.52,3.93
193,1984,11.12,10.13,44.5,51.4,55.5,52.8,87.5,87.9,88.07,-0.91,-1.36,-1.8,-1.36,-1.63,-1.74,-1.9,-0.15
193,1985,13.11,10.55,48.9,55.1,56.6,49.3,87.8,83.5,84.43,2.51,1.85,2.38,2.25,-1.18,2.14,1.7,1.26
193,1986,8.45,10.55,46.6,56.4,61.3,47.9,91,83.9,87.23,1.75,2.56,2.82,2.38,2.97,1.56,1.78,1.65
193,1987,6.87,4.6,42.2,58.8,56.6,38.2,88.3,89.5,88.33,-2.05,-1.33,-1.93,-1.77,1.51,-2.21,-0.37,-2.13
193,1988,10.28,9.01,42.4,52.1,57.3,39.5,90.1,90.6,90.3,-2.95,0.96,-0.7,-0.9,2.89,-2.1,-0.51,-2.42
193,1989,17.28,9.76,44.4,51.1,57.2,45.6,86.5,86.6,85.27,1.98,2.13,2.36,2.16,1.07,1.36,1.31,1.64
193,1990,12.26,3.6,42,53.2,59.5,42.5,87.8,85.4,86.1,2.1,1.72,1.12,1.65,-0.5,-1.26,-0.68,2.45
193,1991,10.72,10.68,49.1,62.1,58,47.3,89.2,89.7,88.5,-1.36,-1.63,-2.25,-1.75,-1.23,-2.38,-1.63,-1.04
193,1992,7.26,8.23,45,52.4,56.2,43.6,87.3,82.6,83.57,-2.01,0.78,0.98,-0.08,2.35,0.83,0.69,-1.83
193,1993,10.18,6.3,43.1,54.9,55.3,42.9,90.5,87.7,87.4,1,0.99,1.15,1.05,0.28,0.78,0.66,0.77
193,1994,6.65,11.17,45.6,49.6,53.6,46.3,86.8,85,86.3,-0.4,-0.78,-0.85,-0.68,-1.28,-0.43,-0.17,-0.89
193,1995,9.33,9.28,43.3,54,54.4,45.5,88.7,91.3,88.2,1.81,-0.32,0.32,0.6,-0.95,0.96,0.45,1.51
193,1996,8.9,6,41.1,57.6,55.3,46,85.6,86.9,85.43,3.22,3.44,3.09,3.25,1.65,-0.01,1.28,2.78
193,1997,13.34,8.38,39.1,49.3,56.3,46.2,88.2,84.2,84.4,3.69,-0.5,-0.31,0.96,-1.49,0.41,0.32,3.35
193,1998,9.46,6.2,45.3,59.8,61.4,48.4,86.6,86.7,86.07,2.05,2.05,2.17,2.09,0.65,0.98,1.17,1.58
193,1999,14.49,5.41,48.9,53.8,52.4,42.9,90.6,86.5,87.2,1.71,1.79,-0.53,0.99,0.76,-1.59,0.24,1.33
193,2000,12.5,4.16,41.3,57.4,56.4,48.1,85.1,87.1,85.43,1.35,1.78,1.99,1.71,1.72,1.19,2.32,-1.99
193,2001,6.63,7.38,49.4,55.8,54.8,44.8,87.8,87.5,86.27,-2.02,0.45,0.57,-0.33,1.35,0.5,0.3,-1.9
193,2002,11.72,11.43,48.4,52.9,61.7,46.7,92.4,90.8,90.43,-0.37,-1.41,-2.55,-1.44,-3.24,-3.86,-2.73,3.85
193,2003,9.28,6.73,46.6,55.1,55.3,45.8,88.1,88.3,85.63,-0.08,-0.54,-0.81,-0.48,-1.4,-0.97,-0.52,-0.39
193,2004,8.33,6.17,46.5,61.1,57.2,48.8,85.2,82.7,83.83,0.67,1.79,2.81,1.76,3.55,3.62,2.24,0.92
193,2005,10.79,9.12,46,50.6,60.8,45.7,88.1,89.8,88.07,-1.56,-1.88,1.36,-0.69,-1.44,4.09,0.42,-1.22
193,2006,13.29,6.4,48.8,54.4,55.1,44,89,88,87.33,0.01,1.12,1.12,0.75,3.31,0.35,1.15,0.1
193,2007,10.78,9.35,42.4,58,60,50.4,86.6,95.3,89.33,-1.86,-2.06,-2.97,-2.3,-1.17,-3.36,-1.73,-1.82
193,2008,19.53,7.98,43.9,51.8,59.3,44.7,87.3,85.8,86.6,3.18,3.43,-0.49,2.04,1.75,-1.47,-0.07,3.72
193,2009,8.86,7.61,45,56.6,59.4,44.2,82.4,84.6,84.8,1.02,2.35,2.32,1.9,4.32,0.64,1.61,1.19
193,2010,8.16,5.6,49.8,58.2,57.9,44.1,90.6,92.4,90.7,-1.04,-1.21,-1.87,-1.37,-0.82,-2.35,-1.21,-0.99
193,2011,10.75,9.24,48.2,56.3,56.9,44.1,92.2,88.4,89.07,3.54,4.28,3.6,3.81,3.32,-0.72,1.57,3.16
193,2012,6.71,12.8,47.2,59.7,57.6,45.4,97.5,88.7,91.8,-4,-4.86,-4.43,-4.43,-3.82,-0.21,-2.61,-3.05
193,2013,12.93,5.18,44.4,56.2,59.5,47.3,84.3,85.4,84.63,1.03,1.83,1.46,1.44,2.71,-0.55,0.91,0.94
193,2014,6.02,11.44,46.6,57.1,56.4,48,83.4,85.6,84.7,2.1,2.2,2.95,2.42,0.95,2.94,1.56,2.05
193,2015,11.85,5.71,46.8,57.6,60.1,47.6,86.8,84.8,85.27,3.07,3.32,3.08,3.16,1.71,0.3,2.02,1.91
193,2016,10.17,11.13,45.4,54.9,61.4,52.7,88.6,88,88.57,1.8,3.38,3.99,3.06,5.28,2.86,2.74,1.98
193,2017,6.13,5.48,50.1,56.1,59.2,50,88.6,83.3,86.07,-0.58,-0.88,-1.29,-0.92,-1.09,-1.5,-1.25,-0.22
193,2018,14.63,3.95,38.1,61.8,63.7,46.7,87.4,87.4,87.47,1.42,0.99,0.58,1,-0.85,-0.92,0.11,0.8
193,2019,16.38,9.6,45.8,56.6,62.4,45.3,88.1,86.5,86.07,3.55,3.34,3.59,3.49,0.46,1.77,1,3.67
193,2020,15.71,7.01,41.4,54.1,57.4,43.9,89.4,84.4,86.6,3.22,3.71,3.88,3.6,2.45,1.66,2.25,2.61
193,2021,12.36,6.04,42.3,51.5,58.4,52.6,86.5,87.9,86.47,1.64,2.71,2.61,2.32,3.72,0.54,1.45,1.8
193,2022,14.69,5.18,44.6,58.2,58,42.4,89,86.7,87.87,-1.25,0.76,-0.05,-0.18,2.28,-0.16,0.19,-0.83
193,2023,16.69,3.87,44.6,55,58.7,48.8,88.7,85.8,86.73,-0.98,-1.24,-1.08,-1.1,-1.07,0.09,-1,-0.34
193,2024,8.63,2.43,48.8,60.8,60.3,46.8,88.1,88,88.03,-3.26,0.96,0.51,-0.6,2.87,-1.05,0.03,-3
193,2025,7.06,9.19,47.2,55.5,59.4,50.7,90.6,86.2,87.3,1.48,1.65,-0.59,0.85,0.96,-1.78,0.05,1.29
195,1980,3.52,5.23,37.3,49.1,53.6,36.9,86.1,84.2,83.23,-0.81,0,1.33,0.17,0.01,3.99,1.24,-0.8
195,1981,3.26,2.77,41.3,46.3,51.2,38.5,82.4,80.2,81.13,-0.63,-0.82,1.85,0.13,-0.76,5.54,1.74,-0.87
195,1982,5.05,3.01,32,54.2,51.5,40.5,84.3,81.1,81,1.09,2.17,1.84,1.7,3.59,-0.34,1.19,1.09
195,1983,4.66,7.31,35.1,46.3,51.4,42.9,89,88.8,86.87,-0.44,-0.28,-0.75,-0.49,0.32,-1.47,-0.79,-0.03
195,1984,4.33,6.66,39.1,45.6,50.2,43.4,83,86.2,83.97,-0.34,-0.28,-1.17,-0.6,0.05,-2.75,-1.24,1.15
195,1985,8.29,5.5,42.7,50.2,53.8,41.3,84.2,79.5,80.8,-1.42,-1.48,-1.58,-1.49,-0.61,-0.77,-0.72,-1.29
195,1986,3.71,9.84,39.8,50.6,56.2,42,85.2,78.3,81.63,2.2,2.8,2.42,2.47,2.47,-0.27,1.06,2.09
195,1987,3.48,2.19,39.7,52.8,51.8,34.2,88.4,81.4,84.83,-2.1,-2.73,2.41,-0.81,-2.54,7.24,0.88,-1.58
195,1988,4.44,6.81,36.8,49.3,51.8,35.4,89.7,88.9,88.43,-2.71,-4.01,-4.56,-3.76,-4.76,-2.86,-3.96,-1.43
195,1989,3.75,5.16,37.1,46.8,48.9,39.8,85.6,81.4,82.13,-3.56,-3.57,-2.8,-3.31,-1.12,1.19,0.01,-3.96
195,1990,8.17,1.31,37.9,47.2,54.9,38.1,82,81.3,81.27,3.97,3.66,4.27,3.97,0.29,2.99,3.68,1.55
195,1991,7.23,6.23,41.4,55.7,51.5,40.3,86.4,84,85.1,-1.3,-2.68,-3.19,-2.39,-4.55,-2.34,-3.22,-0.42
195,1992,3.69,6.12,36.6,47.4,50.8,39.5,77.9,77.1,78.4,-2.81,2.53,1.97,0.56,7.59,-0.89,1.16,-1.94
195,1993,7.12,9.36,35.7,50.7,50.2,37.8,81.7,81.5,80.4,5.46,5.22,5.78,5.49,0.98,3.28,3.41,3.87
195,1994,5.13,3.52,38.1,47,54.1,44.3,81.9,78.8,81.53,1.63,1.47,1.58,1.56,0.04,0.78,0.78,1.25
195,1995,4.63,6.96,35,48.2,49.8,40.2,85.7,87.4,85.37,-0.79,-0.61,-0.7,-0.7,0.31,-0.46,-0.84,3.25
195,1996,3.23,4.03,34.1,47.7,51.7,41.1,81.5,82.3,81.03,2.08,2.66,2.48,2.41,2.39,0.27,0.92,2.28
195,1997,6.94,2.85,34.8,43.7,53.7,41.2,84.4,79.6,81.93,-0.84,-1.49,-1.24,-1.19,-2.21,0.29,-1.04,-0.49
195,1998,9.11,3.8,40.4,54.6,56,43.5,84.5,83.2,82.1,2.27,1.58,1.56,1.8,-1.38,0.42,0.79,1.29
195,1999,5.01,3.71,41.4,51.7,48.2,38.6,88.1,80.4,83.27,2.31,2.19,1.77,2.09,0.36,-0.58,0.05,2.44
195,2000,5.1,2.97,37.7,52.6,52.8,43.5,81.7,83.1,81,2.43,2.39,-0.39,1.48,0.62,-1.17,1.74,0.56
195,2001,6.72,3.67,42.2,52.7,51.4,41.6,85.5,83.3,82.57,-0.68,-0.69,-0.88,-0.75,-0.22,-0.79,-0.82,-0.22
195,2002,4.19,2.99,39.7,46.1,54,39.5,87.5,83.2,84.5,1.29,-0.38,0.41,0.44,-1.15,1.24,0.71,0.67
195,2003,2.66,1.06,38.2,47.4,50.5,39.2,84,85.6,82.8,-2.95,-2.19,-2.72,-2.62,1.37,-2.29,-0.76,-2.78
195,2004,6.22,6.42,39.6,50.7,52.7,42.2,81.5,77.2,79.27,-0.36,-0.59,-0.19,-0.38,-0.79,1.03,-0.28,0.93
195,2005,5.23,4.19,41.6,45.7,56.3,42.4,86.8,84.7,86.07,-2.93,-3.86,-3.93,-3.57,-3.71,-1.39,-2.92,-1.91
195,2006,7.57,3.48,41.4,49.9,50.8,38.2,86.4,82.3,83.03,-3.79,-3.34,-2.99,-3.37,0.19,0.02,-0.48,-3.61
195,2007,6.65,5.37,36.8,53.4,53.7,47.2,83.7,84.1,83.23,0.22,1.08,1.9,1.07,2.66,2.79,2.04,-1.11
195,2008,6.23,3.69,39.3,45.8,54.3,40.5,83.7,81.5,82.23,1.91,2.19,1.57,1.89,1.42,-1.17,0.43,1.74
195,2009,8.57,6.08,37.2,49.6,53.2,39.8,77.6,78.2,78.8,3.89,4.91,5.8,4.87,4.27,4.19,3.27,3.83
195,2010,3.91,4.75,43.9,50.9,53.3,40.5,86,85.3,84.53,3.44,3.53,3.64,3.54,1.36,1.42,1.98,2.65
195,2011,5.3,3.53,38.9,49.6,50.8,40.8,88.7,83.9,84.4,1.99,2.49,2.03,2.17,2.11,-0.61,0.49,2.23
195,2012,4.78,6.4,39.4,52.8,49.2,38.3,92,84.2,86.63,-1.93,-3.32,-3.38,-2.88,-4.76,-1.19,-2.66,-1.4
195,2013,7.53,3.48,35.8,51.1,54.3,41.2,82.4,83.3,81.7,-0.01,-0.52,-1.42,-0.65,-1.55,-2.84,-1.39,-0.09
195,2014,3.83,2.94,36.6,49.9,51.3,40.8,79.5,82.3,81.03,1.56,1.54,1.4,1.5,0.44,0.05,1.72,-2.38
195,2015,3.24,2.47,38.4,52,58.3,43.5,81.6,80.8,80.57,2.19,2.46,2.17,2.27,1.49,-0.1,2.32,0.37
195,2016,4.67,10.89,38.7,50.1,59.1,47.7,83.4,84,83.8,2.49,3.64,5.17,3.77,4.2,5.72,3.94,2.08
195,2017,6.55,3.35,42.4,49.2,53.6,46.3,84.3,79.2,82.43,3.14,4.71,3.8,3.88,5.66,-1.26,1.36,3.62
195,2018,7.19,1.91,29.9,55.1,56.9,41,84,83.4,83.4,2.16,1.98,2.33,2.16,0.13,1.66,1.35,1.57
195,2019,9.35,4.78,38.6,48.7,60.1,40.6,87.5,81.3,82.63,6.32,5.05,4.58,5.32,-1.85,0.14,-0.19,6.62
195,2020,7.37,3.77,36.3,49.3,52.4,38.4,86.7,84,84.93,3.51,3.13,1.76,2.8,-0.07,-3.12,-1.38,4.27
195,2021,4.53,4.35,40.2,49.9,55.5,48.9,82.4,85.6,84.17,-0.61,-0.71,-1.61,-0.98,-0.51,-2.92,-1.59,-0.18
195,2022,4.78,2.43,36.5,53.6,55,38.3,83.6,81.7,82.93,-1.99,-1.67,-1.27,-1.64,0.34,0.7,-0.06,-1.76
195,2023,7.31,3.82,38.2,50,56.8,44.6,84.3,83.2,83.8,-1.6,-1.15,-2.03,-1.59,0.87,-3.01,-1.68,-0.71
195,2024,5.48,3.34,41.2,53.1,55,43,82.1,82.3,82.73,-0.66,1.14,-0.17,0.1,3.41,-0.5,0.61,-0.34
195,2025,3.98,3.9,40.2,48.9,54.7,47.1,85.7,82,83.9,-3.03,-0.97,-1.03,-1.68,5.26,-0.48,1.34,-3.1
197,1980,4.64,5.32,37.8,49.6,54.4,38,87.6,85.4,84.2,-0.24,-0.64,1.02,0.05,-1.25,3.07,0.82,-0.51
197,1981,2.69,3.6,42,45.6,52.7,39.2,82.2,80.6,81.37,2.25,2.8,3.12,2.72,2.35,1.82,2.34,1.45
197,1982,7.77,3.12,33.6,54.4,52.3,42.3,83.6,79.9,80.03,1.34,2.24,1.75,1.78,3.13,-0.8,0.64,1.64
197,1983,4.97,12.82,36.7,46.1,52.4,43.4,89.2,87.4,86.33,3.13,2.69,1.91,2.58,-0.36,-1.52,-0.74,3.63
197,1984,6.73,7.72,38.7,46.6,51.8,45.6,83.2,86.4,84.5,-0.45,-0.87,-1.71,-1.01,-1.41,-2.78,-1.85,2.16
197,1985,10.11,6.95,43.2,50.6,56.4,44.2,84.3,79.8,80.93,-2.04,-2.08,-2.03,-2.05,-0.75,-0.47,-1.04,-1.57
197,1986,3.68,9.92,40.6,50.8,56.1,44.9,85.4,80.1,82.1,-1.28,-1.34,-1.46,-1.36,-0.57,-0.76,-0.25,-1.65
197,1987,2.77,3.6,39.4,53.4,53.9,35.9,86.4,81.9,84.43,-0.19,0.05,1.72,0.53,0.14,5.04,1.53,0.12
197,1988,5.46,7.81,37.4,49.2,53.8,36.2,89.7,88.3,88.4,-2.69,-3.58,-3.73,-3.33,-3.5,-1.56,-3.09,-1.44
197,1989,3.77,7.79,37,46.6,51.4,41.5,84.1,81.1,81.63,0.4,1.24,1.19,0.94,2.65,0.22,1.36,-1.14
197,1990,8.53,2.77,38.7,47.4,55.8,39.4,81.8,80.5,81.23,2.6,2.58,3.36,2.85,0.73,3.15,1.69,2.46
197,1991,6.03,10.19,42.4,56.2,52.8,42.9,87.2,85.1,86.1,-1.36,-2.55,-3.1,-2.34,-3.99,-2.45,-3.5,3.81
197,1992,4.39,5.33,37,46.1,51.8,40.6,79.1,77.7,78.7,-2.7,0.98,0.55,-0.39,2.94,-0.98,-0.29,-1.96
197,1993,7.24,8.47,37.1,50.2,50.8,39.4,83,82.4,81.37,4.09,4.01,4.7,4.27,1.04,3.28,3.8,1.92
197,1994,4.25,3.58,39.6,46.1,54.7,44.5,82.3,78.7,81.5,1.28,1.75,1.77,1.6,1.8,0.61,0.81,1.42
197,1995,6.56,8.71,36.1,47.5,51.1,42.5,86.7,87.3,85.7,-0.54,-0.47,-0.74,-0.58,0.03,-0.94,-0.84,2.52
197,1996,3.25,3.91,34.7,47.4,53.9,42.5,81.4,82.4,81.1,1.36,3.6,2.42,2.46,7.16,-2.43,1.86,1.19
197,1997,9.44,4.06,34.2,43.4,53.8,41.9,84.6,78.8,81.2,1.5,1.22,1.91,1.54,-0.35,2.44,0.6,1.78
197,1998,9.48,3.51,40.9,54.8,57.2,44.6,84.1,83.4,82.7,1.68,1.37,1.62,1.56,-0.4,1.16,0.7,1.37
197,1999,6.35,3.2,41.4,52.3,50.6,41,87.8,80.5,83.4,1.16,-0.54,-0.42,0.07,-1.62,0.2,0.15,0.6
197,2000,3.65,3.52,37.2,52.6,53.5,45.4,81.1,82.7,80.93,1.37,2.09,1.72,1.73,2.6,-0.48,1.84,0.26
197,2001,5.31,5.29,42,51.4,51.7,42.8,85.5,83.7,82.67,-1.38,-1.54,0.39,-0.84,-0.91,1.17,-0.2,-1.22
197,2002,5.92,3.46,40.7,45.4,54.9,41,87.3,84.4,84.93,-0.43,-1,-1.49,-0.97,-1.83,-1.77,-1.63,2.27
197,2003,2.83,2.82,38.3,47.6,52.3,40.6,83.4,84.6,81.97,0.07,2.19,1.94,1.4,6.36,-0.07,1.58,0.66
197,2004,5.5,7.11,39.7,51.2,55,43,81.8,77.4,79.33,1.4,1.12,2.96,1.83,-0.41,5.85,2.1,1.25
197,2005,7.98,6.14,41.6,46.5,58.1,44.5,86.4,84,85.5,-2.5,-2.25,-2.5,-2.42,-0.01,-1.46,-1.59,-1.56
197,2006,7,3.98,42.5,49.7,52.5,39.6,85,82.2,82.47,-0.36,0.51,1.1,0.42,1.52,1.94,0.79,0.21
197,2007,8.39,6.48,37.2,52.7,55.9,48.6,82.7,84.3,83.23,1.57,1.65,4.03,2.42,0.71,7.64,2.4,2.18
197,2008,8.37,4.9,40,45.2,56,42.4,83.9,82.1,82.73,2.19,2.02,1.39,1.87,0.17,-1.26,-0.3,2.37
197,2009,9.65,5.64,37.5,49.7,54.4,41.1,78.7,79.7,79.53,4.78,4.35,4.6,4.58,0.19,2.09,1.01,5.04
197,2010,4.19,4.48,43.8,51.9,54.2,42.4,86.7,85.7,84.93,3.03,3.38,3.09,3.17,1.98,0.17,1.94,2.02
197,2011,6.3,4.35,39,49.5,52.7,42.7,88.8,83.6,84.53,3.29,2.84,2.91,3.01,-0.32,1.07,1.13,2.68
197,2012,5.25,6.37,40.3,53.8,52.1,41.2,91.1,84.3,86.33,-2.16,-2.68,-2.44,-2.43,-2.25,-0.09,-1.15,-1.99
197,2013,7.11,2.89,36.6,51.6,55.4,42.5,81.9,82.7,81.33,2.16,-0.82,-1.13,0.07,-2.45,-1.18,-0.86,2.02
197,2014,6.42,4.19,37.8,50.5,52.4,42.5,78.9,81.8,80.8,1.1,1.62,2.79,1.84,1.9,3.99,3.06,-0.31
197,2015,3.6,2.81,38.9,52.2,58.2,44.2,81.9,80.8,80.3,3.25,3.34,3.07,3.22,1.28,0.21,2.68,1.18
197,2016,5.4,9.97,38.3,49.2,59.6,47.8,83.6,84.1,83.7,1.19,2.45,4.02,2.55,4.14,5.45,2.9,1.67
197,2017,8.98,3.92,42.2,47.8,56,48.1,83.7,79.7,82.33,2.51,3.67,3.43,3.2,4.25,0.42,1.03,3.38
197,2018,7.98,3.29,30.6,55.1,57.8,41.9,84.3,84.8,83.8,2.21,1.8,1.61,1.87,-0.55,-0.01,0.45,1.75
197,2019,7.58,4.82,38.7,48.4,59.7,42,86.7,82.2,82.9,3.83,3.7,3.26,3.6,0.8,-0.18,0.55,3.89
197,2020,7.21,3,35.9,48.3,53.6,39,86.6,84.2,85.1,-0.43,-0.34,-1.27,-0.68,0.16,-2.9,-1.35,4.84
197,2021,4.9,3.99,39.3,48.4,57,50.6,82.2,85.4,83.77,-1.46,-1.59,-1.73,-1.59,-0.85,-0.92,0.05,-2.35
197,2022,6.69,2.8,36.1,53,54.9,40.2,83.6,82.3,83.1,-0.78,-0.35,-0.42,-0.52,1.05,-0.32,-0.46,-0.08
197,2023,8.81,3.53,38,49,56,44.9,83.9,81.9,82.67,-2.06,0.96,0.62,-0.16,2.89,-0.74,-0.17,-1.31
197,2024,8.41,4.23,40.9,52.6,56.2,44.7,82.9,83.2,83.43,2.1,2.29,2.23,2.21,1.23,0.53,0.71,2.21
197,2025,5.29,5.01,39.9,48.1,55.5,47.3,86.4,81.7,83.97,-2.54,-2.04,-1.5,-2.03,0.72,1,0,-2.19
199,1980,7.82,8.68,42.6,52.4,58.3,40.2,93.3,93.5,90.87,-1,-0.67,-1.21,-0.96,0.7,-1.83,-0.36,-1.14
199,1981,4.73,3.12,50.4,49.5,53.6,43.2,87.6,85.2,85.87,2.42,3.31,2.98,2.9,3.42,0.04,1.84,1.94
199,1982,15.17,5.17,39,56.6,54.5,44,87.9,85.2,84.73,1.29,1.47,1.37,1.38,0.95,0.14,0.57,1.21
199,1983,5.65,16.16,40,51.8,55.9,46.8,91.5,95,90.3,3.91,-0.55,-1.57,0.6,-1.66,-3.22,-1.5,4.23
199,1984,10.2,10.67,43.8,50,54.9,52,86.6,87.5,86.97,0.95,0.58,0.1,0.54,-0.82,-1.27,-1.03,1.44
199,1985,12.63,12.35,48.4,54.2,55.4,49,88.1,84,84.77,3.22,2.64,3.99,3.28,-0.75,4.87,2.45,2.39
199,1986,5.72,9.8,46.6,55.7,60.5,47,91.2,84.1,87.37,-1.63,0.67,1.21,0.08,2,1.84,0.55,-1
199,1987,7.06,4.86,41.8,58.5,55,38.4,88.5,89.9,88.53,-2.02,-1.14,-1.36,-1.51,2.02,-1.01,0.23,-2.13
199,1988,9.78,10.65,41.4,50,56.5,38.4,89.4,91.6,90.17,-2.34,-1.89,-2.44,-2.22,0.61,-2.22,-1.38,-1.67
199,1989,17.51,9.62,42.9,49.8,54.9,45.1,85.8,86.9,84.97,-0.03,-0.13,-0.25,-0.14,-0.29,-0.4,0.46,-0.81
199,1990,13.35,2.86,42,52.4,58.6,41,87.4,84.6,85.73,1.94,1.95,1.8,1.9,0.65,0.13,0.15,2.29
199,1991,9.78,11.34,48.4,61.2,56.9,45.8,89.8,89.9,88.73,-1.71,-2.31,-2.96,-2.33,-2.33,-2.66,-2.54,-0.93
199,1992,7.6,10.49,45.1,51.5,55.9,42.6,87.4,82.3,83.73,-1.96,0.02,0.08,-0.62,0.05,0.19,-0.11,-1.97
199,1993,11.63,7.14,41.9,54.5,55.4,42.7,90.9,87.9,87.33,1.49,1.6,1.48,1.52,0.78,0.14,0.85,1.06
199,1994,7.92,9.69,45.4,49.2,53.3,46,86.8,84.7,85.97,-0.69,-1.19,-1.16,-1.01,-1.69,-0.3,-0.62,-0.83
199,1995,9.63,9.95,43.6,54.1,53.4,44.5,87.6,91.4,87.47,2.02,-0.33,-0.56,0.38,-1,-0.78,0.44,1.11
199,1996,9.38,6.86,40.5,57.8,54.4,45,85.4,87.7,85.6,2.81,3.09,2.21,2.7,1.7,-1.69,0.27,2.84
199,1997,12.03,7.74,38.6,49,56,45.4,88.8,83.9,84.47,3.06,2.62,2.66,2.78,-0.39,0.93,0.84,2.68
199,1998,11.57,4.8,44.8,59,60.6,47.5,86.4,86.8,86.03,3.11,3.09,-0.15,2.02,0.9,-0.45,2.05,1.35
199,1999,14.21,5.24,49.8,53.2,52.2,42.4,90.8,88.6,87.9,-0.33,-0.61,-1.31,-0.75,-0.93,-2.28,-1.1,-0.34
199,2000,11.68,5.52,42.1,58,55.6,47.8,85.3,87.5,85.4,1.91,1.95,2.18,2.01,0.7,1.3,2.52,0.07
199,2001,6.36,7.64,50.7,55.1,54.7,44.5,87.2,87.5,86.03,-1.53,0.59,1,0.02,1.77,1.43,0.74,-1.35
199,2002,12.36,10.85,47.1,52.1,59.9,46.4,90.9,89.5,88.97,-0.43,-1.45,-2.3,-1.39,-3.18,-3.01,-2.49,4.23
199,2003,8.55,8.65,46,54.9,54.2,44.1,87.5,88.6,85.2,1.29,-0.35,-0.26,0.23,-1.06,0.18,0.37,0.7
199,2004,9.18,6.91,45.7,59.6,55.6,49.2,85.6,83.2,84.07,0.33,0.83,-0.03,0.38,1.61,-0.1,0.18,0.73
199,2005,10.62,8.76,45.8,50.7,60.9,45.3,87.8,89.7,87.83,-1.72,-1.16,-1.04,-1.31,1.14,0.01,-0.18,-1.29
199,2006,15.24,7.65,49.8,54.6,54,43.1,88.8,88.2,87.53,-0.73,1.36,1.35,0.66,4.08,0.38,1.13,-0.41
199,2007,11.09,9.13,41.3,57.7,60.1,50.1,87.2,95.3,89.57,-1.27,-1.62,-2.55,-1.81,-1.44,-3.28,-1.53,-1.47
199,2008,20.61,9.07,43.5,52.3,59,44.6,87.4,85.3,86.3,3.32,3.69,-0.37,2.21,2.15,-1.11,-0.21,4.31
199,2009,7.64,6.07,44.9,55.5,59.3,44.6,82.9,84,84.63,1.33,2.63,2.93,2.3,4.3,1.73,1.92,1.58
199,2010,8.31,6.22,48.9,57.8,56.9,42.5,90.4,92,90.37,-0.67,-1.13,-1.19,-1,-1.58,-0.54,-0.72,-0.73
199,2011,10.48,6.7,48.9,55.3,55.5,44.1,92,88.8,89.2,4.72,4.53,3.72,4.32,0.9,-1.03,0.95,4.15
199,2012,8.52,12.91,47,57.7,56.8,44.6,97.2,89.9,92,-3.42,-4.07,-3.9,-3.8,-3.02,-0.76,-2.35,-2.59
199,2013,14.04,5.01,42.9,54.3,59.3,46.8,84,84.7,84.3,0.93,1.43,1.41,1.26,1.8,0.38,0.92,0.81
199,2014,6.31,10.76,46,56.8,55.3,47.4,83.1,86,84.17,2.04,1.85,1.85,1.91,0.05,0.58,0.64,1.79
199,2015,11.2,5.47,48.1,56.7,59.2,46.8,86.6,84,84.7,2.12,3.12,3.02,2.75,3.66,0.67,2.93,0.71
199,2016,8.97,13.61,45.5,53.6,62.1,52.3,86.8,84.9,86.1,1.74,3.52,5.01,3.42,5.86,5.57,3.14,2.69
199,2017,6.77,4.58,49.7,55.7,57.8,48.7,88.3,82.9,85,-0.3,-0.41,-0.5,-0.4,-0.41,-0.39,-0.57,3.26
199,2018,17.89,5.28,38.6,62,63.9,48.1,87.1,84.8,86.2,2.43,2.39,2.5,2.44,0.61,1.08,1.05,2.17
199,2019,15.45,9.24,46,58.1,63.3,45.8,87.4,86,85.03,5,4.59,3.9,4.5,0.32,-0.67,0.8,4.55
199,2020,16.87,6.3,41.9,53.7,58.1,44.7,88.6,83.3,85.53,2.93,2.95,2.92,2.93,0.99,0.81,1.09,2.71
199,2021,12.97,5.97,44.3,52.8,59.2,52.9,86.1,87.4,86.03,1.43,2.23,2.05,1.9,2.84,0.15,1.06,1.53
199,2022,12.97,6.3,43.8,57.3,56.4,41.2,89.4,86.3,87.6,-0.64,-0.44,-0.55,-0.54,0.4,-0.45,-0.6,-0.06
199,2023,17.18,5.35,44.6,55,58.2,48.1,87.7,84.8,85.93,-0.94,1.08,1.39,0.51,3.25,1.25,0.93,-0.4
199,2024,9.36,1.77,48.6,60.7,60.1,45.8,85.7,87,86.13,0.25,0.77,-0.69,0.11,1.63,-2.07,-0.49,0.66
199,2025,7.6,7.33,48.2,56,58.5,50.1,88.7,86,86.17,1.51,1.48,-0.78,0.74,0.37,-2.33,-0.14,1.11
201,1980,2.67,4.66,36.2,47.8,52.4,35.7,85.8,81.8,82.03,0.67,0.52,1.18,0.79,-0.26,2.16,1.3,-1.16
201,1981,3.39,3.43,39.7,43.9,50.2,37.8,81.4,79.8,80.4,0.61,-0.75,1.06,0.31,-2.24,3.19,0.93,-0.65
201,1982,4.81,2.43,32.4,54.1,50.1,40.8,83.1,78.2,78.93,0.98,2.24,2.09,1.77,4.08,0.23,1.52,1
201,1983,4.3,8.19,34.6,44.1,50.4,41,88,87,85.4,-0.74,-0.97,-1.44,-1.05,-0.94,-1.71,-1.62,3.37
201,1984,3.76,6.73,37.5,44.2,48.7,43.4,82.2,84.6,82.77,-0.09,-0.1,-0.76,-0.32,-0.06,-2.02,-0.78,1.09
201,1985,6.57,6.32,42.7,49,53.5,41.2,83.3,78.1,79.73,-1.23,-1.29,-1.12,-1.21,-0.57,0.11,-0.46,-1.03
201,1986,4.55,8.12,39.6,50.5,54.4,41.8,84.2,77.3,80.37,1.18,1.19,0.85,1.07,0.4,-0.64,-0.27,1.53
201,1987,3.42,1.86,39.5,50.8,51.6,34,86.3,79.3,83.4,-1.57,0.29,2.35,0.36,0.86,6.3,1.57,-0.83
201,1988,4.56,6.81,36,47.6,51.8,34,89.2,87.3,87.67,-2.85,-3.83,-4.4,-3.69,-3.83,-2.88,-3.8,-1.43
201,1989,3.64,5.86,35.3,46.6,48.1,38.8,84.9,79.9,81.33,-4.16,-2.97,-2.31,-3.15,2.3,1.07,0.43,-3.86
201,1990,6.54,1.25,37.4,45.5,53.4,37.2,81.1,80.6,80.43,2.35,2.47,2.92,2.58,1.1,2.1,2.46,1.07
201,1991,5.66,5.72,39.9,54.8,50.3,39.8,85.3,84.2,84.5,-1.28,-2.23,-2.97,-2.16,-3.24,-2.9,-2.72,-0.68
201,1992,4.26,6.54,35.9,45.7,50,37.8,77.2,76.2,77.6,-2.16,1.16,0.71,-0.1,3.48,-0.98,-0.36,-1.07
201,1993,5.91,8.15,35,49.2,48.5,36.6,81.6,81.8,80.07,5.96,5.39,4.73,5.36,0.14,-0.32,3.05,3.18
201,1994,4.87,2.78,38,44.8,54,42.4,80.8,77.4,80.5,-1.29,-1.45,0.86,-0.63,-0.87,2.59,0.76,-1.65
201,1995,3.45,5.41,34.1,46.9,47.8,40.3,85.4,86.3,85.1,-0.69,-0.91,-1.15,-0.92,-0.88,-1,-1.31,1.46
201,1996,2.81,3.96,32.7,45.7,51.5,39.8,79.9,81.5,79.87,3.11,4.15,3.45,3.57,4.08,-0.81,2.05,2.39
201,1997,5.57,2.91,33.6,42.6,51.3,40.4,83,77.8,80.37,2.5,-0.68,-0.67,0.38,-2.04,-0.19,-0.24,2.23
201,1998,7.14,2.36,38.9,52.8,54.2,42.8,82.9,82.2,81.1,2.19,1.69,2.02,1.97,-0.82,1.49,1.05,1.53
201,1999,4.84,2.81,39.9,50.2,47.6,37.7,87,79.1,82.2,2.88,2.61,2.47,2.65,0.08,0.38,0.78,2.52
201,2000,4.14,2.49,36,50.5,52,43.3,81.1,81.4,79.83,2.89,2.92,2.48,2.76,0.99,-0.43,1.97,1.23
201,2001,6.12,4.56,41,50.6,50.1,40.5,86.4,83.1,82.53,2.04,0.86,0.59,1.16,-2.89,-0.55,-1.15,2.28
201,2002,4.2,3.43,38.6,43.9,53,39.6,87.9,83.9,84.33,1.65,-1.02,0.6,0.41,-3.06,1.79,0.01,1.35
201,2003,2.12,1.36,35.6,46.6,50.7,38.2,82.9,85.9,82.4,-1.38,-1.06,-2.01,-1.48,0.53,-3.18,-1.46,-0.89
201,2004,5.79,7.13,37.3,48.8,52.3,41.5,80.3,76.4,78.13,2.06,-0.15,0.24,0.72,-0.45,0.71,0.47,1.87
201,2005,5.73,3.65,39.5,45.1,56,41.7,85.2,83.7,84.93,-2.34,-2.88,-2.74,-2.65,-2.34,-0.49,-1.82,-1.63
201,2006,7.63,4.61,40.3,49.2,50.6,37.2,85.2,82.3,82.1,1.19,0.97,1.02,1.06,-0.29,0.46,0.44,0.9
201,2007,4.98,5.13,35.9,50.8,52.8,47,83.5,82.6,82.4,-0.96,-1.04,2.47,0.16,-0.56,7.42,2.33,-1.11
201,2008,7.89,3.97,38.9,43.5,54.2,39.8,82.8,81.1,81.3,4.04,4.5,3.56,4.03,2.62,-1.42,1.6,3.17
201,2009,8.61,5.44,36.2,47.9,51.9,39,76.4,77.4,77.47,4.57,4.24,4.82,4.54,0.42,3.03,1.71,4.47
201,2010,3.33,5.25,41.8,50.5,52.4,40.1,85.1,84.1,83.07,3.27,4.51,3.77,3.85,4.74,-0.82,2.32,2.51
201,2011,5.78,2.99,38,47.7,50.6,40.7,88.3,82.5,83.6,1.5,1.62,1.51,1.54,0.83,0.17,0.08,1.95
201,2012,4.7,5.91,37.6,51.7,48.6,38.2,91.9,83.2,86.37,-2.34,-3.29,-3.68,-3.1,-3.56,-2.2,-3.18,-1.21
201,2013,7.56,3.33,35.2,49.4,52.7,39.7,81.9,81.9,80.73,4.21,-0.62,-1.18,0.8,-1.87,-1.85,0.34,2.93
201,2014,4.16,4.01,35.5,48.1,49.8,39.9,78.5,81.1,79.97,1.71,1.36,1.66,1.58,-0.54,1.33,1.77,0.23
201,2015,2.76,2.46,37,50,57.3,42.3,80.9,80.1,79.6,1.66,1.36,1.33,1.45,-0.39,0.34,1.13,0.57
201,2016,4.65,9.81,37.1,47.6,57.9,45.3,83,82.6,82.53,1.01,1.87,2.38,1.75,2.88,2.1,1.4,1.42
201,2017,6.81,4.56,41.1,46.4,53,45.6,83.3,79.2,81.7,4.21,5.38,4.6,4.73,4.84,-0.7,2.21,3.76
201,2018,5.99,1.58,28.1,53.4,55.1,39.7,83.1,82.1,81.47,4.01,3.3,3.71,3.67,-0.89,2.24,2.61,2.06
201,2019,7.73,4.21,37.3,46.9,58.4,40,86.8,80.8,81.93,5.44,4.55,4.45,4.81,-0.98,1.11,-0.1,6.23
201,2020,7,3.62,35.8,47.7,51.4,36.6,86,83.7,84.4,-0.07,-0.28,-0.98,-0.44,-0.66,-2.18,-1.02,4.62
201,2021,4.38,3.66,39.6,48.3,53.9,48.1,83.2,85.4,84.57,-2.5,-3.15,-3.23,-2.96,-2.72,-1.2,-2.43,-1.54
201,2022,4.18,2.18,35.4,52,54.1,38.1,83.5,81.3,82.5,-3.56,0.53,1.31,-0.57,1.6,2.48,0.61,-3.13
201,2023,8.37,4.61,36.2,47.1,56.1,43.2,83.7,81.6,82.53,-1.48,-1.14,-1.83,-1.48,0.56,-2.42,-1.52,-0.65
201,2024,7.27,3.65,39.7,50.9,53.2,42.1,82.4,82.7,82.73,1.72,2.95,-0.28,1.46,4.22,-0.85,1.77,1.2
201,2025,4.01,3.49,37.6,46,53.5,44.7,85.2,80.5,83.27,-2.68,-1.08,-0.62,-1.46,3.97,1.06,1.55,-2.85
203,1980,5.01,5.1,37.3,50.3,54.8,37.2,89.6,87.2,85.9,1.03,0.18,1.06,0.76,-2.24,2.69,1.18,-1.99
203,1981,3.62,3.1,43.5,45.8,51.9,39.7,82.7,80.2,81.63,2.18,3.11,4.89,3.39,3.45,6.31,4.09,1.5
203,1982,8.77,3.16,33.8,55,52.4,41.7,84,80.4,80.63,3.07,3.79,3.62,3.49,3.11,0.64,1.25,3.42
203,1983,4.82,11.89,36.7,47.2,52.7,42.7,90.4,89.9,87.83,3.62,2.42,1.55,2.53,-2.49,-1.88,-1.37,3.94
203,1984,7.11,8.68,39.7,46.8,51.1,45.7,83.6,86.6,84.97,-0.61,-0.62,-1.61,-0.95,-0.22,-3.16,-1.73,2.96
203,1985,10.4,7.41,44.4,51.5,55,43.8,83.6,79.6,80.97,-1.49,-1.06,-0.76,-1.1,0.81,0.6,0.35,-1.52
203,1986,3.48,11.44,41,51.5,56.6,43.5,86.3,80.4,83.33,0.69,1.11,0.61,0.8,1.47,-1.15,0.57,0.25
203,1987,3.59,3.54,38.9,53.7,52.3,34.5,87.8,84.4,85.9,-2.28,-2.92,-2.13,-2.44,-2.63,1.45,-0.8,-2.08
203,1988,5.85,8.2,36.9,49.5,52.9,35.4,91,90.2,89.7,-3.31,-4.38,-4.88,-4.19,-4.23,-2.85,-3.64,-2.27
203,1989,3.26,6.54,37.8,46.6,49.6,41,85.8,82.4,83.23,-3.99,-3.87,0.19,-2.56,-0.87,0.58,-0.75,-3.72
203,1990,9.98,2.54,38.4,47.3,54.6,38.6,82.4,82,82.03,3.28,3.74,3.84,3.62,2.4,1.45,2.63,2.15
203,1991,5.83,9.21,43.6,57.4,52.7,43.2,87.8,86,86.83,-0.96,-1.99,-2.45,-1.8,-3.38,-1.99,-2.71,-0.05
203,1992,4.6,5.25,37.5,46.8,50.9,39.7,80.5,78.3,80.1,-2.52,2.49,1.94,0.64,7.47,-0.86,1.49,-2.01
203,1993,8.95,9.08,37.5,50.8,50.5,38.9,83.4,83.4,82.33,3.52,4.94,5.97,4.81,5.35,4.63,4.08,3.08
203,1994,4.04,4.06,39.3,46.6,53.5,44.4,84.2,80.2,83.3,1.64,1.25,1.81,1.57,-0.66,2.08,-0.05,2.41
203,1995,6.24,7.42,36.3,47.7,49.4,42.3,87.1,88.6,86.4,-0.3,-0.62,-0.6,-0.51,-1.04,-0.12,-0.69,3.67
203,1996,3.66,2.78,34.2,48.7,51.5,41.5,83.4,83.2,82.5,0.9,1.67,-0.72,0.62,2.59,-2.16,-0.14,1.32
203,1997,8.2,3.69,34.3,44,53.3,42.1,86,80.4,82.6,-1.27,-1.63,1.21,-0.56,-1.49,3.63,0.21,-0.86
203,1998,9.49,3.86,40.7,55.2,57.3,43.6,85.1,84.6,83.23,1.87,-0.34,-0.74,0.26,-1.02,-1.29,0,1.23
203,1999,5.96,3.45,41.6,51.7,49.3,39.6,88.8,82,84.4,1.04,-0.37,-0.34,0.11,-1.1,-0.05,0.01,0.72
203,2000,4.62,2.91,38.3,53,53.2,45.1,82.1,84.7,82.17,-2.01,-2.05,-2.22,-2.09,-0.76,-1.13,-0.27,-2.64
203,2001,7.27,4.86,42.9,52.6,51.2,42.3,85.7,84.4,83.17,0.19,0.32,0.47,0.33,0.46,0.54,0.52,-0.67
203,2002,6.04,3.67,40.8,46.7,54.3,39.7,87.9,83.7,85.2,1.87,-0.34,0.42,0.65,-1.03,1.25,0.26,1.87
203,2003,3.44,1.98,39.9,48,51.2,40.2,84.1,85.6,82.67,0.44,1.58,1.12,1.05,3.57,-0.89,0.99,0.38
203,2004,4.71,5.59,39.6,53.7,53.1,42,82,78.3,79.87,0.36,0.12,0.76,0.41,-0.63,1.97,0.12,0.77
203,2005,7.35,6.16,41.2,47,57.6,42.6,88,85.2,86.87,-2.99,-3.39,-3.62,-3.33,-2.11,-1.76,-2.44,-2.05
203,2006,6.27,3.93,42,50.6,52.1,38.8,87.1,82.5,83.9,-4.18,-0.03,0.5,-1.24,-0.08,1.5,0,-4.14
203,2007,10.3,6.43,37.7,54.8,54.2,47.7,83.1,86.9,84.4,-1.16,-1.02,-0.4,-0.86,0.06,1.56,0.25,-0.98
203,2008,8.55,5.17,40.2,45.9,54.8,41,84.1,82.5,83.3,1.02,1.61,1.08,1.24,2.08,-1.07,0.38,1.08
203,2009,8.45,4.96,38.6,50.7,53.1,41.1,78.6,79.5,80.23,4.01,3.87,4.11,4,0.83,1.91,1.02,4.35
203,2010,5.17,6.17,44.2,52.1,54.1,41.2,87.3,87.1,86.13,3.56,-0.21,-0.47,0.96,-0.63,-0.85,0.42,2.95
203,2011,5.67,4.84,39.5,50,51.2,41.1,89,85.2,85.17,1.33,-0.07,-0.58,0.23,-0.22,-1.55,-0.18,1.03
203,2012,3.51,7.54,40.8,54.6,51.8,40.7,93.9,85.9,87.93,-2.81,-3.95,-3.71,-3.49,-4.28,-0.52,-2.23,-2.43
203,2013,7.47,2.62,38,52.8,54.5,42.2,82.8,83.7,82.5,-0.02,-0.58,-1.36,-0.65,-1.69,-2.53,-1.42,3.06
203,2014,5.61,4.27,38.3,51.4,52.4,42.4,80.2,82.7,81.87,0.73,0.81,1.63,1.06,0.46,2.72,1.79,-1.75
203,2015,3.61,2.48,40.4,54.3,59,43,82.5,81.6,81.5,2.21,3.12,3.01,2.78,3.42,0.63,3.26,0.34
203,2016,4.1,11.46,40.2,50.9,60.4,48.4,84.1,84.5,84.9,1,1.8,3.36,2.05,2.71,5.24,2.48,1.3
203,2017,6.57,3.3,43.8,49.9,55,48.4,86,81.1,83.87,-0.38,-0.23,-0.53,-0.38,0.33,-0.99,-0.45,-0.16
203,2018,8.04,2.84,31.2,58.1,58.1,42.4,84.4,84.8,84.53,-0.39,-0.68,-0.42,-0.5,-1.01,0.58,0.25,-0.87
203,2019,9.12,4.72,40.2,51.4,60.3,42.2,87.7,82.4,83.57,3.52,2.65,2.34,2.84,-1.53,-0.11,-0.5,3.88
203,2020,7.45,3.24,36.9,50.5,54.1,40.3,87.4,83.7,85.57,2.42,3.47,-0.65,1.75,3.9,-1.94,-0.15,3.59
203,2021,6.59,3.35,40.2,50.3,57.3,51.2,83.2,85.4,84.37,0.61,0.74,0.77,0.71,0.6,0.32,0.64,0.3
203,2022,6.55,2.82,38.3,54.6,55.1,39.4,84.8,83.9,84.77,-0.89,-0.92,-0.89,-0.9,-0.37,-0.21,-0.59,-0.54
203,2023,7.71,4.9,38.8,50.6,56.4,45.7,85.1,83,84.23,-1.84,0.31,0.37,-0.39,0.94,0.28,-0.25,-1.32
203,2024,5.83,3.44,41.8,54.6,54.2,43.6,83.4,83.3,83.97,-0.81,-0.54,-0.22,-0.52,0.56,0.79,0.16,-0.58
203,2025,4.57,5.26,40.8,49.5,54,46.9,87.1,82.9,84.7,-2.75,-1.36,-1.75,-1.95,3.31,-1.57,0.64,-3.13
