county_ansi,year,pcp04,pcp05,pcp06,pcp07,pcp08,pcp09,tmp04,tmp05,tmp06,tmp07,tmp08,tmp09
001,1980,1.93,3.52,3.33,2.87,6.29,5.86,51.6,64.5,72.2,81.5,78.7,68.7
001,1981,5.24,7.23,6.79,12.81,2.95,1.91,59.3,58.8,72.8,76,72.3,65.9
001,1982,3.16,4.89,4.93,6.92,3.79,2.89,47.9,67.2,67.3,76.8,72,65.4
001,1983,6.81,3.78,1.52,1.06,1.98,3.37,46.4,59.2,72.9,81.4,81.5,68.2
001,1984,4.74,5.8,3.72,5.52,0.77,4.73,50.8,60.5,75.2,74.9,76.4,64.6
001,1985,1.14,3.79,3.14,5.96,4.99,3.29,58,65.4,69,75.4,70.6,67
001,1986,1.92,5.26,4.17,7.49,1.49,9.88,57.2,64.9,74.8,78.6,69.9,69.9
001,1987,2.14,2.7,2.77,4.4,6.25,2.31,54.6,68.8,75.5,79.2,75.6,66.8
001,1988,1.33,2.11,2.4,0.68,3.24,1.55,52.8,65.8,74.5,78.5,79.2,68.8
001,1989,2.66,3.16,2.03,3.25,4.31,3.43,53.1,60.5,70.7,77.7,74.2,63.4
001,1990,2.22,7.83,7.28,4.51,2.6,2.28,51.2,58.7,72.7,75.7,74.5,69.5
001,1991,4.35,12.35,1.19,3.86,2.06,3.21,56.8,68.4,76,76.8,74.6,66.7
001,1992,3.91,0.69,0.98,8.53,1.1,3.98,51.5,61.9,69.9,74,68.6,64.7
001,1993,4.77,3.04,6.79,8.58,5.07,9.74,49.8,63.4,71.3,76.1,76,61.5
001,1994,7.05,3.21,4.44,2.17,3.18,1.68,53.1,61.5,74.4,74.3,72.3,65.8
001,1995,4.81,10.88,2.66,2.97,8.63,2.72,49.8,59.2,71.6,76.8,78.9,62.3
001,1996,2.13,9.92,3.21,2.64,3.14,2.74,49.2,62.1,71.7,73.4,73.6,63.7
001,1997,3.37,3.93,1.98,1.83,4.08,1.5,48,58,71.4,76.2,72.4,67.4
001,1998,4.91,5.04,8.96,2.59,1.53,4.53,52.6,67.5,71.7,76.4,76.1,71.6
001,1999,5.6,3.34,3.7,2.06,1.77,2.8,54.9,63.9,72.2,79.6,73.2,65.1
001,2000,1.44,3.33,7.19,3.86,4.18,2.66,52.8,65.6,70.1,74.4,76.2,67.8
001,2001,3.18,5.78,4.83,2.2,4.69,3.27,58.3,64.7,70.4,77.4,75,65.1
001,2002,5.62,9.02,4.27,4.05,4.74,0.96,53.8,59.4,74.3,78.5,75,69.3
001,2003,3.77,3.37,4.04,5,2.94,6.42,54,61.8,68.8,75.5,76.2,63.4
001,2004,2,5.06,3.11,3.33,9.21,1.17,54.7,66,69.6,73.1,68.7,67.8
001,2005,3.15,1.6,2.68,1.55,4.33,3.67,56,62.3,75.2,77.4,76.3,71.3
001,2006,2.69,1.59,3.53,2.79,4.14,2.74,58.1,63.3,72.2,78.6,76.1,64.4
001,2007,3.67,2.11,3.9,1.16,3.2,1.29,50.2,68,73,74.3,79.8,70.2
001,2008,4.76,4.29,8.65,6.7,2.03,9.46,50.9,59.7,72.9,75.1,72.4,66.2
001,2009,6.33,5.44,4.55,2.88,7.49,1.97,51.2,63,73.4,71.1,71.1,65.4
001,2010,5.21,5.69,9.47,10.92,3.46,5.29,59.6,63.3,75.6,78.1,77.2,67.3
001,2011,4.12,4.79,10.81,1.46,0.46,1.35,53.3,61.9,72.7,81.2,76.5,64.1
001,2012,3.59,1.78,1.31,1.58,2.94,4.21,55.5,68.4,73.4,82.7,74.5,65
001,2013,7.31,10.54,2.97,1.84,0.14,2.52,50,63.2,72.5,74.3,74.4,70
001,2014,4.03,2.5,8.11,3.63,6.52,6.34,52.5,64.4,73.5,71.3,74.8,65
001,2015,2.24,5.09,10.99,9.16,2.46,1.54,56,64.9,72.5,75,72.6,71.7
001,2016,3.11,4.2,1.03,6.86,6.26,2.64,54.2,62.5,76.4,75.9,75.5,71.4
001,2017,6.72,5.6,3.83,2.35,4.44,0.65,57,63,73.4,77.8,70.8,69.3
001,2018,0.97,2.39,2.79,3.43,6.25,5.59,45.3,72.6,77,76.5,76,70.7
001,2019,3.98,9.64,5.28,2.23,5.38,4.94,53.3,62.6,72,78.4,73.3,72.8
001,2020,3.97,4.56,6.77,5.88,0.64,3.09,50.3,60.6,74.4,77.5,73.3,65.4
001,2021,5.08,5.16,7.03,6.23,2.38,1.57,52.9,61,74.4,75.2,75.6,70.3
001,2022,3.67,4.06,4.4,5.21,0.8,4.32,49.6,65.2,74.2,76,75.1,67.6
001,2023,1.45,2.23,1.83,2.8,4.74,0.67,54.2,64.8,72.7,76.5,74.6,69.3
001,2024,7.01,4.55,2.02,6.04,2.62,2.04,55.3,67,76,74.6,74.5,68.9
001,2025,3.47,3.84,4.6,7.22,0.79,1.33,55.1,62.5,73.8,78.1,73.2,69.8
003,1980,2.66,2.55,4.43,2.75,1.61,2.9,55.2,66,74.9,82.9,81.2,72.5
003,1981,2.8,8.3,5.39,7,3.27,1.18,63.2,61.6,75.8,78.4,75.2,67.2
003,1982,3.34,4.85,3.47,2.95,6.19,2.77,53,70.4,71.4,79.1,75.2,67.8
003,1983,11.63,8.07,3.53,0.85,0.54,0.9,50.4,63.6,73.6,81.1,82,71
003,1984,4.66,4.68,1.68,3.76,1.4,5.2,54.9,63,77.6,76.6,76.6,67.3
003,1985,6.13,4.89,6.31,1.58,7.73,2.73,60.7,67.4,73.3,78.8,75.2,68.9
003,1986,3.11,9.67,2.98,3.97,4.11,2.69,60.2,68.5,77,81.4,73.6,73.5
003,1987,2.13,2.69,5.63,4.72,1.03,2.35,57,72,76.8,78.6,79.3,70.7
003,1988,1.94,3.31,0.63,4.65,2.98,7.77,56.9,66.2,74.5,78.2,79.4,69.5
003,1989,2.69,2.09,10.01,2.3,3.52,2.1,57.1,64.1,72.8,77.1,76.1,66.9
003,1990,5.21,7.86,2.53,3.27,2.28,1.97,55,63.4,75.6,77.9,74.9,71.6
003,1991,5.57,4.37,1.98,1.39,3.43,3.36,60.1,70.9,76.8,79.6,77.1,70.2
003,1992,2.92,1.73,2.39,5.24,3.48,4.66,57.6,64.6,72.4,78.4,72.8,67.7
003,1993,4.71,4.9,5.29,1.82,2.88,7.86,53.6,65.5,73.7,82.4,78.7,67.7
003,1994,7.3,1.25,4.22,2.46,4.01,2.79,59.7,64.6,77.1,77.2,73.6,66.7
003,1995,4.58,7,6.65,4.49,2.05,1.68,58,66.3,74,78,80.9,67
003,1996,5.49,5.74,4.21,3.58,0.46,5.63,53.7,69.4,75,76.4,77,67.4
003,1997,5.56,6.67,4.49,3.06,3.36,1.97,52.4,62.8,73,78.9,75.8,69.3
003,1998,5.98,3.98,9.01,5.95,3.21,0.9,56.7,70.8,77,79.3,77.6,74.8
003,1999,5.88,3.1,6.01,1.92,0.71,0.42,60.7,66.6,75.2,81,76.5,69.8
003,2000,2,4.77,4.63,3.46,3,3.64,55.5,68.9,74.3,77.2,79.3,69.5
003,2001,2.07,3.85,2.79,9.31,3.08,2.93,62.9,68.1,73.5,79.2,78.4,67.9
003,2002,6.5,11.29,2.64,1.83,3.67,4.63,60.5,64.7,77.3,81.2,78.8,72.7
003,2003,5.93,7.82,6.15,3.05,4.72,4.93,59.2,66.2,70.7,78.4,78.7,67.1
003,2004,3.14,6.1,2.92,4.04,3.52,0.17,57.9,70.4,73.8,76.8,72.8,70
003,2005,4.94,2.74,3.23,6.85,4.19,3.86,58.5,65.1,76.2,79,80.3,73.3
003,2006,3,5.85,2.49,6.17,4.64,5.96,62.5,66.1,75.4,78.4,78.7,66.2
003,2007,3.57,2.98,3.52,2.69,0.5,3.35,55.1,70.4,75.9,76.5,82.8,73.5
003,2008,7.51,6,2.92,4.88,2.37,1.71,54.8,64.4,77.1,78,75.4,71.1
003,2009,4.91,6.35,3.9,4.25,3.99,3.03,57,66.2,77.4,74.9,74.6,71
003,2010,4.43,4.73,2.16,3.14,1.87,4.45,61.8,69,80.5,81.4,81,71.1
003,2011,16.93,7.25,5.5,2.25,1.99,5.67,60.2,65.8,78.3,82.5,78.1,66.9
003,2012,1.05,0.71,1.72,2.55,0.89,6.23,60.6,72.7,75.8,83.9,77.7,69
003,2013,4.45,3.78,6.65,2.63,3.06,2,55.4,66.3,75.5,75.2,75.4,72
003,2014,7.51,4.15,5.73,2.69,3.04,1.75,58.3,68.3,76.1,73.8,77.8,68.6
003,2015,4.57,5.79,3.71,9.27,2.55,1.45,59.7,67.8,76.7,79.9,75,71.5
003,2016,4.36,6.84,1.38,7.86,6.77,3.56,59.1,65,78.3,80.1,78.8,73
003,2017,8.41,6.16,3.58,2.2,2.17,1.16,61.9,66.8,75,79.4,74,71.4
003,2018,5.46,4.69,6.85,1.47,3.47,5.15,51.2,74,78.9,79.8,77,74.1
003,2019,6.08,7.59,6.06,7.99,2.74,1.48,58.1,68.9,74.4,79.1,77.8,76.7
003,2020,3.12,6.22,3.66,4.2,5.13,2.22,55.3,64.8,75.9,81,75.3,69.7
003,2021,4.68,3.35,3.04,6.55,2.83,2.33,56.9,65.3,77,78.4,78.2,72
003,2022,6.41,3.69,2.62,3.12,3.85,0.62,55.9,69.3,77.2,81.2,77.1,71
003,2023,4.47,2.05,1.2,9.59,8.61,1.9,58,68.1,74.9,78.8,77,71.3
003,2024,4.32,9.46,5.47,4.07,1.63,5.43,61.1,71.4,76.8,78,77.8,71.8
003,2025,10.52,4.68,7.58,5.15,1.08,2.92,60.4,66,77.2,81.2,76.1,72.4
005,1980,1.59,3.42,2.91,2.92,4.4,4.03,52.4,64.8,73.5,81.3,79.8,69.4
005,1981,3.83,6.11,4.07,6.86,3.44,2.13,60.7,59.3,74.6,76.8,73,65.5
005,1982,2.8,4.54,5.82,5.47,3.12,4.34,49.9,69.2,68.5,77.1,72.6,65.9
005,1983,5.68,5.71,6.28,0.78,1.29,1.13,48.6,61,73,80.5,80.6,68.9
005,1984,6.58,4.11,1.21,0.81,3.16,7.73,52.1,61.4,76.8,75.1,76.2,65.8
005,1985,3.07,2.98,7.08,2.31,4.04,0.23,58,65.7,70.7,76.1,72.2,68.2
005,1986,1.1,3.72,2.7,7.1,2.19,5.18,58,66.1,75.4,79.6,71.5,71.6
005,1987,2.65,1.7,3.15,4.96,3.36,2.78,54.6,70.6,76,78,76.4,68.7
005,1988,1.05,1.14,1.21,3.78,2.13,2.6,54.5,66,74.9,78.3,79.5,69.1
005,1989,2.95,4.58,2.55,2.79,3.09,4.24,54.1,60.8,71.9,76.8,74.8,65.6
005,1990,3.73,11.24,5.18,2.98,2.53,2.19,51.4,61,73.6,76.3,73.5,69.5
005,1991,3.27,3.69,2.25,2.79,1.79,2.56,58.5,70.7,76.7,77,76.2,68.3
005,1992,2.82,1.72,1.97,5.24,2.9,3.5,54.7,63,70.6,76.5,70.6,66.3
005,1993,5.12,4.53,4.02,6.14,5.02,8.2,51.9,64.7,73,79.5,77,64.1
005,1994,9.94,1.83,4.37,1.68,1.91,2.93,54.7,61.2,75.8,74.9,72.6,65.5
005,1995,3.37,12.06,4.44,2.68,3.06,0.29,52.9,61.8,72.5,77.1,80,64.7
005,1996,8.73,6.34,3.04,4.5,1.84,3.01,50.3,65.7,73.3,74.1,75.8,65.6
005,1997,2.22,3.19,2.95,2.52,4.21,2.35,49.6,59.9,71.6,77,73.2,68.1
005,1998,5.04,4.41,8.51,4.9,4.1,3.01,54.1,68.8,74.1,77.2,76,72.6
005,1999,4.78,3.65,5.3,4.09,2.24,1.25,56.5,64.8,73.6,79.6,73.7,67.2
005,2000,2.79,5.72,7.5,6.33,6.61,3.17,53.5,66.7,72.2,74.5,76.2,66.8
005,2001,2.2,4.38,2.9,2.99,3.4,2.74,60,66.2,71.6,77,76.6,66.6
005,2002,5.39,9.83,2.72,2.76,3.38,2.49,56.7,61.6,75.8,79.5,76.9,71.2
005,2003,3.14,4.82,4.72,3.32,3.15,4.88,55.6,62.6,68.3,76.8,76.6,65
005,2004,0.84,8.73,1.79,5.52,4.28,0.15,56.3,68,71.5,74.5,70.2,68.6
005,2005,2.2,1.36,1.73,3.29,3.75,5.59,57.1,63.2,75.9,77.6,77.7,72.1
005,2006,1.95,4.37,3.02,1.91,2.49,1.68,59.5,63.7,73.6,78.5,76.8,65.1
005,2007,2.94,3.27,3.51,1.61,1.42,1.22,52.7,69.1,74.2,74.6,81.5,71.5
005,2008,4.81,7.12,4.41,5.98,1.93,7.21,52.4,60.8,75,75.9,73,68.3
005,2009,6.96,5.12,4.22,3.85,2.83,1.61,53.6,64.4,74.4,72.2,72.6,67.2
005,2010,3.38,5.46,8.32,7.06,3.42,3.81,60.8,66.1,77.1,78.8,78.3,68.9
005,2011,8.98,4.14,9.85,3.04,1.4,3.06,56.8,63.4,75.3,81.6,76.8,65.1
005,2012,4.68,2.03,1.44,0.67,4.44,10.64,56.8,70.4,74.4,84,75.7,66.3
005,2013,8.03,6.09,7.88,5.44,0.99,1.85,53,65.2,73.5,74.3,74,70.5
005,2014,8.99,2.23,5.4,1.91,5.61,4.25,55,65.5,74.6,71.6,75.5,66.5
005,2015,4.52,6.74,9.15,3.65,6.29,4.18,57.2,67.2,74.4,76.3,73.5,71.7
005,2016,5.26,3.84,1.92,6.83,6.78,4.91,56.1,63.2,77.1,76.9,76.6,71.8
005,2017,7.58,6.12,3.01,5.6,2.66,1.17,58.4,64.3,74.1,78.6,72.1,70.2
005,2018,3.7,2.97,6.1,3.98,4.57,3.68,47.4,72.9,77.2,76.8,75.6,71.9
005,2019,5.18,6.72,5.18,3.43,7.16,0.93,55.1,65.6,72.2,77.7,73.9,73.7
005,2020,4.76,4.97,1.8,6.8,3.04,0.96,52,61.8,75.5,78.4,73.6,67.6
005,2021,2.62,3.9,4.03,7.62,3.77,2.15,54.5,62.8,75.6,75.7,76.3,70.4
005,2022,3.14,4.33,2.56,7.46,3.34,2.73,52.5,66.5,75.5,77.7,75.4,68.4
005,2023,2.73,3.07,2.1,4.09,4.37,1.75,56.2,66.4,73.5,77.1,75.7,69.7
005,2024,7.88,5.52,2.25,8.47,1.57,4.09,57.6,69,76,75.4,75.3,70.2
005,2025,7.93,3.98,2.97,6.48,0.11,1.62,56,63.1,75.4,80.1,74.5,71
007,1980,2.82,3.13,5.72,4.17,5.85,7.01,46.5,60.3,66.3,74.4,71.6,62.8
007,1981,4.69,1.88,5.82,1.61,7.28,3.94,51.4,55.9,69.4,71.1,69.7,60.6
007,1982,3.58,4.4,3.22,7.51,3.03,1.63,43.1,64.4,63.5,73.3,68.1,60.9
007,1983,3.4,4.88,2.24,4.36,3.03,3.33,43.5,54.4,69.5,76.5,75.3,62.6
007,1984,3.3,4.63,3.69,3.34,1.88,2.53,46.3,55,70.2,70.5,72.2,61.3
007,1985,1.36,3.67,2.6,3.62,3.86,2.9,53,62,65.8,72.1,67.4,63.8
007,1986,1.96,4.23,3.75,4.61,2.52,9.19,51.6,60.3,67.7,74.4,66.4,63.9
007,1987,3.58,3.67,2.46,5.2,10.7,2.34,50.6,62.7,72.3,75.2,70.3,62.3
007,1988,3.26,1.18,1.13,2.02,3.05,2.18,47.3,61.8,71.8,76,75.7,64.6
007,1989,1.39,2.11,2.77,6.39,4.51,3.64,45.8,57.7,67.4,73.6,69.4,60
007,1990,2.82,5.52,7.2,4.23,5.2,1.27,48.2,54.8,68.4,71.2,70.2,64.4
007,1991,3.22,4.33,2.41,1.77,2.26,3.67,50.8,64.6,72,73.5,72.4,61.7
007,1992,2.85,0.97,1.43,6.85,3.32,5.91,44.7,58.3,65.9,68.2,64.6,60.3
007,1993,6.64,2.86,11.46,4.34,2.82,4.52,44.3,60.3,66.1,72.6,71.9,57.6
007,1994,2.03,1.4,5.29,3.2,6.24,2.49,49.8,58.5,70.2,70.8,66.8,64.1
007,1995,4.73,4.94,1.77,2.99,4.22,1.89,43.7,56.9,71.4,74.6,76.7,59.9
007,1996,3.05,8.74,5.56,4.88,2.84,1.86,44.2,54.7,67.7,69.1,70.5,62.1
007,1997,1.64,5.13,4.8,1.74,3.89,2.57,44.3,53.3,68.5,72,67.5,62.9
007,1998,4.92,5.16,6.13,2.57,5,2.62,48.7,63.8,67.7,72.1,71.9,66.2
007,1999,6.89,4.14,7.04,3.59,3.4,4.12,49.8,61.2,69.4,76.4,68.3,61.1
007,2000,3.85,6.61,7.97,4.09,3.52,5.99,47.3,61.1,66.5,70.3,70.6,63
007,2001,3.4,3.67,3.79,2.46,4.42,7.22,52.6,61,67,74.2,72.2,60.7
007,2002,3.95,2.97,5.07,1.15,6.91,3.26,48.4,54.4,70,75.9,71.7,65.7
007,2003,1.91,6.08,2.11,5.31,1.34,1.96,47.3,56.4,65.4,71.2,73,62.6
007,2004,1.81,8.13,4.74,2.69,3.72,0.52,49.4,59.4,66.1,69.7,65.6,65.3
007,2005,1.77,2.24,1.57,2.13,3.98,3.08,51.8,56.2,73.6,73.5,72.1,67.9
007,2006,4.03,4.26,4.08,3.97,4.96,3.39,52.2,59.2,67.1,74.3,71.6,60.4
007,2007,4.03,1.46,4.59,4.01,13.22,1.37,45.8,63,69.5,71.2,72.8,65.6
007,2008,5.05,3.17,6.43,6.73,1.97,6.33,49,55.4,69,71.6,69.5,64.4
007,2009,5.02,3.78,6.24,2.77,5.54,1.34,46.8,58.9,67.6,66.2,67.3,63.5
007,2010,2.84,5.51,6.75,7.87,2.69,2.61,54.1,61.2,69.6,74.8,73.5,62.8
007,2011,4.24,4.56,3.04,5.86,4.24,4.7,46.3,58.1,68.8,76.9,71.1,60.1
007,2012,3.66,2.38,1.2,3.06,2.13,1.79,48.1,63.6,70.5,79.1,70.2,61.6
007,2013,7.65,3.76,8.82,2.12,2.29,1.92,44.7,60.6,67.3,71.2,69.7,63.9
007,2014,3.14,4.45,7.71,3.1,5.26,2.23,46.2,58.6,68.7,67.7,70.5,61.3
007,2015,3.19,5.23,6.69,4.01,3.49,3.72,49.4,59.8,66.8,70.6,69,67.6
007,2016,2.58,3.51,3.14,6.12,4.5,2.98,47.6,58.5,70,73.4,72.8,67.5
007,2017,5.73,5.55,7.02,8.63,1.66,0.31,52.1,56.6,69.7,72,67.9,65.8
007,2018,1.69,4.71,8.42,2.7,5.01,7.01,38.9,64.7,69.3,71.5,72,65.4
007,2019,2.69,7.83,3.37,3.19,4.19,8.56,47.5,56.3,67.1,75.9,69.8,66.8
007,2020,3.6,4.71,4.45,3.37,2.18,5.57,45.9,57.7,71.1,75.2,71.9,61.8
007,2021,1.32,2.34,2.55,2.84,5,0.73,50.2,58.9,73.1,72.8,73.8,67.2
007,2022,4.17,4.39,2.46,6.51,6.23,4.75,44.7,62,70.2,72.8,70.6,64
007,2023,3.47,2.54,2.15,5.34,2.38,3.87,48.9,60,68.5,72.3,70.7,66
007,2024,4.32,5.07,6.19,7.76,2.59,1.66,50.1,63.2,71.9,72,71.3,66.8
007,2025,2.29,2.66,4.73,7.75,4.47,1.35,48.9,57.8,71.9,75,70,66.1
009,1980,2.1,3.84,3.05,3.72,6.03,5.49,51,64.1,71.5,80.5,78,68
009,1981,5.91,5.97,6.88,13.35,2.43,1.93,58.7,58.5,72.8,75.6,72.3,65.6
009,1982,3.79,4.25,5.46,7.25,3.86,2.87,47.7,67.2,66.9,75.9,71.4,64.6
009,1983,8.2,4.97,1.76,0.74,1.7,2.67,46.5,59,72.9,80.8,80.7,67.6
009,1984,4.98,6.05,2.48,5.43,1.49,3.97,50.5,60,75.1,74.6,76,64.4
009,1985,1.32,4.03,2.74,5.16,5.49,2.99,57.5,65.3,69.1,75,70.2,66.8
009,1986,1.41,3.59,4.84,8.64,1.46,9.13,57,64.6,74.4,78.4,69.6,69.7
009,1987,2.17,1.96,3.42,2.04,5.28,1.48,53.8,68.5,75.3,78.8,75.4,66.8
009,1988,1.25,2.24,2.01,0.58,2.86,1.53,52.5,65.4,73.9,78.1,78.9,68.6
009,1989,2.93,3.67,1.7,3.29,3.89,3.23,52.3,60,70.6,77.1,73.7,63.4
009,1990,2.05,7.65,8.04,3.62,3.66,2.18,51,58.7,72.6,75.6,74,69.1
009,1991,3.9,11.61,0.82,3.51,2.38,4.36,56.8,68.2,75.8,76.1,74.4,66.8
009,1992,3.39,0.67,1.16,9.18,0.82,4.47,50.9,61.9,69.6,74,68.5,64.6
009,1993,5.66,1.95,7.17,8.79,5.09,10.25,49.6,63.8,70.9,76.1,75.9,61
009,1994,6.63,3.19,4.38,1.79,3.5,1.47,53.2,61.5,74.5,74.1,71.6,65.6
009,1995,4.25,10.98,3.28,2.4,6.27,2.27,49.7,59.5,71.5,76.3,78.9,62.4
009,1996,2.01,9.9,3.43,2.11,2.89,2.27,48.5,62.3,71.7,73,73.5,63.7
009,1997,2.46,3.86,1.71,1.47,3.88,2.22,47.7,58,71,75.8,72,67.2
009,1998,4.87,5.01,9.73,2.73,1.94,3.7,52.7,67.6,72,76,75.4,71.2
009,1999,5.17,2.96,3.05,2.41,2.22,1.41,54.8,63.9,72.2,79,72.4,64.8
009,2000,1.87,3.13,6.32,3.55,3.22,2.79,52.9,65.5,70.2,73.9,75.8,67.3
009,2001,2.97,4.62,5.06,1.6,5.8,2.98,58.1,65,70,76.9,74.8,65
009,2002,5.81,8.29,4.46,3.21,4.01,0.86,53.5,59.1,74.2,78,74.6,68.7
009,2003,4.2,3.23,4.14,6.08,2.97,6.68,53.5,62,68.6,75,75.6,63.3
009,2004,1.87,5.23,2.91,3.29,6.88,0.78,54.6,66.1,69.5,72.8,68.4,67.2
009,2005,3,1.38,1.81,2,3.78,3.46,55.9,62.1,75.2,76.8,75.8,70.9
009,2006,2.57,1.87,2.76,3.14,3.81,3.12,57.8,63.1,72.2,78.1,75.5,64.3
009,2007,3.45,2.02,3.44,0.9,1.58,0.85,50.2,67.9,72.6,73.4,79.6,70.1
009,2008,4.36,3.77,7.98,6.12,3.18,11.2,50.5,59.2,73.2,74.8,71.8,65.7
009,2009,6.27,4.5,5.38,2.19,6.04,2.19,51.6,63.1,73.7,70.8,70.8,65
009,2010,5.16,5.88,10.01,9.08,4,5.77,59.4,63.8,75.5,77.6,76.5,67.4
009,2011,4.27,4.68,10.37,1.61,0.33,2.14,53.2,61.7,72.4,80.4,75.4,63.8
009,2012,3.1,1.42,1.77,0.91,1.75,5.74,55.2,67.9,72,82.1,73.7,64.6
009,2013,6.43,10.24,3.56,3.12,0.09,3.04,49.8,63.1,71.8,73.3,73,69
009,2014,3.65,1.94,7.89,3.03,6.28,6.84,52.6,64.2,73.4,70.8,74.6,64.9
009,2015,2.11,5.31,10.6,8.31,2.9,1.89,55.8,65.2,72.4,74.3,72.1,71.3
009,2016,2.51,4.04,1.14,6.5,4.92,2.23,54,62.5,75.9,75.4,75.2,70.9
009,2017,7.33,6.98,3.48,2.61,4.17,0.95,57.2,63.1,73.2,77.3,70.6,69.1
009,2018,1.59,3.06,2.74,4.24,6.68,4.68,45.3,73,77.3,76.2,75.5,70.9
009,2019,4.11,9.24,5.16,1.82,5.27,4.77,52.9,62.8,71.7,78,72.8,72.5
009,2020,4.05,4.44,5.42,5.35,0.74,3.32,49.9,60.5,74,76.6,72.6,65.1
009,2021,4.36,4.24,6.24,7.26,2.54,1.59,52.4,60.7,73.9,74.5,74.7,69.7
009,2022,3.63,4.43,5.29,4.69,0.81,4.13,49.2,64.8,73.4,75.1,73.9,66.4
009,2023,1.6,2.65,1.56,2.45,4.17,0.63,53.9,64.3,72.1,75.9,73.9,68.7
009,2024,6.18,4.69,2.12,6.72,3.26,2.03,54.9,67.1,75.6,74,74,68.3
009,2025,3.52,3.96,5.25,7.42,0.37,1.26,54.4,62.4,73.7,77.8,72.7,69.5
011,1980,3.29,2.59,3.78,3.65,8,4.55,48.2,61.9,68.3,76,75,65.7
011,1981,6.76,2.79,5.6,3.66,8.98,3.91,54.4,57,70.6,72.8,70.4,63.1
011,1982,4.14,4.18,2.74,8.42,2.45,1.4,44.6,66.3,65.8,74.1,69.9,62.9
011,1983,5.13,3.32,2.66,2.48,3.32,4.85,44.8,56.9,71.3,77.9,77.2,64.5
011,1984,4.14,4.8,3.34,3.76,0.99,3.28,48,57.6,71.9,71.4,73.3,62.4
011,1985,1.25,2.55,3.62,3.69,3.03,2.19,55.4,63.1,68,72.7,68.8,64.9
011,1986,1.4,5.53,4.24,5.91,1.83,5.61,53.4,61.6,70.2,75.2,67.9,67.2
011,1987,1.88,4.47,2.13,1.91,10.09,2.69,52.5,66.2,73.3,77.4,72.1,64
011,1988,2.46,1.94,0.67,0.61,3.63,2.01,49.5,63.4,72.2,77,77.2,65.9
011,1989,1.94,2.34,2.73,2.73,5.11,7.19,48.6,58.3,69.2,74.2,70.8,61.2
011,1990,2.16,6.83,10.19,6.22,5.95,0.71,49.6,57,70.5,72,71.5,65.8
011,1991,3.33,6,2.41,0.44,2.65,3.51,53.6,67,73.4,74.8,72.6,63.8
011,1992,2.32,0.61,1.73,10.78,2.11,6.42,47.6,60,67.1,69,65.7,61.6
011,1993,4.73,3.03,8.05,4.82,5.95,4.75,46.8,62.1,68.4,73.7,72.5,59.2
011,1994,2.23,1.37,7.83,2.35,4.01,2.94,51,60.5,71.9,71.9,68.2,64.8
011,1995,5.3,8.55,2.22,3.9,3.8,1.54,46.1,57.9,71.8,75.2,77.9,61.5
011,1996,2.46,7.6,4.72,5.23,2.39,1.97,46.5,57.2,69.9,70.9,71.5,62.5
011,1997,2.12,2.95,2.36,2.16,6.07,3.15,45.8,55.2,70.2,73.5,69.2,64.6
011,1998,4.61,4.01,7.96,2.98,3.19,3.49,50.5,66.4,69.6,73.7,73.4,68.7
011,1999,5.44,4.9,4.84,2.12,3.31,4.04,51.8,63.1,70.9,77.9,69.7,62.6
011,2000,4.49,4.36,6.21,3.82,2.58,3.93,49.7,63.6,68.4,71.7,72.6,65.2
011,2001,3.24,5.19,3.5,4.77,3.3,3.93,54.9,63.3,68.6,74.4,72.5,62.2
011,2002,4.66,5.37,5.43,2.65,5.22,1.04,50.2,56.9,71.9,76.6,72.5,67.5
011,2003,2.78,6.27,2.93,5.08,1.56,3.04,51.1,58.7,67,73.2,73.8,62.7
011,2004,1.93,7.41,2.66,2.99,4.99,1.1,52.3,62.9,69,71.6,66.4,66.4
011,2005,1.79,1.21,1.3,2.34,2.28,2.85,54.2,58.7,74.8,75.1,73.2,69.1
011,2006,4.38,2.32,2.52,3.31,5.82,3.06,54.6,60.9,69.2,76.7,72.5,62.1
011,2007,3.59,1.88,4.11,5.67,8.37,0.69,48,66.6,71,72.4,74.8,67.6
011,2008,3.91,4.68,4.67,5.66,1.89,10.8,50,57.5,71.4,73.4,70.2,65.1
011,2009,5.51,5.03,5.78,5.92,5.95,1.88,48.7,61.2,70.1,68.2,68.8,63.8
011,2010,2.81,6.33,9.39,4.01,3.74,2.75,57.4,62.6,72.4,76.4,75.1,65.3
011,2011,5.76,6.85,5.25,2.42,3.53,3.62,48.8,60.7,70.9,78.8,73.1,61
011,2012,2.08,3.84,2.14,1.8,3.74,2.73,52.2,66.2,71.7,80,71.6,62.8
011,2013,8.45,6.12,3.89,1.41,1.43,1.39,47.2,62.8,69.7,71.9,71,66.1
011,2014,3.2,2.76,7.86,3.44,3.71,3.87,48.6,60.8,70.5,68.1,71.3,62.4
011,2015,3.18,5.1,8.14,3.83,2.09,4.92,51.4,62.1,68.4,70.8,69.6,69
011,2016,2.09,3.83,5.88,5.47,7.95,2.3,49.5,60.6,72,73,73.1,69
011,2017,5.67,4.53,3.94,6.63,2.08,0.37,52.9,57.8,70.9,72.9,67.8,66.4
011,2018,1.13,5.39,5.8,4.05,4.58,3.5,41.1,68,72.2,72.7,73.1,67.5
011,2019,4.92,10.19,4.56,1.67,3.52,11.57,48.9,58.6,69.2,76.6,70.6,68.6
011,2020,3.82,5.77,3.18,4.09,0.7,6,47,58.6,72.2,75.6,71.7,63.5
011,2021,2.89,5.11,4.93,4.46,2.42,1.07,50.5,59.6,73.4,73.2,74.3,68.9
011,2022,3.58,3.52,3.88,4.89,4.4,3.38,45.8,63.6,71.5,73.3,71.6,65.4
011,2023,2.53,2.59,1.43,5.48,2.02,5.27,50.9,62.4,70.1,73.3,71.8,67
011,2024,5.46,3.13,3.52,6.25,3.08,1.02,51.9,65.2,73.2,72,71.8,67.8
011,2025,3.03,2.73,3.65,8.39,2.03,0.59,51.4,60.4,72.8,76.3,71.3,67.6
013,1980,2.23,2.67,2.72,3.65,3.76,4.04,52.7,64.4,73.4,81.9,80.2,69.4
013,1981,4.41,7.88,7.51,10.26,2.91,1.84,61.3,59.3,74.2,77.4,73.2,66
013,1982,2.81,4.08,5.29,4.64,4.44,3.49,49.6,68.4,68.4,77,72.4,65.8
013,1983,5.79,6.26,2.77,1.26,2.34,1.34,48.4,60.7,73,80.8,80.6,68.3
013,1984,6.6,4.11,2.08,1.38,0.59,6.91,52,61,75.7,74.4,76.6,65.5
013,1985,2.53,3.08,6.19,4.11,5.57,1.3,58.4,65.2,69.7,75.2,71.5,68.6
013,1986,1.47,4.15,3.54,5.4,1.3,6.77,58.6,65.9,75.6,79.4,71.2,71.3
013,1987,2.54,1.94,2.56,4.96,4.71,2.2,54.4,69.3,76.3,79,76.8,67.8
013,1988,1.08,1.44,2.89,2.32,3.7,1.42,54.1,65.8,74.8,78.2,79.7,69
013,1989,2.41,3.38,1.62,2.96,4.47,2.88,54.6,60.6,71.7,77.3,74.5,64.1
013,1990,3.17,9.06,3.82,3.36,2.8,2.03,52.2,60.6,73.6,76.9,74.3,70.3
013,1991,3.6,5.96,1.37,4.97,1.4,2.81,57.7,69.8,76,77.3,75.7,68.3
013,1992,3.68,1.4,0.69,4.33,1.91,2.93,54.4,62.2,70.2,76.5,69.6,66.2
013,1993,6.1,3.53,8.15,6.35,4.95,11.29,50.8,64,72,78.2,77.3,63.2
013,1994,10.31,1.71,2.85,1.72,3.61,1.77,54.8,61.3,75.3,75.7,73.5,66.3
013,1995,3.57,9.41,3.57,3.17,4.3,1.47,52.7,61,72.6,77.8,80.3,64.2
013,1996,5.58,6.94,3.65,5.02,1.78,2.76,50.9,65.1,72.9,74.4,75.2,65.1
013,1997,2.82,4.06,2.19,1.02,4.39,2.87,49.1,59.6,71.9,77.7,73.9,68.3
013,1998,4,3.42,7.93,4,1.69,3.81,54,69.2,73.5,77.3,76.8,72.9
013,1999,4.51,3.1,3.77,2.05,1.52,1.73,57,64.9,73,80.1,74.5,66.5
013,2000,2.03,4.58,9.2,4.65,4.31,2.62,53.9,67.1,71.2,75.2,77.7,67.7
013,2001,3.15,4.06,4.87,4.58,5.72,3.21,60.1,66.3,71.3,77.9,76.4,66.5
013,2002,4.9,9.31,4.16,1.24,4.44,2.12,56.2,61.3,75.3,79.6,77.2,70.1
013,2003,3.86,5.98,6.66,3.17,1.92,5.29,55.8,62.9,69,77,77.1,65
013,2004,2.28,6.7,2.22,5.11,5.41,0.53,55.9,68,71.1,74.8,70.1,68.2
013,2005,2.54,1.07,2.72,1.78,4.75,3.67,57,63,75.9,78.2,77.4,71.9
013,2006,1.98,2.58,2.83,3.69,3.16,2.72,59.8,64.1,73.6,79.3,77.5,65.4
013,2007,2.66,3.19,3.49,1.89,1.47,1.37,51.8,69.4,73.9,75,81.3,71.8
013,2008,4.81,6.92,4.49,9.39,2.29,10.22,52.5,61.1,74.5,76.5,73.8,68
013,2009,5.08,5.39,5.72,5.3,3.99,3.32,53.3,64.3,74.6,72,72.8,66.7
013,2010,3.58,4.58,5.82,7.39,3.73,5.97,60.9,64.8,77.1,78.9,78.4,68.6
013,2011,4.62,4.85,7.39,1.82,1.66,2.44,56.6,63.6,74.9,82.2,77.5,64.7
013,2012,5.65,1.59,1.66,0.66,2.69,4.62,57.4,70.1,74,83.6,75.6,66.2
013,2013,6.62,8.45,4.9,2.28,1.39,2.34,51.8,64.5,73.4,75,74.4,70.8
013,2014,6.52,3.65,6.45,2.32,7.18,5.01,54.9,65.4,74.4,72.1,75.6,66.2
013,2015,3.41,6.53,10.67,7.65,3.56,2.28,57,66.2,73.4,76.1,73.5,71.9
013,2016,2.71,3.52,1.09,7.35,5.26,3.76,56.1,63.3,77.8,77.6,76.9,72.6
013,2017,8.75,6.74,3.61,3.16,2.32,0.52,58.3,64.3,73.9,78.8,71.9,69.9
013,2018,1.75,3.57,3.34,2.2,4.89,1.49,47.6,72.9,77.6,77.2,76.3,72.1
013,2019,3.71,7.88,5.26,4.57,5.75,1.96,55,64.9,72.8,78.7,74.6,74.4
013,2020,4.31,5.29,3.39,7.51,3.15,2.65,51.9,61.8,75.1,78.7,73.8,67.2
013,2021,4.71,4.32,7.13,6.27,3.7,2.57,54,62.4,75.3,76.4,76.9,71.3
013,2022,4.67,5.48,2.89,7.66,2.51,1.83,52.7,66.3,75.6,78.4,76.1,68.2
013,2023,2.37,2.76,2.41,3.92,4.77,0.79,55.8,65.8,73.1,77.8,75.2,70.1
013,2024,5.77,7.13,2.28,7.48,1.98,3.23,57.2,68.2,76.4,75.4,75.4,69.5
013,2025,5.57,3.18,4.94,6.07,0.67,1.31,55.7,63.2,75.1,79.8,74.9,71.3
015,1980,2.95,3.11,4.21,3.47,7.64,5.36,47.3,60.3,67.1,74.5,72.8,63.3
015,1981,5.31,1.88,6.75,3.09,10.81,4.56,51.8,56.2,68.8,71.6,69,61.3
015,1982,2.4,4.74,4.04,5.52,3.2,2.41,42.8,64.2,63.7,72.9,67.9,61
015,1983,4.79,5.49,3.36,3.81,2.84,4.33,43.4,55.6,69.7,76,75.6,62.6
015,1984,4.31,4.42,4.58,3.04,1.92,2.73,47.2,55.4,70.3,70.4,72.2,61.3
015,1985,1.22,3.47,2.85,4.23,3.72,2.59,53.4,62.1,65.9,71.8,67.2,63.6
015,1986,2.45,6.47,5.21,3.36,2.84,7.24,51.7,60.4,68.7,74.6,66.1,64.9
015,1987,1.63,4.43,2.57,3.07,10.71,1.41,51.3,63.8,71.8,76.1,70.8,62.2
015,1988,2.05,1.72,0.49,1.22,2.51,1.67,48,62.4,71.1,75.3,75.9,64.6
015,1989,1.8,1.84,3.34,3.66,6.4,5.19,47.3,57.6,67.6,74.1,69.9,59.9
015,1990,3.16,5.16,9.67,3.69,6.62,0.91,48.3,56.2,69.1,71.9,70.6,65.1
015,1991,2.11,3.88,2.54,0.49,2.78,3.64,51.6,65.2,72.7,73.2,71.6,62.4
015,1992,3.27,0.55,1.28,8.09,2.12,5.6,45.7,59.4,66.5,68.4,65.1,60.5
015,1993,5.29,3.6,10.52,4.96,6.08,5.42,44.9,60.8,66.8,72.5,71.5,58.1
015,1994,1.49,1.36,6.97,3.68,5.9,3.21,49.3,59.1,71,71,67.5,64
015,1995,5.66,7.24,2.13,3.68,3.94,2.41,44.4,57.5,71.6,74.2,77.4,60.1
015,1996,2.6,9.22,5.53,4.09,3.83,2.08,45.6,55.8,69,69.7,70.6,61.9
015,1997,2.03,4.66,3.54,2.64,3.93,3.33,45.3,54.6,70.1,72.6,68.5,64.1
015,1998,4.72,3.26,7.25,2.24,6.52,4.25,49.8,65.6,68.8,73,72.7,67
015,1999,6.51,3.62,5.28,5.14,2.59,3.39,50.8,62.1,70.2,77,68.9,60.8
015,2000,4.06,4.95,9.28,4.39,2.7,5.02,48.7,62.5,67.3,71.4,71.7,64
015,2001,3.65,5.82,2.84,3.38,3.75,6.4,53.8,62.5,67.8,74.3,72.5,61.5
015,2002,4.09,3.7,7.47,3.55,4.76,1.23,49.3,56.5,71.1,75.8,71.9,66
015,2003,2.11,4.76,2.34,4.64,1.04,3.65,49.9,57.8,66.8,72.4,73.7,62.2
015,2004,1.73,6.95,4,2.69,4.01,0.8,51.2,61.4,67.8,70.7,66.3,65.3
015,2005,1.73,2,1.98,2.08,4.16,2.61,53.6,57,73.7,74,71.9,67.9
015,2006,4.55,3.56,4.1,4.93,2.69,2.69,53.1,59.9,68.4,75.2,71.9,60.6
015,2007,4.02,1.17,4.85,5.99,6.55,1.73,47.1,64.8,70,71.8,73.8,66
015,2008,5.47,4.84,5.93,5.85,3.08,5.46,49.1,57,69.7,72.4,69.5,64.2
015,2009,4.64,4.22,6.22,6.61,6.81,1.74,47.9,60,69.5,67.1,68.1,63.4
015,2010,3.92,4.31,8.01,10.03,4.96,2.52,55.8,61.6,71.2,75.3,74.2,63.7
015,2011,4,4.59,3.82,9.09,3.12,3.16,48,59.6,70.3,77.7,72,60.4
015,2012,3.71,2.31,2.44,1.08,3.35,1.58,50.2,65,70.8,79.2,70.6,61.7
015,2013,8.17,4.06,5.55,1.9,0.99,1.93,45.8,61.9,69,71.3,70.7,65.9
015,2014,3.74,3.39,8.22,3.87,3.11,3.11,47.6,60.4,70.6,68.7,71.2,62
015,2015,2.54,6.86,9.4,3.05,4.39,5.33,50.6,61.1,68.2,70.8,69.6,68.4
015,2016,2.38,3.98,5.13,5.77,6.92,2.79,49.2,60.8,71.6,73.7,73.9,68.7
015,2017,5.46,5.22,4,9.48,1.99,0.44,52.4,58.3,70.9,73,67.7,66
015,2018,1.3,4.39,8.62,3.57,7.06,7.75,39.7,66.9,71.9,72.6,72.3,66.7
015,2019,4.41,7.66,5.45,2.86,4.89,10.67,48.4,57.7,68.7,76.6,69.8,68.2
015,2020,2.14,6.4,3.65,3.53,1.1,7.79,47,58.4,72.1,76.5,72.2,62.2
015,2021,3.1,3.71,3.77,2.92,2.13,0.78,49.9,59.2,72.8,72.6,73.4,67.2
015,2022,4.66,3.47,3.89,5.18,7.12,2.71,44.8,62.9,70.5,73,70.8,64.3
015,2023,2.85,2.69,1.58,5.68,1.55,2.72,49.6,61.3,69.8,72.5,71.5,66.4
015,2024,5.54,4.24,5.75,6.44,3.63,0.53,50.4,63.7,72.2,71.6,71.2,66.4
015,2025,2.39,2.57,4.74,8.54,4.2,0.39,49.7,59.7,72.2,75.3,70.6,66.5
017,1980,2.17,3.81,3.75,3.74,5.56,5.63,50.8,63.8,71.2,79.6,77.7,67.9
017,1981,5.7,6.06,6.84,10.65,3.73,2.05,58.5,58.8,73.3,75.9,72.4,66
017,1982,4.44,3.63,4.14,6.23,4.34,3.25,47.6,68.2,67.4,76,71.6,65.2
017,1983,7.04,5.01,2.51,1.17,1.1,1.9,47.3,59.2,73.2,80.5,80.4,67.8
017,1984,5.21,6.78,2.41,3.92,1.41,4.01,50.4,59.6,75.1,74,75.3,64.8
017,1985,1.59,3.29,3.07,4.73,5.15,2.02,57.3,65.3,69.5,74.8,70.5,67.4
017,1986,1.35,3.32,5.59,8.38,1.36,8.53,57.2,65,74.2,78.3,69.9,70
017,1987,2.47,1.4,3.4,2.3,3.48,1.44,53.9,69,75.5,78.7,75.6,67.1
017,1988,1.06,2.05,1.51,1.08,2.41,1.43,52.4,65.4,73.8,78.1,78.8,68.4
017,1989,3.51,4.53,2.05,3.1,2.58,3.55,52,59.8,70.9,76.5,73.4,63.7
017,1990,1.88,7.49,8.65,3.48,3.7,1.86,51.2,59.4,72.8,75.4,73.4,68.9
017,1991,3.52,8.66,0.93,3,3.66,4.47,57.1,68.8,75.6,75.8,74.7,67
017,1992,3.81,0.88,1.17,7.44,0.97,3.69,51.2,62.1,69.2,74.2,68.9,65
017,1993,5.65,2.73,6.27,10.12,5.05,10.45,49.6,64.1,71,76.6,76.2,61.7
017,1994,6.84,4.12,3.22,2.08,3.64,1.45,53.4,61.4,74.6,74.2,71.6,65.8
017,1995,4.15,10.43,2.59,2.39,5.13,1.65,50,60,72,76.5,79.2,63
017,1996,2.3,9.44,2.88,2.13,2.03,2.11,48.6,62.7,71.9,73,73.7,64.3
017,1997,1.65,3.3,1.77,0.87,4.91,2.22,48,58.8,71.2,76,72,67.3
017,1998,4.56,5.07,9.56,2.47,3.23,2.26,53.2,68.2,72.2,76.1,75.4,71.5
017,1999,5.42,3.85,4.33,3.12,3.93,1.45,55,64.4,72.4,78.7,72,64.7
017,2000,2.09,3.68,7.5,4.44,2.88,2.8,52.5,65.7,70.3,74,75.6,67.2
017,2001,2.71,4.33,4.8,1.83,5.17,2.94,58.5,65.7,70.3,77,75.1,65.1
017,2002,6.09,7.36,4.28,4.1,4.7,1,53.4,59.5,74.6,78.2,74.8,68.7
017,2003,4.31,3.02,4.22,4.99,2.26,4.7,53.6,62.2,68.5,75,75.6,63.7
017,2004,2.15,4.56,3.54,3.39,5.89,0.43,54.7,66.3,69.6,72.9,68.6,67.8
017,2005,2.83,1.44,1.28,1.39,3.19,3.19,56.4,61.9,75.5,77.3,75.7,70.9
017,2006,3.45,2.49,1.95,4.71,2.4,3.05,57.9,63.4,72.2,78,75.3,64.4
017,2007,2.33,1.93,4.85,1.86,1.79,0.8,50.8,68.3,72.7,73,79.6,70.4
017,2008,3.82,4.14,7.37,6.65,3.88,9.3,51.2,59.2,73.7,74.7,71.7,66.2
017,2009,6.21,5.15,6.36,2.74,6.29,3.63,52,63.5,73.2,70.5,70.8,65.3
017,2010,4.04,6.66,8.73,8.4,3.46,6.06,59.7,64,75.4,77.5,76.7,67.4
017,2011,4.74,4.57,9.35,1.62,0.38,2.01,53.4,62.3,72.8,80.4,75.4,63.8
017,2012,3.39,1.58,1.61,0.52,1.75,5.92,55.4,68.4,71.9,82,73.8,65.1
017,2013,5.94,11.08,4.23,3.17,0.28,2.59,50,63.6,72,73.2,72.6,68.6
017,2014,3.57,2.13,8.11,2.95,5.71,6.44,52.9,64.2,73.3,70.3,74.1,64.7
017,2015,2.24,5.35,10.97,5.14,2.02,2.3,55.3,65.4,72.4,74.1,72.1,71
017,2016,2.37,4.06,1.3,6.7,6.52,2.79,53.9,62.8,75.8,75.4,75.5,71
017,2017,7.68,5.14,1.85,3.89,2.58,0.83,57.1,62.8,73.1,77.2,70.9,69.4
017,2018,2.12,3.31,3.53,4.25,7.87,2.72,45.3,72.6,76.4,75.4,75.1,70.7
017,2019,4.13,7.04,5.33,1.77,4.17,4.2,52.3,62.8,71.1,77.9,72.6,72.3
017,2020,5.93,5.16,2.04,4.84,1.16,3.03,50,60.8,74.1,77.1,72.1,65.3
017,2021,3.17,5.48,5.89,4.99,4.08,2.62,52.4,61.4,74.2,74.8,75.1,69.7
017,2022,3.03,4.16,4.7,4.98,2.59,3.03,49.9,65.2,73.6,75.6,74,66.6
017,2023,2.11,2.98,1.51,3.43,4.94,1.43,54.1,64.2,71.7,75.4,73.7,68.3
017,2024,5.94,3.48,2.41,5.41,3.91,2.2,54.7,67.6,75.1,74,74.2,68.3
017,2025,3.48,3.09,3.66,6.32,1.43,0.78,54.3,62.5,74.4,78.5,73.1,69.2
019,1980,2.06,2.44,5.27,1.77,4.62,3.62,48.9,63.6,69.1,77.9,76,66.7
019,1981,5.96,5.64,4.8,7.79,7.31,3.31,55.9,57.5,72.9,73.6,70.8,63.9
019,1982,2.79,4.4,3.34,4.98,2.92,2.12,45.9,67.7,66.3,74.6,69.8,64.7
019,1983,5.76,5.35,6.12,1.36,4.32,1.08,46.9,58,72.6,78.7,77.4,66.8
019,1984,4.1,5.71,1.34,3.94,1.63,3.14,49,58.5,75.2,72.4,73.7,63.8
019,1985,2.45,2.89,4.53,3.86,6.11,0.93,56.4,65,69,72.8,69.4,66.2
019,1986,2.37,3.95,4.69,4.77,1.36,6.48,54.8,64,72.6,77.2,68.9,69.2
019,1987,3.29,2.48,4.53,7.08,3.94,1.97,52.5,68.7,73.6,75.8,73.1,66.4
019,1988,1.71,1.35,0.31,2.44,1.89,2.79,51,64.9,73.3,77.4,77.3,67
019,1989,5.26,5.07,2.33,3.13,3.46,5.22,50.9,58.7,71.2,74.9,72.2,62.8
019,1990,2.31,6.94,7.55,4.18,2.91,1.55,50.1,59,71.7,73,71.4,67
019,1991,2.8,5.67,0.97,1.91,2.99,1.97,55.8,69.2,75.6,76.3,74.6,66.7
019,1992,3.19,1.49,2.64,11.39,2.33,3.59,50,60.5,68.6,72.3,67.9,64
019,1993,5.75,2.74,5.68,6.96,6.04,7.67,48.8,63.3,70.6,75.8,74.1,61
019,1994,8.73,2.81,2.33,2.15,3.36,2.85,52.1,59.8,74,73.4,69.6,64.6
019,1995,3.99,7.98,2.38,1.76,5.76,0.76,49.5,59.7,72.8,76.8,78.8,63.3
019,1996,3.94,8.06,4.43,3.42,2.13,2.35,47.7,60.6,71.1,72.3,72.9,63.9
019,1997,1.35,4.71,4.16,2.54,5.25,2.63,47.1,56.9,70.2,74.1,69.7,65.6
019,1998,4.39,6.66,9.11,4,1.98,1.24,52.5,66.6,71.1,74.4,74.4,71.4
019,1999,4.94,3.09,5,2.94,4.09,1.74,53.4,64.6,72.2,77.8,70.6,65.2
019,2000,2.26,4.34,5.25,2.24,2.84,3.91,50.3,64.6,70.1,72.2,73.5,65.8
019,2001,2.43,3.16,3.21,3.52,4.45,2.35,57.6,64.4,69.4,75,73.8,64
019,2002,4.57,6.35,3.37,3.49,5.86,1.74,52.5,58.2,73.6,78,74,68.7
019,2003,2.66,4.37,3.3,7.17,4.84,4.69,53.6,60.9,67.4,73.9,74,63.8
019,2004,1.64,5.5,4.7,4.63,4.73,0.69,53.5,65.9,69.4,72,67.6,67.9
019,2005,3.38,1.49,2.62,4.95,2.88,4.46,54.9,61,74.8,75.3,74.6,70.3
019,2006,4.88,3.18,2.02,6.35,3.55,1.94,55.8,61.7,71.2,76.3,73.1,63.4
019,2007,2.98,1.57,4.46,3.63,2.09,2.25,49.7,68.1,73,72.1,77.5,70
019,2008,3.07,5.8,7.05,7.2,0.99,8.42,51.1,58,73.4,73.8,71.1,67.2
019,2009,6.51,5.49,4.34,5.19,5.22,0.98,51,62.6,73,69.6,70.1,65.9
019,2010,2.21,4.31,8.78,3.65,1.61,3.67,57.8,64.2,74.4,76.9,76.4,67.2
019,2011,7.96,4.99,4.17,1.44,1.58,2.78,51.9,61.7,72.5,79.4,73.7,63.4
019,2012,2.56,2.65,2.09,0.78,4.7,5.56,53.9,68.3,71.6,80.9,72.6,64.4
019,2013,6.97,4.4,5.56,3.58,0.49,0.96,50,64.6,71,72.3,72.1,68.9
019,2014,4,3.62,7.31,6.58,2.82,3.75,52.5,63.5,73,69.4,72.7,64.5
019,2015,3.16,5.62,9.31,4.35,2.75,5.09,53.4,65.7,71.6,73,71.1,69.8
019,2016,3.34,3.43,5.2,5.7,5.98,4.22,51.9,61.4,73.8,74.6,75,70.5
019,2017,5.96,5.5,1.92,3.18,3.23,1,56.6,61.6,73,75.6,70.3,68.9
019,2018,2.44,3.8,7.06,4.69,4.19,4.67,44.7,71.5,74.3,74.1,74.3,70.5
019,2019,4.39,6.4,3.62,2.67,2.27,3.58,51.9,63,71.1,76.6,72.1,71.1
019,2020,4.73,4.93,6.08,5.53,1.1,2.23,48.4,59.6,73.3,76.4,71.7,65.1
019,2021,2.34,4.26,7.24,3.86,5.07,3.27,52,60.7,73.5,73.4,74.8,69.5
019,2022,3.01,3.46,1.31,2.74,4.94,2.9,49.2,65.1,73.4,74.8,72.4,66
019,2023,1.62,1.96,1.42,3.51,4.09,2.58,52.5,64.5,70.7,74.2,72.4,67.7
019,2024,6.53,4.6,2.05,6.96,4.34,1.77,53.8,67,74.1,73.3,72.8,68.4
019,2025,3.5,3.15,3.01,4.06,1.37,1.03,53.4,62.2,74.1,78.1,72.8,69.2
021,1980,2,3.34,3.41,3.54,4.34,4.24,51,64,71.6,79.5,77.9,68.9
021,1981,5,6.91,4.67,8.11,8.2,2.21,59.2,58.6,73.8,75.9,72.4,65.5
021,1982,2.82,3.88,5.11,6.66,3.06,3.16,48.5,68.6,67.4,76,71.7,66
021,1983,4.95,7.09,5.48,1.74,1.75,0.72,47.8,60,73,79.4,79.2,68.6
021,1984,5.4,5.28,1.67,2.25,1.19,5.4,51.3,59.6,76.3,74.3,75.8,65.1
021,1985,3.6,2.39,5.38,2.43,6.32,0.83,56.9,65.2,69.9,74.6,70.9,67.2
021,1986,1.21,3.31,3.9,7.8,1.39,5.82,56.8,65.7,74.3,78.6,70,70.1
021,1987,2.28,1.04,3.16,4.78,3.65,1.46,53.6,69.6,75.5,77.1,74.9,67.6
021,1988,1.05,1.48,0.74,3.31,1.11,1.46,53.6,65.2,73.6,77.7,77.9,68.4
021,1989,4.61,4.24,1.96,2.49,2.49,4.93,52.1,59.8,71.4,75.9,72.9,63.7
021,1990,2.46,7.7,5.85,2.77,2.45,1.41,50.9,59.8,72.7,75,72.8,68.8
021,1991,3.75,3.34,2.27,2.72,3.05,2.88,57.7,69.8,76.2,76.2,75.3,67.5
021,1992,3.22,1.31,2.53,7.91,0.99,2.42,52.6,62.1,69.8,74.6,69.4,65.8
021,1993,5.1,2.18,4.24,6.51,4.93,9.13,50.8,64,71.9,77.6,75.8,62.3
021,1994,9.5,3.27,4.93,2.37,3.24,2.8,53.4,60.9,74.8,74.4,71.4,65.1
021,1995,3.64,8.35,3.59,3.03,3.5,0.56,51.6,60.8,72.6,77,79.2,64
021,1996,4.99,8.09,3.51,2.95,2.54,1.98,49.4,63.4,72.6,73,74.3,64.9
021,1997,1.4,3.18,1.92,2.19,3.98,2.92,48.7,58.7,70.7,75.4,71.5,67
021,1998,4.03,4.69,8.21,3.02,3.72,1.39,53.1,68,72.4,75.8,75.1,71.7
021,1999,5.14,3.42,5.87,1.85,3.31,1.93,55,64.5,72.4,78.4,72.2,66
021,2000,1.96,3.73,6.3,4.36,4.52,4.15,52.2,65.7,70.6,73.6,75,66.4
021,2001,2.48,3.52,4.23,2.84,4.04,2.51,58.5,65.6,69.7,76,75.2,65
021,2002,6.28,11.16,6.09,2.12,2.96,2.73,54.6,59.6,75.1,78.6,75.7,69.7
021,2003,2.65,5.56,3.85,4.99,2.73,5.78,54.3,61.7,67.8,75.5,75.4,64.3
021,2004,1.42,7.43,2.29,4.56,3.75,0.09,54.9,67,70,73,69.1,68.5
021,2005,2.18,1.8,1.99,3.52,2.52,3.73,56.3,62,75.2,76.4,76.3,71.6
021,2006,3.72,3.38,2.44,2.82,5.11,2.12,58,62.9,72.3,77.6,75.3,64.5
021,2007,3.58,2.07,4.21,1.55,2.44,1.87,51.4,69,73.4,73.3,79.8,71.1
021,2008,3.84,6.15,5.66,5.8,1.72,9.4,51.2,59.3,73.9,74.8,72.1,67.5
021,2009,6.3,6.58,4.84,3.12,3.43,2.33,52.6,63.8,73.7,71,71,66.3
021,2010,3.84,3.97,9.65,6.18,3.58,5.4,59.6,64.6,75.8,77.9,77,67.5
021,2011,7.38,4.91,8.14,3.26,0.54,2.24,55.2,63,73.5,80.5,75.8,64.5
021,2012,4.59,2.12,1.79,0.37,4.22,6.84,55.6,69.3,72.9,82.9,74.9,65.5
021,2013,7.74,7.81,4.57,2.33,1.08,1.62,51.4,64.4,72.7,73.5,73,69.8
021,2014,5.67,3.41,6.05,1.77,5.94,4.43,54.1,64.7,73.9,70.8,74.2,65.2
021,2015,2.99,5.57,8.08,2.86,2.6,2.88,54.9,65.9,72.7,74.6,72.3,70.9
021,2016,4,3.47,2.73,7.68,5.32,2.49,53.9,62.5,75.6,75.6,75.8,71.2
021,2017,7.03,5.83,1.78,4.52,1.95,0.87,57.3,62.9,73.1,77.3,71.4,69.8
021,2018,2.59,2.82,7.97,5.95,5.25,2.55,46.2,72.3,75.6,74.9,74.7,71.2
021,2019,4.37,7.92,7.57,3.05,5.91,2.82,53.4,64.1,71.2,77.2,73.4,72.3
021,2020,5.71,5.44,2.81,6.12,1.41,1.09,50.2,60.9,74.1,77.1,72.4,66.5
021,2021,2.94,5.48,6.49,5.98,4.9,3.11,52.9,61.6,74.3,74.5,75.2,69.4
021,2022,2.95,4.26,3.46,5.83,4.76,3.6,50.7,65.7,74,76.2,73.9,67.2
021,2023,1.92,3.38,2.51,3.32,3.94,1.19,54.8,65.8,72.5,76.3,74.4,69.4
021,2024,7.63,3.52,1.54,7.33,3.23,2.53,55.3,68.4,74.8,74,74,69.1
021,2025,5.64,3.6,2.71,7.2,0.41,1.61,54.5,62.3,74.1,78.7,73.4,69.6
023,1980,2.5,2.21,4.85,3.84,4.98,4.49,50.3,63.6,70.7,79.2,77.2,68.9
023,1981,5.34,8.41,3.23,4.78,7.58,4.23,58.3,58.8,73.8,75.5,72.1,65
023,1982,2.37,5.38,4.6,4.46,3.49,3.23,48.1,68,67.1,75.9,71.1,65.5
023,1983,4.33,6.16,4.72,2.25,2.75,1.24,48.1,59.5,72.2,78.9,79,68
023,1984,7.33,4.86,0.84,2.53,2.31,5.11,50.7,60.2,76.2,73.6,74.5,64.4
023,1985,3.05,4.19,5.15,1.58,7.06,0.88,57.7,64.7,69.8,74.5,71,67.4
023,1986,2.22,4.01,2.51,5.94,1.37,3.71,56.5,65.2,74.1,78.2,70,70.3
023,1987,2.76,1.84,3.5,7.39,0.78,2.2,53.4,69.5,74.6,76.7,75.2,68.1
023,1988,2.01,1.78,0.69,4.65,1.69,1.56,53.1,64.9,74.3,78,77.8,68.3
023,1989,5.46,4.42,2.2,7.26,4.07,8.38,51.8,59.4,71.8,75.4,73.3,64.5
023,1990,3.14,7.45,5.28,4.92,4.18,1.88,51.3,60,72,74.6,71.9,68.2
023,1991,2.82,2.97,2.22,2.61,3.45,1.87,56.9,69.5,75.3,76.7,75.1,67.7
023,1992,4.71,1.46,1.62,8.48,2.64,4.54,52,61.7,69.6,74.5,69.5,65.5
023,1993,4.98,3.59,5.04,5.72,4.47,8.51,50.5,63.6,71.6,77.5,75.2,62.8
023,1994,7.43,2.66,3.06,3.52,3.15,2.76,54.2,60.7,75.2,75,71.1,65.5
023,1995,4.08,7.66,3.09,3.83,5.14,0.88,52.4,61.4,72.8,77.1,79,64.7
023,1996,7.14,8.37,4.1,1.52,1.46,3.85,49.3,63.6,72.3,73.6,74.4,64.5
023,1997,1.85,3.69,4.42,2.06,3.44,1.5,48.7,58,70.6,75.7,71.3,67.1
023,1998,5.82,5.23,7.67,4.85,3.92,1.23,53.9,67.9,72.7,75.6,75.5,71.5
023,1999,4.84,3.27,6.36,2.3,1.79,1.21,54.8,64.7,72.7,79,72.6,67
023,2000,3.95,4.6,6.73,6.06,6.58,5.44,52.3,65.5,71.7,73.4,74.3,65.6
023,2001,2.26,3.8,5.42,7.48,2.88,1.84,59.6,65.7,70.5,75.4,74.9,65.4
023,2002,5.34,10.81,2.42,1.85,2.3,2.7,55.2,60.5,74.7,79,76.1,70.6
023,2003,2.47,5.26,2.73,5.79,2.91,7.39,54.9,62.4,68.5,75.3,75,64.2
023,2004,1.84,5.36,2.68,7.1,3.69,0.64,55.3,67.7,71.1,73.3,69.8,68.3
023,2005,2.82,2.77,2.82,3.78,3.66,4.19,55.4,61.3,74.3,76.6,76.2,70.9
023,2006,5.65,5.4,3.97,3.41,3.57,3.8,57.7,62.4,72.2,77.1,74.9,64.4
023,2007,3.53,2.14,5.65,2.82,1.99,2.21,51.3,68.8,73.9,73.1,79.4,70.6
023,2008,3.28,6.01,12.1,6.2,0.84,4.37,52.5,59.5,74.3,75.1,72.6,68.6
023,2009,8.07,7.01,5.52,3.7,3.86,1.92,53.6,63.7,74.1,71.1,72.3,66.7
023,2010,3.92,5.61,8.57,5.2,0.95,2.49,59.8,65.3,76.2,78.2,77.9,68.9
023,2011,11.47,4.77,5.48,3.55,0.68,3.25,55.9,63.2,73.9,80.1,75,65.3
023,2012,3.66,1.9,0.62,0.78,3.38,6.22,55.6,69.6,72.8,83,74.3,65.6
023,2013,7,5.42,8.08,4.5,0.53,1.46,52.6,65.1,71.6,73,72.9,69.2
023,2014,6.61,3.65,5.83,2.61,3.58,3.62,54.7,64.4,74.4,70.4,73.6,64.9
023,2015,4.14,3.18,8.2,3.23,1.94,3.19,54.6,66.3,72.8,74.9,72.5,69.7
023,2016,5.33,3.06,4.23,6.86,6.07,3.32,53.9,61.9,75.5,75.9,76.6,71.2
023,2017,6.63,6.89,2.94,3.31,2.24,0.82,58.2,63.2,72.6,76.6,71.2,69.5
023,2018,4.18,3.52,8.41,5.25,4.94,5.55,46.5,72.5,75.5,75.4,74.9,71.7
023,2019,5.05,5.84,7.68,3.38,4,1.26,54.3,64.5,71.9,77.1,73.4,72.6
023,2020,3,4.57,4.37,9.51,1.78,1.07,50.5,60.9,73.3,77.1,72.4,66.6
023,2021,2.57,4.11,6.27,6.22,3.85,2.95,53.2,60.8,74.4,75.2,76.8,70
023,2022,3.27,4.83,1.99,6.89,5.59,1.77,51.7,66.4,73.9,76.6,74,67.3
023,2023,2.22,2.38,3.47,5.21,2.53,1.67,54.2,64.6,71.4,76.3,74.2,68.8
023,2024,7.06,3.92,1.82,5.93,2,2.6,56.6,68.2,74.5,74.7,74.3,69.4
023,2025,7.48,3.62,4.79,5.38,1.77,1.38,55.7,63.1,75.2,79.5,73.3,69.4
025,1980,2.67,2.46,3.66,2.67,2.59,3.95,51.2,64.2,72.4,80.5,79.5,70.4
025,1981,3.47,7.45,3.19,4.14,6.44,1.81,59.9,59.4,74.9,77,73.3,65.5
025,1982,2.37,5.72,3,4.47,3.41,5.51,48.8,68.1,68.3,76.7,71.8,65.9
025,1983,5.74,6.78,6.28,0.83,1.97,1.72,48.4,60.7,72.1,79.8,80.4,68.8
025,1984,6.59,3.77,1.14,1.87,2.27,6.91,51.6,60.8,76.7,74.5,75.4,65.9
025,1985,2.34,3.68,6.78,1.97,7.96,0.68,58,65.1,70.6,75.7,72.5,67.8
025,1986,2.74,2.62,1.88,6.84,2.29,3.64,57.4,66.1,75.5,79.6,71.3,71.6
025,1987,3.02,2.36,3.59,7.73,1.43,2.26,53.8,70.2,75.6,77.4,76.2,68.8
025,1988,1.61,1.57,1.16,4.5,1.9,2.12,54.1,65.1,74.4,78.1,78.7,69
025,1989,4.06,3.97,4.14,2.42,4.81,3.81,54.2,60.6,72.4,76.4,75.1,65.6
025,1990,4.13,10.58,4.15,2.62,1.58,3.01,52.1,61.4,73.3,76.2,73.6,69.6
025,1991,2.53,3.23,1.6,2.2,2.14,3.49,58,70.4,76.3,78,76.7,68.5
025,1992,2.82,2.14,1.04,4.64,1.6,5.83,54.5,62.2,70.3,77,70.7,66.7
025,1993,5.74,3.84,4.27,8.98,4.03,8.71,51.7,64.4,73.2,79.6,76.8,64.3
025,1994,9.24,1.84,3.01,2.34,2.23,2.11,55.4,60.9,75.6,75.5,72.7,65.9
025,1995,3.36,11.4,5.66,2.59,3.82,0.33,54.4,62.8,73,77.4,79.5,65.4
025,1996,8.31,6.93,4.72,1.95,1.91,3.85,51,65.8,73.6,74.6,75.4,65.6
025,1997,2.28,3.52,5.23,3.71,2.91,1.76,49.5,59.8,71.4,76.3,72.8,67.6
025,1998,5.89,6.13,8.08,5.98,3.41,2.61,54.3,68.7,74,76.8,75.4,72.4
025,1999,5.76,4.31,6.02,4.03,2.62,0.57,56.4,64.2,73.2,79.3,72.8,67.3
025,2000,2.57,4.66,8.27,5.93,6.42,4.3,52.6,66.5,72.4,74.1,75.4,67
025,2001,1.36,3.59,3.14,4.37,3.26,1.85,60.4,66.2,71.2,76.5,76,66.2
025,2002,5.15,8.97,3.46,1.77,1.49,2.56,56.6,61.3,75.3,79.7,77.7,72
025,2003,4.27,7.08,2.92,3.41,3.16,4.72,56.6,63.1,69,76.6,76.2,65.1
025,2004,1.38,8.65,1.57,5.3,5.92,0.46,56.3,68.5,71.6,74.3,70.5,68.7
025,2005,3.34,1.52,1.74,4.11,4.03,3.37,56.8,62.6,75.2,77.3,78.1,72.1
025,2006,2.24,4.58,3.67,2.4,8.25,4.52,59.2,63,73.1,77.6,76.4,64.9
025,2007,3.23,2.92,4.92,2.67,1.91,2.35,52.2,68.6,73.8,73.8,80.4,71.5
025,2008,4.3,9.35,5.82,4.94,1.23,4.07,53,60.8,75.3,75.9,73.3,69.5
025,2009,9.34,7.13,5.39,4.94,1.61,2.34,53.9,64.1,75,72.3,73.1,67.8
025,2010,3.85,4.65,6.03,5.01,2.39,2.03,60.7,66.6,77.4,79.1,78.2,68.9
025,2011,10.83,5.28,8.5,4.38,0.65,3.76,57,64.1,74.9,80.8,76.1,65.4
025,2012,3.98,2.49,0.58,1.19,4.05,10.47,56.9,70.1,73.6,83.7,75.1,66.1
025,2013,6.2,5.63,9.52,6.72,1.04,1.85,53,65.2,72.5,73.6,73.8,70
025,2014,7.82,3.71,4.46,2.36,6.58,3.9,55.6,65.4,74.4,71.2,74.7,65.8
025,2015,4.02,4.93,12.21,3.82,3.3,4.06,56.2,66.7,73.4,75.9,72.8,70.8
025,2016,5.61,3.82,2.99,6.19,7.43,5.31,55.4,62.8,76.7,77.2,77.2,71.8
025,2017,8.2,6.03,2.3,3.78,1.69,1.03,59.1,65,73.4,78,72,70.2
025,2018,3.31,2.38,9.49,2.89,6.49,8.56,47.9,72.7,76.5,76.4,75.3,72.4
025,2019,5.21,7.3,6.96,3.95,4.32,1.01,55.4,65.9,72.1,77.9,74.5,74
025,2020,5.33,4.51,2.78,8.66,3.62,1.08,51.7,62.2,74.3,78.3,73.6,68
025,2021,2.75,3.55,3.17,8.81,6.91,2.95,54.5,62.8,74.7,75.8,76.7,70.3
025,2022,3.47,3.57,3.2,9.43,5.96,2.16,53,67.2,75.1,77.8,75.1,68.6
025,2023,3.38,3.57,2.56,4.03,6.59,2.55,55.5,65.6,72.2,77.6,74.8,69.8
025,2024,7.24,4.84,1.72,7.65,1.89,5.17,57.6,69.1,75.4,75.6,75,70.3
025,2025,10.88,4.17,4.61,7.98,1.19,2.4,56.2,63.5,75.9,80.7,74.4,71.1
027,1980,1.84,2.93,2.56,2.51,3.54,3.91,52.6,64.8,74.2,82,80.8,70.5
027,1981,3.09,6.76,4.35,6.55,3.32,2.43,61.4,59.9,75.2,77.6,74,65.7
027,1982,2.29,4.46,4.13,4.4,3.34,4.39,50.2,69.2,69.2,77.4,72.9,66.2
027,1983,5.63,5.41,5.26,1.08,1.49,1.28,48.8,61.4,72.9,81.1,81.1,69.6
027,1984,6.2,3.62,1.48,1.31,2.62,7.38,52.3,61.5,76.9,75.8,76.8,66.5
027,1985,2.85,2.92,7.11,1.85,4.28,0.27,58.3,66,71,76.5,73.1,68.6
027,1986,1.47,3.24,2.36,5.52,2.81,4.7,58.3,66.5,76.4,80.3,72.1,72.1
027,1987,2.48,1.65,3.59,7.36,3.95,2.63,55.1,71.3,76.5,78.2,77,69.4
027,1988,1.51,1.09,1.25,4.53,1.97,2.63,54.8,66.2,75.5,78.5,79.4,69.2
027,1989,2.87,4.26,2.86,2.16,2.17,3.63,55.2,61.2,72.1,77.1,75.3,66.2
027,1990,4.27,11.7,3.58,2.85,2.55,2.47,52.6,61.4,74.2,76.7,73.9,69.8
027,1991,3.28,2.8,1.27,3.64,1.85,3.8,58.8,71,77.1,78,76.9,68.5
027,1992,3.18,1.91,1.66,4.2,1.72,3.84,55.9,63.3,71.2,77.3,71.4,66.8
027,1993,4.69,4.71,5.25,7.38,4.54,8.45,52.3,65,73.2,80.2,77.6,64.7
027,1994,10.32,2.1,4.65,1.73,2.81,2.58,56,62.1,75.8,75.2,72.6,65.7
027,1995,3.23,14.08,5.47,2.29,2.54,0.33,54.1,62.3,72.4,77.6,80.3,65.5
027,1996,10.1,5.2,3.49,2.38,1.34,3.75,51.1,67.1,73.9,75,76.3,66.2
027,1997,2.58,2.98,4.06,2.46,3.24,2.12,50.4,60.7,71.9,77.4,73.7,68.2
027,1998,4.89,4.56,7.94,5.51,3.12,2.57,54.7,69.3,74.4,77.6,76.2,72.9
027,1999,4.28,3.77,5.27,3.03,2.38,0.91,57.4,65.3,73.9,80,74.1,67.8
027,2000,3.3,5.65,10.36,6.77,4.7,2.96,54,67,72.5,74.8,77,67.3
027,2001,2.16,4.05,3.4,3.92,4.11,2.37,60.6,66.8,72.2,77.3,77,66.8
027,2002,4.84,7.94,2.76,2.1,2.94,2.45,57.2,61.9,76.1,80.2,77.6,72.2
027,2003,3.63,5.68,5.26,2.85,4.13,5.7,56,63.3,68.9,77.3,77.3,65.5
027,2004,1.36,7.84,1.69,5.78,5.44,0.21,56.4,68.4,71.9,74.8,70.6,68.7
027,2005,2.76,1.14,1.65,4.28,3.98,5.93,57.6,63.6,76.3,78.1,78.4,72.2
027,2006,2,4.23,3.46,2.82,2.07,2.66,60.5,64.1,74.5,78.7,77.5,65.4
027,2007,2.95,4.11,2.98,1.68,0.91,2.12,53,69.6,74.9,75.3,82.3,71.7
027,2008,5.11,8.55,3.37,6.1,2.41,4.61,53.1,61.2,75.4,76.4,73.8,68.9
027,2009,7.55,5.83,4.92,4.54,2.52,2.44,54,64.8,75.4,72.7,72.8,67.9
027,2010,2.6,5.86,5.64,5.8,3.42,2.77,61.1,66.7,77.6,79.2,78.8,68.8
027,2011,9.98,4.39,7.91,4.14,0.93,3.14,57.8,63.7,76.3,82.2,77.2,65.5
027,2012,5.08,1.73,0.97,0.51,3.68,10.91,57.6,70.8,75.2,84.6,76.6,66.8
027,2013,6.5,6.28,7.43,4.92,1.26,1.78,53.3,65.4,73.9,74.7,74.5,70.9
027,2014,7.51,2.41,5.11,1.67,5.98,3.67,55.4,65.8,74.8,72.1,76.1,66.8
027,2015,4.04,6.85,8.68,3.27,4.4,3.71,57.8,67.3,74.9,77.2,74,72
027,2016,4.33,4.62,1.1,5.7,7,5.99,57,63.6,77.9,78.4,77.2,72.2
027,2017,8.24,5.46,2.66,3.83,1.96,1.07,59.2,65.2,74.7,79.5,73.1,71.1
027,2018,3.03,2.89,7.34,3.3,5.45,6.54,48.4,73.4,78.1,77.9,76.2,72.8
027,2019,5.17,6.31,5.43,3.74,6.01,1.08,56.1,66.6,73,78.4,75.3,74.7
027,2020,4.49,5.25,1.96,6.85,3.58,0.81,52.5,62.6,76.2,79.5,74.4,68.2
027,2021,2.52,3.7,2.5,6.86,3.46,2.93,54.9,63.8,76.3,76.6,77.2,70.4
027,2022,3.39,4.87,2.5,6.13,2.44,2.47,53.4,67.8,76.3,78.6,76.2,69.1
027,2023,3.02,2.43,1.18,5.31,3.25,2.01,56.4,66.7,74.3,78,76.2,70.6
027,2024,7.96,6.12,2.92,10.34,1.89,4.78,58.1,69.6,76.5,76.1,75.8,70.6
027,2025,9.36,4.8,3.42,5.92,0.11,1.63,57,63.9,76.2,81.1,75.5,72.1
029,1980,2.08,2.14,4.13,3.25,4.81,4.17,50,63.7,70.6,78.9,77.1,68.2
029,1981,5.15,7.03,4.01,4.7,9.09,3.91,57.6,58.1,73.6,75,71.7,64.6
029,1982,2.36,4.76,4.24,3.58,3.37,1.95,47.6,68,66.9,75.6,71,65.5
029,1983,4.26,5.29,5.92,2.56,1.71,1.39,47.8,59.2,72.3,78.7,78.7,68.1
029,1984,6.26,4.27,0.69,2.16,1.3,5.27,50.3,59.8,76,73.7,75,64.5
029,1985,2.75,3.22,6.31,2.24,6.24,0.33,57.4,65,69.7,74.4,70.8,67.2
029,1986,1.76,3.85,3.46,7,0.77,4.24,56.2,65,74.1,78,69.8,70.4
029,1987,2.63,1.69,3.36,7.6,1.61,2.54,53.3,69.8,74.9,76.2,74.7,67.9
029,1988,1.37,1.71,0.64,3.14,1.51,2.02,53,65.5,74.4,78.1,78,68.5
029,1989,5.89,4.54,2.36,5,3.83,7.32,51.8,59.4,71.6,75.2,73.2,63.7
029,1990,3.02,7.21,5.69,3.44,4.54,1.56,51,59.6,72.3,74.4,71.8,68
029,1991,2.39,3.06,1.61,2.38,3.33,1.97,56.8,69.3,75.2,76.2,75.1,67.7
029,1992,4.26,1.07,1.2,9.6,2.11,3.54,51.8,61.7,69.6,74.2,69.2,65
029,1993,4.87,2.71,4.2,7.69,3.34,8.09,50,63.9,72.1,77.6,75.2,62.4
029,1994,8.37,2.57,3.57,2.99,2.59,2.6,53.4,60.6,74.9,74.3,71,65.5
029,1995,4.25,7.13,3.98,3,3.84,1.41,52.4,61,72.6,77.1,79,64.4
029,1996,6.79,8.51,4,2.23,2.29,3.12,48.9,63.1,72.3,73.5,74.2,64.9
029,1997,1.63,3.74,4.24,2.17,4.08,1.81,48.1,57.7,71.1,75.8,71.3,67.1
029,1998,4.85,5.69,8.79,3.15,2.34,1.39,53.3,67.8,72.3,75.6,75.6,71.7
029,1999,4.64,2.7,6.31,1.25,2.77,1.62,54.5,64.4,72.6,79.2,72.3,66.6
029,2000,2.7,3.72,8.97,4.97,6.32,5.72,51.9,64.9,70.8,72.9,74.3,65.5
029,2001,2.52,3.66,4.37,5.11,3.61,1.69,59.2,65.1,70.2,75.5,74.7,65.3
029,2002,6.71,11.17,3.2,2.38,2.33,1.96,54.4,59.7,74.2,78.7,75.6,70
029,2003,2.18,5.5,2.52,5.44,2.5,6.42,54.6,61.8,68.2,75,75.1,64.2
029,2004,1.34,6.26,2.43,6.01,4.6,0.59,54.7,67.2,70.5,72.8,69,68.1
029,2005,2.25,1.97,1.96,3.15,3.87,4.18,55.3,61.5,74.6,76.4,76.1,71.2
029,2006,5.8,4.11,3.49,3.73,3.1,1.82,57.3,62.3,72,77,74.8,64.3
029,2007,2.89,1.87,4.17,3.55,2.88,2.7,51,68.3,73.4,72.7,78.9,70.3
029,2008,3.12,4.24,6.58,7.59,0.92,5.73,51.8,59.4,74,74.2,71.9,68
029,2009,7.16,6.86,5.15,4.09,3.56,1.31,52.6,63.2,73.7,71.1,71.8,66.1
029,2010,3.32,4.08,8.44,6.6,1.32,4.22,59.5,65,75.6,77.6,77.7,68
029,2011,9.36,4.27,5.27,2.65,0.71,2.8,55.7,62.8,73.8,79.8,75.4,64.5
029,2012,5.07,1.67,0.93,0.42,3.94,7.73,55,69.2,72.6,82.5,74.2,64.9
029,2013,8.11,6.45,7.69,5.1,0.49,0.72,51.8,64.8,71.6,72.4,72.7,69.4
029,2014,5.48,3.1,6.33,3.26,3.31,3.73,54.3,64,74.2,70.1,73.4,64.7
029,2015,3.39,3.7,9.08,2.84,1.85,3.33,54.1,66,72.3,74,72.4,69.6
029,2016,4.87,2.91,3.04,5.26,5.54,3.07,53.3,61.6,75.1,75.3,76,71
029,2017,7.11,7.08,3.29,3.73,1.66,0.37,57.2,62.9,72.9,76.5,71,69.4
029,2018,4.75,3.94,10.66,5.29,3.92,4.47,45.8,72.1,75.2,74.7,75.1,71.4
029,2019,4.01,4.69,7.13,3.19,4.49,1.3,53.6,63.9,71.8,76.6,73,72.1
029,2020,4.17,4.67,5.15,7.51,1.61,1.81,49.5,60.5,73.2,76.9,72,66.1
029,2021,2.18,5.34,8.02,6.29,3.6,3.53,52.7,60.7,74.1,75,76.5,70
029,2022,2.84,3.68,2.08,6.55,5.2,1.77,50.9,65.9,73.9,75.9,73.4,66.6
029,2023,2.47,2.4,2.82,4.23,3.48,1.76,53.8,64.5,71.4,75.5,73.8,68.2
029,2024,6.29,2.85,2,7.92,2.46,2.28,55.4,67.6,74.4,73.7,73.6,68.6
029,2025,6.1,3.74,4.2,5.16,0.49,1.03,54.5,62.5,74.6,78.7,73.2,69.5
031,1980,3.12,3.24,3.77,3.36,6.67,5.88,46.2,59.7,66.2,74.9,73.7,64.8
031,1981,5.71,4.68,5.84,4.66,5.11,3.25,51.8,55.2,70,71.5,70.9,62.5
031,1982,2.92,3.5,2.78,7.01,2.81,1.66,44,64.7,63.1,73.4,68.9,62.7
031,1983,6.51,5.43,3.64,4.26,2.59,4.89,44.2,54.8,70,77.3,76.6,64.9
031,1984,4.19,4.66,3.01,2.15,2.02,3.82,46.1,56.1,71.2,71.7,73.8,62.5
031,1985,1.92,2.73,2.45,3.82,3.64,2.42,53.2,61.9,66.1,73,69.4,66.1
031,1986,1.9,4.08,4.67,4.34,1.81,7.4,52.5,59.3,67.6,75.1,68.7,66.8
031,1987,2.83,4.14,3.71,3.83,10.69,1.7,50.1,63.9,72.9,76.3,71.8,64.4
031,1988,2.41,1.66,1.23,2.85,3.43,2.37,48,61,72.4,76.3,76.8,66
031,1989,1.58,2.76,3.81,4.89,4.38,4.17,46.3,57.4,67.7,73.5,70.8,62
031,1990,1.94,7.12,4.83,4.23,5.59,1.53,49.5,55.7,69.5,71.7,71.2,66
031,1991,4.74,5.34,0.99,1.3,2.6,2.97,52.1,65.9,72.8,75.6,73.4,63.7
031,1992,2.14,0.48,1.52,4.54,2.63,5.45,45.6,57.8,65.3,69.2,66.9,62.6
031,1993,4.94,2.2,10.56,3.58,5.46,5.33,45.3,60.4,67.1,74.1,73,59.1
031,1994,2.65,1.08,5.08,2.74,4.62,1.45,51,57.7,69.9,72.3,68.6,65.6
031,1995,5.31,4.6,2.06,3.31,3.55,1.16,45.2,57.4,71,76.2,78.2,62.6
031,1996,2.98,7.36,5.1,7.7,1.44,2.81,45.4,55.3,68.1,69.9,72,63.4
031,1997,1.72,3.47,3.66,3.29,4.96,1.9,44.9,53.5,68,73,68.9,64.3
031,1998,3.99,3.98,4.92,2.25,4.99,3.24,49.8,64.7,69,73.7,73.6,68.3
031,1999,7.35,3.61,5.68,2.65,2.85,2.97,50.1,62.1,70.5,78,70.1,63.6
031,2000,4.49,4.9,5.97,3.96,2.64,4.74,47.5,62,67.7,70.9,72.3,64.8
031,2001,3,4.04,2.9,3.1,5.81,4.73,52.9,60.9,67.4,74.4,73.1,62.2
031,2002,4.15,5.22,3.88,1.86,4.91,2.35,49.8,54.7,70.7,76.6,73.2,67.5
031,2003,3.01,6.36,1.61,6.72,2.51,2.32,48.4,56.2,65.2,71.8,73.4,63.3
031,2004,1.58,6.79,3.72,3.17,5.1,0.72,50.7,60.2,67.2,71.2,67.2,66.8
031,2005,1.69,1.89,1.38,2.63,2.42,2.66,52,57,74,75.1,73.8,69.4
031,2006,3.72,3.71,3.58,3.92,5.19,4.79,53.2,59.2,67.7,75.5,72.9,62.1
031,2007,4.06,1.84,3.01,4,9.83,1.56,46.6,63.3,70.8,72.4,74.2,67.8
031,2008,3.22,3.96,4.56,4.27,2.26,11.84,49.7,55.5,70.5,73.3,71.5,66
031,2009,5.25,4.1,5.79,2.08,4.67,1.02,47.1,59.6,67.8,68.9,69.8,64.7
031,2010,3.06,5.86,6.77,7.31,2.95,2.88,54.8,61.5,70.8,76.8,75.6,64.8
031,2011,5.48,5.84,5.24,6.61,4.08,3.85,47.4,58.4,69.4,78.1,72.5,61.8
031,2012,2.14,3.22,2.16,3.2,4.15,1.8,49.6,64.2,71.9,80.1,72.4,63.6
031,2013,7.35,4.66,5.07,2.15,2.14,2.06,46.5,60.9,68,72.4,71.9,66.5
031,2014,3.27,4.82,7.22,4.13,7.39,3,48.2,60,70.2,69.4,72.6,63.5
031,2015,3.11,4.69,7.49,3.34,3.36,4.79,50,61.1,67.4,71.9,71.1,69
031,2016,2.58,5.09,2.89,6.09,5.7,2.17,47.9,59.3,71.3,74.7,75.2,69.4
031,2017,5.55,4.39,4.05,6.74,2.11,0.61,52.8,57.1,71,73.4,69.7,68
031,2018,2.03,5.68,8.25,2.44,4.69,3.58,40.5,65.5,70.4,74.3,74.7,68
031,2019,4.94,8.07,4.56,4.62,3.2,8.27,49.1,57.6,67.5,76.3,71.7,68.8
031,2020,4.87,7.99,3.7,3.17,1.24,4.04,46.5,58,71.8,76.6,73.5,64.2
031,2021,1.3,2.71,6.73,1.93,3.16,1.16,50.7,58.8,72.9,73.3,75.6,69.1
031,2022,3.95,4.19,2.38,5.63,2.74,2.48,46,62.7,71.1,74.2,72.9,66.3
031,2023,2.42,0.99,2.09,8.32,2.47,4.08,50.8,60.8,69.2,73.6,72.2,67.1
031,2024,4.5,4.66,4.61,5.09,3.28,1.7,51.7,63.8,72.7,73.3,73.1,68.9
031,2025,2.67,1.77,3.8,5.17,4.03,1.07,49.8,57.3,72.4,76.5,72.3,67.8
033,1980,2.59,2.19,5.41,3.41,4.57,4.65,51.2,64.4,71.6,79.9,78.3,70
033,1981,4.46,8.89,2.43,4.18,6.3,2.82,59.6,59.6,74.7,76.8,73.2,66
033,1982,2.69,5.89,4.13,3.57,3.04,4.23,48.9,68.4,68.1,76.6,71.8,65.9
033,1983,4.93,6.94,4.85,2.13,2.1,1.32,48.5,60.3,72.3,79.7,80,68.5
033,1984,7.51,5.24,1.08,3.35,2.1,5.15,51.7,60.5,76.7,73.8,74.5,64.7
033,1985,2.62,4.95,5.65,1.66,7.15,1.27,57.8,65.1,70.8,75.6,72.2,67.5
033,1986,3.04,4.91,2.08,6.94,2.06,4.38,57,65.6,74.8,79.3,71,71
033,1987,2.73,2.12,4.28,7.06,1.2,1.91,53.4,69.5,74.7,77,76.4,68.7
033,1988,2.15,1.72,0.78,5.26,1.68,1.31,53.9,64.8,74.7,78.1,78.3,68.3
033,1989,4.7,4.76,2.51,6.24,4.86,6.51,53.1,59.9,72.7,76.4,74.5,66
033,1990,3.3,8.9,5.65,3.65,2.56,2.5,52.1,61.2,72.6,75.6,72.9,69
033,1991,2.99,2.11,2.33,2.76,2.68,1.86,57.3,70.3,75.9,77.7,75.9,68.5
033,1992,3.54,2.43,1.48,6.71,2.78,4.94,53.2,62.1,69.9,75.7,70.3,66.3
033,1993,5.05,3.75,4.83,4.47,3.36,7.85,51.2,63.8,71.9,78.6,75.7,64
033,1994,7.83,2.39,2.97,3.28,3.24,2.57,54.8,60.9,75.4,75.8,71.8,65.3
033,1995,3.79,9.46,4.38,3.54,4.49,0.45,53.6,62.5,73.2,77.4,79.3,64.9
033,1996,7.29,9.28,4.2,2.04,1.36,4.63,50.2,64.8,73,74.6,75.1,65.5
033,1997,2.35,4.04,5.73,2.01,4.06,1.72,49.7,59.3,71.2,76.4,72.5,67.5
033,1998,6.91,6.08,6.9,4.47,4.17,1.45,54.4,68.4,73.6,76.1,75.6,71.6
033,1999,4.87,3.62,6.8,2.73,2.09,0.74,55.6,65,73.4,79.5,73,67.4
033,2000,3.39,4.04,6.74,6.78,6.86,5.98,52.5,66.4,72.4,74.1,74.9,66.7
033,2001,2.4,2.74,3.77,6.51,2.84,2.5,60,66.5,71.2,76.2,75.8,66.3
033,2002,4.91,10.25,2.49,2.03,1.36,3.7,56.3,61.7,75.6,79.6,77.1,71.8
033,2003,3.63,5.74,3.54,4.99,3.62,6.15,56.1,63.3,68.9,76,75.7,65.1
033,2004,1.41,6.98,1.82,7.53,3.88,0.75,56.2,68.5,71.7,73.7,70.2,68.6
033,2005,2.95,2.66,2.5,3.25,4.41,4.03,55.8,61.9,74.5,76.9,77.8,71.9
033,2006,5.69,4.77,3.02,3.08,5.15,5.46,58.6,63.2,73.2,77.2,75.8,64.7
033,2007,3.4,2.37,5.65,1.87,2.24,1.98,52.4,69.1,74,73.6,80.1,71.7
033,2008,3.55,6.66,10.19,5.34,1.55,3.93,53.6,60.3,75.1,75.8,73.4,69.1
033,2009,8.86,8.14,5.83,4.54,2.22,3.96,54.5,64.5,74.9,71.7,72.9,67.6
033,2010,3.66,5.7,7.43,5.62,1.11,1.78,60.5,66.8,77.2,78.5,78.2,69.6
033,2011,12.7,4.81,7.86,4.09,0.48,4.32,57,64.1,75.1,80.7,75.6,66.2
033,2012,4.21,1.42,0.52,1.19,3.22,7,56.8,70.2,73.4,83.5,74.6,66.1
033,2013,6.2,6.55,9.31,6.49,1.23,1.78,53.6,65.1,72,73.8,73.6,69.4
033,2014,8.28,3.44,4.55,3.26,3.99,5.51,55.3,65.1,74.4,70.9,74.3,65.3
033,2015,4.59,3.79,8.68,3.57,2.63,3.13,55.5,66.8,73.5,76,72.7,70.7
033,2016,5.29,4.26,3.12,5.37,7.63,3.33,54.7,62.6,76.4,76.3,77,71.3
033,2017,4.7,6.41,2.64,3.3,2.33,1.11,59,64,73,77.1,71.9,69.8
033,2018,3.51,3.1,8.24,2.99,4.02,5.68,47.6,73.4,76.6,77,76,73.3
033,2019,6.33,7.47,6.38,5.07,4.45,0.78,55.4,66,72.6,77.9,74.3,73.5
033,2020,3.51,3.59,3.23,8.8,2.12,0.91,51.6,62,74.4,78,73.5,67.5
033,2021,2.67,2.69,3.76,7.61,5.46,2.48,54.1,62,74.3,75.1,76.6,69.8
033,2022,3.9,4.78,2.13,7.75,4.57,1.7,52.4,67.2,74.6,77.2,74.5,68
033,2023,3.2,2.13,3.58,3.82,3.38,0.88,54.8,64.8,71.8,76.9,74.3,69.2
033,2024,7.92,4.74,1.64,5.6,1.29,2.78,57.8,68.9,75,75.3,74.6,69.9
033,2025,9.63,3.43,5.62,6.47,2.21,2.4,55.9,63.2,75.8,80.1,73.4,69.7
035,1980,2.17,2.62,4.12,3.83,4.37,4.82,50.6,63.9,71.1,79.4,77.8,68.7
035,1981,4.98,7,3.54,5.18,8.04,3.93,58.3,58.4,73.8,75.8,72.3,65
035,1982,2.44,4.97,3.99,3.95,3.49,2.8,48.2,68.2,67.3,76,71.3,65.7
035,1983,4.3,5.71,6.03,2.14,1.46,1.26,48.2,59.6,72.4,79,79.1,68.4
035,1984,7.58,4.78,0.7,1.74,2.22,5.91,50.8,60.1,76.2,73.9,75.2,64.8
035,1985,3.19,3.51,6.55,1.72,6.1,0.33,57.8,64.9,70,74.8,71.3,67.6
035,1986,1.73,3.18,2.75,7.25,1.21,3.65,56.9,65.3,74.5,78.6,70.3,70.8
035,1987,2.8,1.89,2.78,6.61,1.03,2.34,53.3,69.8,75.2,76.6,75.2,68.4
035,1988,1.53,1.65,0.72,3.26,1.89,1.64,53.5,65.5,74.5,78.4,78.6,69.1
035,1989,4.99,4.48,2.71,6.14,3.91,8.19,52.5,59.7,72,75.8,73.9,64.3
035,1990,3.4,7.88,5.66,4.03,4.86,1.82,51.5,60.1,72.6,75,72.3,68.6
035,1991,2.79,3.42,2.04,2.13,3.4,2.04,57.2,69.6,75.5,76.8,75.5,68
035,1992,3.94,1.43,1.14,7.24,2.12,4.58,52.3,62,69.8,74.9,69.5,65.4
035,1993,5.44,3.62,5.43,7.7,3.53,9.15,50.4,63.9,72.3,78.1,75.8,62.9
035,1994,8.12,2.7,3.45,2.96,2.06,2.67,53.7,60.6,75,74.9,71.4,65.8
035,1995,3.83,9.26,4.5,3.36,4.64,1.4,52.9,61.5,72.8,77.3,79.4,64.8
035,1996,6.9,9.74,5.05,1.55,1.67,3.28,49.4,63.8,72.7,74,74.6,65.4
035,1997,1.86,3.67,4.93,2.79,3.37,1.53,48.9,58.2,71.3,76,71.7,67.4
035,1998,4.9,5.43,7.59,3.99,2.66,1.46,53.7,68.1,73,75.7,75.7,71.9
035,1999,4.81,3.18,6.57,1.66,1.84,1.46,55.1,64.5,72.8,79.5,72.7,66.9
035,2000,3.62,4.6,8.45,5.47,6.58,5.43,52.2,65.2,71.3,73.4,74.7,66
035,2001,2.21,3.39,4.91,4.64,2.91,1.99,59.6,65.4,70.5,75.8,75.1,65.6
035,2002,5.62,10.72,3.26,1.73,2.61,1.98,55.1,60.4,74.6,79,76.4,70.8
035,2003,2.47,5.82,2.93,5.07,2.88,5.88,55.2,62.2,68.6,75.6,75.4,64.5
035,2004,1.55,6.71,2.5,6.43,4.46,0.51,55.2,67.7,71,73.3,69.5,68.3
035,2005,2.45,2.25,2.11,3.28,3.57,4.12,55.5,61.7,74.9,77,76.9,71.7
035,2006,5.27,4.86,3.45,3.47,3.57,2.52,57.7,62.8,72.6,77.3,75.2,64.4
035,2007,3.12,2.17,4.65,3.05,2.04,2.41,51.6,68.6,73.8,73.3,79.7,70.9
035,2008,3.38,5.45,8.35,7.1,1.05,4.65,52.2,60,74.5,75,72.3,68.4
035,2009,7.71,6.76,5.14,3.84,3.67,1.61,53.3,63.7,74.3,71.5,72.3,66.6
035,2010,3.74,4.81,8.52,6.26,1.27,3.51,60,65.7,76.4,78.2,77.9,68.3
035,2011,10.55,4.17,6.22,3.32,0.69,2.94,56.5,63.5,74.2,80.2,75.7,64.8
035,2012,4.67,1.82,0.69,0.58,3.94,7.62,55.4,69.5,73,83,74.4,65.1
035,2013,7.91,6.35,7.93,5.08,0.64,1,52.2,64.9,71.9,72.8,73.1,69.5
035,2014,6.69,3.59,5.38,3.08,3.63,4.01,54.7,64.5,74.4,70.4,73.7,64.9
035,2015,3.71,3.79,9.54,3.32,2.22,3.34,54.5,66.2,72.7,74.6,72.7,69.7
035,2016,5.35,3.05,3,6.67,6.36,3.17,53.7,62,75.5,75.8,76.3,71.1
035,2017,7.51,7.15,3.23,3.67,1.82,0.87,57.7,63.4,73,76.8,71.3,69.5
035,2018,4.46,3.35,10.1,5.75,4.68,5.24,46.5,72.5,75.7,75.1,75.2,71.7
035,2019,4.45,5.57,7.45,3.01,4.76,1.05,54.4,64.5,72,77,73.5,72.7
035,2020,4.04,4.72,4.45,8.78,1.92,1.4,50.3,61.1,73.4,77.1,72.5,66.6
035,2021,2.64,5.19,6.64,6.68,4.23,3.3,53.3,61.1,74.1,75.1,76.5,70
035,2022,2.95,4.65,2.65,7.62,6.81,1.97,51.6,66.4,74.1,76.3,73.7,67.2
035,2023,2.4,2.4,2.92,4.21,3.65,1.72,54.3,64.8,71.6,76.2,74.2,68.9
035,2024,6.63,3.47,1.9,7.78,2.11,2.51,56.2,68,74.8,74.3,74,69.1
035,2025,7.86,3.95,4.18,5.88,0.85,1.08,55.1,62.9,75.1,79.2,73.5,70
037,1980,3.54,3.17,3.92,4.76,7.68,7.42,46.9,60.8,66.5,74.7,72.5,64.1
037,1981,5.31,3.63,6.51,2.11,7.15,3.77,52.5,56,70,71.7,70.1,61.7
037,1982,3.74,4.03,3.71,9.47,1.69,1.46,43.4,65,63.6,73.2,68.4,62
037,1983,4.74,5.5,3.92,5.08,2.5,4.38,44.1,55.3,70.4,76.9,75.7,63.8
037,1984,3.52,4.2,3.27,2.49,1.6,3.49,46.8,56.4,71.1,71.1,73.1,62.2
037,1985,1.51,2.51,2.74,3.68,3.41,2.01,54.2,62.8,66.2,71.8,67.7,64
037,1986,2.06,5.27,4.39,4.52,1.93,6.63,52.6,61.1,68.2,75,67.2,65.6
037,1987,2.95,4.89,3.52,3.5,13.08,2.52,50.7,63.9,72.3,75.5,70.6,63.1
037,1988,3.29,1.76,0.54,1.92,4,1.49,47.6,61.8,71.4,76.3,76.2,64.9
037,1989,1.23,2.12,3.64,7.58,4.58,5.11,46.6,57.4,67.9,73.6,69.8,60.6
037,1990,2.53,5.85,6.2,4.54,5.73,1.5,48.4,55.8,69,71.4,70.1,65.2
037,1991,3.33,4.96,1.32,1.38,2.07,3.7,52,65.7,72.6,74.2,72.8,62.9
037,1992,2.49,0.78,1.41,5.73,2.49,5.76,45.7,58.6,65.6,68.7,65.3,61.1
037,1993,5.63,2.69,10.18,4.71,4.29,5.22,45.2,61.2,66.9,73.3,71.9,58.4
037,1994,1.99,1.36,6.69,2.23,5.79,2.93,50.2,59.1,71.1,71.7,67.5,64.4
037,1995,5.27,6.92,1.81,3.66,3.62,1.97,44.6,57.3,71.6,74.9,77.1,60.6
037,1996,2.72,8.85,5.11,8.1,4.04,2.21,45,55.5,68.3,69.6,70.9,62.3
037,1997,1.67,4.11,2.81,1.78,4.48,2.03,44.6,53.3,68.9,72.3,67.9,63.4
037,1998,5.25,4.34,5.27,3.17,4.13,2.61,49.4,64.9,68.2,72.6,72.5,67.4
037,1999,6.24,4.02,6.1,3.21,3.24,4.98,50.6,62.1,70,76.7,68.6,61.8
037,2000,3.75,4.37,7.6,4.48,3.52,4.94,47.9,61.9,66.6,70.5,71.3,64.1
037,2001,3.2,3.5,3.8,1.89,3.3,6.49,52.8,61.7,67.3,74.1,72.5,61.5
037,2002,3.99,4.37,5.3,1.71,5.98,1.85,48.7,54.8,71,76.3,72.1,66.9
037,2003,2.03,6.72,2.02,5.13,1.39,2.26,48.9,57.2,65.8,72,73.4,62.5
037,2004,1.84,7.98,4.17,2.66,4.23,0.65,50.5,60.1,67.1,69.8,65.8,66.1
037,2005,1.74,2.28,1,2.31,3.37,2.03,52.7,56.9,73.8,74.2,72.7,68.7
037,2006,3.68,3.51,3.68,3.35,3.33,4.06,53,59.1,67.8,74.7,71.9,61.3
037,2007,3.73,1.76,4.37,6.09,10.94,0.79,46.4,64.3,69.7,71.3,73.2,66.4
037,2008,4.28,4.46,4.23,5.99,2.31,9.91,49.2,55.6,69.5,71.7,69.2,64.6
037,2009,4.97,4.47,5.44,2.98,6.37,1.18,47.1,59.5,68.2,66.8,67.6,63.9
037,2010,2.94,5.49,7.85,6.55,3.03,2.28,55,61.6,70.1,75.2,73.6,64.1
037,2011,4.68,5.54,4.46,4.89,4.7,4.18,46.8,59,69.3,77.4,71.5,60.7
037,2012,2.68,2.17,1.98,2.61,2.67,1.87,49.4,64.4,70.5,78.9,70.9,62.5
037,2013,7.86,3.6,7.23,1.94,3.2,1.73,45.3,61.5,67.8,71.5,70.4,64.6
037,2014,2.84,2.94,7.79,3.65,5.19,3,47.5,59.3,69.7,68,71.1,62.4
037,2015,3.56,5.38,8.71,3.81,2.96,3.49,50.5,61.1,67.2,70.9,69.4,68.3
037,2016,2.43,5.63,4.44,5.55,5.73,2.34,48.4,59.6,70.5,73.3,73.6,68.4
037,2017,5.69,5.03,4.51,7.92,1.97,0.36,51.8,56.7,70,71.9,67.8,66.3
037,2018,1.25,5.78,7.81,2.31,4.42,3.86,39.5,65.9,70.4,72.5,72.3,66.8
037,2019,4.12,8.36,3.37,3.31,3.57,9.36,47.6,56.9,67.7,76,70,67.1
037,2020,3.87,5.9,3.32,3.76,0.81,5.5,45.7,57.9,71.6,75.3,71.5,62.1
037,2021,1.28,2.86,4.39,2.37,3.58,0.97,49.7,58.6,71.9,72.5,73.8,68
037,2022,4.46,4.36,3.3,5.25,7.21,3.43,44.5,61.8,70.3,72.1,70.4,64.4
037,2023,3.47,1.64,1.99,6.42,2.15,3.73,49.4,60.9,68.9,72.1,70.5,66
037,2024,3.67,3.65,4.65,6.18,2.61,1.65,50.7,63.9,72.1,71.8,71.1,66.8
037,2025,2.68,2.15,3.27,5.61,5.08,1.07,49.3,58.6,71.9,75.4,70.7,66.6
039,1980,1.98,2.77,4.53,1.12,5.7,4.05,49.2,63.1,69.7,78.7,76.6,67.7
039,1981,5.35,6.62,5.53,9.02,8.07,2.5,56.5,57.2,72.7,73.7,71,64.2
039,1982,3.31,4.33,2.43,4.88,3.38,1.74,46,67.3,66.2,74.6,70.2,64.8
039,1983,5.79,5.12,3.88,0.93,2.64,1.45,46.6,58,71.9,78.7,78.6,67
039,1984,4.48,6.02,1.31,3.91,0.78,3.34,49.2,58.7,74.7,72.6,74.2,63.9
039,1985,2.58,2.8,4.91,3.15,5.93,0.76,56.4,64.3,68.8,73.1,69.9,66.8
039,1986,2.15,4.75,4.17,6.18,1.22,7.79,55.7,64,73.1,77.1,68.9,68.8
039,1987,2.92,2.21,3.48,4.76,4.21,1.54,53,69.1,74.2,76.2,74.1,66.4
039,1988,1.87,1.76,0.56,0.83,1.7,2.37,51.4,65.1,72.9,76.9,77.6,67.5
039,1989,5.5,4.24,2.39,3.3,5.13,5.38,51.1,59,71.2,75.1,71.9,62.5
039,1990,1.99,7.63,8.12,4.61,3.05,1.87,49.1,59,72,72.9,71.6,67.2
039,1991,4.1,6.08,0.91,3.09,3.91,2.09,56.2,68.7,75.9,76.1,74.5,66.7
039,1992,2.25,0.55,2.67,12.93,1.19,3.03,50.8,60.7,69,73,68.4,64.4
039,1993,5.53,1.38,5.23,7.42,5.32,7.69,49.3,63.4,70.5,75.6,74.1,60.8
039,1994,7.71,3.02,3.12,2.08,3.1,2.54,51.9,60.6,73.8,73.2,69.6,64.2
039,1995,4.02,10.08,2.3,1.82,4.45,0.84,49.2,59.2,72.1,75.9,78.7,63
039,1996,3.27,7.62,3.65,3.95,2.51,2.24,47.7,61,71.3,72.1,72.5,63.8
039,1997,1.43,4.07,4.57,2.35,6.09,3.8,46.9,57.3,69.9,74.3,69.8,65.7
039,1998,3.71,5.76,8.31,2.65,3.25,0.99,52,66.4,71.1,74.6,74.2,71.1
039,1999,5.46,3.7,6.37,2.4,5.29,1.71,53.3,64.2,72,77.7,70.6,64.7
039,2000,3.44,3.58,6.17,2.57,3.08,2.82,51.2,64.5,69.9,72.5,73.9,66.6
039,2001,2.29,2.99,3.17,3.17,3.4,2.35,57.3,64.8,69.1,75.1,73.9,64.1
039,2002,5.19,6.16,3.94,3.87,5.9,1.68,52.5,58.4,73.9,77.6,73.9,68.7
039,2003,2.61,4.51,3.03,6.57,2.98,4.43,52.9,61,67.5,74.2,74.3,63.7
039,2004,1.58,6.76,4.19,4.33,5.64,0.4,53.4,65.6,69.6,72.4,67.7,67.7
039,2005,1.83,1.5,1.21,3.97,3.97,3.66,54.8,61,74.6,75.5,74.5,70.4
039,2006,4.35,2.71,3.41,5.88,4.36,3.16,56.1,62.2,70.8,76.5,73.3,63.5
039,2007,3.41,1.59,5.21,2.5,2,1.26,49.9,67.7,72.4,72.1,77.6,69.8
039,2008,2.38,3.88,5.46,6.15,0.63,9.37,50.8,58,73.1,73.6,70.8,66.4
039,2009,6.05,5.65,5.8,4.64,4.66,1.87,51,62.6,72.9,69.5,69.9,65
039,2010,3,4.19,10.08,3.44,2.73,5.05,57.8,63.8,74.3,76.8,76.4,67
039,2011,6.54,5.25,5.04,2.08,1.37,2.79,52.6,61.9,72.2,79,74.1,63
039,2012,2.66,1.99,1.43,1.24,4.07,5.77,54.5,68.1,71.9,81,73,64.8
039,2013,6.76,5.52,4.56,2.2,0.69,0.87,50,64.1,71.5,72.5,72.3,68.7
039,2014,3.21,3.45,6.78,5.47,5.74,6.2,52.6,64,72.6,69.4,73.2,64.3
039,2015,2.61,6.51,7.7,5.69,1.85,4.9,53.8,65.2,71.8,73.2,71.7,70.6
039,2016,2.59,5.02,3.32,7.34,5.24,3.54,52.5,61.9,74.3,74.9,75.3,71
039,2017,5.17,3.97,1.86,3.35,2.52,0.55,56.5,61.6,73,75.6,69.9,68.5
039,2018,2.7,3.66,5.74,4.09,2.4,3.27,44.4,71.5,74.4,73.6,74.5,70.5
039,2019,4.03,8.56,3.68,1.7,4.17,4.36,52.4,63.1,71.2,77.1,72.3,71.4
039,2020,6.42,5.62,2.53,4.17,1.44,2.04,49.3,60.4,73.9,76.7,72.1,65.4
039,2021,2.72,4.73,6.42,3.84,3.85,2.19,52.4,61.2,74.2,73.9,75.2,69.8
039,2022,3,3.57,2.44,2.62,4.03,2.43,49.3,65.4,73.6,75,73.1,66.6
039,2023,2.15,2.47,1.76,4.43,4.24,4.05,53.1,64.8,71.4,74.5,73,68.1
039,2024,6.99,2.72,2.75,5.03,3.63,1.47,53.6,66.8,74.2,73.1,72.9,67.7
039,2025,4.26,3.33,3.44,5.79,1.29,1.09,53.4,62.1,73.9,77.7,72.7,68.8
041,1980,2.03,2.3,3.39,2.86,5.36,3.94,49.8,63.8,70,78.4,76.5,67.5
041,1981,5.32,6.43,4.22,6.89,8.61,3.05,57.1,58,73.3,74.1,71.2,64.3
041,1982,2.36,3.2,4.13,4.17,2.69,1.86,47,67.8,66.6,75.2,70.6,65.5
041,1983,4.46,4.93,5.72,1.89,2.37,1.09,47.4,59,72.7,78.8,78.4,67.8
041,1984,5.2,4.91,0.73,3.42,1.39,4.69,49.9,59.2,75.9,73.3,74.4,64.3
041,1985,2.53,2.79,4.93,2.89,6.55,0.4,56.7,65.1,69.5,74,70,66.6
041,1986,2.25,4.42,4.62,6.06,0.98,4.94,55.4,64.6,73.8,77.6,69.5,69.9
041,1987,2.87,1.53,5.49,6.54,2.86,2.39,53.2,69.7,74.5,76.1,74.3,67.4
041,1988,1.43,1.5,0.45,3.47,1.19,2.22,52.4,65.4,74.4,77.8,77.7,67.8
041,1989,5.66,4.95,2.03,3.13,3.39,6.2,51.5,59.1,71.6,75.1,72.9,63.4
041,1990,2.44,6.57,6,3.34,3.43,1.72,50.5,59.5,72.2,74.1,71.8,67.6
041,1991,2.52,4.14,1.19,2.29,3.98,2.34,56.5,69.6,75.6,76.4,75,67.3
041,1992,4.73,0.92,1.66,12.63,2.06,3.06,51.4,61.3,69.3,73.7,69.2,65
041,1993,5.76,2.1,4.29,6.61,3.78,7.59,49.8,64,71.6,77,74.8,61.9
041,1994,8.44,2.65,2.96,2.14,3.96,2.99,53,60.6,75,74.1,70.7,65
041,1995,3.39,6.63,2.91,2.25,5.36,1.05,51.5,60.5,72.7,76.9,78.8,63.9
041,1996,6.34,11.7,4.1,2.32,2.09,2.81,48.5,62.2,72,73.1,73.9,64.4
041,1997,1.25,4.15,4.76,2.62,5.41,3.12,47.8,57.6,70.8,75.3,70.8,66.6
041,1998,4.76,6.52,7.84,4.33,1.71,0.81,53,67.4,72,75.3,75.3,71.8
041,1999,5.12,2.6,5.67,1.61,3.82,1.47,54.1,64.9,72.9,78.8,71.4,66
041,2000,2.05,3.02,7.93,3.6,4,4.27,51.2,64.8,70.7,72.9,74,65.8
041,2001,2.67,3.05,3.5,4.93,4.29,1.77,58.9,64.9,70,75.3,74.3,64.9
041,2002,5.98,9.21,3.2,3.89,3.56,2.04,53.7,59,74.2,78.8,75,69.4
041,2003,1.89,5.35,2.68,6.54,2.24,6.49,54.3,61.7,67.8,74.7,74.8,64.3
041,2004,1.56,5.29,3.1,4.73,4.43,0.6,54.3,66.8,70.1,72.6,68.4,68.4
041,2005,2.9,2.01,2.05,3.3,4.2,4.84,55.4,61.4,74.6,76,75.4,71
041,2006,4.53,3.69,2.18,3.37,3.32,1.25,56.8,62.2,71.7,76.8,74.1,64.2
041,2007,2.71,1.53,3.9,3.65,2.44,3.29,50.4,68.5,73.2,72.4,78.3,70.3
041,2008,2.98,4.45,8.9,8.34,0.8,7.54,51.8,58.7,73.8,74,71.6,68.1
041,2009,7.31,6.56,6.96,4.23,5.2,0.98,52,63.1,73.4,70.6,71.2,66.5
041,2010,2.63,4.42,7.9,5.41,1.36,4.01,58.9,64.8,75.2,77.4,77,67.9
041,2011,7.83,4.34,4.92,1.68,1.12,2.56,54.3,62.5,73.4,79.7,74.6,64.4
041,2012,2.96,1.87,1.39,0.92,3.54,5.72,54.8,69,72.2,81.8,73.7,65
041,2013,7.38,5.11,6.53,3.5,0.36,0.71,51.2,64.8,71.5,72.5,72.5,69.4
041,2014,4.47,2.96,6.58,3.9,3.5,3.36,53.6,64.1,73.7,70,73.2,64.7
041,2015,2.88,4.41,8.8,2.58,2.25,4.41,54.1,66.1,72.1,73.6,71.9,70.1
041,2016,4.01,3.4,3.82,4.8,5.23,3.56,53.1,61.8,74.6,75.1,75.6,71.1
041,2017,6.52,6.22,2.26,4.36,1.27,0.55,57.1,62.3,73,76.2,70.7,69.5
041,2018,3.18,3.68,8.31,4.66,3.5,4.51,45.4,72,74.8,74.3,74.7,71.3
041,2019,4.45,5.84,5.2,2.81,3.6,2.67,52.9,63.8,71.7,76.9,72.6,71.8
041,2020,4.38,5.35,4.95,5.34,1.41,2.07,49.3,60.4,73.5,76.9,72.1,65.9
041,2021,2.26,4.22,7.71,3.79,3.64,4.62,52.5,60.9,74.3,74.7,76,70.2
041,2022,2.82,3.28,1.22,3.78,5.26,1.95,50.3,65.8,74,75.8,73.1,66.6
041,2023,2.27,2.66,2.63,4.36,4.21,1.85,53.5,64.8,71.2,75.1,73.4,68.2
041,2024,6.51,3.52,1.83,7.18,3.41,2.18,54.8,67.5,74.4,73.5,73.3,68.6
041,2025,4.65,3.38,3.48,5.15,1.23,0.99,54.1,62.5,74.6,78.5,73,69.4
043,1980,3.11,3.19,3.7,3.87,7,6.25,46.4,59.9,66.2,74.8,73.4,64.4
043,1981,5.47,4.66,5.72,4.33,5.46,3.09,51.8,55.5,69.8,71.2,70.4,62
043,1982,3.04,3.66,2.55,7.1,3.02,1.46,44,64.5,63.1,73.3,68.3,62.4
043,1983,6.71,5.18,3.89,5.33,2.2,4.66,44.1,54.8,69.8,77,76.2,64.3
043,1984,3.97,4.38,3.46,2.17,1.8,4.09,46.4,56.2,71.2,71.3,73.6,62.4
043,1985,1.85,2.92,2.28,3.72,2.86,2.07,53.2,62.1,66.1,72.4,68.9,65.7
043,1986,1.62,3.76,4.03,4.53,1.75,7.94,52.5,60,67.7,74.9,68.1,66.5
043,1987,2.7,3.92,3.41,3.89,12.89,2.13,50.2,64.1,72.6,76.1,71.6,64.1
043,1988,2.65,1.78,1.6,3.43,3.51,2.53,48.2,61.3,71.9,76,76.3,65.6
043,1989,1.32,2.35,3.38,5.96,4.27,4.8,46.2,57.3,67.7,73.4,70.4,61.6
043,1990,1.87,7.57,5.34,4.15,5.04,1.37,49.2,56,69.3,71.5,71,65.7
043,1991,4.76,6.33,0.94,1.55,2.11,2.59,52,65.6,73,75.3,73.4,63.8
043,1992,2.45,0.36,1.54,4.72,2.89,5.85,45.8,57.9,65.6,69.3,66.6,62.1
043,1993,5.26,2.16,10.23,3.15,4.95,5.01,45.6,60.4,67.3,73.9,72.5,58.9
043,1994,2.15,1.28,5.53,2.35,5.86,1.55,50.9,58.2,70.2,72.1,68,65.2
043,1995,5.68,5.15,2,3.55,4.34,1.41,45.5,57.7,71.2,76,78,61.9
043,1996,2.77,6.65,5.41,7.67,1.69,2.66,45.5,55.4,68.3,69.7,72,63.3
043,1997,1.84,3.77,3.36,2.73,5.05,1.82,44.8,53.7,68.7,73.1,69,64
043,1998,4.4,3.98,4.96,2.51,5.38,3.35,49.6,64.9,68.9,73.5,73.4,67.9
043,1999,7.02,4.2,5.57,2.87,2.83,3.36,50,62.2,70.5,77.9,69.9,63
043,2000,4.73,4.95,6.05,4.19,2.73,4.31,47.8,62.2,67.6,71,72.3,64.6
043,2001,3.38,4.14,2.81,2.96,4.69,5.61,53.2,61.2,67.7,74.8,73.3,61.9
043,2002,4.23,4.71,4.1,2.48,5.38,2.01,49.9,55.2,71,76.6,73.1,67.5
043,2003,2.79,6.61,1.68,6.38,3.1,2.39,49,57,65.8,71.8,73.4,63.2
043,2004,1.46,6.52,4.4,2.89,4.98,0.53,50.6,60.8,67.5,71.1,67.2,66.4
043,2005,2.04,2.08,1.18,2.46,2.36,2.33,52.4,57.2,74.2,75.1,73.6,69.3
043,2006,3.76,3.97,4.58,3,3.98,4.97,53.1,59.3,67.8,75.5,72.8,61.9
043,2007,4,1.55,3.17,4.79,9.19,1.28,46.8,63.7,70.8,72.3,74.3,67.3
043,2008,3.11,4.27,4.61,4.04,2.46,11.5,49.6,55.5,70.5,72.8,71.2,65.1
043,2009,5.16,4.53,5.08,2.14,5.28,1.21,47.3,59.7,68.3,68.6,69.6,64.5
043,2010,2.77,5.75,7.64,7.15,3.8,2.84,54.9,61.7,70.8,76.7,75.4,64.7
043,2011,4.79,5.53,5.02,6.06,4.39,3.57,47.5,58.9,69.8,78.1,72.4,61.4
043,2012,2.09,3.22,1.75,2.88,3.58,1.74,49.4,64.4,72,80.1,72,63.2
043,2013,8.02,4.69,4.91,2.63,2.42,2.18,46.4,61.1,68.2,72.1,71.6,66
043,2014,3.17,4.87,7.51,3.84,7.34,2.79,48.1,60.2,70.5,69.1,72.4,63
043,2015,3.56,4.82,8.07,3.74,3.13,4.45,49.8,61,67.6,71.6,70.6,68.5
043,2016,2.68,6,3.37,6.42,5.05,1.77,48,59.6,71,74.4,74.9,69
043,2017,6.06,4.99,3.77,6.42,2.36,0.49,52.5,57.1,70.7,72.9,69.2,67.4
043,2018,1.98,6.49,7.41,1.85,4.83,3.21,40.4,65.9,70.9,74.1,74.3,67.7
043,2019,5.14,9.12,4.06,4.53,3,8.56,48.9,57.7,67.9,76.3,71.4,68.4
043,2020,4.7,8.09,3.68,2.98,1.01,4.3,46.5,58,71.8,76.3,73,63.6
043,2021,1.24,2.8,6.62,2.18,3.14,1.19,50.7,58.8,72.9,73.2,75.4,68.7
043,2022,4.28,4.43,2.41,5.38,3.43,2.48,45.9,62.7,70.9,74,72.3,65.7
043,2023,2.62,1.09,1.79,8.72,2.22,3.79,50.3,60.9,69.2,73.4,72,66.8
043,2024,4.07,4.45,4.96,4.87,3.26,1.68,51.7,63.8,72.7,73.2,72.8,68.3
043,2025,2.7,1.73,3.44,5.51,4.35,0.92,49.8,57.9,72.6,76.4,72,67.3
045,1980,2.53,1.98,4.4,2.98,5.05,3.26,49.2,63,69.7,78.3,76.3,67.8
045,1981,5.91,8.34,2.95,6.18,6.29,3.67,57.3,58.3,73.4,74.4,71.3,64.3
045,1982,2.26,4.77,4.35,6.31,2.61,2.87,47.1,67.7,66.6,75.3,70.4,64.8
045,1983,4.17,5.05,4.61,2.7,4.16,1.29,47.5,58.8,72.2,78.5,77.9,67.1
045,1984,5.88,4.41,0.87,2.94,2.05,4.52,49.8,59.2,75.8,72.9,74,64.2
045,1985,2.84,3.86,4.62,2.87,6.08,0.95,57.2,64.5,69.3,73.8,70.2,66.7
045,1986,2.25,4.6,3.55,4.77,0.94,4.05,55.5,64.4,73.4,77.5,69.4,69.6
045,1987,2.97,1.58,4.8,7.25,1.6,2.58,52.8,69.1,74.3,76.2,74.4,67.7
045,1988,2.17,1.69,0.62,5.25,1.71,2.01,52.2,64.7,74.1,77.5,77.4,67.5
045,1989,6.31,5.4,2.24,7.73,5.74,8.04,51,58.9,71.5,75,72.6,63.5
045,1990,3.11,6.93,5.66,4.65,4.52,1.89,50.5,59.2,71.7,74.1,71.6,67.5
045,1991,2.77,4.08,2.21,2.75,3.59,1.65,56.4,69.2,75.1,76.3,74.5,67
045,1992,5.71,1.21,1.47,9.56,2.21,4.06,51.2,61,68.9,73.4,68.7,64.8
045,1993,4.84,3.37,4.4,5.1,5.99,8.34,50.1,63.6,71.1,76.7,74.6,61.7
045,1994,7.26,2.85,2.81,3.3,3.39,3.11,53.6,60.2,74.7,74.1,70.3,64.9
045,1995,3.84,5.84,3.27,2.47,4.76,1.05,51.1,60.5,72.2,76.3,78.5,64
045,1996,7.44,8.54,4.75,2.45,1.97,3.44,48.5,62.8,71.6,72.8,73.6,63.8
045,1997,1.7,4.17,3.85,1.66,4.84,2.14,47.9,57.3,70.1,74.8,70.2,66.3
045,1998,4.46,6.74,10.33,3.88,3.86,0.85,53.4,67.1,71.6,74.7,74.7,71.2
045,1999,4.37,2.85,5.07,2.33,2.43,1.48,54,64.8,72.2,78.5,71.9,66.7
045,2000,2.71,3.65,7.55,3.5,4.33,4.65,51.3,64.7,71,72.8,73.7,64.8
045,2001,2.43,4.02,2.95,7.05,3.54,1.9,58.4,65.3,69.8,74.8,74.2,64.9
045,2002,5.87,8.91,2.82,3,2.68,1.89,54.1,59.4,74.1,78.5,75.3,69.8
045,2003,2.36,5.29,2.86,6.7,2.51,7.88,53.9,61.8,67.9,74.6,74.4,63.9
045,2004,1.48,5.57,3.09,4.54,3.85,0.82,54.5,67,70.2,72.8,69.2,68.1
045,2005,3.02,2.2,2.43,4.21,4.38,4.24,54.9,60.7,74,76.2,75.3,70
045,2006,3.93,4.86,4.74,4.75,3.49,2.57,56.9,61.7,71.6,76.7,74.3,63.8
045,2007,3.43,1.43,4.05,3.71,3.64,2.66,50.4,68.3,73.5,72.8,78.5,70
045,2008,3.36,5.11,10.94,5.89,1.02,6.27,51.8,58.5,73.4,74.2,71.6,68
045,2009,7.29,6.73,5.88,5,4.36,1.09,52.3,62.7,73.2,70.2,71.5,66.2
045,2010,2.73,4.9,8.72,4.61,0.83,2.04,59,64.6,75.6,77.8,77.4,68.4
045,2011,10.25,5.04,5.59,2.44,1.52,2.62,54.3,62.4,72.9,79.3,73.9,64.4
045,2012,3.04,2.3,0.79,0.36,3.74,4.62,54.3,68.7,71.9,81.9,73.3,64.8
045,2013,7.29,4.73,5.09,3.47,0.54,1,51.3,64.8,70.9,72.2,71.9,68.5
045,2014,5.41,3.42,6.18,2.96,3.77,3.33,53.4,63.6,73.4,69.5,72.9,64.4
045,2015,3.9,3.31,8.9,2.87,1.44,3.39,53.7,65.7,71.8,73.6,71.6,69.4
045,2016,4.84,3.05,4.75,6.17,5.05,2.9,52.9,61.2,74.3,75,75.7,70.8
045,2017,7.05,6.75,3.47,3.66,1.75,0.45,57,62.1,72,75.6,70.2,68.8
045,2018,4.8,4.4,6.44,3.98,3.82,5.92,45,71.1,74.4,74,73.8,70.5
045,2019,4.73,4.35,6.65,2.58,3.75,1.98,52.6,63.2,70.7,76.3,72,71.4
045,2020,3.19,3.84,5.37,8.65,1.29,0.83,49.1,59.7,72.4,76,71.4,65.6
045,2021,1.91,4.21,7.74,4.71,2.64,3.06,52.2,59.7,74.1,74.4,75.8,69.4
045,2022,2.9,4.41,1.42,4.23,4.43,1.96,50.2,65.3,73,75.7,73,66.4
045,2023,2.03,2.65,3.12,4.03,3.27,1.69,53,63.6,70.2,74.9,73.1,67.8
045,2024,7.2,3.06,1.73,6.56,2.16,2.94,55,67.3,73.5,73.4,73.3,68.7
045,2025,3.77,3.07,4.73,4.55,1.18,1.27,54.7,62.4,74.2,78.6,72.2,68.6
047,1980,2.61,2.74,4.18,2.78,2.29,3.43,52.7,65.4,73.4,81.2,80.5,71.5
047,1981,3.28,11.1,1.63,4.86,4,1.36,61,60.6,75.8,77.6,74.1,66.6
047,1982,2.73,5.1,3.54,3.35,3.25,5.59,50.5,69.6,69.6,77.5,73.3,66.7
047,1983,8,8.61,4.74,1.61,1.75,1.4,48.8,61.8,72.8,80.2,81,69.9
047,1984,7.17,3.8,0.91,2.42,1.82,4.61,53.2,61.9,77.9,75.8,76.2,66.5
047,1985,2.23,5.04,7.19,1.61,7.83,1.59,59.1,66,71.6,76.6,73.4,68.3
047,1986,2.94,5.25,3.84,6.56,2.91,3.4,58.6,66.4,76,80,71.8,72.1
047,1987,2.56,2.89,5.11,6.84,0.85,2.06,54.2,70.6,75.7,77.7,77,69.5
047,1988,2.31,1.95,1.08,5.62,1.33,1.81,55.2,66.1,75.3,78.7,79.2,69.2
047,1989,3.09,4.84,5.31,3.98,5.1,2.91,55,61.2,72.4,76.5,75.3,66.8
047,1990,3.88,9.76,4.35,2.65,1.78,3.94,53.4,62,74.2,76.7,74.1,69.9
047,1991,2.99,1.99,2.18,1.92,1.84,5.65,59.3,71.5,76.7,78.5,76.9,68.9
047,1992,2.64,3.67,1.07,6.51,2.7,4.86,55.3,62.6,70.5,77.1,71.4,66.6
047,1993,5.86,4.27,3.87,5.75,2.79,7.26,52.2,64.8,73.9,80.4,77.2,64.6
047,1994,7.22,2.5,4.99,2.2,3.04,2.4,56.7,61.8,75.9,76.2,72.9,66.2
047,1995,3.84,10.29,4.34,2.15,4.19,0.59,55.3,63.6,73.6,78,80.3,66.3
047,1996,10.85,5.8,6.17,3.1,2.35,4.48,51.8,67.2,73.8,74.8,76,66.3
047,1997,3.04,5.26,7.54,2.07,3.36,1.42,50.6,60.4,72.3,77.5,73.7,68.5
047,1998,8.08,5.43,6.31,4.18,4.28,2.03,55.4,69.6,74.7,77.8,76.2,73.2
047,1999,6.32,3.35,5.35,6.16,1.27,0.66,57.2,65.6,74.4,80.2,74.2,68.4
047,2000,2.75,3.58,8.57,4.25,8.02,3.48,53.5,67.6,73.3,75.1,75.8,67.6
047,2001,1.72,3.58,2.87,5.53,2.9,1.89,61.3,66.9,72.1,77.8,76.9,67.3
047,2002,5.5,9.21,2.87,2.07,0.84,4.2,58.2,62.8,76.6,81.1,78.6,73.5
047,2003,3.45,7.03,3.16,2.77,2.26,4.09,57.3,64,69.6,77,77.4,65.9
047,2004,1.69,8.35,2.2,6.29,7.85,0.11,56.6,69.7,72.8,75.2,71.3,69.9
047,2005,4.08,2,1.56,2.44,7.03,2.97,57.3,63.3,75.8,77.6,78.7,72.5
047,2006,3.3,5.26,4.75,2.85,5.01,4.84,60,64.2,74.2,78.5,77.3,65.4
047,2007,3.32,2.84,4.08,2.32,1.61,2.99,53,69.4,74.5,75.2,82,72.5
047,2008,4.94,7.57,4.25,5.5,1.13,2.86,54.2,61.5,75.8,76.6,74,70.3
047,2009,7.59,7.04,4.49,6.6,2.11,5.63,55.4,65.4,75.9,72.8,73.9,69.2
047,2010,3.38,4.82,4.34,4.74,2.37,0.86,61.5,67.8,78.5,79.8,79.5,70.5
047,2011,11.88,6.58,7.83,6.12,1.01,6.38,58.2,64.8,75.9,81.7,76.9,66.5
047,2012,2.51,2.61,0.35,1.69,2.83,9.86,58.5,71.2,75,84.6,76,67.4
047,2013,4.39,7.3,6.93,6.97,1.57,2.46,54.6,66.1,73.4,74.8,75,70.5
047,2014,7.7,3.9,5.06,3.51,5.8,3.43,56.8,66.4,75.6,72.2,75.8,67.3
047,2015,5.5,4.84,10.03,4.46,2.71,3.59,57.1,67.5,74.8,77.3,73.6,71.6
047,2016,4.95,4.98,2.69,6.8,6.7,4.98,56.7,63.9,77.8,78.6,78.8,73.2
047,2017,7.58,4.9,2.86,3.44,1.67,1,60.7,66.5,74.4,79,73.3,71.1
047,2018,3,3.23,8.76,2.86,4.79,8.8,49.5,73.3,77,77.3,76.8,73.9
047,2019,6.68,7.92,6.34,4.15,5.53,1,56.8,67,73.2,78.7,75.6,75.1
047,2020,5.02,4.92,3.66,8.61,3.33,1,52.8,63.2,75.1,79.3,74.7,69
047,2021,2.86,3.03,4.94,7.01,4.92,2.77,55,63.2,75,76.7,77.6,70.8
047,2022,4.12,2.97,2.58,8.04,5.13,1.79,54.2,68.4,75.7,78.5,75.7,69.1
047,2023,3.61,2.97,2.37,4,6.42,1.94,56.3,65.8,72.6,78,75.2,70
047,2024,6.31,5.05,2.4,7.5,2.43,5.22,58.9,69.7,75.9,76.6,75.8,71.1
047,2025,10.35,4.3,4.37,6.66,1.3,2.92,57,64.1,76.3,81.2,74.8,71.3
049,1980,2.18,3.17,4.31,4.77,3.69,5.35,50.9,63.6,71.3,79.7,78.5,69.1
049,1981,3.94,6.35,2.83,6.56,6.12,1.97,59,58.6,73.7,76.2,72.6,64.8
049,1982,2.46,4.37,4.44,5.49,3.19,4.48,48.4,68,67.4,75.8,70.8,65.8
049,1983,4.58,5.8,6.56,1.69,1.19,1.2,48.1,59.7,72.3,79.1,79.4,68.5
049,1984,6.71,4.73,0.97,1.47,1.61,7.72,51.1,60,75.7,73.7,75.1,65.2
049,1985,2.47,2.79,6.9,1.92,6.34,0.31,57.5,64.6,69.8,74.9,71.4,67.9
049,1986,2.1,2.88,1.72,8.04,1.96,2.9,57.1,65.5,74.6,79,70.5,70.8
049,1987,2.96,2.81,3.28,6.7,1.63,2.33,53.2,69.7,75.3,76.9,75.5,68.4
049,1988,1.21,1.48,0.74,3.73,1.28,1.87,53.5,65.1,74,78,78.9,69.2
049,1989,3.91,4.8,3.23,3.03,3.28,5.82,53.3,59.7,72.3,76.1,74.6,64.9
049,1990,3.91,8.92,5.42,3.58,3.93,1.72,51.6,60.8,73.3,75.8,72.9,69.3
049,1991,2.62,4.98,2.23,2.71,3.11,2.72,57.4,70.1,76,77.2,75.8,67.9
049,1992,3.71,1.98,0.53,5.13,2.9,4.43,53.1,61.9,69.8,76.1,69.6,65.9
049,1993,5.27,4.21,4.15,7.99,4.24,8.6,50.7,64,72.3,78.7,76.3,63.2
049,1994,9.37,2.31,5.62,2.83,1.38,2.85,54,60.4,74.9,75.3,71.7,65.6
049,1995,3.56,9.8,4.52,2.83,3.98,0.45,52.8,61.6,72.7,77,79.6,64.8
049,1996,7.81,7.68,3.54,1.89,1.38,3.59,49.9,64.7,72.9,74.2,75,65.4
049,1997,1.8,3.25,3.79,2.6,3.42,1.74,49.2,59,71.1,76,72,67.4
049,1998,5.1,5.3,7.48,4.98,2.51,2.38,53.8,68.2,73.4,76.1,75.3,72
049,1999,5.16,3.76,6.26,3.2,2.28,1.27,55.7,64.5,72.9,79.2,72.9,66.8
049,2000,3.06,4.99,8.75,6.2,6.25,4.52,52.2,65.7,71.8,73.9,75,66.4
049,2001,2.2,3.81,4.11,3.16,3.36,2.08,59.6,65.8,70.7,76.1,75.8,66.1
049,2002,5.91,9.9,3.76,1.18,1.86,2.09,55.8,60.7,75.1,79.4,77.2,71.4
049,2003,2.7,6.46,3.67,4.4,3.53,4.81,55.8,62.7,68.6,76.3,75.8,64.7
049,2004,1.24,8.71,2.15,4.54,5.05,0.29,55.8,68.2,71.2,73.7,70,68.9
049,2005,2.4,1.89,1.72,2.79,3.6,4.08,56.8,62.3,75.3,77.6,77.6,72.1
049,2006,3,4.42,3.52,3.26,3.98,2.41,58.2,63,73,77.4,75.8,64.4
049,2007,3.09,2.59,4.5,2.29,1.82,1.82,51.7,68.6,74,73.6,80.1,71.3
049,2008,4.38,5.68,7.7,7.11,2.28,4.95,52.4,60.2,74.8,75.4,72.6,69
049,2009,8.23,6.02,4.9,3.86,3.75,1.93,53.5,64.2,74.6,71.9,72.5,67.5
049,2010,3.29,4.75,8.19,6.3,1.75,3.08,60.4,66,77.1,79,77.8,68.5
049,2011,10.77,3.21,9.04,4.1,1.15,3.1,56.3,64,74.5,80.6,75.6,65
049,2012,3.71,2.05,0.72,0.71,5.34,7.89,55.7,69.6,73.1,83.2,74.6,65.3
049,2013,8.58,6.04,6.4,4.96,1.1,1.27,52,64.9,72.3,73.2,73.1,69.4
049,2014,8.56,3.39,4.13,2.91,4.89,4.44,54.6,64.8,74,70.5,74.2,65.3
049,2015,3.76,4.51,11.21,4.02,3.63,3.38,55.1,66.4,72.9,75,72.6,70.5
049,2016,6.16,3.74,1.77,7.28,6.62,3.42,54.2,62.4,75.9,76.2,76.4,71.2
049,2017,8.39,7.3,2.55,4.7,1.32,0.63,57.7,63.6,73,77.2,71.3,69.5
049,2018,4.25,1.65,9.6,6.26,5.74,5.33,46.6,72.4,75.9,75.3,74.8,71.6
049,2019,5.32,7.68,6.79,2.73,6.55,1.09,54.4,64.8,71.6,77.4,73.5,72.8
049,2020,4.84,4.09,2.76,9.1,2.15,1.02,50.7,61.4,73.8,77.3,72.7,66.9
049,2021,3.12,4.22,3.34,7.36,4.98,3.33,53.5,61.7,74.1,75,75.8,69.8
049,2022,2.92,5.07,3.8,8.64,9.15,2.62,51.5,66.2,74.2,76.7,74.1,67.6
049,2023,2.36,3.35,2.32,2.78,5.36,1.26,54.7,65.1,71.9,76.8,74.4,69.4
049,2024,7.41,3.74,1.69,7.61,1.88,3.37,56.3,68.3,75,74.5,74.2,69.5
049,2025,9.92,3.97,2.73,7.86,0.42,1.39,55.2,63,75.2,79.7,73.9,70.4
051,1980,1.83,3.49,3.03,3.97,3.44,4.1,51.6,64.3,72.3,80.4,78.8,69.4
051,1981,3.84,6.57,3.25,5.84,4.71,1.89,59.8,59,74.2,76.4,72.9,65.2
051,1982,2.88,4.12,4.78,6.07,2.92,4.47,49,68.5,67.9,76.5,71.8,65.8
051,1983,4.9,5.68,5.93,1.63,1.34,1.55,48.4,60.1,72.4,80,80,68.9
051,1984,6.3,5.24,1.78,0.97,2.84,7.11,51.6,60.7,76.5,74.4,75.4,65.3
051,1985,2.91,2.74,6.75,2.12,5.47,0.32,57.5,65,70,75.2,71.8,67.9
051,1986,1.28,3.65,2.34,7.91,2.14,4.19,57.3,65.9,75,79.2,70.9,71.2
051,1987,2.76,1.9,2.39,6.55,2.92,2.47,54.1,70.1,75.8,77.4,75.8,68.4
051,1988,1.06,1.21,1.12,3.7,1.51,2.02,54.1,65.5,74.1,78.1,79,69.2
051,1989,3.47,4.52,2.47,2.03,3.16,4.68,53.6,60.4,72.1,76.4,74.5,65
051,1990,3.82,10.7,4.91,2.77,2.42,1.9,51.4,60.9,73.4,75.9,73.1,69.2
051,1991,2.84,3.22,2.18,2.63,2.06,2.82,58,70.5,76.3,77,75.9,68
051,1992,2.99,1.51,0.76,4.44,2.49,3.41,53.8,62.2,70,76.3,70.1,66.1
051,1993,5.07,3.95,3.98,6.71,5.04,8.29,51.5,64.2,72.5,78.8,76.5,63.7
051,1994,9.63,1.55,5.56,2.15,1.48,2.64,54.3,60.7,75.2,75.2,72,65.6
051,1995,3.44,10.88,4.71,2.77,3.31,0.38,52.7,61.8,72.5,77,79.6,64.8
051,1996,7.98,6.37,3.14,3.05,1.26,3.77,50,65.2,72.9,74.1,75.4,65.3
051,1997,1.72,3.21,3.2,2.68,3.91,1.8,49.3,59.6,71.3,76.4,72.5,67.8
051,1998,4.97,5.04,7.32,5.29,2.55,2.96,53.9,68.4,73.6,76.7,75.5,72.1
051,1999,4.76,3.62,5.19,3.95,2.28,1.4,56.1,64.7,73.2,79.3,73.3,66.8
051,2000,2.86,5.52,8.5,5,6.53,3.99,52.6,66,71.9,74.3,75.5,66.6
051,2001,2.21,4.09,4.04,3.92,3.22,2.37,59.6,65.9,70.9,76.4,76.2,66.3
051,2002,5.92,10.01,3.35,1.52,2.41,2.23,56.3,61,75.4,79.4,77,71
051,2003,3.22,6.42,4.19,3.92,3.02,5.31,55.5,62.5,68.2,76.4,76.1,64.8
051,2004,1.05,8.44,1.94,5.05,4.84,0.19,55.8,68.2,71.2,74,70.2,68.8
051,2005,2.3,1.35,1.99,2.85,3.61,4.65,57.1,62.7,75.6,77.4,77.5,72.1
051,2006,2.13,5.71,3.51,2.26,4.02,2.29,58.9,63.2,73.1,77.7,76.3,64.7
051,2007,2.7,3.04,3.61,2.88,1.39,1.56,51.8,68.8,73.9,74,80.8,71.4
051,2008,4.91,6.38,6.21,5.88,2.39,5.92,52.3,60.3,74.9,75.5,72.5,68.5
051,2009,7.35,5.96,5.27,5.03,3.35,2.02,53.5,64.4,74.6,72.2,72.5,67.4
051,2010,3.16,4.9,8.91,6.3,2.57,3.38,60.6,65.8,77,78.8,77.9,68.5
051,2011,10.52,3.93,10.15,4.7,0.98,3.13,56.2,63.6,74.7,81.1,76.2,65
051,2012,3.86,2.83,1.01,0.45,5.72,9.99,56.3,70,73.5,83.7,75.2,66
051,2013,7.87,5.91,6.32,5.58,2.27,1.47,52.4,65.1,73.2,73.8,73.4,70.1
051,2014,8.07,2.48,4.68,2.11,5.89,4.98,55,65.2,74.3,71.3,74.9,65.8
051,2015,3.98,5.51,11.01,3.9,5.42,4.72,56,66.8,73.5,75.6,73,71.2
051,2016,5.46,3.85,2.2,7.46,6.32,4.13,55.2,62.9,76.9,76.8,76.7,71.6
051,2017,8.43,6.25,2.53,4.24,1.94,0.45,58,64,73.6,78.2,71.7,69.8
051,2018,3.67,2.18,7.66,5.06,6.19,4.13,46.7,72.4,76.4,75.8,74.9,71.6
051,2019,4.71,7.14,5.77,3.16,7.55,1.22,54.3,65,71.6,77.6,73.5,72.8
051,2020,4.96,4.05,2.54,7.86,2.93,0.95,50.9,61.5,74.4,77.8,72.9,67.1
051,2021,2.74,4.29,4.4,6.99,4.78,2.43,53.6,62.2,74.7,75.4,75.8,69.8
051,2022,2.94,4.68,2.06,8.2,5.5,2.78,51.7,66,74.6,77,74.8,68.1
051,2023,2.66,3.76,2.49,3.12,5.58,1.75,55.3,65.7,72.8,77.1,74.9,69.6
051,2024,7.19,4.27,2.16,8.42,1.92,4.26,56.6,68.6,75.5,74.9,74.8,70
051,2025,8.13,3.43,2.49,7.82,0.15,1.92,55.5,62.9,75.2,80.1,74.4,71
053,1980,1.72,2.31,7.51,1.5,4.13,4.4,48.2,63.1,69.1,77.7,75.9,66.9
053,1981,6.1,5.38,5.61,6.8,6.33,3.06,55.1,57.1,72.7,73.3,70.6,63.6
053,1982,3.36,4.3,3.69,4.54,3.43,1.71,44.9,67.4,66,74.1,69.6,64.4
053,1983,5.7,4.58,4.27,1.12,4.43,2.6,46.1,57.4,72.2,78.2,76.9,65.9
053,1984,2.72,6.44,2.13,3.04,1.1,2.39,48,58.3,74.7,71.9,73.6,64.2
053,1985,1.79,2.67,3.39,4.43,5.04,1.31,55.6,64.4,68.4,71.7,68.5,65.8
053,1986,1.7,3.79,5.1,4.36,1.51,5.43,54.7,63.2,71.4,76.7,68.3,68.3
053,1987,3.33,3.7,3.86,5.06,4.09,1.7,51.5,67.4,73.3,76.3,72.3,65.5
053,1988,1.9,1.4,0.2,1.26,1.77,2.58,50,64.5,72.8,76.9,77.5,66.6
053,1989,3.74,4.21,1.89,3.81,2.56,5.81,50,58.5,70.5,74.3,71.1,62.1
053,1990,1.93,5.73,6.43,4.86,3.46,1.19,49.8,57.8,71.1,72.4,70.9,66.4
053,1991,3.48,5.86,0.96,0.9,3.54,2.15,54.8,68.3,75.2,76.2,74,65.8
053,1992,2.38,1.05,3.39,8.77,2.52,4.47,48.8,60,67.7,71.2,66.6,63.6
053,1993,5.23,3.87,8.27,6.46,5.12,7.9,47.9,62.9,69.8,75,73.6,60.4
053,1994,6.91,2.1,2.05,3.45,3.34,2.54,51.6,59.3,73.2,72.6,68.9,64.7
053,1995,4.73,8.44,3.23,1.82,6.91,0.82,47.8,58.8,72.6,76.2,78.4,62.8
053,1996,2.75,7.3,4,5.28,1.72,2.74,47,59.2,70.8,71.8,71.9,63.4
053,1997,1.99,3.99,4.25,3.22,5.81,1.97,46,56.1,69.3,73.3,68.6,65
053,1998,4.53,5.57,7.86,4.61,1.75,0.74,51.8,66.7,70.6,73.6,73.6,70.4
053,1999,4.97,2.75,5.11,2.71,2.99,1.64,52.4,64,71.6,77.2,70,64.8
053,2000,3.11,3.9,4.69,3.18,1.72,3.6,50,63.8,69.6,71.4,72.7,65.6
053,2001,3.62,3.15,4.17,3.45,5.22,2.35,55.8,64.2,68.6,74.1,73.1,63.2
053,2002,3.91,4.87,3.56,3.64,6.25,1.58,51.3,57,72.8,76.5,72.8,67.4
053,2003,3,4.73,3.13,7.56,4.04,4.1,52.4,59.7,66.8,73,73.2,63.3
053,2004,1.46,6.26,4.71,4.46,5.66,0.85,52.5,64.8,68.8,71.4,67.2,66.9
053,2005,2.71,1.32,2.3,6.53,2.47,3.91,54.2,60.2,74.2,74.8,73.7,70
053,2006,5.41,3.23,2.15,6.81,3.39,3.33,55,60.6,70.4,75.6,72.5,63
053,2007,3.91,1.64,3.87,4.72,5.35,1.19,48.9,66.8,71.9,71.3,76,68.9
053,2008,2.67,5.97,5.14,4.83,1.07,9.77,51,57.2,72.9,73.5,70.3,66.2
053,2009,5.82,4.99,3.89,4.55,5.06,1.43,50,61.8,71.6,69,69.6,65.2
053,2010,2.41,4.93,8.41,2.38,2.13,4.04,57,63.3,73.4,76.5,75.6,66.8
053,2011,6.81,4.85,4.03,2.14,1.89,3.71,50.3,61.4,71.8,78.6,73.1,62.5
053,2012,2.52,2.92,2.34,0.91,4.83,4.26,53.3,66.6,71.4,80.3,71.5,63.8
053,2013,6.19,5.04,4.24,2.04,1.17,1.48,48.7,63.9,70.4,71.7,71.2,68
053,2014,3.52,4.17,6.86,5.12,4.43,4.37,51,62.6,72.3,68.6,71.9,63.6
053,2015,2.4,5.42,9.82,5.81,3.15,4.38,52.7,64.9,70.6,72.4,70.4,69.4
053,2016,2.68,4.17,4.68,6.88,8.46,3.43,51.1,61,73.5,74.1,74.7,70.3
053,2017,4.76,5.15,4.09,3.86,4.42,1.44,55.5,60.4,72.8,74.3,69.1,67.6
053,2018,2.03,2.8,7.4,3.66,4.22,3.28,43.2,70.3,73.9,73.7,73.7,69.8
053,2019,4.23,8.06,4.28,2.69,1.71,6.32,50.8,61.4,70.3,76.3,71.3,69.7
053,2020,4.49,5.11,4.69,6.21,0.92,3.14,47.5,59.2,73,75.8,71.3,64.4
053,2021,2.51,4.87,7.6,3.34,6.81,2.7,51.6,60.3,73.1,72.9,74.4,69.3
053,2022,2.57,3.92,1.99,4.84,4.52,2.04,48.2,64.4,72.7,73.3,71.8,65.8
053,2023,1.59,1.58,1.64,4.6,5.38,2.67,51.8,63.7,70.2,73.4,71.6,66.9
053,2024,6.36,5.33,2.38,5.72,4.14,1.31,52.8,66,73.6,72.8,72.2,67.8
053,2025,3.22,2.81,4.09,5.23,2.22,0.62,52.2,60.9,73.8,77.4,71.7,68.1
055,1980,2.21,3.54,2.66,5.16,3.08,3.89,53.3,64.5,73.3,81.2,80.7,71
055,1981,2.41,10.97,5.56,7.48,2.56,1.71,61.8,60.3,75,77.6,74.4,66.4
055,1982,2.39,5.35,3.78,3.64,2.32,4.09,50.6,68.8,69.4,77.5,73.6,66.4
055,1983,9.67,8.89,4.44,1.58,1.71,1.31,48.7,61.9,72.1,79.7,80.9,69.9
055,1984,4.71,3.91,2.91,1.85,2.33,6.32,53.1,61.4,76.2,74.6,75.8,66.6
055,1985,3.12,4.34,5.56,1.63,6.33,0.86,59.4,65.2,71.3,76.3,73.4,67.9
055,1986,3.44,4.97,1.17,7.49,4.21,4.15,58.6,66.4,75.6,79.9,72,71.4
055,1987,2.41,1.84,3.75,6.74,2.82,1.71,54.6,70.8,75.9,77.5,76.6,69.8
055,1988,2.09,1.85,1.19,6.01,1.17,5.37,54.8,64.9,74.4,78.1,78.6,68.6
055,1989,1.97,3.92,5.73,2.75,3.37,2.24,55.2,61.4,71.9,76.2,75.6,66
055,1990,4.29,9.51,3.41,3.19,2.56,3.15,52.8,61.6,73.8,76.3,73.5,70.1
055,1991,3.45,3.1,1.67,1.93,1.96,4.1,58.6,70.3,75.8,78.2,76.9,68.8
055,1992,2.04,2.43,2.37,3.12,2.49,4.91,55.8,62.3,70.6,77.6,71.1,66.3
055,1993,4.81,4.86,4.02,4.65,3.87,9.28,52.3,64.9,72.8,80.5,76.8,65
055,1994,7.5,1.8,4.35,1.27,3,2.72,56.6,61.4,75.7,76.5,72.9,65.5
055,1995,2.69,10.16,5.52,1.49,3,1.27,56,63.7,72.9,77.5,80.2,65.6
055,1996,12.62,6.25,6.54,4.13,0.95,4.87,51.5,67.4,73.3,74.6,76,66
055,1997,3.7,5.8,7.46,2.3,4.12,2.21,50.4,61,71.7,77.3,73.4,68
055,1998,8.1,4.05,10.88,4.25,1.99,1.72,55.3,69.3,74.6,77.6,75.9,73
055,1999,6.17,3.49,2.9,2.85,1.48,0.68,58.4,65.2,74.2,79.9,74.4,68.6
055,2000,2.59,4.42,8.92,4.81,5.23,3.14,54.1,67.6,73.4,75.3,76.7,67.1
055,2001,2.24,4.92,2.66,4.73,4.09,2.68,61.6,66.8,72.2,77.1,77,66.7
055,2002,5.55,8.66,3.43,0.55,1.28,3.58,58.5,62.4,75.6,80,78.2,72.9
055,2003,4.55,5.65,5.62,1.45,3.17,2.88,57.2,64.2,69,77,77.2,65.9
055,2004,2.13,8.69,1.87,5.87,4.02,0.18,57,68.6,72.9,75.3,71.2,68.7
055,2005,2.9,1.7,2.59,3.99,5.56,4.47,57.4,63.2,75.2,77.3,78.6,71.8
055,2006,2.72,4.55,3.34,7.44,3.34,4.62,61.1,64.5,74.2,77.7,77,64.4
055,2007,3.21,2.56,3.72,1.45,1.72,1.91,53.6,69.3,74.6,75.3,82,72.3
055,2008,5.99,6.78,2.07,5.65,1.44,2.28,53.6,62.2,75.6,76.4,74,69.5
055,2009,7.33,8.01,3.33,8.85,3.17,3.85,55.4,65.2,76.3,73.5,73.1,68.6
055,2010,3.47,4.32,4.49,2.71,5.27,1.32,60.8,67.4,78.4,79.7,79,69.4
055,2011,15.17,6.83,8.19,5.22,1.5,6.78,59,64.6,76.1,81.7,77.3,66
055,2012,2.69,1.8,0.69,2.45,3.56,6.38,58.7,70.7,74.3,84.2,76,67.5
055,2013,4.91,4.84,4.09,6.49,1.54,0.86,54.5,65.7,73.8,74.1,74.4,71
055,2014,8.03,5.82,6.11,2.49,5.62,1.59,56.5,66.6,74.9,71.9,76,66.7
055,2015,4.78,4.75,9.55,5.24,3.43,3.85,58,67,75,78.1,74,71
055,2016,4.83,7.08,1.31,7.64,9.44,6.41,57,63.5,77,78.6,77.4,72.1
055,2017,12.77,5.09,2.95,3.64,2.63,0.75,59.8,65.6,73.7,78.6,72.3,70.2
055,2018,4.12,4.94,5.86,3.6,3.76,7.22,49.2,72.6,77.2,77.4,75.7,72.8
055,2019,6.89,7.64,6.12,2.79,2.04,0.53,56.9,66.8,72.5,78.2,75.9,75.2
055,2020,3.51,4.8,4.99,4.32,3.26,1.84,53,62.8,74.4,79.4,74.1,68.3
055,2021,3.33,3.44,4,5.96,3.16,3.09,55.1,63,75.5,76.5,77.3,70.5
055,2022,4.15,4.04,1.71,5.11,4.02,1.16,54.5,67.7,75.6,79,75.6,68.9
055,2023,4.13,3.16,1.69,8.05,3.55,2.27,56.4,65.9,72.9,78.2,75.8,69.9
055,2024,4.8,6.47,2.38,5.13,1.01,7.78,59.2,70.3,75.7,77,76.4,71
055,2025,8.22,4.69,4.65,3,0.39,2.36,58.1,64.5,76.4,81.1,75.6,71.6
057,1980,2.6,2.33,7.3,1.93,7.55,5.66,49.5,63.4,70.1,78.8,76.7,67.3
057,1981,5.82,5.64,7.44,7.96,4.5,2.92,56.5,58.2,72.5,74.6,71.6,65
057,1982,4.31,3.16,2.97,7.79,5.04,2.67,46.2,67.5,66.8,75.4,70.9,64.5
057,1983,6.41,4.98,2.89,1.49,1.91,3.76,46.2,58.8,72.7,80.1,80.2,66.9
057,1984,5.3,5.71,3.65,3.52,1.47,3.13,49.5,58.6,74.3,73,74.6,64.1
057,1985,1.87,4.31,2.26,3.16,4.21,2.81,56.6,64.5,68.8,74.4,70,67
057,1986,1.03,3.77,5.14,6.42,1.98,6.84,56.4,64.2,73,77.4,68.9,69.4
057,1987,1.87,1.46,4.02,2.12,4.2,3.3,53.6,68.2,74.6,78.4,73.9,66.1
057,1988,1.6,1.72,1.05,0.78,2.82,1.71,51.4,65.1,73.5,77.8,78.2,67.6
057,1989,4.31,2.77,1.64,2.2,3.63,3.2,50.6,59.2,70.2,75.9,72.8,62.6
057,1990,2.37,6.88,9.31,5.05,4.46,1.39,50.4,58.1,71.6,73.8,72.5,67.4
057,1991,2.76,6.08,0.89,1.69,3.67,4.67,56,68,75,75.5,74,65.8
057,1992,2.82,0.9,1.47,8.84,0.6,5.57,49.9,61.6,68.8,72.3,68,63.8
057,1993,5.21,3.13,7.44,11.16,7.08,8.56,48.8,63.6,70,75.4,74.8,60.8
057,1994,4.76,2.99,2.71,2.89,3.05,1.32,52.7,61.2,73.7,73.4,70.8,65.2
057,1995,5.63,10.21,2.25,3.27,3.67,2.08,48.8,59.2,72,75.9,78.8,62.4
057,1996,2.7,8.81,4.66,4.64,1.91,2.17,48.1,60.9,71.3,72.4,73.2,64.1
057,1997,2.48,3.54,3,2,5.48,2.6,47.9,58,71.2,75.4,71.3,66.6
057,1998,4.37,6.94,7.46,2.28,3.11,2.29,52.4,67.6,71.3,75.6,75.2,70.7
057,1999,5.03,4.83,5.46,4.49,3.57,2.77,53.8,64.1,71.8,78,70.9,63.4
057,2000,2.66,4.18,6.22,3.11,2.33,3.49,51.9,64.7,69.4,73.4,74.6,66.5
057,2001,3.99,5.1,5.16,1.87,4.09,3.78,57.6,65,69.8,76.8,74.5,64.2
057,2002,4.94,7.1,5.12,3.99,5.94,0.68,52.1,58.7,74.2,78.1,74.3,68.7
057,2003,3.53,3.41,4.31,6.44,2.57,4.76,52.6,61.3,68.2,74.6,75.5,63.3
057,2004,1.64,6.07,2.99,3.29,4.96,1.36,54,65.4,69.4,72.3,68.2,67.6
057,2005,3.12,1.33,0.96,2.09,2.84,3.26,55.7,61.2,75.8,77.2,75.2,70.5
057,2006,4.11,2.28,2.32,4.22,3.11,2.56,56.8,62.7,71.6,77.8,74.4,63.6
057,2007,3.37,2.09,4.48,2.95,3.33,1.06,50,67.7,72.6,72.9,78,69.7
057,2008,3.85,3.56,6.3,4.96,3.16,9.83,50.8,58.8,72.8,74.2,71.4,66
057,2009,6.86,6.29,5.82,4.97,7.02,2.56,51.1,62.7,72.3,69.9,70.1,65.3
057,2010,3.85,7,10.33,6.24,4.89,5.73,59,63.3,74.4,77.2,75.9,66.4
057,2011,6,5.41,7.77,2.33,0.46,3.36,51.7,61.7,71.8,80.1,74.8,62.6
057,2012,2.43,2.65,2.88,0.65,2.88,3.86,54.1,67.6,72.1,81.5,73.2,64.2
057,2013,8.1,10.57,4.74,2.36,0.68,2.01,48.8,63.4,71.2,73.2,73,68.3
057,2014,3.64,2.57,7.98,4.09,5.84,5.9,51.8,64,72.9,70.5,73.6,64.4
057,2015,2.66,5.43,12.77,5.42,2.59,2.47,54.6,64.9,71.6,74,71.5,71
057,2016,2.12,3.95,2.46,7.51,6.61,3.99,52.3,61.9,74.7,74.7,74.8,70.3
057,2017,6.32,4.48,1.18,5.84,2.75,0.63,55.9,61.7,72.9,76.2,70.5,69
057,2018,1.72,2.87,3.63,2.82,6.61,4.58,44.1,71.3,75.4,75,75,69.8
057,2019,3.09,10.09,4.57,1.29,3.11,6.79,51.8,61.5,71.3,78,72.6,71.3
057,2020,5.03,5.04,2.51,4.22,0.48,4.42,49.3,60.2,73.8,77.2,73,64.7
057,2021,4.48,6.24,6.14,3.59,3.44,1.97,51.9,61,74.2,74.7,75.4,70
057,2022,2.91,4.41,2.79,2.48,2.92,2.93,48.5,65.3,73.6,75.3,74,67.3
057,2023,2.72,2.16,1.55,4.06,3.63,1.73,53.4,64.8,72.6,75.4,73.7,68.8
057,2024,6.45,3.45,3.32,7.77,2.54,1.17,54.1,67.2,75.2,74.2,73.5,69
057,2025,2.82,2.88,3.75,5.65,1.59,0.9,53.9,62.4,74.3,78.3,73,69.3
059,1980,2.68,2.88,3.56,3.53,3.87,4.95,54,65.5,73.9,81.3,81.3,72.2
059,1981,2.81,12.77,4.2,5.4,2.58,1.18,62.2,61.6,75.9,78.3,75.3,66.8
059,1982,2.92,5.31,3.33,4.4,2.22,3.21,52,69.7,70.4,78.1,74.4,67.4
059,1983,13.2,8.72,3.91,3.03,0.98,1.1,50.1,63,73.2,80.4,81.6,70.6
059,1984,5.03,5.19,2.13,3.64,1.7,4.92,54.3,62.7,77,75.6,76.3,67.4
059,1985,2.92,4.65,7.62,2.39,8.8,2.83,60.2,66.5,72.5,77.2,74.4,68.6
059,1986,2.18,4.75,3.11,6.13,2.97,3.73,59.1,67.2,76.3,80.7,73.4,72.5
059,1987,2.82,2.05,4.81,6.29,1.48,1.74,55,71.1,75.8,78,78.1,70.6
059,1988,1.84,2.07,1.24,5.64,2.97,4.62,56.3,65.9,74.6,78.5,79.3,68.9
059,1989,2.17,3.57,4.39,5.24,2.62,2.22,56.1,62.4,72.4,76.6,75.7,67.3
059,1990,4.73,10.51,2.99,3.89,3.53,2.33,53.8,62.5,74.3,77,74.4,70.8
059,1991,3.4,4.44,2.32,2.16,2.15,3.42,59.5,71.4,76.5,79.2,77.5,70.1
059,1992,2.48,4.23,2.15,5.7,3.86,4.51,56.8,62.9,70.6,77.9,71.7,67.9
059,1993,4.82,4.14,5.24,4.5,3.51,5.81,53.1,65.3,73.3,81.5,77.7,66.2
059,1994,5.47,1.85,4.57,1.34,2.66,2.83,57.4,62,76.6,77.1,73.3,66.3
059,1995,4.69,9.97,5.03,2.89,4.74,0.85,56.7,64.4,73.6,78.3,80.5,66.5
059,1996,9.72,5.71,4.44,6.74,1.3,6.82,52.3,68.1,74,75.4,76.3,66.8
059,1997,4.21,8.19,5.1,1.9,3.27,1.86,50.8,61,72.2,77.6,74.4,68.6
059,1998,6.74,4.64,7.51,3.69,3.66,0.73,55.9,69.9,75.6,78.4,76.5,74.2
059,1999,5.19,3.56,4.94,2.63,0.79,0.48,59.1,65.6,75.1,80.4,75.4,69.5
059,2000,2.59,3.98,7.22,4.23,2.76,3.5,54.8,68.2,74.1,75.1,77.6,68.6
059,2001,2.31,3.78,2.28,3.83,4.93,3.16,61.7,67.6,72.7,77.9,76.9,67.7
059,2002,7.11,7.09,2.68,1.25,0.87,5.58,59.4,63.8,76.7,81.5,79.6,73.4
059,2003,3.81,7,4.88,1.92,4.25,4.57,58.5,65,69.5,78,77.3,67.1
059,2004,2.78,6.71,3.1,5.45,2.9,0.08,57.3,70.3,73.7,75.8,71.9,70.1
059,2005,3,3.03,3.73,2.39,8.71,2.45,58.6,63.2,75.3,78.2,79.7,72.7
059,2006,2.36,4.5,2.72,5.47,3.49,9.11,62,64.8,74.7,78.7,78.1,65.6
059,2007,3.31,1.87,4.63,2.7,0.59,2.71,54.3,70,75.1,75.7,82.6,73.3
059,2008,5.98,5.87,3.99,6.87,1.18,1.37,55.1,63.2,76.4,77.1,75.3,71.8
059,2009,5.57,5.81,3.29,6.75,3.66,4.44,56.7,66.3,77.4,73.7,74.2,69.9
059,2010,4.67,4.42,4.42,1.93,2.67,1.15,62,68.3,79.1,80.4,80.1,71
059,2011,14.27,6.24,6.02,6.69,1.43,7.41,59.5,65.3,76.7,82,77.7,67.4
059,2012,1.47,1.15,0.73,3.29,4.67,5.22,59.4,71.7,75.3,84.6,76.4,68.7
059,2013,3.84,3.55,4.29,4.6,2.74,2.18,55.3,66.2,74.6,74.9,75.4,70.9
059,2014,8.38,2.8,3.31,2.21,4.24,2.74,57.4,67.3,75.7,73,76.9,68
059,2015,6.99,4.26,7.06,6.75,4.12,2.5,58.2,67.5,75.6,78.5,74.1,71.9
059,2016,4.84,5.49,2.39,10.13,5.93,3,57.5,64,77.8,79.4,78.8,73.1
059,2017,8.14,5.24,2.6,2.17,2.2,2.18,60.9,66.4,74.2,79,73.8,70.8
059,2018,4.86,5.16,8.06,2.21,1.99,6.7,50.3,73.1,77.5,77.7,76.7,73.7
059,2019,4.98,5.59,4.99,3.84,3.43,0.19,56.9,67.4,73,78.2,76,75.3
059,2020,2.79,5.25,6.8,5.74,4.19,2.14,53.2,63.7,74.7,79.8,74.8,69
059,2021,3.29,3.19,2.86,6.94,2.96,2,54.6,62.5,75.1,77,77.7,70.2
059,2022,3.57,2.55,2.4,6.27,2.38,1.43,54.8,68.7,76,79.9,77,70.2
059,2023,2.83,3.73,1.23,2.69,3.81,1.42,57.2,66.1,73.4,78.7,76,70.4
059,2024,4.38,5.82,1.85,6.48,1.67,7.67,59.8,69.9,76.2,77.5,76.8,71.7
059,2025,7.61,4.9,6.01,3.14,0.68,2.99,58,64.6,75.9,81.1,75.7,71.3
061,1980,2.15,2.54,2.65,2.4,3.34,3.74,52.2,64.5,73,81.4,79.6,69.2
061,1981,4.74,7.47,6.47,11.76,3.06,1.51,60.7,59.3,74.2,77,73,66.1
061,1982,3.22,4.13,4.98,4.41,3.51,3.59,49.5,68.8,68.4,76.6,72.1,65.6
061,1983,5.6,6.37,2.77,1.29,1.87,1.51,48.3,60.4,73,80.5,80.4,68.3
061,1984,6.57,5.11,1.78,2.07,1.47,6.34,51.9,60.4,75.5,74.1,75.9,65
061,1985,2.3,3.35,5.71,4.05,5.95,1.55,58,65.3,69.6,75,71.1,68.2
061,1986,1.38,3.82,4.34,5.77,0.99,6.31,58.6,66,75.3,78.9,71,71
061,1987,3.43,1.59,2.4,4.07,4.49,1.94,54.1,69.4,76.4,78.8,76.4,67.6
061,1988,1.27,1.58,1.57,2.09,3.04,1.61,53.7,65.4,74.1,78,79.3,68.6
061,1989,2.53,4.28,1.65,3.08,3.14,3.61,54.1,60.1,71.5,77,73.8,64
061,1990,2.92,9.52,3.67,3.35,2.23,2.6,51.6,60.1,73.1,76.2,73.7,69.8
061,1991,3.65,6.49,2.67,4.1,2.68,2.12,57.6,69.7,76.3,76.9,75.4,67.9
061,1992,3.74,1.23,0.96,4.64,1.93,2.75,53.6,62.4,69.9,75.8,69.2,65.7
061,1993,5.48,3.15,6.87,7.48,5.07,9.95,50.3,63.8,71.6,77.7,76.8,62.6
061,1994,10.15,1.96,2.98,1.82,3.06,2.1,54.2,61.2,75.2,75.2,72.9,66
061,1995,3.52,8.06,3.16,2.53,4.69,1.36,51.7,60.7,72.7,77.5,79.8,63.6
061,1996,4.99,7.37,2.96,4.4,1.91,2.18,50,64.5,72.9,74,75.2,65.1
061,1997,2.18,3.22,2.22,0.75,4.75,2.84,48.8,59.7,71.8,77.1,72.9,67.8
061,1998,4.38,4.86,8.96,3.4,1.19,3.41,53.5,68.8,72.8,76.9,76.2,72.5
061,1999,4.87,2.89,4.18,1.3,2.25,2.15,56.2,64.7,73,79.5,73.5,65.6
061,2000,1.83,4.19,9.34,4.45,3.46,2.79,53.3,66.8,71,74.6,76.7,67.3
061,2001,2.92,4.97,5.07,3.55,4.91,3.38,59.4,66.1,71,77.3,75.6,66
061,2002,5.87,10.2,4.23,1.78,4.97,1.85,55.4,60.8,75.2,79.1,76.4,69.4
061,2003,3.9,5.48,5.28,4.55,1.32,4.94,55,62.9,68.9,76.1,76.4,64.5
061,2004,2.51,5.14,2.26,5.06,4.64,0.84,55.5,67.6,70.6,74,69.2,68.2
061,2005,1.66,0.87,2.28,1.73,3.59,3.71,56.9,62.7,75.7,77.8,76.9,71.4
061,2006,1.99,2.26,2.67,2.79,5.08,2.89,58.8,63.5,73.1,78.8,76.6,64.8
061,2007,2.36,2.82,3.88,1.02,1.46,1.14,51.4,69.1,73.4,74.3,80.8,71.4
061,2008,4.88,5.39,6.95,8.53,2.48,9.7,51.8,60.2,74,75.8,73,67.6
061,2009,5.63,4.91,4.81,5.12,4.35,4.02,52.8,63.8,74.1,71.4,72.2,66.4
061,2010,3.76,5.83,6.79,7.41,4.55,4.8,60.4,64.4,76.4,78.4,77.5,67.9
061,2011,4.83,4.91,9.25,2.09,1.25,2.26,55.6,63.2,74,81.4,76.6,64.2
061,2012,6.6,2.54,1.85,0.64,3.09,5.45,56.7,69.5,72.9,82.8,74.8,65.6
061,2013,6.89,10.06,4.51,2.45,0.84,2.12,51.2,64.2,73.1,74.5,73.4,69.8
061,2014,5.75,3.93,8.04,1.8,6.93,4.69,54.2,64.9,74.1,71.4,75,65.5
061,2015,3.27,7.21,11.08,10.16,2.58,2.19,56.2,66.1,73,75.3,73.1,71.7
061,2016,2.85,3.67,1.43,9.71,4.63,3.42,55.4,63.1,77.2,76.8,76.3,72
061,2017,8.86,5.74,3.37,3.31,2.18,0.51,57.8,63.9,73.6,78.2,71.6,69.7
061,2018,2.21,3.53,3.23,3.15,5.51,1.42,47,73,77.2,76.6,75.5,72.1
061,2019,3.58,8.36,5.18,2.97,5.6,1.99,54.3,64.4,72.3,78.4,73.8,73.6
061,2020,4.53,5.58,3.23,5.36,2.75,2.86,51.3,61.5,74.9,78.2,73.2,66.7
061,2021,4.43,5.01,6.9,6.97,3.98,2.77,53.5,62.4,75,75.9,76.4,70.5
061,2022,4.34,5.3,3.39,7.37,2.11,2.13,51.6,65.8,75.2,77.3,75.2,67.6
061,2023,2.61,2.94,2.63,3.34,3.76,0.62,55.3,65.3,72.5,76.8,74.5,69.3
061,2024,5.49,6.84,2.41,6.18,2.46,2.79,56.2,67.9,76.1,74.9,74.9,69.2
061,2025,4.46,3.4,3.64,6.98,0.75,1.12,55.4,63.2,74.8,79.4,74.4,70.5
063,1980,2.48,3.94,4.31,1.95,6.37,6.63,48.2,61.7,68.5,77,75.5,66
063,1981,6.69,4.49,5.55,5.02,4.18,3.1,54.1,56.8,71.3,73.6,71.5,63.4
063,1982,4.19,3.45,4.64,7.4,1.8,1.91,44,66.6,65.3,73.9,69.4,63.5
063,1983,6.75,5.57,3.66,1.28,4.54,3.93,45.6,56.4,71.5,78.2,76.7,64.6
063,1984,3.91,3.46,2.73,2.55,1.33,2.27,48.2,57.9,72.6,71.4,74.1,64.1
063,1985,1.66,1.84,2.27,3.23,2.71,2.28,54.9,63.8,67.6,73.4,68.7,66.8
063,1986,1.2,3.54,4.19,3.33,2.53,5.58,54.4,62.1,69.8,76.3,68.5,67.4
063,1987,2.11,3.45,3.28,3.49,7.47,1.75,51.4,65.4,73.1,76.7,71.6,65.4
063,1988,2.23,1.59,0.48,1.48,2.96,1.2,49.3,63.4,72.6,76.6,77.4,67.2
063,1989,1.88,2.83,4.1,5.73,2.68,7.67,48.5,58.1,69.3,74.5,71,62.2
063,1990,1.74,7.15,6.12,4.88,6.22,1.04,49.8,56.9,70.4,72.5,71.1,66.8
063,1991,4.31,7.28,0.59,0.48,2.34,1.85,54.4,67.9,74.5,76.1,74.1,64.9
063,1992,1.74,0.69,1.64,8.26,2.08,6.07,47.5,59.7,66.9,70.4,66.7,62.8
063,1993,4.15,2.95,8.89,5.71,4.92,6.38,47.4,62.6,68.5,74.9,73.1,60.1
063,1994,2.5,1.65,3.64,5.56,3.41,2.25,51.4,58.9,72.4,72.5,68.4,65.5
063,1995,5.97,5.81,3.3,3.06,2.86,0.71,47,58.2,71.7,76,78,62.5
063,1996,3.61,6.29,4.14,7.18,0.69,2.47,46.7,57.7,69.8,71.1,72.2,63.8
063,1997,2.04,3.15,2.39,2.17,5.42,2.02,45.4,55.1,69.2,73.6,69.1,64.9
063,1998,3.32,4.91,6.67,2.96,2.88,1.37,51,66.5,70.2,73.8,74,69.6
063,1999,5.15,4.94,6.39,2.15,3.72,2.5,52,63.8,71.6,77.8,70.1,63.6
063,2000,3.57,4.35,6.91,6.86,1.9,3.31,49.4,64.1,68.8,71.8,72.5,65.8
063,2001,2.67,3.24,3.57,3.31,4.49,4.23,55.2,63.9,68.4,74.7,73.5,63.1
063,2002,4.75,5.6,2.86,1.94,2.93,1.39,50.4,56.3,72.4,76.8,73.6,68
063,2003,2.24,6.33,2.24,7.76,2.59,3.22,51.5,59.2,67,73.3,74.3,63.9
063,2004,1.92,6.17,3.32,2.1,8.34,0.96,52.5,63.4,69.1,72.1,67.3,67.4
063,2005,1.65,1.96,1.83,4.99,2.34,2.56,54,59.1,74.6,75.1,73.6,69.8
063,2006,3.74,4.16,2.25,3.78,5.28,5.53,55,60.6,69.1,75.9,73.1,63.1
063,2007,4.54,1.3,3.84,4.76,11.1,1.29,48.3,66.6,71.8,72,75.5,68.1
063,2008,2.73,4.31,3.5,4.84,1.74,11.64,50.8,56.7,72,73.2,71.1,66.4
063,2009,5.48,5.55,4.22,4.43,5.34,1.01,48.6,61.4,70.3,68.9,69.8,64.8
063,2010,2.39,4.67,8.86,3.32,2.46,3.59,56.9,63.1,72.8,76.3,75.5,66.1
063,2011,5.94,5.79,5.33,2.06,5.14,4.07,49.2,60.8,71.6,78.9,73.5,62.4
063,2012,1.12,4.04,2.64,1.28,3.32,2.27,52.1,66.5,71.8,80.4,72.6,64.3
063,2013,7.41,5.43,4.81,0.99,3.21,1.31,47.8,63.2,70.1,72.4,71.6,67
063,2014,3.43,3.64,5.48,4.43,6,3.8,50,61.7,71.6,69.3,72.9,64
063,2015,3.07,5.11,12.32,4.12,2.61,3.53,51.8,63.9,69.5,72.3,70.8,69.5
063,2016,1.93,4.5,5.01,6.55,7.68,3,50.2,61,72.6,74.4,75.2,70.1
063,2017,5.67,4.86,4.27,4.93,2.93,0.85,54.1,58.9,71.5,73.5,69.1,67.8
063,2018,1.63,3.94,5.13,1.86,3.4,3.18,41.8,68.3,73,73.8,74.4,69
063,2019,4.5,9.83,4.95,4.32,2.46,9.41,50.1,59.6,69.8,77.1,71.9,69.3
063,2020,5.08,6.56,2.66,4.59,0.88,4.27,47.3,59.6,72.9,76.8,73.3,65
063,2021,1.73,4.09,6.21,3.03,2.67,1.79,51.8,60,72.8,73.6,74.7,69
063,2022,2.74,5.02,1.92,3.87,3.18,1.21,46.5,63.8,71.9,73.5,71.8,66
063,2023,1.97,2.68,1.67,6.01,2.28,4.36,51.4,62.3,69.7,73.4,72.2,66.7
063,2024,5.57,5.42,3.99,4.16,3.05,1.58,52.4,65.5,73.5,73,73.1,68
063,2025,3.59,2.67,4.12,5.47,2.84,1.07,51.4,60.1,73.6,77.4,71.9,67.5
065,1980,2.47,3.36,3.03,4.79,2.86,3.34,53.4,64.9,72.9,80.5,80.6,71.6
065,1981,2.48,11.18,3.09,6.04,2.82,1.14,61.7,60.6,75.3,77.5,74.2,66.4
065,1982,2.62,5.03,3.71,3.65,2.19,3.94,50.9,68.9,69.3,77.1,73.9,66.3
065,1983,9.61,9.52,4.17,1.36,1.49,1.12,48.9,61.4,72.1,79.8,80.8,69.6
065,1984,5.24,3.23,1.65,2.16,2.46,5.72,53.2,61.4,76.4,74.8,75.6,66.6
065,1985,2.53,4.38,7.18,1.99,5.23,1.5,59.4,65.2,71.2,76.2,73.3,68
065,1986,3.09,6.09,2.79,7.21,4.23,3.58,58.3,66.4,75.4,79.8,71.7,71.3
065,1987,2.37,2.27,3.72,6.58,2.07,1.58,54.2,70.8,75.8,77.7,77,69.9
065,1988,2.22,1.58,1.22,7.04,2.13,2.91,54.7,65.4,74.4,78,78.5,68.6
065,1989,2.3,4.19,4.51,3.01,5.36,3.15,55.4,61.5,72.2,76.3,75.4,66.4
065,1990,4.39,10.19,3.2,2.66,1.92,4,53,61.8,73.8,76.3,73.8,70.1
065,1991,2.98,2.88,3.36,3.2,1.72,4.07,59,70.8,76.1,78.4,77.2,69.1
065,1992,2.37,3.01,2.16,5.13,2.76,5.55,56,62.5,70.4,77.6,71.3,66.7
065,1993,5.03,4.06,4.01,4.05,3.19,7.76,52.4,64.9,73,80.5,77,64.8
065,1994,6.4,2.03,5.39,1.59,2.69,2.84,56.5,61.3,75.7,76.3,72.7,65.4
065,1995,3.35,10.22,5.38,1.8,4.56,0.8,55.5,63.5,73.3,78,80.6,66.1
065,1996,11.23,5.97,5.59,5.71,2.36,4.97,51.7,67.4,73.4,74.8,75.9,66
065,1997,3.4,4.68,7.06,2.2,3.26,1.41,50.5,60.6,72,77.1,73.7,68.1
065,1998,7.83,5.87,6.88,4,2.93,2.23,55.3,69.2,74.6,77.7,76,73.1
065,1999,5.73,3.43,4.41,3.79,1.28,0.79,58.2,65,74.2,79.9,74.2,68.8
065,2000,2.44,3.78,9.51,4.27,3.72,3.24,53.6,67.2,73.4,74.8,76.5,67.4
065,2001,1.98,4.28,2.27,4.36,4.31,2.69,61.2,66.9,72.2,77.1,76.6,66.9
065,2002,6.16,8.12,2.97,1.4,1.19,4.38,58.7,63,76,80.6,78.8,73.3
065,2003,3.99,6.26,4.5,1.88,3.15,3.52,57.4,64.2,69.1,77.3,77.1,66.4
065,2004,2.09,8.21,2.53,5.9,5.39,0.28,57,69.3,73,75.1,70.9,69.2
065,2005,3.31,1.8,2.3,3.54,6.66,3.27,57.5,62.8,75.2,77.4,78.6,71.8
065,2006,2.61,4.74,3.52,5.73,3.41,5.56,60.8,64.2,74,78,77.1,64.6
065,2007,3.21,2.34,3.88,2.21,1.36,2.46,53.3,69.1,74.1,75.1,81.6,72.4
065,2008,5.92,7.03,3.27,5.51,1.51,2.28,53.6,61.7,75.5,76.3,74.1,70
065,2009,7.23,6.92,3.88,6.88,3.15,4.31,55.4,65.5,76.4,72.9,73.3,68.8
065,2010,3.29,4.44,4.28,2.93,3.29,1.2,61.2,67.7,78.5,79.7,79.2,70.1
065,2011,13.42,6.77,8.26,5.45,1.35,6.68,58.7,64.9,75.6,81.6,76.7,66.3
065,2012,2.81,2.48,0.54,2.19,3.25,8.46,58.8,70.8,74.8,84.6,76,67.8
065,2013,4.35,5.44,4.37,6.04,1.71,1.72,54.6,66.2,74,74.5,74.8,70.8
065,2014,8.53,3.98,5.72,2.78,6.77,2.45,56.9,66.6,75.3,72,75.9,67
065,2015,5.23,4.11,9.94,4.25,2.67,3.43,57.2,67.4,74.8,77.9,73.8,71.7
065,2016,4.82,6.2,3.05,8.08,7.8,5.04,57,64,77.8,78.9,78.4,72.8
065,2017,10.1,4.28,2.73,3.08,2.14,0.92,60.6,66.4,74.4,78.7,72.6,70.8
065,2018,3.45,4.22,6.37,2.64,3.36,8.1,49.8,72.7,77,76.6,76.2,73.3
065,2019,6.38,7.19,5.38,3.33,4.46,0.6,57,66.7,73,78.4,75.7,75.1
065,2020,4.39,5.17,5.56,5.37,3.72,1.35,53.1,63.3,74.7,79.4,74.2,68.7
065,2021,3.06,3.31,4.15,6.43,3.55,2.57,54.6,62.7,75.4,76.6,77.6,70.8
065,2022,3.58,3.01,2.57,5.84,3.39,1.44,54.8,68.4,76,79,76.1,69.3
065,2023,3.26,3.46,1.04,5.26,3.67,2.18,56.4,65.8,72.9,78.3,75.6,69.9
065,2024,4.89,5.39,1.98,5.71,1.52,6.41,59,69.7,75.8,77,76.3,71.3
065,2025,9.84,4.68,4.52,3.64,0.62,2.92,57.2,64.2,76.3,81.2,75.5,71.6
067,1980,1.99,2.61,6.37,2.89,7.08,7.21,51.1,64.6,71.4,80.3,77.6,67.8
067,1981,5.86,6.47,7.53,10.23,3.27,3.03,58.5,59,72.8,75.1,72.2,65.4
067,1982,3.91,4.55,3.78,6.28,3.94,2.89,47.2,67,67,76.2,72.1,65.1
067,1983,5.75,3.37,1.88,1.1,2.6,3.51,46.3,59.4,73.3,81,81.1,67.5
067,1984,4.8,5.89,4.15,6.68,1.3,3.8,50,59.2,74.2,74.3,75.5,63.8
067,1985,0.78,4.47,2.07,4.71,4.34,2.94,57.1,65.1,68.7,75.2,70,67
067,1986,1.52,7.21,4.47,6.63,2.11,9.61,56.4,64.1,74.2,78,69.1,68.9
067,1987,1.94,1.42,2.66,1.83,5.81,3.38,54.7,68.7,75.5,79.5,75,66.2
067,1988,1.28,1.81,1.75,0.95,4.24,1.75,52.2,65.9,74.9,78.7,78.7,67.9
067,1989,3.36,2.85,3.14,2.18,3.22,3.08,52.2,60.1,70.4,77.4,74,63.1
067,1990,2.32,7.39,9.89,5.13,1.92,1.35,50.7,58.3,72.2,74.9,74.3,68.9
067,1991,3.05,7.72,0.83,2.31,2.16,2.82,56,67.9,75.6,76.7,74.4,66.3
067,1992,3.29,1.03,1.03,10.7,0.58,6.16,50.3,61.9,69.9,73,68.1,64
067,1993,4.01,3.47,6.15,11.18,7.07,7.57,49.1,63.3,70.7,75.4,75.3,60.8
067,1994,5.52,3.34,3.45,2.59,3.83,1.44,52.6,61.7,74.1,74.2,71.7,65.7
067,1995,5.69,11.6,3.24,3.59,5.43,3.27,49,59.1,72,76.6,79,62.3
067,1996,2.43,11.54,2.91,5.26,2.8,2.85,48.7,60.8,71.7,73.4,73.6,63.9
067,1997,3.38,4.89,4.43,2.08,5.21,1.63,47.9,57.5,71.5,75.4,71.8,67.1
067,1998,4.88,5.78,8.6,2.09,2.17,5.12,52.2,67.2,71.1,76.6,76.1,71.3
067,1999,6.06,3,3.27,2.92,2.05,4.82,54.7,64,72.4,79.4,72.6,64.8
067,2000,2.04,2.74,8.34,3.95,2.32,3.25,52.4,65.1,69.9,74.4,75.8,67.8
067,2001,3.84,7.32,4.68,2.67,6.74,3.29,57.7,64.3,69.8,77.3,74.6,64.5
067,2002,5.11,8.33,5.5,3.87,5.99,0.79,52.4,59,74,78,74.5,69.1
067,2003,3.67,3.69,3.6,5.92,2.53,6.17,53,61.3,69.1,75.1,76.2,63.3
067,2004,1.81,5.74,3.7,2.96,7.6,2.19,54.5,65.4,69.9,72.8,68.8,68.3
067,2005,4.37,2.38,2.32,1.96,3.39,4.06,56,61.6,75.3,77.2,75.8,71.2
067,2006,3.31,1.15,2.87,2.58,3.32,2,57.6,63.1,72.1,78.3,75.5,64.5
067,2007,3.7,2.15,4.33,2.01,4.68,1.11,50.1,67.9,73.2,74.4,79,69.7
067,2008,5.08,2.7,7.88,4.88,1.64,8.11,50.7,59.6,72.4,74.8,72.2,66.2
067,2009,6,5.18,6.38,3.58,8.07,1.7,50.6,62.6,72.8,70.4,70.9,65.7
067,2010,5.03,7.61,12.24,9.35,4.23,5.62,59.3,63.5,75.5,77.8,76.8,66.9
067,2011,4.27,4.73,11.45,1.5,0.65,1.27,52.2,61.7,71.9,81,76.2,63.9
067,2012,3.5,3.92,1.8,1.58,1.96,2.98,55,67.8,72.7,81.8,73.6,64.7
067,2013,8.33,9.49,3.26,2.13,0.03,2.17,49.3,63.1,72.2,74.2,74.2,69.8
067,2014,4.36,2.41,7.94,4.65,5.21,5.74,51.4,63.8,72.9,70.6,73.8,64.6
067,2015,2.21,5.07,10.05,7.52,2.87,1.79,55.2,64.4,71.5,74.1,71.8,71.4
067,2016,3.09,3.68,0.9,6.45,6.03,2.33,53.4,62.2,75.6,74.8,75.4,71.2
067,2017,5.43,4.05,1.83,3.68,4.7,0.51,55.7,62.2,73.2,76.8,70.3,68.8
067,2018,1.05,2.39,4.1,2.58,6.22,6.62,44.1,71.6,75.8,75.5,75.7,69.8
067,2019,2.57,12.52,6.67,1.53,4.41,6.71,52.6,61.4,71.6,78.2,72.8,71.6
067,2020,3.32,4.17,4.25,6.23,0.56,4.32,49.9,60.2,74.1,76.9,73.4,64.9
067,2021,4.67,6.12,5.33,6.68,2.93,1.77,52.2,60.6,73.7,74.6,75.1,70.1
067,2022,3.51,3.94,3.73,3.52,0.98,5.59,48.4,64.9,73.7,75.4,74.6,67.6
067,2023,1.96,2.58,1.41,3.2,5.63,1,53.5,64.2,72.2,75.4,74,68.7
067,2024,7.85,3.13,2.06,6.6,2.58,1.03,54.2,66.4,75.1,73.7,73.4,68.6
067,2025,2.98,4.07,4.16,9.6,0.88,1.41,54.3,61.6,73.4,77.6,72.8,69.2
069,1980,3.09,3.15,4.64,3.98,2.11,3.74,53.9,65.1,73.8,80.8,80.5,71.9
069,1981,3.48,10.46,5.87,6.06,2.81,1.01,62,61.7,75.5,77.7,75,66.4
069,1982,3.29,4.92,2.42,4.41,3.91,2.6,52.3,69.4,70.3,77.9,74.1,67
069,1983,13.35,8.82,3.99,2.58,0.69,0.8,50.2,63.5,72.2,79.5,81,70.6
069,1984,4.97,6.26,3,4.73,1.65,4.79,54.6,62.7,76.4,75.2,75.9,67.2
069,1985,3.17,4.73,8.99,2.46,10.1,4.09,59.8,66.4,72.2,77.2,74.1,68.3
069,1986,2.12,6.78,2.91,4.93,3.08,4.11,59,67,75.7,80.2,73.2,73
069,1987,2.82,2.22,5.76,5.03,1.73,2.08,55.3,70.9,75.6,78,78.5,70.4
069,1988,1.7,2.4,1.26,4.92,3.08,4.98,56.7,65.5,74,78.4,79,68.8
069,1989,2.52,2.75,4.94,6.77,3.57,2.39,56,62.6,72.1,76.3,75.3,67.3
069,1990,4.83,9.76,2.65,3.84,3.49,2.14,53.8,62.6,74.2,77.2,74.5,71
069,1991,4.07,5,1.84,1.86,1.73,2.75,59.7,71.2,76.6,79.9,77.5,70
069,1992,1.93,4.52,2.59,4.99,2.43,4.65,56.8,63.3,70.8,78.2,71.9,68.1
069,1993,4.48,4.14,5.68,5.07,2.61,5.43,53.3,65,73,81.6,77.7,66.4
069,1994,5.83,1.77,3.7,2.36,3.55,2.56,58,62.1,76.7,77.1,73.2,66.3
069,1995,5.34,8.4,4.71,3.51,4.12,1.71,57.3,64.6,73.3,77.8,80.4,66.9
069,1996,7.24,5.17,5.02,6.44,1.27,6.85,52.1,68.3,73.8,75.4,76.3,67
069,1997,4.14,6.93,5,2.1,2.96,1.89,50.7,61.3,72,77.6,74.5,68.7
069,1998,6.73,3.44,8.25,4.4,3.46,0.6,56,70.1,75.9,78.5,76.5,74.6
069,1999,4.51,3.34,5.17,2.42,0.73,0.54,59.9,65.6,74.9,80.2,76.1,70.1
069,2000,2.69,4.46,4.92,3.73,2.56,3.64,55.2,68.4,74,75.4,77.8,68.5
069,2001,2.76,3.63,3.21,5.65,3.52,4.29,61.5,67.6,72.3,78.2,77.1,67.6
069,2002,7,8.41,2.81,1.57,1.21,5.28,59.4,63.6,76.6,81.3,79.2,73.4
069,2003,5.15,8.93,4.55,1.69,5.19,5.11,59.2,65.4,69.3,77.9,77.5,67.1
069,2004,3.03,5.76,3.74,4.41,1.9,0.02,56.9,70,73.5,75.7,72.3,70.6
069,2005,3.24,2.61,3.54,2.67,8.57,2.41,58.7,62.9,75.2,78.4,79.8,72.7
069,2006,2.78,3.87,2.22,5.89,3.61,9.1,62,64.5,74.4,78.5,78.1,65.6
069,2007,3.86,2.43,4.59,3.72,0.54,3.43,54.7,70.1,75.2,75.9,83.3,73.4
069,2008,6.98,5.23,3.55,6.87,0.89,0.84,55.5,63.7,76.6,77.5,75.3,72.5
069,2009,4.82,6.76,3.18,6.38,3.71,4.86,57,66.2,77.2,73.8,74.5,70.6
069,2010,3.93,4.66,3.52,1.45,3.21,1.53,61.7,68.2,78.9,80.6,80.4,71.1
069,2011,14.38,6.65,6.49,5.14,2.34,6.6,59.9,65.2,76.9,81.5,77.7,67.6
069,2012,1.08,1.75,1.22,3.43,4.89,5.23,59.4,71.3,75.1,84.3,76.7,68.8
069,2013,4.23,3.45,4.85,4.12,3.53,2.88,55.2,65.7,74.5,74.7,75.1,70.9
069,2014,8.94,3.07,4.18,1.54,3.71,2.03,57.5,67.6,75.6,73,77.1,68.3
069,2015,6.7,4.97,5.86,8.76,3.99,2.09,59.1,67.3,75.7,78.8,73.6,71.3
069,2016,4.73,6,2.03,11.32,6.11,2.1,58,63.9,77.3,79.4,78.2,73
069,2017,6,6.03,3.7,1.93,2.12,2.24,61.2,66.4,74,79.5,74.4,70.9
069,2018,4.98,5.29,8.6,2.92,2.52,6.49,50.4,73.1,77.7,78.2,76.5,73.6
069,2019,5.87,6.28,6.36,4.15,2.99,0.23,57.2,68.1,73,78.2,76.4,75.8
069,2020,2.17,4.95,6.25,6.39,5.21,3.04,53.7,63.8,74.2,79.7,74.9,69.3
069,2021,3.96,3.21,3.1,7.76,3.2,2.78,55.6,63.3,75,77.1,77.4,70.1
069,2022,5.3,2.96,2.83,4.74,2.03,1.16,54.9,68.5,75.5,80.4,77.2,70.6
069,2023,2.18,3.19,1.11,3.3,5.06,2.27,57,66.1,73,78.2,75.6,70.3
069,2024,3.89,7.09,3.41,5.88,1.27,9.13,60,69.8,75.4,77,76.5,71.3
069,2025,9.79,4.52,7.63,2.75,0.65,3.46,59,64.8,76.4,80.6,75.2,71.7
071,1980,1.75,3.96,7.65,4.4,9.4,6.63,50,63.7,70.3,78.8,76.5,66.5
071,1981,6.19,5.36,6.93,6.14,4.2,3.47,56.6,58.6,72.2,73.9,71.4,64.3
071,1982,3.97,4.59,3.75,10,4.05,2.52,46,66.4,66.5,75.1,71,64.3
071,1983,4.82,3.17,3.4,0.93,2.47,5.6,45.6,58.6,72.9,79.5,79.7,66.5
071,1984,5.32,5.13,3.3,5.48,1.61,3.06,49.2,58.4,73.6,73.2,74.5,63
071,1985,0.92,4.1,2.61,3.35,2.98,2.72,56.3,64.3,68.5,74.7,70,66.8
071,1986,1.57,5.72,4.91,6.11,3.02,8,55.7,63.6,73.2,77.2,68.2,68.3
071,1987,1.8,1.58,2.48,1.45,5.86,2.65,54.4,68.2,75.3,79.1,73.9,65.4
071,1988,1.13,1.62,0.99,1.34,5.32,1.97,51.8,66,74.8,78.8,78.1,67.7
071,1989,3.51,2.73,3.67,2.2,3.63,4.59,51.1,59.7,70,76.7,73.5,62.6
071,1990,2.25,7.17,9.49,5.91,3.05,1.21,50.3,57.8,71.6,73.7,73.4,67.5
071,1991,2.93,4.8,1.24,1.67,2.49,3.15,55.1,67.3,75,76,73.9,65.5
071,1992,3.69,0.91,1.38,8.94,1.12,5.08,49.6,61.5,69.4,71.6,67.3,63.1
071,1993,4.14,4.73,7.78,9.68,8.64,5.2,48.3,63.1,69.9,74.4,74.3,60.2
071,1994,3.48,2.06,3.26,3.22,3.09,1.61,52,61.3,73.2,72.9,70.6,65.3
071,1995,5.15,8.55,3.39,4.46,3.88,2.37,48,58.8,71.8,75.9,78.4,62.1
071,1996,2.75,10.28,2.83,4.18,2.34,2.19,47.6,59.3,71.1,72.7,72.9,63.6
071,1997,2.15,4.27,3.37,2.48,6.81,2.34,47,57,71,74.7,71.1,66.4
071,1998,4.98,4.35,6.98,1.71,3.03,5.18,51.8,66.6,70.2,76,75.2,70.6
071,1999,6.22,3.16,5.5,2.96,2.46,4.44,53.6,63.8,71.8,78.6,71.4,63.4
071,2000,3,3.82,7.44,3.84,1.28,4.8,51.6,64.3,69.3,73.7,75,67
071,2001,4.36,8.53,3.98,3.05,3.39,4.25,56.6,63.6,69,76.5,74,63.6
071,2002,4.53,6.71,5.55,4,6.64,0.84,51.3,58.6,73.6,77.4,73.9,68.4
071,2003,3.27,5.17,3.82,3.86,1.83,5,52.3,60.7,68.8,74.4,76,63.2
071,2004,1.84,4.66,2.46,3.61,6,1.74,53.5,64.7,69.8,72.3,68,67.6
071,2005,3.42,2.83,2.11,1.93,2.65,3.78,55.1,60.3,74.8,76.4,74.7,70
071,2006,4.46,1.6,2.22,2.31,3.5,1.46,56.5,62.5,71.1,78,74.3,63.4
071,2007,3.63,2.59,5.82,4.37,6.61,1.13,49.2,67.2,72.2,73.5,77.2,68.6
071,2008,5.03,3.59,7.37,4.88,2.79,9.49,50.1,58.8,71.5,73.8,71.3,66
071,2009,5.45,5.18,8.19,4.39,8.61,1.14,49.9,62,71.6,69.7,70.1,65.6
071,2010,4.48,9.14,11.18,6.26,4.24,5.96,58.8,63,74.6,77.2,76,66.1
071,2011,4.39,4.83,10.13,1.98,0.57,2.22,50.9,61.7,70.8,80.1,74.9,62.4
071,2012,2.5,4.51,2.98,0.62,2.74,2.93,54.3,67,71.9,80.8,72.8,63.9
071,2013,6.91,10.52,2.78,2.18,0.14,1.35,48.2,62.6,71.3,73.6,73.5,68.7
071,2014,4.25,1.9,7.56,3.68,5.74,5.16,50.6,62.6,72.2,70.2,72.9,63.9
071,2015,1.71,4.92,8.56,8.64,3.55,1.75,53.9,63.8,70.9,73.7,71,70.8
071,2016,2.61,3.35,2.59,7.74,5.68,2.47,52.2,62.1,74.9,74.7,75,70.9
071,2017,5.56,3.52,1.53,4.95,2.93,0.63,54.7,61.6,73,76,70,68.2
071,2018,0.86,2.95,3.97,1.83,4.71,5.36,42.7,70.1,75.1,75,74.9,68.9
071,2019,2.84,12.36,4.47,1.16,2.98,7.9,51.2,60.3,71,78,72.5,70.7
071,2020,2.33,4.1,4.04,4.1,0.54,4.8,48.8,59.7,73.4,76.9,73.1,64.4
071,2021,4.01,6.09,5.54,4.8,3.32,2.41,51.5,60.6,73.6,74.4,74.8,69.7
071,2022,3.48,3.4,2.77,2.52,1.96,3.84,47.5,64.9,73.2,74.9,73.6,66.9
071,2023,1.89,2.44,1.92,4.55,5.15,1.84,52.8,64.2,72.2,74.6,73.1,68.2
071,2024,7.07,3.38,3.03,7.28,2.56,0.79,53,65.8,74.4,73.4,72.6,68
071,2025,2.42,3.36,3.81,9.36,1.58,0.85,53.4,61.2,73.5,77.5,72.6,68.8
073,1980,2.82,3.7,5.14,3.97,8.9,3.32,48.7,62.3,68.8,76.3,75.1,65.8
073,1981,5.05,2.43,6.5,4.02,7.58,3.88,54.2,57.5,70.9,72.9,70.8,63.2
073,1982,3.31,3.72,4.19,8.78,2.64,1.75,44.4,66,65.8,74.5,70.2,63.5
073,1983,4.79,1.84,3.18,2.67,1.19,4.97,44.8,57.4,71.8,78.4,77.7,65
073,1984,4.46,5.52,3.22,4.27,1.48,2.31,48.3,57.6,72.6,71.9,73.8,62.5
073,1985,1.53,2.82,2.32,2.74,2.78,1.95,55.5,63.6,68,73.2,69.1,65.3
073,1986,1.97,5.12,5.03,6.57,2.68,6.25,53.9,62.3,70.6,75.9,67.7,66.7
073,1987,1.71,3.2,1.8,1.94,12.2,1.87,52.6,66.2,73.7,78,72.1,64.2
073,1988,1.93,2.21,1.45,0.83,4.06,1.92,50.1,64.3,72.9,77.2,77.4,66.4
073,1989,2.7,2.24,4.07,2.57,5.02,7.26,49,58.6,68.6,74.9,71.5,61.4
073,1990,2.49,6.83,11.33,4.17,5.93,0.84,49.4,57,70.6,72.7,72.2,66.2
073,1991,3.06,4.87,1.65,0.7,2.95,2.38,53.4,66.8,74.3,75.1,73.3,64.4
073,1992,3,0.56,1.67,12.04,1.6,6.17,48,60.7,68.2,69.6,66.6,62
073,1993,4.66,3.74,9.27,6.2,7.24,4.67,46.8,62.2,68.8,73.7,73,59.4
073,1994,2.3,1.5,5.24,3.24,2.75,1.8,51.1,60.9,72.2,72.1,68.8,65
073,1995,5.6,7.38,2.19,5.42,3.84,1.67,46.5,58.6,72.2,75.5,77.9,61.5
073,1996,2.73,8.76,3.34,3.4,3.37,1.84,46.8,57.4,70.4,71.3,71.8,62.6
073,1997,1.71,3.4,2.37,1.87,6.94,3.26,46.2,55.7,70.5,73.4,69.7,65
073,1998,4.87,3.9,7.26,2.32,3.99,3.63,50.8,66.3,69.6,74.2,73.6,68.8
073,1999,6.25,4.05,5.36,2.64,3.47,4.37,52,63.2,71,77.9,69.9,62.6
073,2000,4.36,3.87,6.74,3.42,2.61,5.01,50,63.6,68.4,72,73.4,65.5
073,2001,3.77,6.52,3.75,2.8,2.65,4.04,55.5,63.3,68.8,75.2,72.9,62.3
073,2002,4.67,5.68,5.36,3.32,5.27,0.58,50.1,57.5,72.2,76.8,72.5,67.4
073,2003,2.88,5.37,2.88,5.26,1.61,3.5,51.2,58.8,67.6,73.4,74.1,62.6
073,2004,1.79,7.42,2.7,2.19,4.81,1.24,52.5,63.2,69,71.5,66.9,66.3
073,2005,1.45,1.94,1.55,2.02,2.63,2.45,54.4,59.2,75,75.5,73.5,69.2
073,2006,4.77,2.5,2.17,3.35,5.76,2.05,54.8,61.5,69.6,77,72.9,62.3
073,2007,3.73,2.05,4.55,6.16,7.12,0.69,47.8,67,71,72.5,75.3,67.6
073,2008,4.48,5.46,6.28,4,1.52,10.32,49.8,58,71.4,73.2,70.3,65.2
073,2009,5.06,4.69,5.86,6.29,6.14,2.09,48.9,61.2,70.9,68.5,69.1,63.9
073,2010,3.94,6.95,9.48,4.07,5.39,3.86,57.6,62.4,72.8,76.4,75,65.4
073,2011,5.24,6.31,4.86,2.68,2.77,3.08,49.2,61,70.8,78.9,73.5,61.2
073,2012,2.57,4.52,2.35,0.97,3.51,2.74,52.3,66.2,71.6,80.1,71.7,63
073,2013,7.94,8.13,4.12,2.55,1.04,1.19,47.4,62.6,70.2,72.5,72.1,67.3
073,2014,3.82,3.61,8.45,3.78,3.85,4.31,49.2,62.1,71.6,69.5,72.3,63.2
073,2015,2.51,4.63,8.94,5.14,2.82,3.59,51.9,63,69.9,72.2,70.3,69.8
073,2016,2.25,3.54,5.66,7.69,8.65,2.26,50.1,61.6,73.2,73.8,74,69.8
073,2017,6.08,4.17,4.3,6.27,1.77,1.04,53.6,59.7,72,74.1,68.5,67.1
073,2018,1.05,4.26,6.09,3.74,5.62,5.3,41.6,68.9,73.5,73.5,73.5,67.5
073,2019,5.08,11.01,5.62,1.65,2.99,10.58,49.6,58.9,70,77.2,71,69.4
073,2020,2.72,5.07,3.87,4.09,0.71,7.95,47.9,59,72.5,75.8,72.2,63.2
073,2021,4.37,5.9,5.76,4.76,3.29,1.43,50.6,59.5,73.6,73.5,74.1,68.7
073,2022,3.73,3.87,3.92,4.35,3.59,3.51,46.1,63.8,72,73.6,71.8,65.6
073,2023,2.33,2.07,1.71,4.12,2.78,4.17,51.1,63.4,71.2,73.5,72.1,67.3
073,2024,5.38,3.78,3.54,6.79,3.63,0.75,52.2,65.4,73.5,72.1,71.9,67.5
073,2025,3.17,3.7,3.78,8.36,2.39,0.72,52,60.6,72.9,76.4,71.6,67.8
075,1980,2.16,1.71,7.69,1.58,3.72,4.96,47.5,62.8,68.7,77.5,76.1,66.8
075,1981,6.74,6.31,5.27,5.83,5.32,3.92,54.6,57,72.4,73.4,70.6,63.4
075,1982,3.26,3.98,3.94,4.94,3.38,1.2,44.6,67,66,74,69.3,64.4
075,1983,5.44,4.81,4.3,1.28,4.03,2.08,46,57.2,72.2,78.2,76.6,65.5
075,1984,3.19,6.63,2.41,3.31,1.4,1.91,47.8,58.1,74.4,71.9,73.5,64
075,1985,1.61,2.36,2.57,3.71,5.37,1.33,55.3,64.2,68.5,72.3,69,66.2
075,1986,1.69,4.6,5.58,3.85,1.45,4.81,54.4,62.4,71.1,76.6,68.8,68.1
075,1987,3.11,3.61,3.57,3.87,4.87,1.85,51.3,66.8,73.5,76.5,72.5,65.6
075,1988,2.17,1.45,0.38,1.48,1.98,2.56,49.8,64.1,73.2,77,77.8,66.6
075,1989,3.37,4.26,2.18,4.02,2.96,6.14,49.5,58.2,70.3,74.6,71.1,62.1
075,1990,2.23,5.2,4.58,5.56,4.09,1.1,49.8,57.5,70.8,72.4,70.7,66.2
075,1991,3.54,4.91,0.74,1.16,3.13,1.53,54.5,67.9,74.8,75.8,73.4,65.4
075,1992,2.28,0.98,3.21,8.9,1.67,4.39,48.4,60,67.5,71.1,67,63.4
075,1993,5.3,3.84,8.75,6.99,4.93,8.26,48.2,62.9,69.7,75.1,73.8,60.6
075,1994,6.6,2.03,2.71,4.44,2.79,2.35,51.7,59.3,73.1,72.4,68.7,64.8
075,1995,4.72,7.72,3.86,1.84,5.1,0.86,47.8,59.1,72.6,76.1,78.4,62.8
075,1996,3.13,6.88,4.7,6.37,1.91,2.69,47,58.9,70.5,71.6,71.8,63.5
075,1997,1.6,4.14,5.29,2.87,4.84,1.6,45.9,55.8,69.5,73.2,68.4,64.6
075,1998,4.64,5.18,7.23,4.62,2.13,0.98,52,66.8,71.1,73.6,73.8,70.2
075,1999,5.4,2.59,4.81,3.38,3.46,1.81,52.3,64.2,71.7,77.2,69.8,64.7
075,2000,3.64,3.86,5.37,5.36,1.64,3.32,49.6,63.7,69.8,71.3,72.4,65.5
075,2001,3.14,3.28,4.4,3.94,5.05,2.44,55.8,64.1,68.6,73.8,73,62.8
075,2002,3.98,5.27,2.99,4.44,6.06,1.66,51.6,57.2,72.8,76.4,72.6,67.1
075,2003,2.7,5.17,3.89,9.43,3,4.44,52.5,59.5,66.8,72.8,73.4,63.5
075,2004,1.31,5.93,5.82,3.76,7.75,0.64,52.6,65.1,68.9,71.6,67.2,67
075,2005,2.59,1.43,2.27,5.96,2.6,4.26,53.9,60,74.2,75,73.6,70
075,2006,5.43,4.73,1.96,5.98,4.85,3.36,54.9,60.3,70.1,75.7,72.5,62.9
075,2007,4.07,1.82,4.17,3.7,5.72,1.15,48.6,66.6,71.6,71.1,75.5,68.9
075,2008,2.41,5.3,5.15,4.7,1.57,9.29,51.3,57.1,72.3,73.1,70.3,66.3
075,2009,5.64,5.15,4.59,3.45,3.69,1.24,49.4,61.7,71.2,69,69.5,64.8
075,2010,2.11,5.44,8.32,2.32,2.23,3.32,56.9,63.4,73.6,76.5,75.3,66.8
075,2011,6.89,5.61,4.81,2.31,2.21,3.54,50.1,61,71.5,78.4,72.8,62.8
075,2012,2.33,4.1,3.08,1.47,4.88,3.03,52.7,66.6,71.3,79.6,71.1,63.9
075,2013,6.18,5.37,5.15,1.65,2.05,1.63,48.7,63.9,70.3,71.8,71.2,67.8
075,2014,3.1,4.5,8.02,4.12,3.5,4.46,50.1,62.3,71.9,68.4,71.6,63.4
075,2015,2.81,4.78,11.42,7.88,2.87,4.99,52,64.1,69.9,72.4,70.2,69.1
075,2016,2.56,3.5,3.87,5.89,7.95,3.07,50.6,60.6,72.7,74.4,74.8,70.2
075,2017,4.09,5.39,4.92,4.51,3.72,1.63,55,59.7,72,74.3,68.9,67.4
075,2018,2.12,1.73,4.69,3.05,3.55,3.3,43,69.8,73.6,73.6,74,70
075,2019,3.65,7.18,4.6,3.07,1.18,6,51.4,61.4,70,76.3,71.5,70
075,2020,3.74,4.37,3.82,5.12,1.33,2.85,48.1,59.1,72.6,75.8,71.5,64.6
075,2021,2.51,4.65,6.65,3.98,4.16,2.8,51,59.5,73,72.7,74.5,69
075,2022,2.55,3.9,2.16,5.07,4.52,1.6,47.7,64.2,72.4,73.7,71.9,65.8
075,2023,1.75,2.06,1.39,5.08,5.06,2.16,51.7,63.1,69.9,73,71.4,66.5
075,2024,6.53,4.63,2.7,5.29,4.2,1.11,52.5,65.7,73.4,72.4,71.8,67.6
075,2025,3.63,3.03,4.47,5.84,2.74,1.24,51.6,60.3,73.4,76.8,71.3,67.6
077,1980,2.07,2.95,3.7,4.46,1.89,3.91,53.8,64.8,73.8,81.7,80.8,71.1
077,1981,2.26,10.54,6.54,6.73,2.23,1.28,62.5,60.3,75,77.8,74.6,66.4
077,1982,2.34,4.77,4.21,3.51,3.73,3.85,51,69.1,69.9,77.9,73.6,66.3
077,1983,10.27,7.76,4.1,1.31,1.68,1.34,49.3,62.9,72.6,80.1,81.1,69.9
077,1984,3.91,3.87,2.93,2.81,2.81,6.87,53.9,62.1,76.8,75.4,76,66.5
077,1985,4.08,4.9,6.82,2.78,8.06,0.81,59.3,66,71.4,76.9,73.5,67.8
077,1986,3.81,6.22,1.5,6.16,3.88,5.52,59,66.9,76.2,80.4,72.5,71.7
077,1987,2.38,2.08,4.19,5.51,2.95,1.84,55.6,71.2,76.2,77.6,77.3,69.4
077,1988,1.76,2.17,1.11,4.03,1.77,5.82,55.7,65.6,74.9,78.3,79.3,68.6
077,1989,2.51,3.03,6.54,2.03,2.07,2.24,55.9,62.1,72.1,76.8,75.8,65.9
077,1990,5.05,9.27,2.76,4.47,3.99,2.81,53.9,62.4,74.6,76.7,73.8,70.6
077,1991,3.79,3.31,1.5,1.84,1.77,3.6,59,70.7,76.1,78.3,76.6,68.8
077,1992,2.45,2.44,2.52,2.78,1.94,5.08,56.9,63,70.8,77.9,71.1,66.7
077,1993,4.53,4.54,5.68,4.84,3.33,9.82,52.3,64.9,73.1,80.9,77.2,65.6
077,1994,7.62,1.18,4.29,1.81,4.02,2.63,57,61.8,76,76.2,72.5,65.5
077,1995,2.4,9.7,5.19,2.47,2.88,1.56,56.2,64.1,72.9,77.2,80.3,65.5
077,1996,10.1,6.58,4.79,4.46,0.58,5.61,52.3,68,73.6,75.1,76.1,66
077,1997,3.13,7.21,6.57,2.23,4.1,3.25,50.7,60.9,71.9,77.8,73.8,68.1
077,1998,6.6,3.8,8.6,3.43,2.13,1.31,55.7,70,75.2,78.2,76.6,73.6
077,1999,6.88,3.43,3.94,2.35,2,0.84,59.1,65.6,74.4,80.2,74.6,68.3
077,2000,2.18,5.22,9.36,3.27,4.5,2.93,54.2,68,73.2,75.8,77.9,68.1
077,2001,2.25,5.47,3.29,6.32,6.02,2.36,62,66.8,72.5,77.8,77.3,67
077,2002,5.16,9.43,2.18,1.23,2.13,2.43,58.6,63,75.9,80.5,78.1,71.7
077,2003,4.84,5.4,5.31,2.56,2.53,2.78,57.3,64.6,69.2,77.3,78,65.9
077,2004,3.06,7.24,3.07,5.12,3.95,0.46,57.2,69.8,73,76,72.4,68.8
077,2005,3.29,2.42,1.49,5.56,3.41,4.21,57.2,63.8,75.6,77.8,79.4,72.9
077,2006,3.09,4.24,2.76,6.65,3.07,4.62,61.2,64.9,74.5,78.4,77.8,65.4
077,2007,3.56,3.09,3.86,2.13,1.5,2.15,53.7,69.5,75,75.9,82.7,72.6
077,2008,6.64,5.95,1.66,6.43,2.4,3.16,54,62.9,75.9,77,74.3,69.5
077,2009,6.33,7.52,3.83,6.22,3.88,3,55.6,65.5,76.6,74.1,73.8,69.4
077,2010,3.36,4.76,4.11,2.04,3.54,2.27,61.1,67.9,79.2,80.5,79.8,69.8
077,2011,15.08,7.57,6.69,4.68,2.46,6.28,59.3,65,76.9,82.4,78.1,66.4
077,2012,2.36,1.08,0.95,1.88,4.76,4.64,58.9,70.8,74.6,84.3,76.3,67.8
077,2013,4.7,4.98,4.69,5.21,3.13,0.96,54.2,65.5,74.1,74.3,74.7,71
077,2014,7.77,5.58,5.5,2.78,3.52,1.74,56.4,66.8,75.4,72.4,76.7,67
077,2015,5.27,5.39,9.14,6.73,3.36,3.38,58.2,66.9,75.3,78.6,74.2,70.7
077,2016,4.87,7.18,1.52,8.52,7.86,4.65,57.5,63.7,77.3,79.1,77.9,72.2
077,2017,12.7,4.77,3.18,2.77,2.87,0.9,60,65.8,74,78.8,72.6,70.1
077,2018,4.25,4.96,5.65,2.49,4.56,7.61,49.4,72.7,77.6,78.1,76,72.9
077,2019,6.65,6.83,7.1,3.61,2.68,0.75,56.8,67.2,72.7,78.5,76.4,75.7
077,2020,2.99,4.45,3.46,6.03,3.53,1.87,53,63,74.9,79.9,74.5,68.2
077,2021,3.42,3.44,3.42,5.34,3.1,5.13,55.4,63.6,75.7,76.8,77.3,70.6
077,2022,4.19,4.5,1.24,3.49,3.17,1.27,54.6,67.6,75.4,79.5,75.8,69.1
077,2023,4.16,2.73,1.24,6.27,5.75,1.39,56.4,66.3,73.4,78.3,76.3,70.1
077,2024,4.74,6.69,3.46,6.77,1.31,6.45,59.5,70.4,75.9,76.9,76.8,70.8
077,2025,8.97,4.26,5.38,4.18,0.44,2.41,58.6,64.6,76.2,80.8,75.2,71.3
079,1980,2.19,2.58,4.87,3.26,4.87,5.49,51.1,64.2,71.8,79.6,78.4,69.3
079,1981,3.73,7.66,2.93,6.05,6.53,3.29,59.2,59.2,74.4,76.9,73.1,65.3
079,1982,2.88,5.23,3.53,2.94,2.76,4.16,48.8,68.2,68.1,76.5,71.7,65.7
079,1983,4.18,6.3,5.06,1.34,1.84,1.36,48.3,60.3,72.5,79.6,79.9,68.4
079,1984,7.57,5.64,0.8,2.29,2.68,6.53,51.4,60.3,76.8,73.9,74.9,65.2
079,1985,3.04,4.4,6.97,2.18,6.6,0.67,57.9,64.9,70.5,75.3,71.9,67.6
079,1986,2.83,3.29,2.24,7.22,1.79,4.09,57.1,65.8,75.1,79.3,71.1,71.1
079,1987,3.19,2.49,3.86,7.49,1.5,2.18,53.4,69.6,75,76.9,75.9,68.3
079,1988,1.62,1.54,0.97,4.41,1.79,1.34,53.8,64.9,74.6,78.2,78.8,69.1
079,1989,4.14,4.68,2.97,4.49,6.13,6.34,53.3,60,72.8,76.5,74.8,65.5
079,1990,3.46,8.92,5.31,2.89,3.07,2.6,51.7,60.7,72.6,75.8,72.9,69.3
079,1991,2.87,2.51,1.97,1.65,2.83,2.04,57.4,70.1,75.9,77.8,76.1,68.4
079,1992,3.52,1.99,1.18,6.12,2.31,5.28,53.4,62.2,69.6,76,70,66
079,1993,5.38,3.65,5.66,6.51,3.46,8.44,51,64,72.2,78.9,76.3,63.8
079,1994,8.2,2.27,3.47,3.02,2.52,2.47,54.3,60.6,75,75.1,71.7,65.2
079,1995,3.51,9.25,5.17,3.08,3.86,0.54,53.4,62.4,72.9,77.1,79.4,64.8
079,1996,7.23,9.65,4.8,1.67,1.36,3.87,50,64.9,73.1,74.4,74.7,65.6
079,1997,2.09,3.63,5.59,2.89,3.36,1.48,49.8,59,71.3,75.9,72,67.2
079,1998,5.8,6.21,6.79,5.01,2.74,1.55,54.2,68.4,73.6,75.9,75.6,72
079,1999,5.08,3.6,6.72,2.49,1.78,0.59,55.7,64.7,73.2,79.8,72.9,67.2
079,2000,3.12,4.53,6.92,6.23,7.06,4.62,52.3,65.7,72.1,73.8,74.9,66.6
079,2001,2.5,3.26,3.94,5.94,3.16,2.4,59.8,65.9,70.9,75.7,75.4,65.8
079,2002,5.1,10.08,3.2,1.73,1.75,2.92,56,60.8,75.1,79.3,77.2,71.6
079,2003,3.46,5.96,3.94,5.24,4.1,5.13,55.8,63,69,76.2,75.5,64.8
079,2004,1.62,7.46,1.97,5.82,5.15,0.36,55.6,68.1,71.4,73.7,69.7,68.5
079,2005,3.06,2.23,2.02,2.63,4.67,3.77,55.5,61.8,74.9,77.2,77.8,72.1
079,2006,3.9,4.67,3.04,5.02,4.37,4.4,58,63.4,73.4,77.4,75.8,64.6
079,2007,3.07,2.57,4.36,2.51,1.91,2.64,52.1,68.9,74,73.8,80.5,71.7
079,2008,3.47,6.78,10.12,5.07,1.08,4.64,53,60.3,75.1,75.8,72.9,69.1
079,2009,8.57,7.12,5.91,4.39,2.43,2.19,53.9,64.3,74.9,71.8,72.7,67.6
079,2010,4.49,4.63,6.76,7.36,1.35,2.13,60.3,66.5,77.1,78.8,77.7,68.6
079,2011,11.92,4.09,8.46,3.71,0.58,3.48,56.7,64.2,74.6,80.5,75.6,65.3
079,2012,3.82,1.96,0.35,1.2,3.89,7.69,56.2,69.8,73.2,83.4,74.4,65.4
079,2013,6.84,5.82,9.03,5.7,1.59,1.19,52.8,65,71.9,73.3,73.4,69.4
079,2014,8.36,3.48,3.88,4.44,4.46,5.86,55.1,65.2,74.2,70.6,74.1,65.3
079,2015,3.5,4.33,10.9,4.19,2.97,3.57,55.2,66.4,73.2,75.4,72.5,70.2
079,2016,5.16,3.56,2.63,7.32,8.22,3.77,54.4,62.4,75.8,76.2,76.6,71.1
079,2017,6.67,6.09,3.67,4.51,1.92,2.2,58.4,63.9,72.7,76.8,71.3,69.5
079,2018,3.37,2.2,7.91,4.47,5.76,5.93,47.4,72.9,76,75.8,75.1,72.3
079,2019,5.1,6.9,6.64,2.85,4.94,0.75,55.2,65.5,72.1,77.5,74,73.5
079,2020,4.09,4.38,2.74,9.59,2.83,1.25,51.3,61.7,73.7,77.4,73,67.4
079,2021,2.97,3.34,3.62,7.65,6.18,3.02,54.1,62,74.1,75,76.3,69.9
079,2022,3.12,4.98,3.09,8.99,8.06,2.05,52.4,67,74.3,76.9,74.2,68
079,2023,2.94,2.49,3.24,3.76,4.89,1.58,54.9,65.2,71.6,76.8,74.3,69.5
079,2024,7.15,4.82,1.75,8,1.76,3.02,57.3,68.7,75,75,74.3,69.8
079,2025,10.33,3.93,5.22,8.78,1.17,1.66,56,63.4,75.7,79.9,73.6,70.3
081,1980,2.32,3.21,2.35,3.27,3.19,3.36,52.8,64.6,73.3,81.2,80.6,70.8
081,1981,3.2,8.92,4.43,5.66,3.61,2.56,61.6,60.1,75.1,77.4,74.2,66.2
081,1982,2.32,5.17,3.95,4.46,2.29,4.36,49.9,68.5,68.7,77.3,73.1,66.1
081,1983,7.29,8,4.36,1.37,2.05,1.31,48.5,61.2,72,80,80.8,69.2
081,1984,6.29,3.4,2.5,1.7,1.96,7.49,52.5,61.2,76.6,75.3,76.1,66.5
081,1985,2.66,3.69,6.15,1.55,5.97,0.88,58.8,64.7,70.6,76,72.9,67.6
081,1986,3.35,3.18,1.72,7.01,3.15,3.32,58.1,66.3,75.6,79.8,71.7,71.4
081,1987,2.7,2.33,3.14,6.86,2.88,2.43,54.7,70.5,75.9,77.5,76.5,69.4
081,1988,2.32,1.44,1.33,6.15,1.44,4.99,54.5,65.1,74.5,78,78.5,68.6
081,1989,2.56,4.57,4.86,2.12,3.23,2.58,54.9,61.1,72,76.4,75.3,65.5
081,1990,4.14,11.06,3.46,2.56,1.63,3.81,52.4,61.2,73.5,76,73.4,69.7
081,1991,3.09,2.94,1.41,1.93,2.21,5.23,58.4,70.1,76.1,78.3,77,68.6
081,1992,2.72,3.29,0.95,3.5,1.63,4.07,55.2,62.3,70.5,77.2,71,66.3
081,1993,5.13,4.12,5.91,6.34,3.93,8.39,51.8,64.5,72.6,80,76.7,64.4
081,1994,8.49,2.02,4.51,3.16,3.16,2.37,55.9,61.1,75.6,76,72.4,65.5
081,1995,2.96,13.05,5.5,1.97,3.28,0.74,55,63,72.7,77.4,79.8,65.6
081,1996,10.26,4.69,5.18,2.43,2.4,4.41,51,66.8,73.1,74.6,75.8,65.8
081,1997,3.05,4.39,5.69,3,3.91,1.28,50,60.5,71.5,77,73.2,67.6
081,1998,7.03,4.8,7.34,3.95,1.83,2.33,54.8,69.1,74.4,77.4,75.6,72.8
081,1999,5.24,3.71,4.54,3.58,1.63,0.7,57.6,64.9,73.8,79.4,74,68.2
081,2000,2.83,4.23,9.3,5.3,4.09,2.97,53.5,66.8,72.8,74.6,76.1,67
081,2001,1.8,3.93,4.2,4.2,4.76,2.22,60.5,66.5,71.6,76.8,76.6,66.2
081,2002,5.24,7.07,3.63,1.14,1.53,2.46,57.7,61.9,75.6,80.1,78,72.8
081,2003,4.07,6.71,4.82,1.88,2.96,3.27,56.7,63.5,68.7,76.7,76.9,65.6
081,2004,1.82,8.43,2.03,5.56,5.77,0.49,56.5,68.4,72.1,74.5,70.6,68.6
081,2005,3.45,1.04,1.57,4.25,6.17,4.68,57.3,62.7,75.5,77.5,78.4,71.8
081,2006,2.14,5.62,4.78,5.47,2.44,4.21,60.2,63.7,73.7,77.6,76.6,64.5
081,2007,3.12,3.03,3.65,2.28,1.51,1.62,52.6,69.2,74.2,74.7,81.8,72.1
081,2008,5.95,7.68,3.25,6.62,2.07,2.85,52.5,61,75.1,75.7,73.6,69.1
081,2009,7.35,8.3,3.85,7.43,3.69,2.65,54.6,64.9,75.6,72.8,72.6,68
081,2010,2.99,4.65,4.66,3.62,3.84,1.72,60.3,66.6,77.5,79,78.4,69
081,2011,12.56,5.82,10.23,5.65,0.97,4.56,57.9,64,75.2,81,76.4,65.1
081,2012,3,2.71,0.61,1.36,3.18,9.6,57.6,70.3,73.9,83.9,75.9,66.9
081,2013,5.37,5.9,4.75,7.95,1.07,1.31,53.6,65.3,73.4,73.7,73.9,70.7
081,2014,7.65,4.32,6.27,2.13,7.28,2.91,56,66,74.3,71.4,75.4,66.2
081,2015,4.05,5.59,10.41,3.76,3.71,4.1,57.2,67,74,77,73.2,71.2
081,2016,4.27,5.41,1.8,6.37,9.66,4.94,56.2,63.2,77.1,77.8,77,71.8
081,2017,9.23,5.01,3.66,3.89,2.13,0.73,59.3,65.2,73.6,78.4,72.1,70.4
081,2018,2.81,3.78,7.01,2.55,4.78,8.55,48.5,72.3,77.2,76.9,75.3,72.3
081,2019,5.61,7.79,5.6,3.6,4.27,1.13,56.2,66.3,72.4,78,75.3,74.7
081,2020,4.9,4.25,3.6,5.62,3.28,1.09,52.7,62.6,74.6,79.1,73.9,68.5
081,2021,2.8,3.62,2.6,6.71,4.52,2.47,55,63.3,75.6,76.4,77.6,70.9
081,2022,3.63,3.42,2.65,6.74,3.08,2.07,54.3,67.7,76,78.6,75.7,68.9
081,2023,3.87,2.36,1.51,5.08,3.63,1.56,55.8,65.9,72.6,78,75.4,70
081,2024,5.44,4.98,2.56,7.89,1.63,5.16,58.5,69.7,75.6,76.4,75.9,70.9
081,2025,10.36,4.79,4.07,4.4,0.43,1.89,57.3,64,76.6,81.5,75.9,71.8
083,1980,2.04,2.63,3.02,3.51,3.11,3.47,52.9,64.4,73.4,81.7,80.2,69.6
083,1981,4.54,7.09,7.45,9.81,3.03,1.47,61.5,59.5,74.4,77.7,73.3,66
083,1982,2.92,4.3,4.66,5.38,3.88,4.24,49.8,68.7,68.6,77.1,72.4,65.8
083,1983,5.31,7.45,3.37,1.31,2.2,1.13,48.8,61,73.2,80.8,80.7,68.7
083,1984,6.9,4.14,2.04,1.51,0.95,7.13,52.4,61.2,76,74.7,76.7,65.6
083,1985,2.67,2.71,6.72,4.76,5.75,0.61,58.6,65.8,69.9,75.8,71.6,68.5
083,1986,1.21,2.67,3.91,6.01,1.33,5.58,58.9,66.6,76,79.8,71.4,71.3
083,1987,2.75,1.75,2.57,4.32,5.39,2.29,54.5,70,76.6,78.8,76.7,68.1
083,1988,1.04,1.53,2.37,3.3,2.74,1.12,54.3,65.6,74.5,77.9,79.6,69.2
083,1989,3.02,3.2,1.55,2.82,4.04,4.1,55,60.9,71.9,77.2,74.7,64.4
083,1990,3.71,9.72,3.75,3.16,2.12,1.9,52.3,60.8,73.8,77.1,74.2,70.5
083,1991,3.32,5.07,1.63,4.15,1.78,2.66,58,70.1,76.4,77.4,75.8,68.5
083,1992,3.37,1.63,0.74,4.42,2.33,2.6,54.2,62.7,70.5,76.6,69.7,66.2
083,1993,5.96,3.62,6.02,6.14,4.32,10.59,51,64.2,72.4,79,77.5,63.5
083,1994,11.32,1.6,2.77,2.32,3.34,2.16,54.7,61.6,75.8,75.8,73.5,66.3
083,1995,3.68,8.96,3.75,3.3,4.65,1.26,52.7,61.2,72.9,77.8,80.2,64.2
083,1996,7,7.02,3.14,5.56,1.19,2.94,50.7,65.5,73.1,74.5,75.5,65.1
083,1997,2.51,3.65,2.04,0.73,3.78,2.4,49.1,60,71.8,77.7,73.7,68.2
083,1998,4.05,3.92,7.6,3.64,1.83,3.92,53.8,69.4,73.4,77.4,76.7,73.1
083,1999,4.71,3.02,4.8,2.14,2.07,1.61,57.1,64.8,73.2,80,74.1,66.6
083,2000,2.01,5.01,8.95,4.32,4.25,2.73,53.8,67.3,71.7,75.4,77.9,67.7
083,2001,2.95,4.63,4.1,3.78,4.84,3.28,60.2,66.5,71.6,77.9,76.4,66.7
083,2002,4.85,10.92,5.47,1.36,4.58,2.58,56.6,61.5,75.8,79.9,77.3,70.4
083,2003,4,5.68,6.75,2.84,1.88,4.2,55.6,63.2,69.1,76.8,77.2,65
083,2004,1.86,7.09,1.91,5.25,5,0.38,56.1,68,71.3,74.8,69.9,68.4
083,2005,1.81,1.19,2.83,2.03,3.79,4.23,57,63.1,76,77.8,77.5,71.8
083,2006,1.99,3.51,2.15,2.71,6.78,2.27,59.3,64.3,73.5,79.1,77.3,65.1
083,2007,2.88,3.62,3.47,1.14,0.94,1.69,52.1,69.5,74.1,75,81.6,72.3
083,2008,5.06,7.72,3.58,8.12,3,9.82,52.4,61,74.8,76.7,73.6,68.3
083,2009,5.07,5.2,5.02,6.34,3.58,3.53,53.7,64.7,74.9,72.1,73.1,67
083,2010,2.62,4.37,6.17,7.12,3.78,4.99,60.8,65.2,77.1,78.9,78.4,68.4
083,2011,6.08,3.92,7.78,2.47,1.73,3.2,56.8,64,75.2,82.2,77.5,64.6
083,2012,6.36,1.74,1.69,0.3,3.23,5.63,57.3,70.3,74.1,84,75.8,66.5
083,2013,7.11,8.96,5.15,2.46,1.32,2,52.1,64.7,73.8,75.1,74.2,70.5
083,2014,7.28,2.98,7.36,2.22,7.92,5.9,55.1,65.7,74.6,72.2,75.8,66.2
083,2015,4.26,5.29,8.69,6.46,4.67,2.81,56.7,66.6,74,76.4,73.7,71.9
083,2016,3.69,3.7,1.04,10.34,5.65,3.93,56.3,63.5,77.8,77.8,77,72.6
083,2017,9.34,5.18,3.64,3.15,1.98,0.64,58.6,64.6,74.4,78.9,72,70
083,2018,2.05,4.83,4.2,1.82,4.49,1.42,47.8,73,77.6,77,76.4,72.5
083,2019,3.25,9.57,4.67,4.06,5.85,1.22,55.4,65.3,72.7,78.6,74.6,74.3
083,2020,4.66,5.21,2.6,6.4,3.78,2.28,52,62.2,75.6,78.8,73.7,67.5
083,2021,4.27,3.84,5.46,6.35,3.33,2.82,54.1,63,75.6,76.5,77.4,71.4
083,2022,4.73,5.64,1.95,7.68,3.46,1.91,52.9,66.4,76.1,78.7,76.1,68.1
083,2023,2.71,1.63,2.37,4.1,4.16,1.25,56.1,66,73.1,77.8,75.4,70
083,2024,5.7,6.87,1.61,7.33,1.59,3.78,57.2,68.5,76.9,76,75.9,70
083,2025,6.35,4.4,4.05,8.17,0.57,1.07,56.2,63.6,75.6,80.2,75.2,71.3
085,1980,2.45,4.01,5.38,2.67,7.79,6.2,47.3,60.2,66.8,74.8,72.4,62.9
085,1981,5.56,1.19,6.96,2.71,9.58,4.3,51.3,56.2,68.4,71.4,68.8,60.5
085,1982,2.14,5.69,3.28,5.36,4.03,1.62,42.4,63.4,63,72.8,68.2,60.7
085,1983,3.36,5.55,2.55,3.78,2.45,3.35,43,54.7,69.6,75.8,75.6,62.3
085,1984,3.97,3.89,5.84,3.31,1.75,2.26,46.9,55.2,70.1,70.6,72.2,61.1
085,1985,1.25,3.42,2.39,2.37,3.58,3.64,53.3,62.1,66.1,72,66.9,63.1
085,1986,2.76,5.6,5.28,3.04,3.92,11,51.6,60.1,68.8,74.5,66.1,64.1
085,1987,2.02,4.56,2.23,3.84,8.5,1.64,51.3,63,71.4,75.8,70.4,61.9
085,1988,2.3,1.33,0.4,1.95,3.04,1.81,47.5,62,71,75,75.6,64.1
085,1989,1.81,1.34,3.01,4.35,5.2,4,46.4,57.1,66.9,74,69.4,59.6
085,1990,2.78,4.27,8.12,3.37,6.21,0.79,48,55.6,68.4,71.5,70.3,64.6
085,1991,3.02,3.36,3.75,0.91,3.63,4.25,50.8,64.5,72,72.6,71.3,61.1
085,1992,3.25,0.65,1.48,7.1,2.04,5.27,45.2,58.6,65.6,67.9,64.9,59.9
085,1993,4.92,4.89,10.81,5.86,5.95,4.58,44.1,60,66.2,71.9,71.2,57.1
085,1994,1.44,1.68,7.23,5.9,6,4.02,48.6,58.2,70.2,70.2,67.2,64
085,1995,5.1,6.57,3.25,3.77,2.67,2.14,43.8,57.1,71.1,73.4,76.8,59.7
085,1996,2.77,7.82,5.88,2.92,2.06,2.03,45,55.3,68.3,69.5,70.5,61.6
085,1997,1.81,4.42,6.39,3.39,3.56,4.17,44.6,53.7,69.5,71.8,68,63.1
085,1998,4.33,3.44,6.63,2.02,6.92,3.53,49.4,64.9,68.1,72.5,72.1,66.7
085,1999,6.87,3.87,4.6,4.26,2.62,2.06,50.5,61.4,69.5,76.5,68.9,60.4
085,2000,3.38,4.77,8.01,3.5,2.52,4.87,48,61.8,67,71,71.4,63.4
085,2001,3.61,5.41,3.87,2.84,3.88,6.74,52.8,61.5,67.2,74.1,71.9,60.8
085,2002,4.03,3.59,7.35,3.34,7.3,2.79,48.4,56,70.7,76,71.2,65.2
085,2003,1.98,5.05,2.96,4.17,0.72,3.87,48.6,57,66.5,71.8,73.8,61.8
085,2004,1.76,7.39,4.76,3,3.05,0.92,50.2,60.3,67.1,70.3,65.8,65.3
085,2005,1.92,2.96,2.89,2.96,5.1,2.11,53,56.2,73.2,73.5,71.3,67.4
085,2006,5.77,3.62,4.5,5.47,2.93,4.81,52.8,59.6,67.8,74.9,71.6,60.2
085,2007,5.65,1.43,4.31,5.49,7.5,2.27,46.6,64,69.3,71.6,73,65
085,2008,6.85,5.98,8.06,5.26,2.58,4.31,48.2,56.3,68.8,72.1,68.9,64
085,2009,3.97,3.49,3.78,7.78,7.81,1.26,47.3,59.1,68.6,66.2,67.4,63.3
085,2010,4.65,5.13,7.5,12.85,4.8,2.74,54.6,61.1,70.4,74.8,73.9,62.8
085,2011,4.81,2.63,3.51,11.51,3.12,2.99,46.9,58.6,69.8,77,71.2,60
085,2012,2.45,2.7,1.72,0.66,2.73,1.36,49.1,64.3,70.2,79.2,70.1,61.4
085,2013,8.22,5.47,6.64,1.71,1.99,2.21,44.8,60.8,68.5,71.2,70.5,65.4
085,2014,5.04,2.37,10.35,3.55,3.59,2.39,46.6,59.8,70.3,68.2,70.7,61.5
085,2015,1.87,6.2,9.79,2.48,3.16,4.24,49.7,60.7,67.7,70.5,69.2,68.4
085,2016,2.63,3.48,6.54,5.99,4.93,4.11,48.2,59.7,70.5,72.8,73.1,67.8
085,2017,4.34,5.07,4.76,9.9,2.52,0.38,51.3,57.6,70,72,66.6,65.6
085,2018,1.5,4.38,8.61,5.57,7.73,8.63,38.6,66.5,71.2,72,71.6,65.5
085,2019,4.08,6.18,4.38,3.5,4.17,12.49,47.5,56.7,68,75.8,68.8,67
085,2020,1.98,5.85,4.9,4.44,2.14,6.78,45.5,57.2,70.8,75.6,71.3,61.2
085,2021,2.01,3.59,2.47,4.15,3.64,0.76,49.2,58.5,72.5,72.4,72.6,66.3
085,2022,4.73,3.52,3.52,6.12,7.52,2.07,43.4,62.2,69.6,72.8,70.6,64
085,2023,2.25,2.94,1.69,6.09,1.99,2.91,48.5,60.6,68.9,71.8,71.3,66.1
085,2024,5.94,5.45,6.02,7.27,3.59,0.5,49.3,62.4,70.9,71,71,65.6
085,2025,1.96,3.23,4.85,7.96,5.03,0.51,48.2,58.6,71.6,74.5,70.1,66
087,1980,3.02,2.7,4.09,3.64,1.21,3.72,54,64.6,73.7,81.3,80.9,71.6
087,1981,3.53,9.53,6.67,7.55,2.83,0.8,62.2,61,75.1,77.4,74.4,66.2
087,1982,3,5.2,2.99,3.93,5.19,3.07,51.6,69.2,70.4,77.7,73.8,66.6
087,1983,12.1,8.77,5.14,1.9,0.91,0.78,49.6,62.9,72,79.4,80.8,70.1
087,1984,4.51,5,2.51,4.09,1.86,5.61,54.1,62,76,74.8,75.4,66.8
087,1985,4.57,4.72,6.62,2.07,10.34,2.69,59.1,66.2,72,77.1,73.9,67.9
087,1986,2.74,8.89,2.4,4.79,4.52,4.4,59.2,67,75.4,80.1,73,72.3
087,1987,2.73,2.56,4.77,4.49,2.08,1.72,55.6,70.8,75.6,77.6,77.9,69.5
087,1988,2.21,2.59,0.86,3.25,2.27,5.17,56.2,65.2,73.9,78.1,79.2,68.7
087,1989,2.5,1.94,6.33,4.02,3.13,2.09,55.9,62.7,71.8,76.2,75.6,66.5
087,1990,5.58,9.68,2.33,3.39,3.34,2.88,54.3,62.3,74.2,76.6,73.9,70.5
087,1991,4.73,3.59,1.46,1.57,1.75,3.9,59.6,70.5,75.8,78.7,76.7,69.2
087,1992,2.62,2.32,2.89,4.77,2.39,6.01,57,63.3,70.8,78,71.6,67.1
087,1993,5.19,5.07,6.44,3.91,3.42,7.86,53.3,64.9,72.9,81.1,77.2,66.1
087,1994,6.54,1.12,4.11,2.47,3.52,2.7,58.2,62.1,75.8,76.2,73.1,65.9
087,1995,5.17,7.9,6.39,3.31,3.15,1.68,57.2,64.7,72.6,77.3,80,66.4
087,1996,7.14,5.89,4.27,4.61,0.76,5.48,52.7,68.4,73.7,75.1,76,66.6
087,1997,4.76,6.57,5.28,3.08,3.34,2.01,51.2,61.4,71.9,77.7,74.2,68.6
087,1998,6.19,3.04,8.93,4.48,3.91,0.98,56,70,75.7,78.4,76.7,73.9
087,1999,4.98,2.97,5.76,2.38,0.76,0.46,59.8,65.4,74.8,80.3,76.2,69.3
087,2000,2.44,5.7,6.29,3.4,2.24,3.3,55.5,68.6,73.7,75.5,78,68.5
087,2001,2.29,3.63,3.24,7.29,4.32,3.23,62.2,67.4,72.4,78.4,77.6,67.3
087,2002,6.96,9.95,1.96,1.87,2.59,5.82,59.4,64,76.6,80.9,78.7,73.1
087,2003,5.87,9.66,5.29,2.15,4.65,4.27,58.5,65.4,69.5,77.6,77.7,66.7
087,2004,2.76,6.22,3.22,3.85,2.28,0.23,57.4,69.8,72.8,75.9,72.3,69.8
087,2005,3.95,2.38,2.7,5.63,6.04,3.02,58.1,63.8,75.6,78.2,79.7,72.8
087,2006,2.96,4.9,2.69,8.23,3.55,7.17,62.2,65.2,74.4,77.8,78.1,65.5
087,2007,3.81,2.7,3.93,3.18,1.12,2.68,54.4,69.9,75.3,76.3,82.8,73
087,2008,7.76,6.49,2.71,6.46,2.24,1.47,55,63.5,76.4,77.6,75.2,71.4
087,2009,5.55,6.8,4.25,6.23,3.66,4.42,56.6,65.8,76.8,73.9,74,70
087,2010,3.97,4.99,3.42,1.89,2.59,3.31,61.4,68,79,80.5,80.2,70.4
087,2011,15.13,7.98,7.61,3.52,2.35,6.19,60,65,77.1,81.6,77.3,66.9
087,2012,1.35,0.6,1.42,2.95,2.43,6.29,59.6,71.4,75,83.8,76.9,68.3
087,2013,4.32,4.09,5.95,4.07,4.71,1.81,55.2,65.8,74.4,74.3,74.7,70.9
087,2014,9.22,3.31,5.29,2.3,4.39,2.35,57.7,67.6,75.2,72.7,77.1,68.2
087,2015,5.58,5.11,5.18,9.77,2.43,1.93,59.4,67.1,75.6,79,74.2,71
087,2016,3.6,6.65,1.87,10.63,6.31,2.15,58.2,63.9,76.7,79,77.8,72.2
087,2017,8.79,6.29,3.8,2.36,2.56,1.49,61.2,66.4,73.7,78.8,73.6,70.3
087,2018,5.66,5.29,5.78,2.36,4.09,6.63,50.7,72.8,77.5,78.1,76.3,73.2
087,2019,6.3,7.24,6.45,6.12,2.71,0.51,57.4,67.7,72.7,78.2,76.5,75.4
087,2020,2.77,4.76,4.86,4.79,5.08,2.5,54.2,63.8,74.5,79.9,74.6,68.6
087,2021,3.95,3.88,2.98,5.77,2.83,2.91,56,63.7,75.5,77,77.1,70.1
087,2022,5.29,4.07,2.3,4.8,2.55,0.7,55,68.4,75.3,79.6,76.4,69.8
087,2023,4.09,2.86,1.12,9.74,6.14,1.42,56.9,66.4,73.5,77.9,75.9,69.8
087,2024,4.56,8.47,3.85,5.53,1.81,8.31,59.9,70,75.5,76.6,76.6,70.8
087,2025,9.18,4.96,7.06,4.4,1.08,2.74,59.2,64.7,76,80.2,75,71.3
089,1980,3.1,3.04,3.8,4.38,6.44,7.64,46.4,60.3,66.2,74.3,72.4,63.6
089,1981,5.01,4.03,6.03,3.35,6.55,3.14,51.7,55.6,69.4,71,70,61.4
089,1982,3.21,3.98,2.65,7.33,2.41,1.49,43.4,64.5,63.1,73,68.2,61.8
089,1983,5.92,4.7,2.98,5.49,2.73,4.36,44,54.8,70,76.9,75.5,63.8
089,1984,3.87,4.24,4.05,2.28,1.39,3.94,46.6,56.1,71,71.2,73.3,62.4
089,1985,1.58,3.07,2.69,4.19,3,2.1,53.4,62.2,66,72.1,68.1,64.8
089,1986,1.91,4.32,4.21,4.29,1.88,7.55,52.4,60.2,67.5,74.4,67.2,65.6
089,1987,3.01,4.67,3.55,4,11.81,2.82,50,63.4,72.1,75.4,70.8,63.2
089,1988,3.04,1.55,1.14,2.84,4.24,1.96,47.6,61.3,71.4,75.8,75.8,64.9
089,1989,1.09,2.06,4.05,6.89,4.19,5.2,45.9,57,67.5,73.1,69.6,60.6
089,1990,2.09,6.47,5.75,3.97,5.46,1.28,48.6,55.5,68.7,71.1,70.2,65
089,1991,3.94,5.63,1.23,1.55,2.07,2.99,51.6,65.2,72.7,74.8,73,63
089,1992,2.72,0.62,1.47,5.45,2.58,5.52,45.2,57.8,65.4,68.8,65.6,61.3
089,1993,5.71,2.34,10,4.32,4.25,4.26,44.9,60.5,66.8,73.2,71.8,58.3
089,1994,1.91,1.44,5.43,2.97,5.69,1.9,50.1,58.3,70.2,71.7,67.2,64.6
089,1995,5.45,5.25,2.03,4.09,4.8,1.92,44.7,57.3,71.1,75.1,77.2,60.6
089,1996,2.61,7.57,5.42,5.46,2.85,2.47,45,55,68,69.5,71.5,62.9
089,1997,1.87,4.5,2.88,2.04,4.45,1.94,44.7,53.3,68.5,72.6,68.4,63.6
089,1998,4.85,3.87,5.27,2.8,4.62,2.95,49.2,64.6,68.7,73,72.9,67.4
089,1999,6.8,3.76,5.86,2.99,3.1,4.33,50,61.8,70.2,77.3,69,62.3
089,2000,4.12,4.61,6.62,4.58,3.17,4.57,47.7,62,67.1,70.8,71.5,64
089,2001,3.23,3.99,3.31,2.34,4,6.27,52.9,61,67.4,74.6,73,61.4
089,2002,3.88,4.53,4.4,1.71,6.64,2.17,49.2,54.7,70.8,76.3,72.6,66.8
089,2003,2.54,6.98,1.9,5.79,1.89,2.15,48.7,57.1,65.8,71.8,73.4,63.1
089,2004,1.6,7.58,4.77,2.59,4.12,0.65,50.2,60.4,67.1,70.5,66.3,66.2
089,2005,1.96,2.39,0.87,2.16,2.93,2.06,52.3,57,74.1,74.6,73.2,68.9
089,2006,3.54,3.8,3.9,2.98,3.48,4.58,52.8,59.2,67.6,75,72.1,61.5
089,2007,3.76,1.61,3.74,6.15,10.59,1.14,46.5,63.4,70.1,71.6,73.5,66.7
089,2008,3.83,4.33,4.29,5.1,2.45,11.33,49.5,55.4,69.9,72.1,70.3,64.8
089,2009,4.98,4.18,5.06,2.43,5.72,1.02,47,59.5,68.1,67.6,68.7,64.2
089,2010,2.82,5.85,6.77,7.14,3.44,2.83,54.7,61.6,70.1,75.7,74.4,63.9
089,2011,5.17,5.81,4.73,5.61,4.86,3.91,47,58.8,69.3,77.6,71.6,60.8
089,2012,2.54,2.47,1.91,2.77,3.26,1.69,48.7,63.9,70.8,79.5,71.1,62.6
089,2013,7.67,3.8,5.12,2.98,2.71,2.23,45.6,61,67.8,71.4,70.5,64.8
089,2014,2.78,4.38,7.64,3.7,5.89,3.01,47.2,59.4,69.9,68.3,71.5,62.4
089,2015,3.67,5.09,9,4.75,3.36,4.22,49.7,60.9,67.3,71,69.7,68.1
089,2016,2.54,6.58,3.68,6.3,4.23,1.84,47.8,59.2,70.3,73.8,74,68.3
089,2017,5.6,5.41,4.57,7.05,2.25,0.63,52,56.7,70,72.1,68.4,66.6
089,2018,1.7,7.17,7.61,1.87,4.85,3.52,39.6,65.7,70.4,73,73.1,66.7
089,2019,4.61,8.89,3.69,3.95,3.22,8.89,48,57.2,67.4,76,70.2,67.4
089,2020,4.33,7.52,4.21,3.33,0.98,4.67,45.9,57.9,71.3,75.7,72,62.8
089,2021,1.18,2.6,5.68,2.41,3.99,1.15,50,58.2,72.2,72.7,74.7,67.8
089,2022,4.19,4.97,2.66,6.65,4.76,2.67,44.8,62,70.1,73.2,71.1,64.8
089,2023,3.15,1.37,1.71,8.01,2.01,3.6,49.5,60.2,68.5,72.7,71.2,66
089,2024,3.43,3.82,5.9,5.41,3.17,1.76,50.9,63.5,72,72.2,71.7,67.2
089,2025,2.48,2.04,2.76,5.92,4.53,1.23,49.2,58,72.1,76,71.5,66.8
091,1980,2.23,3.1,5.62,1.82,6.37,5.04,47.5,62.1,68.4,76.6,75.3,66.1
091,1981,7.13,5.87,6.5,5.66,3.61,3.21,54.1,56.9,71.3,73,70.9,63.1
091,1982,3.13,3.96,3.14,5.06,2.25,1.49,44.8,66.6,65.5,73.7,68.9,63.5
091,1983,6.03,4.86,2.88,3.8,3.54,2.36,45.8,56.7,71.8,77.7,76.1,65
091,1984,3.03,5.48,3.12,2.95,1.23,1.77,47.7,57.8,73.8,72.2,73.9,63.6
091,1985,1.53,2.02,2.49,4,3.96,2.34,54.5,64,68,73.3,69.2,67.3
091,1986,1.4,4.28,5.13,3.31,1.87,5.85,54.1,61.8,69.8,76.2,69,67.3
091,1987,3.01,5.32,3.71,3.11,5.73,2.52,51.8,65.8,73.4,76.9,72.6,65
091,1988,2.23,1.4,1.11,1.76,2.59,1.77,49.3,63.5,73.8,77.4,77.7,66.7
091,1989,2.35,3.95,4.11,5.6,2.77,6.92,49.5,58,69.5,74.6,70.5,62.4
091,1990,1.74,6.3,4.9,4.61,4.81,1.49,49.7,57.2,70.2,72.4,70.4,66.2
091,1991,4.38,5.87,0.3,1.84,2.9,2.33,54,67.2,74.8,75.1,73.3,64.8
091,1992,1.82,0.7,1.52,7.83,1.6,6.9,47.7,59.8,67.3,70.3,67.1,62.8
091,1993,4.38,3.59,9.8,4.04,4.88,7.63,47.8,62.9,69,74.8,73.5,60.2
091,1994,3.53,1.83,3.29,5.2,2.87,2.43,51.8,59.2,72.5,72,68.3,64.9
091,1995,5.89,5.51,3.34,3.46,4.45,1.1,46.9,58.4,71.9,75.7,78,62.7
091,1996,3.85,6.8,5.75,9.85,1.27,2.41,46.6,58,69.8,71.1,72,63.9
091,1997,1.81,3.51,4.77,2.85,6.72,2.56,45.9,55.2,69.1,73.3,68.7,64.8
091,1998,4.02,5.17,6.03,3.71,3.43,1.51,51.7,66.4,70.4,73.4,73.5,69.4
091,1999,6.99,3.94,6.16,2.05,2.9,1.59,52.2,64.4,71.7,78,69.9,64.4
091,2000,3.9,4.15,7.08,5.32,1.89,2.68,49.4,63.8,69.5,71.9,72.3,65.7
091,2001,2.61,3.85,3.58,3.24,5.66,2.36,54.9,63.6,68.4,74.3,73.3,62.5
091,2002,4.24,6.22,2.5,2.94,2.87,1.77,50.7,56.7,72.7,76.7,73.4,67.6
091,2003,2.41,6.58,2.56,10.67,1.96,3.07,51.5,58.9,66.5,72.6,74.2,64.1
091,2004,1.6,5.74,4.75,2.79,9.02,0.57,52.2,63.6,68.7,71.8,67.2,67.4
091,2005,2.66,1.49,1.5,4.99,2.86,3.05,53.6,59.2,74.7,75.5,73.8,70
091,2006,4.56,5.96,2.36,4.81,4.21,5.23,54.9,60,69.5,75.5,72.6,62.9
091,2007,4.45,1.71,3.62,3.81,10.11,0.81,48,65.8,71.5,71.6,75,68.4
091,2008,2.47,3.95,5.04,4.06,2.76,11.27,50.9,56.5,71.9,73,70.8,66.6
091,2009,6.25,5.08,4.64,2.75,4.19,1.6,48.5,61,70.3,69,69.8,64.8
091,2010,2.81,4.74,9.37,3.56,2.09,3.56,56.5,63.1,72.7,76.4,75.4,66
091,2011,6.74,5.04,5.32,2.35,3.75,3.41,49.2,60.4,71.1,78.4,72.8,62.4
091,2012,1.4,3.1,5.23,2.23,3.64,2.43,52,66.1,71.4,79.4,71.7,64.2
091,2013,7.22,5.44,5.35,1.05,3,1.22,47.8,63.1,69.6,71.8,71.3,67.3
091,2014,3.58,4.2,7.74,4.23,4.46,4.33,49.3,61.3,71.3,68.4,71.9,63.6
091,2015,2.87,5.42,13.34,5.03,3.13,3.77,51.8,63.6,69,71.9,70.4,69.3
091,2016,2.34,3.69,3.73,7.74,10.06,3.77,49.7,60.3,72.3,74,74.8,69.7
091,2017,3.82,4.59,3.26,7.64,3.16,0.97,54.2,59.1,71.7,73.5,68.9,67.8
091,2018,1.66,1.83,4.94,3.02,3.25,3.57,42,68.6,72.9,73.9,74.2,69.2
091,2019,3.85,8.98,4.55,4.15,2.49,7.36,50.3,59.8,69.4,76.5,71.6,69.3
091,2020,4.52,7.13,3.22,4.25,1.45,2.78,47.3,59,72.7,76.2,72.5,64.6
091,2021,2.67,3.56,5.22,2.72,3.37,1.92,50.9,59.4,72.9,72.9,74.6,68.9
091,2022,2.27,4.47,2.67,4.95,2.55,1.39,46.5,63.4,71.7,73.5,71.9,66.1
091,2023,1.77,2.19,1.36,5.86,3.26,3.51,51.4,62.3,69.8,72.8,71.5,66.2
091,2024,6.7,4.03,4.23,4.51,3.74,1.56,52.1,65.2,73.1,72.2,72.1,67.5
091,2025,2.63,2.87,4.19,5.15,3.41,1.51,50.8,59.5,73.1,76.8,71.3,67.3
093,1980,2.74,3.63,3.89,2.99,7.09,7.3,47.7,61.3,67.8,75.9,74.4,65.3
093,1981,6.26,4.64,5.91,4.57,4.87,3.1,53.2,56.4,70.6,72.5,71.1,62.9
093,1982,3.54,3.58,3.76,7.27,2.02,1.82,44.1,65.7,64.4,73.6,69,63.1
093,1983,6.59,5.36,3.74,3.8,3.5,3.94,45.1,55.9,71,77.9,76.2,64.3
093,1984,3.85,3.75,3.59,2.23,1.21,2.99,47.9,57.3,72.1,71.5,74.2,63.7
093,1985,1.8,2.19,2.28,3.27,2.58,2.13,54.3,63.1,66.9,73,68.7,65.9
093,1986,1.37,3.42,3.94,3.28,2.78,6.16,53.3,61.2,68.6,75.6,68.3,66.8
093,1987,2.35,4.09,3.95,3.82,10.28,2.35,51,65,72.9,76.4,71.6,65
093,1988,2.46,1.72,0.77,2.26,3.6,1.58,48.9,62.9,72.3,76.6,76.8,66.3
093,1989,1.48,2.58,4.28,6.37,2.9,6.85,47.7,57.9,68.7,74.1,70.7,61.7
093,1990,1.79,7.68,5.94,4.48,6.03,1.26,49.4,56.7,70,72,71.1,66.2
093,1991,4.26,6.41,0.83,0.84,2.1,2.17,53.1,67,73.9,76,74.1,64.7
093,1992,2.24,0.77,1.73,6.36,2.37,6.58,46.6,58.8,66.2,70,66.8,62.5
093,1993,4.56,2.69,9.31,4.56,5.42,5.5,46.7,61.6,68.2,74.6,72.5,59.2
093,1994,2.26,1.58,4.77,4.48,4.5,2.09,51.1,58.8,71.3,72.3,67.9,65.2
093,1995,5.58,5.37,2.97,3.72,3.62,1.31,46.4,58.1,71.6,75.8,78,62
093,1996,3.24,6.27,4.64,6.7,0.98,2.59,46.4,56.6,69.3,70.4,72.6,64.2
093,1997,1.99,3.56,2.42,2.13,4.95,2.05,45.3,54.5,69.3,73.6,69.1,64.6
093,1998,4.08,4.3,5.46,2.95,4,2.33,50.4,66,69.6,73.8,73.6,68.7
093,1999,5.93,4.41,5.89,2.32,4.01,3.27,51.3,63.1,71.2,77.7,69.8,63.1
093,2000,4.37,4.75,6.59,6.16,2.6,3.93,48.7,63.1,68.2,71.6,72.4,65.1
093,2001,2.95,3.68,2.95,2.74,3.85,4.85,54.5,62.8,68.3,75,73.5,62.6
093,2002,4.59,5.29,3.59,1.99,3.8,1.5,50.2,55.9,71.8,76.9,73.6,67.9
093,2003,2.42,6.5,2.08,7.58,2.32,2.79,50.7,58.4,66.6,72.6,74,63.5
093,2004,1.65,6.35,4.49,2.93,6.35,0.74,51.6,62.5,68.4,71.7,67.1,67.1
093,2005,1.69,2.11,1.2,3.66,2.59,2.18,53.6,58.3,74.6,75.1,73.8,69.6
093,2006,4.01,4,3.3,3.39,4.39,5.4,54.4,60.2,68.6,75.8,72.9,62.5
093,2007,4.19,1.58,3.53,5.65,10.63,0.94,47.8,65.4,71.5,72.3,74.8,68
093,2008,3.14,4.54,3.55,4.34,1.98,10.99,50.3,56.4,71.3,73,71.3,65.9
093,2009,5.26,5.56,4.24,2.65,5.8,1.12,48.2,60.6,69.3,68.6,69.5,65
093,2010,2.32,5.22,8.3,5.36,3.63,2.85,56.2,62.6,71.8,76.3,75.2,65.3
093,2011,5.78,5.08,6.35,4.13,5.46,3.89,48.6,60.1,70.9,78.8,73.1,61.9
093,2012,1.71,3.39,2.24,2.17,3.83,1.84,51,65.6,71.9,80.3,72.4,63.8
093,2013,7.87,4.86,5.13,1.57,3.11,1.66,46.8,62.4,69.1,72.4,71.6,66.5
093,2014,3.19,3.93,7.02,4.17,5.78,3.33,49,60.9,70.9,69,72.5,63.3
093,2015,3.53,4.87,9.88,4.39,3.25,3.91,50.8,62.4,68.5,71.8,70.5,68.8
093,2016,2.22,5.65,4.13,6.38,6.45,2.19,49.2,60.2,71.6,74.2,74.9,69.3
093,2017,5.89,5.14,3.3,6.32,2.96,0.89,53,57.8,70.8,73.1,69,67.6
093,2018,1.63,5.32,6.33,1.98,4.04,2.65,40.8,66.9,71.6,73.9,74.1,68.2
093,2019,4.69,9.77,4.01,4.85,3.05,9.24,49,58.3,69,76.6,71.5,68.4
093,2020,4.63,6.85,3.28,3.8,0.84,3.7,46.8,58.6,72.2,76.3,72.7,64
093,2021,1.4,3.81,6.09,2.7,3.4,1.32,51,59,72.4,73.3,74.8,68.5
093,2022,3.37,5.21,2.19,5.04,3.84,1.86,45.7,62.6,71,73.5,71.6,65.3
093,2023,2.43,1.91,1.53,7.46,2.37,4.57,50.2,61.3,69.2,73,71.8,66.3
093,2024,4.39,5,5.21,4.94,3.82,1.69,51.8,64.5,72.8,72.7,72.5,67.8
093,2025,3.18,2.12,2.88,5.24,4.91,1.06,50.4,59.2,72.8,76.6,71.9,67.3
095,1980,2.69,2.67,6.59,2.21,9.53,5.12,48.6,62.5,69.2,77.2,75.7,66.4
095,1981,6.68,4.62,6.58,5.58,5.44,2.6,55,57.7,71.3,73.3,70.9,63.4
095,1982,4.49,4.33,2.66,11.22,4.04,1.73,44.8,66.3,66.1,74.5,70.3,63.7
095,1983,5.49,2.47,3.34,1.36,1.8,5.19,45.3,58,72.2,79.1,78.6,65.9
095,1984,5.16,4.77,3.52,3.93,1.31,2.98,48.4,57.7,73,72.2,73.9,62.7
095,1985,1.01,4.17,2.49,2.67,3.08,2.47,56.1,63.9,68,73.5,69.4,65.9
095,1986,1.27,4.53,4.25,6.77,2.59,7.31,54.7,63.1,71.6,76.2,67.9,67.7
095,1987,1.65,1.71,2.88,1.95,7.58,2.83,53,66.9,73.8,78.2,72.4,64.9
095,1988,2.12,1.82,1.12,0.88,3.18,2.37,50.7,64.8,73.2,77.7,77.7,67.2
095,1989,3.65,2.32,3.31,2.26,3.74,6.24,49.8,58.7,68.8,75.3,72.3,61.8
095,1990,2.57,7.3,8.82,5.33,4.43,1.02,49.4,57.1,70.8,72.8,72.1,66.4
095,1991,2.88,5.15,1.54,1.73,3.19,2.45,54.4,67.2,74.4,74.9,73.2,64.7
095,1992,2.87,0.69,1.56,9.95,1.13,6.48,48.6,60.8,68.5,70.3,66.8,62.4
095,1993,4.64,3.33,6.38,10.19,8.74,5.09,47.2,62.2,68.9,73.9,73.1,59.6
095,1994,3.07,1.94,3.75,3.32,2.95,1.28,51.4,60.8,72.6,72.3,69.4,64.9
095,1995,5.26,9.03,2.81,4.39,3.6,1.84,47.3,58.2,71.6,75.5,78,61.6
095,1996,2.57,8.84,4.09,5.47,2.86,1.89,47.1,58.4,70.5,71.5,71.9,62.8
095,1997,2.4,3.48,3.59,2.36,8.28,3.41,46.4,56.1,70.3,73.8,69.8,65.6
095,1998,4.28,4.85,6.96,1.73,3.87,3.73,51.2,66.2,70,74.3,73.9,69.5
095,1999,5.44,4.82,6.36,3.39,3.65,3.59,52.7,63.5,71.1,77.8,70,62.8
095,2000,2.84,4.58,6.99,2.86,2.22,5.23,50.6,63.9,68.4,72.3,73.7,66.1
095,2001,3.89,6.35,4.4,1.94,2.86,3.8,56.1,63.4,69.1,75.6,73.2,62.8
095,2002,4.57,6.7,4.76,3.74,5.49,0.58,50.6,57.8,72.6,77,73.1,68.2
095,2003,3.1,4.72,3.65,4.41,2.15,3.84,51.5,59.8,67.9,73.9,74.8,62.6
095,2004,1.63,6.1,2.56,3.95,4.91,1.89,52.9,64.4,69.1,71.7,67.2,66.6
095,2005,2.64,1.5,0.99,2.13,2.71,3.86,54.5,60.3,75.1,76.1,74,69.6
095,2006,4.78,2.28,2.69,3.45,4,2.3,55.4,61.6,70.4,77.3,73.3,62.7
095,2007,3.93,2.37,3.61,4.41,5.98,0.84,48.8,67.1,71.8,72.6,76.1,67.9
095,2008,4.33,4.66,5.84,4,2.13,9.69,50.3,58.2,71.8,73.5,70.7,65.7
095,2009,6.19,6.39,6.39,5.09,5.7,1.69,49.3,61.4,71.4,69,69.5,64.5
095,2010,4.18,7.23,11.37,3.9,4.61,4.8,58.1,62.4,73.6,76.8,75.1,65.5
095,2011,5.41,6.32,6.16,2.23,1.24,3.01,49.6,60.7,71,79.6,74.1,61.8
095,2012,2.11,3.55,3.5,1.14,3.49,4.04,52.9,66.5,71.5,80.4,72.1,63.4
095,2013,8.58,9.69,4.23,2.61,0.49,1.68,47.3,62.8,70.5,72.9,72.4,67.7
095,2014,4.07,2.42,7.15,3.57,4.74,5.86,49.6,62.6,72,69.8,72.4,63.5
095,2015,2.35,4.99,8.41,6.08,2.72,2.31,52.5,63.6,69.9,72.8,70.2,70.2
095,2016,2.35,3.85,3.89,7.57,6.35,2.13,50.7,61.5,73.8,73.8,74,69.9
095,2017,5.52,4.46,2.45,5.1,2.26,0.58,53.7,60.1,71.9,74.6,69.2,67.6
095,2018,0.99,3.21,4.83,3.45,4.89,6.34,41.9,69.4,74,73.8,73.8,68.1
095,2019,3.72,11.28,4.14,1.47,2.94,10.51,49.8,59.4,70.3,77.3,71.4,69.7
095,2020,3.15,5.36,3.29,4.04,0.6,5.56,47.6,59,72.8,76.1,72.3,63.5
095,2021,4.82,6.52,6.06,4.24,3.66,2.3,50.1,59.7,73.2,73.8,74.2,68.6
095,2022,3.72,3.7,4.16,4.1,2.82,2.26,46.2,64.1,72.2,74,72.4,66.3
095,2023,2.07,1.88,1.81,5.54,5.63,2.59,51.7,63.8,71.4,73.8,72.3,67.3
095,2024,5.59,3.27,3.89,7.43,3.46,1.04,52.4,65.9,73.9,72.7,72.2,68
095,2025,2.67,3.46,4.1,8.05,1.66,0.66,52.7,61,73.1,77,71.8,68.2
097,1980,3.55,1.99,4.31,5.17,5.4,6.3,45.5,58.4,64.6,72.8,72.1,63.4
097,1981,3.96,3.23,4.89,3.77,7.04,3.07,49.9,54,68.4,70.1,70.1,61.3
097,1982,3.12,3.6,2.11,7.01,2.89,1.5,42.8,62.2,61.5,72.1,67.8,61.7
097,1983,5.38,4.8,2.39,4.12,4.25,3.56,43.2,53.5,68.5,76.4,75.5,63.6
097,1984,4.42,4.58,3.31,2.65,2.45,3.4,45.2,54.5,69.2,70.4,72.5,61.4
097,1985,1.67,3.28,2.24,4,4.57,2.71,51.8,60.1,64.5,71.9,67.8,64.7
097,1986,1.96,4.18,4.55,5.98,2.82,11.13,50.5,57.8,65.7,73.4,67.1,64.7
097,1987,4.05,4.13,2.18,3.92,10.84,2.44,48.5,61.4,71.7,75.2,70.5,63
097,1988,2.93,1.04,1.19,2.42,3,2.81,46.8,59.8,70.8,75.2,75.9,64.4
097,1989,1.43,2.38,2.62,4.75,5.1,2.77,45.1,56.5,66,72,69.9,61.4
097,1990,2.05,6.42,4.84,3.95,5.33,1.95,48.6,53.8,67.3,70.3,70.5,64.7
097,1991,4.06,4.47,1.34,1.33,2.64,3.1,50.3,64.3,71,74,72.2,62.2
097,1992,2.37,0.49,1.13,5.22,3.71,4.66,43.6,56.4,63.4,68.1,65.5,61.1
097,1993,6.45,2.05,9.69,4.67,3.46,3.78,43.3,58.2,65.2,72.7,72.2,58.1
097,1994,1.95,1.04,4.34,2.71,4.49,1.72,49.2,56.2,68.8,71.3,67.6,65.1
097,1995,5.13,4.03,1.07,3.72,5.61,1.73,43.3,56.3,69.9,74.5,76.5,60.7
097,1996,2.88,7.85,5.59,3.99,2.27,1.97,43.2,53,66.2,68.9,71.1,62.7
097,1997,1.74,4.42,4.02,2.51,4.02,2.63,43.9,52.1,66.6,71.7,67.8,63
097,1998,4.83,3.47,5.17,1.79,3.71,2.62,48.2,62.6,67.8,72.5,72.9,67.1
097,1999,7.08,2.83,5.82,1.95,2.66,4.53,48.5,60.2,69,77.3,69.2,62.4
097,2000,4.36,6.06,7.27,4.94,2.45,5.4,46.3,60.4,66.6,69.7,71,63.7
097,2001,3.25,4.59,3.13,2.54,4.56,5.7,51.3,59.5,66.6,73.4,72.8,61.2
097,2002,3.36,3.13,4.11,1.2,5.67,3.72,48,53.1,69.3,75.8,72.2,66.2
097,2003,2.33,5.9,1.89,5.56,1.8,1.84,45.7,54.6,64.4,71,72.7,62.8
097,2004,1.85,8.61,4.66,2.42,2.93,0.63,49.2,57.5,65.7,69.8,66.4,66.2
097,2005,1.66,2.37,0.82,2.22,2.98,2.93,50,55.4,72.6,73.5,72.9,68.5
097,2006,3,3.93,3.14,3.18,3.64,3.88,51.4,58,66.3,74.4,72.1,61.2
097,2007,3.83,1.59,4.09,3.49,11.53,1.46,45.1,61.2,68.9,71.4,72.9,65.9
097,2008,4.14,2.87,5.28,4.5,1.63,8.82,47.9,54,68.7,71.6,70.1,64.6
097,2009,5.01,3.66,6.11,2.01,5.15,1.09,45.7,57.9,66,67.4,68.5,63.4
097,2010,2.71,5.3,6.09,6.98,2.17,2.85,52.9,60,69.3,75.5,74.5,63.2
097,2011,5.15,5.2,2.96,6.65,3.98,3.53,45.4,56.4,67.3,76.6,71.6,61.3
097,2012,3.19,2.42,1.26,3.25,2.36,2.04,47.4,62.2,70.5,79.3,71.3,62.3
097,2013,7.71,3.1,6.49,2.6,1.7,2.45,44.9,58.7,66.3,71,70.4,64.3
097,2014,3.2,4.46,7.15,2.81,5,3.24,45.7,57.9,67.7,67.9,70.9,61.9
097,2015,3.9,4.1,4.7,4.24,3.55,4.7,48,59,65.3,69.9,69.7,67.6
097,2016,2.85,4.37,2.77,4.23,3.9,2.58,45.6,57.9,69.4,73.7,74.1,68
097,2017,5.09,3.57,6.12,8.86,2.77,0.36,51.2,55.4,69.3,71.7,68.5,66.3
097,2018,2.54,6.98,9.03,1.44,5.79,5.44,38.7,63.2,68.2,72.8,73.2,66.2
097,2019,3.79,6.74,4.58,4.81,3.69,10.04,47.4,55.5,65.4,74.8,70.1,67.5
097,2020,5.08,7.51,3.63,3.22,2.71,4.26,44.9,56.9,70.1,76,72.7,63.2
097,2021,1.03,1.4,4.69,1.51,3.58,1.41,49.6,58.1,72.1,72.5,74.7,67.8
097,2022,5.03,4.07,2.47,5.34,3.57,3.91,44.6,60.7,69.3,73.1,71.6,65.2
097,2023,2.7,1.02,1.96,5.99,2.62,3.85,49.6,58.5,67.5,72.8,71.8,66.8
097,2024,3.85,5.78,5.57,6.26,2.58,1.62,50.2,61.9,71.4,72.3,72.2,67.6
097,2025,2.06,2.48,3.42,5.06,3.09,2.2,48.2,55.6,71.3,75.3,71.5,66.8
099,1980,3.1,3.4,3.86,2.23,6.72,5.65,48.1,62,68.6,76.7,75.6,66
099,1981,6.85,4.37,5.83,4.98,6.77,3.2,54.7,56.7,71.1,72.9,70.8,63.2
099,1982,4.92,4.72,4.31,8.99,1.65,1.49,44.7,66.3,65.3,73.8,69.2,63.5
099,1983,6.02,5.16,3.54,1.8,4.87,4.13,45.1,56.7,71.4,77.6,77,65
099,1984,4.48,4.23,2.64,2.53,1.91,2.9,48.5,57.8,72.4,71.4,73.3,63
099,1985,1.31,2.16,2.81,3.65,3.04,2.19,55.4,63.8,67.8,73,68.6,65.6
099,1986,1.29,5.22,4.77,5.16,1.96,5.84,54.3,62.3,70.3,75.6,68.1,67.3
099,1987,2.01,4.82,2.38,2.81,7.4,2.54,51.8,65.6,73.1,76.7,72.2,64.6
099,1988,2.32,1.95,0.35,1.65,3.08,1.42,49.6,63.4,72.6,76.7,77.5,66.6
099,1989,2.18,2.28,2.61,4.13,3.25,8.46,48.7,58.4,69.3,74.5,70.9,61.8
099,1990,1.85,6.98,7.21,6.33,5.62,0.79,49.8,57.2,70.5,72.4,71.2,66.4
099,1991,4.25,6.6,1.24,0.47,2.29,3.61,54.2,67.8,73.9,75.5,73.7,64.6
099,1992,1.73,0.52,1.6,8.95,2.05,6.1,47.4,60,67.2,69.8,66.1,62.3
099,1993,4.34,2.95,8.13,4.97,4.83,5.76,47.1,62.5,68.3,74,72.8,59.7
099,1994,2.42,1.51,5,2.72,4.22,2.59,51.5,59.9,71.9,72.1,68.4,65
099,1995,5.87,7.33,2.62,2.88,3.3,1.13,46.3,57.8,71.9,75.7,78.1,62
099,1996,2.67,6.76,4.45,6.26,0.98,2.28,46.4,57.5,69.6,71,71.7,62.9
099,1997,1.9,2.74,2.25,2.36,5.35,2.22,45.2,55,69.4,73.3,69,64.6
099,1998,3.88,4.66,7.46,3.41,2.37,1.83,50.9,66.2,69.6,73.6,73.6,69.3
099,1999,4.92,4.57,5.25,1.84,3.08,3.53,51.8,63.2,71,77.7,69.8,62.9
099,2000,3.99,4.23,6.77,4.76,2.66,3.91,49.6,63.7,68.6,71.8,72.4,65.4
099,2001,2.84,3.78,3.76,4.78,3.18,4.4,54.6,63.9,68.1,74.7,73.1,62.6
099,2002,4.67,5.13,3.76,2.16,4.02,1.2,50,56.3,72.1,76.5,73,67.6
099,2003,1.73,6.33,2.35,6.04,1.75,3.36,51.2,59,66.5,72.9,74,63.5
099,2004,1.84,6.41,2.58,2.64,6.35,0.78,52.2,62.9,68.8,71.5,66.8,67
099,2005,1.87,1.45,1.59,3.05,2.39,2.11,54,58.7,74.6,75.2,73.4,69.9
099,2006,3.78,3.43,3.07,3.26,5.5,4.66,54.6,60.5,68.9,76.1,72.9,62.7
099,2007,3.85,1.68,3.97,5.76,10.85,0.76,48.1,66.3,71,71.8,75,67.6
099,2008,3.37,4.2,3.4,6.51,2.04,9.99,50.5,56.9,71.3,73.1,70.3,65.8
099,2009,5.4,5.44,4.38,3.93,5.61,1.4,48.6,61.1,70.1,68.3,69.2,64.2
099,2010,2.26,5.26,8.93,3.27,2.5,2.92,56.9,62.7,72.3,76.3,75.2,65.8
099,2011,5.8,5.53,5.93,2.38,3.76,3.91,48.8,60.6,70.8,78.4,73.1,62
099,2012,1.55,4.06,2.18,1.48,3.36,2.59,51.8,66,71.5,80.2,72.2,63.9
099,2013,7.55,5.66,5.11,1.28,3.23,1.39,47.5,63.1,69.7,72.2,71.2,66.6
099,2014,3.37,3.95,6.21,3.45,5.37,3.37,49.7,61.3,71.1,69.1,72.7,63.7
099,2015,3.33,5.61,9.22,4.01,2.63,3.63,51.9,63.1,68.9,71.8,70.5,69.5
099,2016,2.34,4.33,5.98,5.94,7.34,2.38,50.1,61,71.9,73.9,74.3,69.6
099,2017,6.18,4.4,3.45,5.5,2.32,0.36,53.6,58.3,71.3,73.1,68.8,67.3
099,2018,1.44,4.21,5.55,2.43,3.82,2.96,41.2,68,72.5,73.2,73.6,68.4
099,2019,4.17,9.9,4.03,4.59,3.04,10.3,49.3,59,69.4,76.7,71,68.5
099,2020,4.57,5.45,2.99,4.66,0.71,5.22,47.2,59.8,72.7,76.3,72.6,64.4
099,2021,2.14,4.28,5.15,2.76,2.34,1.34,51.4,59.9,72.4,73,74.2,68.8
099,2022,3.09,4.07,2.31,4.49,3.88,1.99,46.2,63.5,71.6,73,71.4,65.5
099,2023,2.17,2.47,1.51,6.49,2.59,3.95,51,62,69.4,73.2,71.7,66.4
099,2024,5.96,3.82,4.08,5.43,3.15,1.07,51.7,65.1,73,72.2,72,67.2
099,2025,3.4,2.46,3.38,5.96,2.79,1.1,50.8,59.7,72.6,76.3,71,67
101,1980,2.91,2.11,6.35,2.88,3.93,3.88,51.8,64.8,72.4,80.5,79.5,70.7
101,1981,3.71,10.11,1.9,4.79,5.27,1.81,60.2,60.2,75.3,77.5,73.9,66.4
101,1982,2.75,5.31,3.73,2.56,2.68,5.53,49.7,69.2,68.9,77.3,72.6,66.2
101,1983,6.16,7.99,5.47,1.92,1.65,1.94,48.8,61,72.6,80,80.3,69.2
101,1984,7.85,5.53,0.64,3.24,2.19,4.51,52.4,61.1,77.1,74.4,75.1,65.7
101,1985,2.56,4.98,5.42,1.3,6.66,1.62,58.4,65.9,71.3,76.3,72.9,68
101,1986,2.92,6.83,2.7,7.43,2.83,4.62,57.6,65.9,75.2,79.8,71.6,71.6
101,1987,2.77,2.75,3.95,6.17,1.15,2.06,53.7,70.2,75.3,77.3,76.7,69.2
101,1988,2.6,1.76,0.73,5.2,1.49,1.25,54.5,65.7,75.1,78.4,78.6,68.7
101,1989,5.28,4.42,3.18,6.19,5.72,4.46,54,60.3,72.7,76.5,74.7,66.2
101,1990,3.52,10.08,6.75,3.32,2.38,2.95,52.8,61.8,73.4,76.1,73.7,69.5
101,1991,3.7,1.88,1.7,2.22,2.3,2.75,58.4,70.9,76.3,78.3,76.2,68.8
101,1992,3.32,3.31,1.76,6.27,2.84,3.86,54.6,62.3,70,76.7,70.7,66.6
101,1993,6,3.87,4.82,4.77,4.11,7.33,52.1,64.6,73,79.9,76.4,64.7
101,1994,7.17,2.77,3.31,2.73,4.1,3.67,55.6,61,75.5,76,72.3,65.6
101,1995,3.45,12.1,4.76,3.92,3.76,0.89,54.9,63.4,73.6,77.6,79.7,65.2
101,1996,8.55,8.28,5.47,3.03,2.29,4.83,50.9,65.9,73.5,74.9,75.6,66
101,1997,2.45,3.76,6.7,2.47,3.58,1.33,50.4,60,71.7,77,73.3,68
101,1998,7.57,5.78,6.25,4.5,3.36,1.53,55.2,68.8,74.1,76.8,76,72.2
101,1999,5.1,3.25,6.2,4.2,1.91,0.75,56.3,65.4,74,80.3,73.8,68.2
101,2000,3.15,3.69,7.45,6.69,7.4,4.02,53,67.1,73,74.8,75.5,67.3
101,2001,1.55,2.66,3.34,5.74,3.63,2.11,60.5,67.2,71.8,76.8,76.3,67.1
101,2002,4.95,9.77,2.94,2.55,1.35,5.39,56.6,62,76.2,80.2,78.1,72.6
101,2003,3.39,8.15,3.42,4.03,5.01,5.4,56.7,63.7,69.2,76.8,76.6,66.1
101,2004,1.24,7.18,2.09,6.31,3.42,0.93,56.5,69.3,72.4,74.2,70.9,69.3
101,2005,2.83,2.98,3.64,3.77,5.4,4.45,56.8,62.2,75.3,77.3,78.6,72.3
101,2006,5.7,4.72,4.07,2.92,5.86,4.34,59.3,63.9,74.1,77.9,76.9,65
101,2007,3,1.99,4.68,1.77,1.66,2.1,53.1,69.6,74.8,74.6,81.3,72.4
101,2008,4,7.35,6.52,4.08,0.89,3.96,54.3,60.9,75.5,76,73.7,69.8
101,2009,7.9,8.11,4.63,5.44,1.68,6,54.9,65.1,75.5,72.2,73.5,68.6
101,2010,3.62,6.46,5.65,6.28,1.66,1.14,61.1,67.5,78,78.9,78.9,70
101,2011,12.64,5.23,9.29,4.84,0.74,5.85,57.6,64.4,75.8,81.3,76.2,66.4
101,2012,2.85,1.65,0.38,1.65,3.67,9.47,57.6,71.2,73.8,83.8,75.2,66.4
101,2013,5.91,7.33,9.53,5.4,1.34,2.06,54,65.5,72.6,74.3,74.3,69.8
101,2014,8.68,3.5,4.78,4.14,4.5,3.99,55.8,65.8,74.8,71.4,74.9,66.1
101,2015,6.16,4.19,9.68,3.88,2.26,3.34,56.3,67.1,74,76.2,73,71
101,2016,5.45,4.35,2.54,5.25,7.78,3.54,55.4,62.9,76.6,76.8,77.5,71.8
101,2017,5.33,6.68,2.56,4.18,1.58,1.04,59.6,64.8,73.4,77.7,72.6,70.2
101,2018,3.46,2.83,8.58,2.21,3.45,9.11,48.1,73.8,77.1,77.9,77,74.4
101,2019,6.88,7.27,6.05,5.08,4.49,0.92,56.2,66.4,72.9,78.2,74.8,74.1
101,2020,4.13,4,4.16,7.74,2.19,0.51,51.9,62.3,74.7,78.6,74.1,68
101,2021,3.17,2.96,5.04,6.17,4.6,3.11,54.8,62.4,74.4,75.6,77.1,70
101,2022,5.14,5.18,2.34,10.24,3.71,1.97,52.8,67.5,74.8,77.6,74.8,68.3
101,2023,3.45,2.48,3.92,3.03,5.01,0.88,55.3,64.9,72.1,77.1,74.5,69.2
101,2024,8.48,5.09,1.89,6.87,1.35,4.58,58.6,69.2,75.2,75.7,74.9,70.1
101,2025,10.31,3.87,5.66,6.39,3.32,3.2,56.4,63.4,75.9,80.4,73.6,70
103,1980,3.35,2.69,3.22,4.54,7.63,5.68,47.3,61.2,67.2,74.8,73.3,64.6
103,1981,5.77,2.95,6.37,2.2,9.25,4.5,52.9,56.4,70.4,72.1,69.9,62
103,1982,3.68,3.71,3.99,8.66,1.77,1.62,43.5,65.8,64.8,73.5,68.6,62.1
103,1983,4.5,4.24,2.59,4.17,3.18,4.66,44.1,56.2,70.6,76.8,76.2,63.5
103,1984,3.47,4.29,3.31,2.95,1.66,2.76,47.5,56.7,71.4,71,72.9,62.1
103,1985,1.39,3.01,3.61,4.07,2.92,1.95,54.5,62.7,66.8,71.9,67.6,64.1
103,1986,1.67,6.67,5.03,5.54,1.81,6.38,52.7,61.3,69.1,75,67.5,66.2
103,1987,1.79,5.7,2.76,2.16,12.37,2.12,51.3,64.6,72.2,76.1,71,63
103,1988,2.61,2.3,0.4,1.27,3.16,1.91,48.4,62.9,71.6,76.2,76.5,65.2
103,1989,1.48,2.19,3.34,4.91,4.71,5.82,47.3,57.9,68.3,73.9,70,60.5
103,1990,2.6,5.84,8.7,4.62,5.71,1.23,48.7,56.4,69.5,71.4,70.4,65.1
103,1991,3.22,4.54,2.5,0.92,1.95,3.85,52.4,66.2,72.6,74,72.4,63.1
103,1992,2.8,0.75,1.14,8.05,1.82,7.22,46.2,59.1,65.9,68.3,65.1,60.8
103,1993,5.51,2.87,9.58,3.55,5.66,4.76,45.5,61.6,67.6,73.3,72,58.5
103,1994,1.77,1.43,7.93,2.3,5.24,3.29,50.4,59.4,71.2,71.2,67.6,64.3
103,1995,5.27,8.67,2.18,3.82,3.82,1.62,45.1,57.4,71.5,74.4,77.2,60.8
103,1996,2.5,9.35,5.26,5.95,4.11,2.06,45.4,56.1,69.2,69.9,70.6,62.1
103,1997,1.81,4.16,2.65,1.14,5.48,1.95,45.2,53.9,69.5,72.7,68.2,63.6
103,1998,5.51,4.28,5.86,3.24,4.27,3.15,49.8,65.5,68.6,72.7,72.8,67.6
103,1999,6.11,3.98,6.16,3.07,3.17,4.88,51.2,62.6,70.3,76.6,68.8,61.8
103,2000,4.15,4.6,8,5.15,3.36,4.31,48.6,62.7,67.2,70.8,71.6,64.3
103,2001,3.04,3.83,3.64,3.37,3.12,4.85,53.6,62.7,67.6,73.8,72.2,61.7
103,2002,4.49,4.81,6.85,2.06,4.63,1.02,49.2,55.8,71.3,75.9,72.2,67.1
103,2003,2.14,6.04,2.34,5.44,0.58,2.27,49.8,57.8,66.2,72.4,73.8,62.5
103,2004,1.89,7.9,3.11,3,4.49,0.61,51.2,61.3,68,70.4,65.8,66
103,2005,1.58,2.06,1.69,2.27,4.26,2.99,53.4,57.5,74.1,74.3,72.4,68.4
103,2006,4.2,2.98,3.66,4.17,4.25,3.71,53.4,59.8,68.3,75.2,71.9,61.3
103,2007,3.58,1.72,4.39,7.42,8.18,0.77,47.1,65.3,70.1,71.4,73.6,66.4
103,2008,4.34,5.11,4.51,5.84,2.32,9.61,49.6,56.6,70.2,72.3,69.4,64.6
103,2009,4.43,4.49,5.56,5.2,6.49,1.8,48,60.4,69.2,67,68,63.7
103,2010,2.91,5.41,8.36,5.16,3.3,2.22,55.9,62,70.8,75.2,73.9,64.4
103,2011,4.19,5.87,4.84,5.44,4.3,3.91,47.7,59.8,70,77.7,71.9,60.6
103,2012,2.35,2.33,2.32,1.83,3.63,1.99,50.6,65.3,71.3,79.2,71.1,62.4
103,2013,7.72,3.6,6.17,1.43,2.2,1.5,45.9,62.2,68.5,71.3,70.4,65.3
103,2014,2.73,3.13,8.92,3.6,4.18,3.42,48,60.1,70.1,68.1,71.3,62.4
103,2015,2.88,5.77,9.91,4.08,2.63,4.32,51.4,62.1,68.2,71,69.6,69
103,2016,2.32,4.67,5.73,5.27,9.1,2.54,49.2,60.5,71.5,73.2,73.7,69
103,2017,6.01,5.45,3.77,8.65,1.46,0.25,52.5,57.4,71,72.7,67.8,66.5
103,2018,1.1,5.72,8.02,3.2,5.34,3.99,40.3,67.2,71.7,72.7,72.4,67.4
103,2019,4.45,9.73,3.89,3.12,4.35,9.89,48.5,58,68.6,76.2,70.2,68
103,2020,3.87,6.17,3.85,3.82,0.83,6.21,46.3,58.6,72.3,75.6,71.6,62.7
103,2021,2.5,4,4.47,2.29,2,1.14,49.5,59.4,72.8,72.5,73.7,68.5
103,2022,4.51,3.65,3.34,4.56,7.13,3.76,45,62.8,70.9,72.7,70.9,64.9
103,2023,3.57,2.34,1.87,5.97,2.6,4.65,50,62.1,69.8,72.7,71.2,66.7
103,2024,4.67,3.88,4.04,6.37,3.05,1.15,50.9,64.6,73,71.8,71.2,67.5
103,2025,3.19,2.16,3.65,8.44,3.78,0.77,50.3,60,72.6,75.6,71,67.1
105,1980,2.15,3.85,6.62,1.69,5.46,4.29,48,62.6,69,77.4,75.5,66.7
105,1981,6.81,5.39,6.2,5.71,6.75,2.65,54.7,56.9,71.6,72.8,70.2,63.1
105,1982,4.15,4.87,3.61,5.69,2.76,1.47,44.6,67.1,65.8,73.9,69.5,64
105,1983,6.25,4.53,3.96,1.2,4.91,3.25,45.7,57.4,71.8,78.2,77,65.6
105,1984,3.56,5.67,1.87,2.84,1.18,2.13,48.2,58.2,73.9,71.7,74.1,64
105,1985,1.38,2.07,3.67,5.31,3.87,2.14,55.3,64.4,68.2,71.9,68.6,66
105,1986,1.4,4.72,4.89,4.35,1.82,6.1,54.8,62.8,71.2,76.4,68.2,67.9
105,1987,2.8,2.58,3.79,2.62,4.62,1.62,51.7,67,73.3,76.6,72.5,65.1
105,1988,2.06,1.37,0.28,1.19,2.09,1.62,50.1,64.2,73,76.8,77.6,66.6
105,1989,2.75,2.86,1.99,4.33,3.84,7.44,49.4,58.3,69.5,74,70.4,61.5
105,1990,1.6,5.57,6.95,4.95,3.93,0.96,49.7,57.5,71,72.5,71,66.4
105,1991,3.67,6.53,0.86,0.67,3.16,2.68,54.9,68.1,74.8,75.8,74,65.2
105,1992,1.76,0.61,2.38,9.22,1.6,4.87,48.3,60.1,67.5,70.7,66.6,62.9
105,1993,3.75,3.28,9.29,6.06,5.76,7.21,47.7,62.7,69,74.6,73.3,60.4
105,1994,4.24,1.75,2.52,4.14,3.65,2.46,51.4,59.4,72.8,72.8,68.8,65.2
105,1995,5.51,8.37,3.52,1.82,5.42,1.04,47.1,58.1,72.1,76.1,78.1,62.6
105,1996,2.87,7.9,3.52,6.74,1,2.89,46.9,58.6,70.4,71.5,71.9,63.4
105,1997,2.25,2.59,3.01,2.34,6.61,2,45.4,55.8,69.3,73.5,68.9,65.1
105,1998,3.87,4.93,7.09,4.22,1.46,0.82,51.4,66.4,70.3,73.7,73.7,70.2
105,1999,5.39,4.23,5.76,2.01,3.18,1.55,52.5,63.7,71.5,77.6,69.9,63.9
105,2000,3.11,3.88,5.76,3.91,1.71,3.23,50.2,64.2,69.3,71.6,72.7,65.9
105,2001,3.09,3.43,4.53,4.2,4.52,3.35,55.4,64.2,68.6,74.5,73,63.1
105,2002,4.3,5.31,3.9,2.55,4.43,1.4,50.7,56.9,72.8,76.5,72.9,67.7
105,2003,2.3,5.51,2.66,6.88,1.91,3.41,52,59.5,66.8,73,73.6,63.4
105,2004,1.97,6.17,2.67,3.4,6.13,0.93,52.4,64.3,69.1,71.6,67.2,67.1
105,2005,2.18,0.88,1.24,4.22,2.47,2.83,54,59.9,74.6,75.2,73.6,70.1
105,2006,4.97,3.74,2.25,5.07,4.27,4.13,55,60.7,69.8,76.1,72.7,63.3
105,2007,3.73,1.88,4.25,5.79,7.72,0.83,48.9,66.8,71.5,71.6,75.8,68.7
105,2008,2.46,4.31,3.81,5.07,1.14,10.99,51.1,57.1,72.2,73.2,70.6,66
105,2009,5.98,5,3.7,3.87,4.45,1.34,49.3,61.4,71,68.8,69.5,64.8
105,2010,2.67,4.26,7.8,2.11,2.52,3.93,57.4,63.1,73.1,76.7,75.7,66.3
105,2011,5.9,5.17,4.26,2.81,2.53,4.09,50.1,61.5,71.7,78.7,73.1,62.2
105,2012,1.88,3.57,2.13,1.23,4.31,3.96,53,66.5,71.7,80.4,72,64.1
105,2013,6.69,7.62,3.84,1.32,2.47,1.47,48.5,63.6,70.4,72.3,71.9,67.7
105,2014,3.37,3.61,5.93,4.77,6.05,4.46,50.8,62.6,72.4,69.2,72.6,63.9
105,2015,2.34,5.04,10.31,6.23,3.67,3.46,52.6,64.8,70.4,72.5,70.8,70.2
105,2016,1.98,4.21,5.08,6.84,7.86,3.76,51.3,61.5,73.6,74,75.1,70.5
105,2017,4.86,4.62,4.82,4.7,3.4,1.33,55,59.8,72.2,73.6,69,67.5
105,2018,1.84,3.05,7.14,2.91,3.52,2.85,41.9,69,73.2,73.3,73.7,69
105,2019,4.37,9.16,4.61,2.82,2.35,8.36,49.8,60,69.7,76.8,71.2,69.2
105,2020,5.36,5.82,3.29,5.78,0.91,4.53,47.4,59.9,73.4,76.2,71.9,64.9
105,2021,2.48,4.66,7.08,3.51,4.66,1.87,52,60.8,73.9,74,75,69.8
105,2022,2.35,4.27,2.13,5.44,3.41,1.27,47.8,64.7,73,73.3,72.5,66.7
105,2023,1.99,1.86,1.85,5.81,4.95,3.53,52.2,63.5,70.9,74,72.3,67.1
105,2024,6.41,4.15,2.97,4.42,3.64,1.34,52.8,66,73.7,72.9,72.7,67.5
105,2025,3.29,2.66,5.03,5.67,2.1,0.77,52.1,60.7,74,77.6,71.7,67.7
107,1980,2.1,2.41,4.21,1.5,6.24,4.65,50.2,63.7,70.6,79.7,77.3,68.1
107,1981,4.67,6.58,6.34,9.15,7.32,2.65,57.9,58.3,73.1,74.8,71.9,65.1
107,1982,2.9,4.26,2.75,4.14,2.97,2.5,46.8,67.9,66.7,75.2,71,65
107,1983,5.22,5.27,3.67,1.02,3.25,1.74,46.7,58.7,72.5,79.6,79.5,67.5
107,1984,4.75,6.17,1.68,3.42,0.78,3.73,50,59.2,74.9,73.2,74.9,64.8
107,1985,2.12,2.79,4.98,3.02,5.95,0.89,56.5,64.3,69.2,73.8,70.5,67.4
107,1986,1.59,2.96,4.61,6.18,1.34,7.53,56.6,64.6,73.8,77.7,69.4,69.3
107,1987,2.34,1.41,3.42,3.29,3.69,1.42,53.2,69.3,75,77.5,74.7,66.8
107,1988,1.45,1.46,0.68,0.82,2.05,1.79,52.4,65.4,73.6,77.8,77.9,68.2
107,1989,5.52,4.33,1.51,3.94,3.61,5.95,51.8,60,71.1,75.9,72.6,63
107,1990,1.6,7.42,8.23,4.82,3.26,1.84,49.8,58.5,72.6,73.9,72.5,67.8
107,1991,4.11,7.44,1.05,2.8,5.54,2.51,56.9,68.6,76.1,75.8,74.7,66.9
107,1992,2.57,0.73,2.46,11.64,0.62,2.79,51.4,61.6,69.5,73.6,68.7,65
107,1993,5.33,1.47,6.1,8.34,4.76,8.38,49.8,63.8,71,76.1,74.6,61.2
107,1994,7.28,2.8,3.93,2.5,3.86,2.19,52.4,61.1,74.2,73.9,70.6,64.7
107,1995,3.64,10.83,2.95,1.96,3.9,0.96,49.9,59.6,72.4,76.4,79.2,63.4
107,1996,2.95,7.71,3.19,3.71,1.75,1.7,48.4,61.8,72.1,72.3,73.3,64.1
107,1997,1.49,3.37,3.16,1.47,5.01,3.79,47.5,57.9,70.5,74.6,71,66.2
107,1998,4.2,5.13,8.58,2.7,4.54,1.21,52.2,67.5,71.5,75.3,74.5,71
107,1999,5.9,4.2,5.14,3.13,5.52,1.91,54,64.2,72.1,77.7,70.9,64.2
107,2000,3.22,2.97,6.36,3.49,3.87,2.78,51.9,65.1,70.4,73.3,74.7,67.2
107,2001,2.35,3.49,3.38,2.39,4.22,2.39,58,65.4,69.5,75.8,74.3,64.6
107,2002,5.78,6.46,3.42,5.06,7.03,1.49,53.2,59.1,74.5,78,74.3,68.5
107,2003,3.51,3.55,3.41,7.33,2.21,4.27,53.5,61.6,67.8,74.6,74.9,63.9
107,2004,1.52,6.51,4.2,3.64,4.58,0.4,54.4,66.1,69.9,72.7,67.9,67.7
107,2005,1.77,1.72,1.13,2.39,3.04,3.47,55.9,61.4,74.8,76.1,75,70.6
107,2006,4.81,2.41,2.03,5.45,3.46,2.6,57.2,63.3,71.3,77.2,74.2,64.3
107,2007,3.24,2.23,4.15,2.6,1.95,1.78,50.5,67.9,72.3,72.5,78.5,70.1
107,2008,2.89,4.78,6.46,8.2,1.13,9.24,50.8,58.9,73.2,74,71.2,66.6
107,2009,6.11,5.24,5.03,4.57,3.91,2.12,51.9,63,73.1,70,70.1,65.1
107,2010,2.95,4.95,10.29,3.71,2.95,5.53,58.7,63.9,74.7,77.2,76.5,67.2
107,2011,5.39,4.72,5.77,1.98,0.7,2.32,53.6,62.6,72.4,79.3,74.4,63
107,2012,2.99,1.88,1.07,1.14,2.11,4.41,55.2,68.1,71.9,80.9,73.2,64.7
107,2013,5.95,8.04,3.76,2.87,1.08,0.98,50.5,63.9,72,72.9,72.3,68.3
107,2014,3.47,2.33,6.68,3.35,5.78,6.52,53.5,64.7,73.1,69.8,73.9,64.5
107,2015,2.43,7.19,8.62,4.86,1.34,4.09,54.7,65.4,72.6,74.1,72.2,70.9
107,2016,2.57,4.37,2.47,7.16,6.21,3.14,53.4,62.6,75,75.5,75.7,71.4
107,2017,6.1,3.72,1.3,4.48,1.87,0.46,57.3,62.6,73.6,76.4,70.1,68.5
107,2018,2.34,3.18,5.44,4.43,3.61,3.55,45.3,72,74.9,73.7,74.9,70.7
107,2019,4.57,7.79,4.79,1.72,3.74,4.97,53.1,63.4,71.5,77.6,72.6,71.9
107,2020,7.02,5.15,2.31,3.7,1.32,2.22,50.2,60.8,74.5,77.1,72.4,65.7
107,2021,2.19,4.85,6.1,4.83,3.59,2.41,53.1,61.6,74.8,74.3,75.6,70
107,2022,2.74,3.57,2.8,3.42,4.84,2.63,50.1,65.7,73.5,75,73.5,66.4
107,2023,1.94,2.79,1.43,3.43,5.25,3.17,53.8,65.2,71.7,74.8,73.2,68.3
107,2024,6.61,2.86,2.84,5.51,3.95,1.21,54.2,67,74.7,73.6,73.1,67.7
107,2025,4.33,3.52,4.26,6.13,1.44,1.34,54.1,62.3,73.8,77.6,72.6,68.5
109,1980,2.29,2.24,7.73,2.77,6.97,6.75,50.2,63.8,70.5,79.2,76.8,67
109,1981,6.93,6.88,6.96,8.41,3.89,3.29,57.2,58.5,72.4,74.5,71.6,64.9
109,1982,3.87,3.76,3.73,7.31,5.28,2.98,46.4,66.8,66.5,75.2,71.2,64.3
109,1983,5.56,3,2.23,0.97,1.89,3.49,45.9,58.6,72.7,79.9,79.9,66.9
109,1984,4.82,5.28,4.8,4.92,1.54,3.47,49.2,58.4,73.8,73.2,74.6,63.2
109,1985,1.24,4.46,2.02,4.11,4.56,2.78,56.3,64.3,68.4,74.4,69.8,66.4
109,1986,1.55,5.1,4.87,6.4,1.97,7.6,56,63.8,73.2,77.4,68.4,68.6
109,1987,1.97,1.02,3.28,1.43,5.78,3.59,53.8,68.1,75,78.9,74.1,65.9
109,1988,1.79,1.65,1.48,1.01,3.55,2.23,51.7,65.4,74,78.2,78.2,67.7
109,1989,4.24,2.74,2.42,2.54,4.01,2.93,51.3,59.6,70.3,76.6,73.5,62.9
109,1990,2.68,7.93,9.64,5.04,4.22,1.25,50.4,58,71.8,74.2,73.3,67.9
109,1991,3.25,7.29,0.65,1.79,2.58,4.36,55.8,67.5,75,75.6,73.8,65.8
109,1992,2.76,0.68,1.42,8.44,0.57,5.63,49.8,61.6,69.1,72.5,67.7,63.5
109,1993,4.72,3,5.9,12.65,5.02,7.8,48.5,63.5,70.1,75.1,74.9,60.2
109,1994,5.03,3.75,3.77,2.52,3.93,0.98,52.3,61.1,73.7,73.4,70.9,65
109,1995,6.37,11.41,2.54,3.62,4.5,2.17,48.2,58.8,71.4,75.8,78.4,62
109,1996,2.21,10.18,4.35,5.43,2.76,2.32,47.8,60.5,71.3,72.6,72.9,63.6
109,1997,2.69,4.57,4.36,1.55,5.46,2.04,47.3,57.2,71,74.9,71.1,66.5
109,1998,4.24,5.93,7.94,1.92,2.65,4.02,51.9,67.1,70.8,75.6,75.1,70.5
109,1999,5.35,4,3.02,4.36,3.02,3.66,54,63.8,72,78.5,71.3,63.9
109,2000,2.07,3.11,7.84,3.95,1.46,3.88,51.8,64.4,69.3,73.7,74.7,66.9
109,2001,3.74,6.26,4.95,2.5,5.41,3.15,56.8,64.2,69.3,76.7,74.1,63.7
109,2002,5.72,8.15,5.25,3.16,5.8,0.68,51.8,58.4,73.6,77.4,73.7,68.5
109,2003,3.37,3.46,4.01,5.69,2.35,6.11,52.2,61,68.6,74.4,75.4,62.8
109,2004,1.48,4.72,2.75,3.33,5.81,2.11,53.6,65,69.3,72.1,68.2,67.8
109,2005,4.05,1.8,1.93,2.43,3.1,3.91,55.5,61,75.1,76.4,74.9,70.4
109,2006,3.75,2.82,3.47,2.76,3.05,2.26,57,62.5,71.6,77.6,74.5,63.7
109,2007,3.61,2.03,5.66,2.18,2.89,1.48,49.6,67.4,72.5,72.9,78,69
109,2008,4.64,2.21,7.04,4.28,3.04,7.96,50.1,58.7,71.7,73.7,71,65.3
109,2009,6.03,4.8,5.44,3.58,7,1.82,50.4,62.4,72.1,69.4,70,65.2
109,2010,4.66,8.22,10.26,8.05,5.79,5.76,58.8,62.8,74.6,76.8,75.9,66.2
109,2011,4.73,4.83,10.07,2.49,0.42,2.42,51.6,61.2,71.2,79.9,74.8,62.9
109,2012,2.22,3.82,2.35,1,2.79,3.01,54.1,67.2,71.5,80.9,73,64.2
109,2013,9.3,9.56,3.89,2.62,0.15,2.22,48.2,62.7,71.3,73,72.9,68.6
109,2014,3.8,1.78,7.31,3.99,5.98,5.83,51.2,63.2,72.4,69.9,73,64.2
109,2015,2.19,5.67,11.61,8.61,3.46,2.23,54.5,64.1,71.1,73.5,70.9,71
109,2016,2.73,4.45,1.26,6.3,6.49,3.21,52.5,61.8,74.8,74.4,74.8,70.7
109,2017,5.85,4.83,1.72,4.13,4.09,0.38,55.2,61.6,72.7,76,69.9,68.6
109,2018,1.62,2.51,4.45,2.58,7.52,6.55,43.4,70.9,75.1,74.8,75,69.4
109,2019,2.91,12.54,6.22,1.66,3.9,7.88,51.7,60.9,71,77.6,72.1,70.9
109,2020,3.95,5.41,4.59,5.99,0.42,4.11,49.2,59.9,73.5,76.2,72.7,64.5
109,2021,4.69,7.03,5.62,4.39,2.73,1.52,51.3,60.4,73.2,74.1,74.7,69.4
109,2022,3.25,5.25,3.17,2.74,1.51,4.37,47.6,64.6,73,74.5,73.5,66.9
109,2023,1.91,3.07,1.62,3.28,4.78,0.94,53,63.8,71.6,74.7,73.1,68.2
109,2024,8.09,3.32,2.05,7.16,2.57,0.94,53.4,66.2,74.6,73.2,72.7,68.5
109,2025,2.63,3.56,4.31,8.57,0.5,1.27,53.5,61.2,73.1,77.1,72.1,68.8
111,1980,3.45,2.95,5.22,4.86,5.37,7.37,45.8,59.5,65.3,73.3,71.4,62.5
111,1981,4.1,2.58,4.88,2.6,7.6,3.67,50.5,55,68.7,70.2,69.5,60.3
111,1982,3.49,4.3,2.76,7.09,2.8,1.54,42.6,63.5,62.4,72.7,67.9,61
111,1983,4.55,4.5,2.18,4.55,3.83,3.4,43.2,54,68.8,76,74.7,62.8
111,1984,3.73,4.33,3.21,2.95,1.73,2.88,45.7,55,69.6,70.4,72.3,61.4
111,1985,1.45,3.3,2.31,4.05,3.84,2.55,52.5,61.6,65.4,72.3,67.4,63.9
111,1986,2,4.35,4.42,4.99,2.78,9.97,51.3,59,66.7,74,66.3,63.6
111,1987,3.99,3.85,2.38,4.5,10.43,2.41,49.4,61.9,71.8,74.8,69.9,62.2
111,1988,3.11,1.23,1.21,2.36,3.36,2.43,46.9,60.9,71.7,75.6,75.6,64.2
111,1989,1.33,2.12,3.02,5.72,4.94,3.9,45.3,57.2,66.7,72.6,69.3,60.2
111,1990,2.35,6.27,6.23,4.05,5.3,1.54,48.3,54,67.6,70.8,69.7,64.1
111,1991,3.7,4.61,1.78,1.69,2.32,3.12,50.3,64.1,71.6,73.5,72,61.3
111,1992,2.56,0.83,1.44,6.03,3.63,5.14,44,57.5,64.8,67.9,64.6,60.3
111,1993,7.06,2.67,10.35,4.86,2.49,4,43.6,59.5,65.7,72.3,71.8,57.6
111,1994,1.9,1.13,4.53,3.2,5.51,1.81,49.3,57.5,69.6,71,66.7,64.2
111,1995,5.13,4.4,1.27,3.14,4.64,1.85,43.2,56.6,70.6,74.5,76.4,59.9
111,1996,2.99,8.81,4.68,4.11,3.2,1.93,43.4,53.7,67.2,68.8,70.5,61.8
111,1997,1.63,4.91,3.73,2.2,4.16,2.59,44,52.5,67.8,71.9,67.5,62.8
111,1998,5.1,4.52,5.82,2.24,4.09,2.57,48.3,63.3,68,72.3,72.3,66.5
111,1999,6.64,3.87,7.18,2.92,2.7,4.22,49,60.7,69.5,77,68.6,61.7
111,2000,4.14,6.27,7.66,4.33,2.85,5.65,46.7,60.8,66.9,69.9,70.6,63.1
111,2001,3.23,4.12,3.68,2.09,4.4,6.86,51.6,60.1,66.8,73.5,72.2,60.7
111,2002,3.65,3.15,4.43,1.08,7.57,3.55,48,53.8,69.6,75.6,71.7,65.5
111,2003,1.86,6.06,2.03,5.31,1.49,2.03,46.4,55.7,64.7,70.8,72.4,62.3
111,2004,1.81,9.11,4.67,2.66,3.5,0.65,49.3,58.5,65.7,69.6,65.4,65.2
111,2005,1.83,2.39,1.29,2.08,3.64,2.83,50.7,55.7,73,73.3,72.1,67.7
111,2006,3.56,4.4,3.92,4,3.74,3.43,51.8,58.5,66.6,73.9,71.4,60.6
111,2007,3.95,1.7,5.06,5.34,12.32,1.38,45.1,62.2,69.2,70.7,72.6,65.4
111,2008,4.82,3.09,5.69,6.01,1.71,7.63,48.6,54.5,69,71.3,69.2,64
111,2009,4.73,4.32,6.03,2.09,5.36,1.21,45.9,58.5,67.1,66.4,67.6,62.8
111,2010,3.05,5.47,6.75,7.41,2.63,2.73,53.4,60.7,69.5,74.8,73.5,62.6
111,2011,4.56,5,3.12,6.92,3.7,4.06,45.4,57.4,68.2,76.4,70.7,60.2
111,2012,3.56,2.66,1.41,2.94,2.11,1.81,47.4,62.5,69.9,78.8,70,61.4
111,2013,7.56,3.33,8.16,2.33,2.77,2.39,44.5,59.9,66.7,71,69.4,63.2
111,2014,3.27,4.09,6.95,3.27,5.82,3,45.6,58,68.3,67.5,70.4,61.4
111,2015,3.47,4.5,6.11,4.73,3.11,4.39,49,59.8,66.4,70.6,68.9,67.6
111,2016,2.54,3.83,2.91,4.99,3.85,3,47,58.1,69.8,73.8,73.4,67.6
111,2017,5.05,4.56,6.85,8.44,2.26,0.24,51.9,55.7,69.2,71.5,68.1,66.1
111,2018,2.07,5.56,8.28,1.87,5.42,6.88,38.9,64.2,69.2,71.6,72.2,65.3
111,2019,3.45,7.28,3.59,4.37,3.76,9.52,47.5,56.4,66.5,75,69.2,67.1
111,2020,4.44,6.65,4.34,3.07,2.55,4.87,45.2,57.7,70.7,75.9,72,62.3
111,2021,1.2,1.79,3.47,2.4,5.41,1.23,49.8,58.3,72.5,72.4,74.2,66.9
111,2022,4.44,4.6,2.76,6.39,4.31,3.92,44,61.4,69.6,72.8,70.9,64.6
111,2023,2.88,1.59,1.98,4.96,2.35,4.07,48.6,58.5,67.3,72.1,70.8,65.4
111,2024,4.14,5.4,6.14,6.15,2.93,1.75,49.8,62.4,71.3,71.5,71.2,66.3
111,2025,2.22,2.37,3.98,6.38,4.58,2.4,48,56.2,70.9,74.8,70.1,65.6
113,1980,2.15,3.11,6.69,1.2,5.43,4.22,48.2,62.5,69.2,77.9,76.2,67
113,1981,6.27,6.01,6.55,8.76,8.17,2.47,55.6,56.8,72,73.2,70.4,63.6
113,1982,3.96,4.92,3.5,4.36,3.85,1.47,45.1,67,66,74.1,69.7,64.3
113,1983,5.86,4.9,3.86,1.06,3.2,2.57,45.9,57.6,71.7,78.4,77.6,66.2
113,1984,3.97,6.9,1.86,3.56,0.87,2.92,48.5,58.1,74.3,72.1,73.8,63.7
113,1985,1.95,3.12,4.43,4.59,4.44,1.63,56,64.4,68.5,72.4,69.2,66.1
113,1986,1.57,4.4,4.78,5.22,1.37,8.32,55,63.1,72.4,76.5,68.7,68.5
113,1987,2.7,1.87,3.67,2.86,3.86,1.44,52.3,68.1,73.6,76.3,73.3,65.6
113,1988,1.99,1.4,0.34,0.84,2.08,1.9,50.6,64.5,72.9,76.8,77.3,66.7
113,1989,3.91,3.53,1.66,4.32,3.36,6.25,49.8,58.4,70.4,74.4,71,61.6
113,1990,1.66,6.73,7.75,5.19,3.46,1.32,49.1,58.1,71.5,72.6,71.3,66.5
113,1991,3.17,5.68,1.03,1.46,2.74,2.13,55.4,68.2,75.1,75.8,74.1,65.8
113,1992,2.2,0.57,2.04,11.71,1.64,3.69,49.5,60.6,68.4,71.8,67.4,63.4
113,1993,4.6,2.65,7.59,7.05,6.6,8.8,48.5,63.1,69.7,74.9,73.6,60.4
113,1994,5.09,2.25,1.63,2.47,3.73,2.33,51.6,60.3,73.4,72.8,69.1,64.7
113,1995,5.29,8.48,2.85,2.25,6.28,1.12,48.1,58.5,72.3,75.9,78.4,62.4
113,1996,2.76,7.52,3.02,4.62,1.3,2.23,46.9,59.5,70.7,71.8,72.2,63.4
113,1997,2,3.03,2.93,2.52,6.03,2.95,46.2,56.5,69.5,73.8,69.2,65.5
113,1998,4.79,5.32,7.34,2.53,2.92,0.94,51.6,66.3,70.5,74.1,73.6,70.2
113,1999,5.02,4.72,6.61,2.81,3.8,1.4,52.6,63.7,71.5,77.3,70.1,64.1
113,2000,2.89,4.63,5.4,2.71,2.69,2.96,50.6,64.1,69.3,71.7,73.3,66.2
113,2001,3.72,3.96,3.65,3.22,3.65,2.5,56.1,64.1,68.8,74.7,73.4,63.3
113,2002,4.23,5.56,3.7,4.09,6.3,1.45,51.6,57.5,73,76.6,73,67.8
113,2003,3.11,4.22,3.98,7.91,2.61,3.38,52.4,60.1,67.1,73.4,73.6,63.3
113,2004,1.95,6.69,3.32,4.01,4.67,1.2,52.7,65.1,69.1,71.9,67.1,67
113,2005,2.51,1.07,1.25,4.07,2.66,3.68,54.2,60.5,74.7,75,73.9,70.2
113,2006,5.86,3.35,1.93,4.81,5.01,3.18,55.4,61.5,70.2,76.2,72.6,63.1
113,2007,3.45,1.78,4.36,3.51,3.07,1.23,49.4,67.3,71.8,71.6,76.7,68.8
113,2008,2.82,4.76,4.65,5.44,1.48,9.83,50.9,57.3,72.5,73.4,70.3,66.1
113,2009,6.15,4.95,5.14,3.74,5.4,1.76,50.1,62.1,71.8,69,69.7,64.4
113,2010,3.08,4.61,8.14,2.56,2.08,3.84,57.5,63.5,73.5,76.6,76.1,66.8
113,2011,5.98,5.06,4.67,2.94,1.77,2.95,50.6,61.4,71.8,78.8,73.3,62.2
113,2012,2.52,2.19,1.84,1.24,4.56,5.22,54,67.7,71.6,80.9,72.6,64.4
113,2013,5.98,7.04,3.85,1.78,1.5,1.44,49.5,64.2,70.9,72.4,72.2,68.5
113,2014,3.18,3.18,6.45,5.37,3.95,4.95,51.8,63.5,72.4,69.2,73,64.1
113,2015,2.71,6.33,9.63,6.76,2.95,4.51,53.4,65.2,71.2,72.8,71.4,70.7
113,2016,2.17,5.16,3.64,7.49,6.89,3.14,52.2,61.8,74.1,74.7,75.3,70.8
113,2017,4.86,3.6,3.3,3.38,3.79,1.08,55.7,60.8,72.6,74.6,69.5,68.1
113,2018,2.05,3.28,5.87,3,3.26,2.44,43,70.6,73.8,73.5,74.1,69.7
113,2019,4.17,8.46,3.78,2.81,3.92,4.96,51.1,61.9,70.3,76.8,71.4,70.1
113,2020,5.66,5.55,2.5,6.14,1.04,3.4,48.5,60.2,73.6,76.4,71.7,64.8
113,2021,2.85,5.31,6.62,3.95,4.7,1.71,52.1,60.9,73.8,74,75,69.8
113,2022,2.61,3.6,2.57,2.84,3.67,2.33,48.7,65.1,73.4,74.2,73,66.8
113,2023,1.82,2.06,1.99,3.62,4.1,3.96,52.7,64.1,71.2,74.2,72.7,67.4
113,2024,5.76,3.26,2.79,4.15,4.27,0.95,53.3,66.4,73.9,72.8,72.6,67.3
113,2025,2.96,3.25,4.23,5.95,1.53,0.55,52.8,61.8,73.8,77.5,72.3,68.4
115,1980,2.15,2.43,3.29,2.02,5.3,4.43,50.2,63.9,70.6,79.3,77.1,68.5
115,1981,5.25,6.79,5.44,7.33,8.79,2.31,57.8,58,73.4,74.5,71.6,64.8
115,1982,2.54,5.01,3.76,4.04,4.59,2.43,47.2,67.7,66.4,75.3,70.9,65.6
115,1983,5.49,5.85,4.05,1.35,2,0.83,47.4,59.2,72.3,78.8,79.1,68.3
115,1984,4.21,5.36,1.04,3.24,0.98,3.99,50.3,59.3,75.4,73.4,75,64.7
115,1985,3.15,1.87,4.89,3.74,6.44,0.8,56.9,64.9,69.3,73.8,70.4,67.3
115,1986,1.76,4.13,3.85,6.99,1.56,6.86,56,64.9,73.8,78,69.2,69.4
115,1987,2.58,1.68,3.97,5.87,2.93,1.27,53.4,69.3,74.7,76.6,74.5,67.3
115,1988,1.23,1.84,1,2.07,1.73,2.44,53,65.3,73.2,77.5,77.8,68.3
115,1989,5.48,4.05,2.39,2.09,3.66,5.14,52,59.7,71.6,75.5,72.5,63.2
115,1990,2.25,7.63,7.34,3.92,2.9,1.37,50,59.4,72.1,73.8,71.8,68
115,1991,3.84,4.43,1.23,2.53,4.32,2.07,56.8,69.3,75.8,76.1,75,67.1
115,1992,2.95,0.91,2.98,13.44,1.1,2.67,51.8,61.4,69.5,73.4,68.8,64.9
115,1993,5.32,1.65,4.52,7.01,4.54,7.72,50.1,63.7,71.4,76.6,74.8,61.5
115,1994,7.39,3.2,4.03,2.61,4.04,2.39,52.5,60.4,74,73.8,70.5,64.6
115,1995,3.64,9.38,2.11,1.96,3.25,0.88,50.7,59.9,72.1,76.4,78.9,63.8
115,1996,4.36,9.21,3.24,2.86,2.4,2.29,49.1,62.5,71.9,72.3,73.4,64.6
115,1997,1.48,4.03,2.87,1.85,4.87,3.99,48,57.8,70.5,74.8,70.6,66.2
115,1998,3.6,4.74,8.77,3.18,3.95,0.88,52.4,67.1,71.9,75.2,74.7,71.8
115,1999,5.66,3.37,6.83,2.55,4.16,1.73,53.9,64.4,72.2,78.3,71.7,65.7
115,2000,2,3.03,5.66,3.82,4.08,3.54,51.6,65,70.6,73.2,74.3,66.5
115,2001,3.41,3.09,4.74,2.82,5.08,2.49,58.1,65.1,69.5,75.5,74.6,65
115,2002,6.32,9.41,3.42,2.61,3.28,1.98,53.6,59.2,74.6,78.5,75.1,70
115,2003,2.46,5.2,3.1,5.01,3.06,4.08,53.3,61.4,68.1,75.1,75.1,64.2
115,2004,1.75,5.43,3.92,4.09,6.3,0.17,53.8,65.8,69.9,72.9,68.8,68.6
115,2005,2.14,1.54,2.72,3.26,2.66,5.01,55.1,61.3,74.7,76.3,75.4,71.4
115,2006,5.01,3.13,1.9,4.94,4.02,2.07,56.5,62.2,71.6,77,74.2,63.7
115,2007,3.16,1.79,4.78,2.09,2.24,1.33,50.8,68.4,73.5,73.2,78.6,71.2
115,2008,2.77,5.02,6.99,8.13,1.36,9.76,51.3,58.8,73.8,73.9,71.6,66.9
115,2009,6.65,5.96,5.31,3.55,2.98,2.11,52,63.2,73.9,70.2,70.6,65.9
115,2010,2.43,4.41,9.86,5.27,2.71,5.05,58.4,64.1,75.1,77.5,77,67.1
115,2011,6.91,5.95,6.38,1.12,0.45,2.88,54.1,62.5,72.7,79.6,75.4,63.8
115,2012,2.99,1.92,1.04,0.83,3.06,5.65,54.6,68.3,73,81.8,74,65.2
115,2013,6.99,6.89,4.71,3.11,0.53,0.83,50.4,64,71.8,72.6,72.7,69.1
115,2014,4.67,3.17,7.6,3.06,5.39,4.65,52.9,64.1,72.9,69.8,73.1,64.4
115,2015,2.42,5.84,6.37,4.47,2.22,2.58,54.2,65.4,72.2,73.7,72,70.7
115,2016,3.57,3.71,2.45,5.8,4.93,2.78,52.9,61.9,75,75.2,75.5,71.1
115,2017,5.78,6.13,1.45,4.24,2.33,0.72,56.9,62.3,73.2,76.7,70.7,69
115,2018,2.56,2.51,6.02,5.77,3.04,3.9,45.5,72,75.3,74.2,74.7,71
115,2019,4.85,6.59,5.13,1.85,5.95,4.14,52.9,63.6,71.5,77.3,73,72.2
115,2020,6,5.95,3.97,4.73,0.95,1.68,49.6,60.5,74.1,77,72.5,66.2
115,2021,2.44,5.48,6.58,4.19,2.72,2.97,52.5,61.4,74.5,74.3,75.6,69.9
115,2022,3.22,3.73,1.64,3.61,7.64,4.09,49.8,65.8,74.4,75.9,73.5,67.1
115,2023,1.7,2.13,1.75,3.91,4.38,1.62,53.7,65.2,72,75.3,73.6,69
115,2024,7.09,3.9,1.87,8.1,3.19,1.97,54,67.2,74.4,73.3,73.4,68.2
115,2025,4.16,3.89,3.53,6.76,1.2,1.26,53.8,62.2,74,78.2,73.2,69.5
117,1980,2.03,3.17,2.89,3.03,3.29,4.23,51.8,64.3,72.6,80.7,79,69
117,1981,4.31,6.86,6.08,10.23,3.79,1.22,60.2,59.1,74.3,76.5,72.8,66
117,1982,3.43,4.63,5.02,5.49,3.83,3.65,49,68.8,68.1,76.6,72.1,65.7
117,1983,5.29,6.89,3.82,1.08,1.65,0.92,48.2,60.6,73.2,80.2,80.4,68.7
117,1984,6.17,5.26,2.25,1.83,1.75,7.62,51.9,60.7,75.9,74.3,76,65
117,1985,2.94,3.05,5.83,3.86,5.38,0.6,57.7,65.6,69.8,75.3,71.2,67.6
117,1986,1.29,2.45,3.76,6.67,1.61,5.51,58.2,66.1,75.2,78.8,70.6,70.6
117,1987,3.28,1.39,2.3,3.75,4.11,2.16,54,69.9,75.9,78.2,76.1,67.8
117,1988,1.07,1.68,1.37,3.26,3.05,1.45,54,65.1,73.5,77.5,78.8,68.6
117,1989,2.97,4.31,1.5,2.86,3.48,4.2,53.4,60.2,71.3,76.2,73.7,63.8
117,1990,2.88,9.99,5.1,3.32,2.53,1.92,51.5,60.2,73.1,75.7,73.3,69.3
117,1991,3.59,5.28,2.17,3.3,2.64,2.39,57.9,69.6,75.8,76.4,75.3,67.9
117,1992,3.48,1,1.34,5.8,2.42,2.87,53.7,62.5,69.7,75.5,69.3,65.7
117,1993,5.49,2.77,5.47,6.62,4.69,9.15,50.9,64.1,72,78,76.4,62.8
117,1994,11.01,2.04,3.09,2.73,2.76,2.81,54.4,61.2,75.1,74.9,72.5,65.5
117,1995,3.92,8.22,3.34,2.85,4.87,0.88,52.4,61,72.4,77.1,79.2,63.6
117,1996,6.12,6.57,2.95,4.22,2.24,2.27,50.3,64.5,72.6,73.5,74.5,64.9
117,1997,1.7,3.38,1.97,0.75,4.16,3.19,48.3,59.6,71.4,77,72.6,67.7
117,1998,4.61,4.25,8.35,3.07,2.29,2.44,53.2,68.2,73,76.8,75.9,72.6
117,1999,5.01,2.96,5.57,1.74,2.47,1.59,55.8,64.6,73.2,79.4,73.1,66.4
117,2000,1.86,4.73,8.69,5.28,4.21,3.09,53,66.5,71.2,74.4,76.4,67.1
117,2001,2.37,4.68,4.2,3.63,4.05,3.24,59.4,66.1,70.8,76.9,75.6,65.8
117,2002,5.9,10.98,4.43,2.37,4.72,2.27,55.5,60.6,75.3,78.8,76,69.5
117,2003,3.71,5.3,4.92,3.99,1.87,5.06,54.9,62.4,68.2,75.9,76,64.4
117,2004,1.54,7.52,2.13,4.4,3.74,0.26,55.7,67.3,70.7,73.7,69,67.6
117,2005,1.96,1.22,2.48,2.6,3.09,5.06,56.5,62.5,75.7,77,76.7,71.6
117,2006,2.15,3.53,2.07,2.35,5.5,3.07,58.7,64.1,72.6,78.3,76.5,64.9
117,2007,3.15,3.35,4.01,1.41,1.57,0.99,51.6,68.6,73.8,74,80.7,71.2
117,2008,4.68,6.44,4.46,7.53,2.13,9.98,51.5,60,74.3,75.8,72.3,67.3
117,2009,5.54,4.39,4.94,3.91,2.78,3.08,52.7,63.9,74,71.5,72.1,66
117,2010,3.37,5.32,6.89,6.81,4,4.84,59.9,64.8,76.6,78.2,77.4,68
117,2011,6.44,4.55,8.81,3.23,1.11,2.42,55.4,63.2,74.1,81.2,76.2,64.2
117,2012,6.59,2.24,1.4,0.37,3.51,5.86,55.9,69.4,72.8,83.2,75,65.7
117,2013,7.83,8.84,4.66,2.69,0.77,2.49,51.4,64.6,73.2,74,73.4,69.8
117,2014,6.95,3.12,6.88,1.52,6.6,4.16,54,63.8,74.3,71.1,74.9,65.7
117,2015,4.58,6.22,8.81,6.36,3.66,2.52,56,66.2,73.3,75.2,72.9,71.3
117,2016,3.61,3.74,1.78,10.21,5.12,3.84,55.2,62.9,76.6,76.1,75.9,71.6
117,2017,8.46,5.4,3.47,4.13,2.19,1.06,57.7,63.6,73.4,77.5,71.4,69.8
117,2018,2.05,3.23,4.61,3.24,4.3,2.25,46.8,72.5,76.6,75.8,75.2,71.6
117,2019,3.48,8.44,4.2,2.74,6.23,1.53,54.2,64.4,71.6,77.4,73.5,73.1
117,2020,4.95,4.79,2.28,6.7,3.52,1.94,51.2,61.4,74.8,77.5,72.7,66.7
117,2021,3.3,3.85,5.66,7.5,3.88,2.49,53.4,62.2,74.8,75.2,76.2,70.4
117,2022,3.91,4.83,2.95,8.23,3.42,2.54,51.8,65.8,75.1,77.3,75,67.5
117,2023,2.61,3.24,2.65,3.15,3.94,1.17,55.6,65.7,72.5,76.6,74.8,69.2
117,2024,5.96,5.98,1.67,6.29,1.93,3.55,56.2,68.3,75.9,74.9,74.8,69.3
117,2025,6.52,4.16,3.04,7.78,0.51,1.09,55.2,62.7,74.6,79,73.9,69.9
119,1980,1.76,2.76,3.04,3.54,3.56,3.59,53.1,65.1,74,82.3,80.7,70.3
119,1981,3.52,5.56,4.86,7.85,3.47,1.75,61.7,60.1,75.2,78,74.1,66.6
119,1982,2.74,4.69,5.05,4.95,3.33,3.83,50.3,69.4,69.2,77.8,73.1,66.3
119,1983,6.17,5.93,5.53,0.66,2.26,1.25,49,61.7,73.6,81.4,81.4,69.5
119,1984,6.04,4.11,1.44,1.2,2.25,6.86,52.8,62,77,75.8,77.2,66.4
119,1985,3.35,2.94,7.26,3.24,5,0.35,58.6,66.4,70.8,76.8,72.8,68.8
119,1986,1.72,3.29,3.08,4.96,2.14,5.71,59,67,76.6,80.5,72.1,71.9
119,1987,2.36,1.85,2.64,5.03,4.14,2.19,55.1,71,76.9,78.8,77.1,69
119,1988,1.17,1.3,1.63,2.75,2.9,1.74,55.1,66.2,75.2,78.6,80,69.6
119,1989,2.6,3.62,2.28,2.93,3.43,3.65,54.9,61.5,72.4,77,75.1,65.2
119,1990,3.62,10.37,4.06,3.14,2.75,1.94,52.6,61.4,74.4,77.3,74.5,70.8
119,1991,3.41,3.9,1.1,3.83,2.27,2.96,58.4,70.6,76.9,77.7,76.4,68.9
119,1992,2.9,1.23,1.69,5.01,2.7,3.11,55.2,63.7,71.2,77,70.9,66.9
119,1993,4.98,4.2,5.31,5.49,3.93,9.28,51.8,64.7,73.2,79.8,77.8,64.2
119,1994,10.09,1.86,3.56,2.68,2.26,2.31,55.7,62.4,76.4,76.2,73.6,66.4
119,1995,3.19,11.99,4.04,2.43,4.57,0.63,53.9,62,73.2,78.2,80.6,64.9
119,1996,8.68,5.56,3.02,4.97,1.68,2.97,51.5,66.5,73.7,74.6,75.9,65.9
119,1997,2.28,3.05,2.11,2.02,4.08,2.35,49.7,60.6,72,77.9,74,68.5
119,1998,4.83,4.16,8.23,5.54,3.47,2.95,54.4,69.8,74.5,78,76.8,73.3
119,1999,4.33,2.95,5.57,3.08,1.94,1.15,57.4,65.8,74.1,80.7,74.6,68
119,2000,2.4,5.32,8.06,6.43,5.19,3.22,54.2,67.8,72.4,75.8,78.2,67.9
119,2001,3.01,4.16,3.04,4.74,4.11,3,60.8,67.1,72.4,78.3,77.3,67.4
119,2002,4.99,8.6,4.63,1.95,3.85,2.7,57.5,62,76.1,80.4,77.4,71.4
119,2003,3.76,5.38,6.76,2.97,2.53,5.35,56.3,63.5,69.4,77.4,77.6,65.6
119,2004,1.4,9.8,2.25,5.77,3.8,0.4,56.8,68.5,72.1,75.1,70.7,68.7
119,2005,2.25,1.33,2.59,3.45,4.52,6.25,57.3,63.7,77,78.4,78.4,72.7
119,2006,1.93,2.82,3.29,1.94,2.89,2.09,60.6,64.8,74.1,79.2,77.9,66.2
119,2007,3.45,3.93,2.86,1.96,0.96,1.21,53.4,69.6,74.7,75.6,81.9,72.2
119,2008,5.32,9.07,3.56,7.23,1.7,7.98,53,61.3,75.2,76.9,74,68.8
119,2009,5.58,5.91,4.66,4.68,3,2.61,54.4,65.3,75.6,73.1,73.5,67.6
119,2010,3.04,5.87,5.8,5.85,3.5,4.82,61.2,66.2,78.2,79.5,79.1,69.2
119,2011,7.7,3.83,7.61,2.42,0.93,3.48,57.9,64.7,76,82.6,78,65.5
119,2012,6.12,1.84,1.27,0.44,2.88,7,58,71,75.1,84.7,76.7,67
119,2013,7.92,6.58,6.89,4.09,0.9,1.76,53.5,65.8,74.4,75.4,75.2,71.5
119,2014,8.6,2.98,5.71,2.13,5.59,4.03,55.7,66.4,75.4,72.8,76.8,67.3
119,2015,4.71,6.06,8.84,4.24,5.37,2.46,57.7,67.4,75.3,77.6,74.7,72.4
119,2016,4.6,4.46,1.41,8.53,5.85,5.66,57,64,78.3,78.5,77.4,72.8
119,2017,8.54,5.9,3,4.53,2.26,1.22,59.4,65.3,74.9,79.2,72.9,70.8
119,2018,2.74,3.95,5.36,3.82,4.04,3.34,48.1,73.1,78.1,77.5,76.7,72.7
119,2019,4.6,7.74,5.1,3.51,7.05,1.1,55.9,66.2,72.9,78.4,75.2,74.4
119,2020,4.89,5.7,2.1,7.86,3.74,1.27,52.3,62.6,76,78.8,74,68
119,2021,3.79,3.01,4.24,6.72,3.68,2.53,54.5,63.3,75.7,76.4,77.5,71.5
119,2022,3.48,5.37,2.14,8.43,2.76,1.98,53.3,66.8,76.2,78.8,76.3,68.3
119,2023,2.19,2.65,2.11,5.24,3.62,1.8,56.3,66.5,73.5,78,76.2,70.6
119,2024,7.44,5.76,1.42,8.14,1.08,4.5,57.6,69.4,77.2,76.3,76.1,70.3
119,2025,8.33,5.07,3.45,5.89,1.11,1.37,56.9,63.7,75.9,80.4,75.2,71.4
121,1980,2.25,3.16,2.74,2.74,2.69,3.11,51.8,64.4,73,80.9,79.6,70.4
121,1981,3.11,7.69,3.45,5.19,4.49,2.32,60.7,59.4,74.8,76.9,73.4,65.4
121,1982,2.12,5.01,3.52,4.97,2.94,4.75,49.3,68,68,76.7,72.2,65.8
121,1983,6.06,5.78,6.48,0.87,1.89,1.28,48.2,60.6,71.8,80.2,80.8,69.2
121,1984,6.73,3.88,1.65,1.38,2.63,8.38,51.7,60.9,76.7,74.9,75.3,65.8
121,1985,2.3,3,6.49,1.8,6.71,0.56,58,64.9,70.2,75.6,72.5,67.8
121,1986,1.92,2.72,2.31,6.78,2.44,3.94,57.6,66.1,75.6,79.5,71.3,71.4
121,1987,2.81,1.97,2.59,7.95,2.56,2.42,54.5,70.4,75.9,77.5,76.2,68.8
121,1988,1.76,1.1,1.45,4.61,2.39,3.23,54.1,65.1,74.1,77.8,78.6,68.8
121,1989,3.43,4.53,3,1.79,2.85,3.39,54.4,60.8,72,76.5,75,65.4
121,1990,4.32,12.35,3.97,2.16,1.65,2.51,52,61.1,73.4,76,73.4,69.2
121,1991,2.73,2.77,1.74,2.33,2.09,4.23,58.3,70.4,76.6,77.9,76.5,68.2
121,1992,2.87,2.74,0.67,4.39,1.68,4.83,54.7,62.2,70.4,76.9,70.7,66.2
121,1993,5.32,3.95,4.7,8.2,4.59,7.96,51.8,64.3,72.8,79.5,76.8,64.1
121,1994,10.13,1.73,4.25,2.68,2.33,2.41,55.3,61,75.6,75.6,72.3,65.7
121,1995,3.58,13.43,6.71,2.07,3.7,0.34,54.1,62.4,72.4,77.2,79.6,65.4
121,1996,8.74,5.66,4.7,2.07,1.1,4.08,50.9,66.1,73.1,74.7,75.9,65.6
121,1997,2.18,3.42,5.05,2.86,3.29,1.54,49.7,60,71.3,76.7,73.1,67.9
121,1998,5.49,5.49,6.59,5.4,3.94,3.35,54,68.6,73.8,77,75.4,72.5
121,1999,5.26,3.69,4.63,4.79,2.37,0.85,56.6,64.5,73.2,79.2,73.4,67.5
121,2000,3.13,4.97,9.17,5.38,5.32,3.37,52.8,66.2,72.2,74.1,75.5,66.9
121,2001,1.61,3.66,4.18,4.54,4.11,1.87,59.7,66,71.2,76.3,76.1,65.9
121,2002,4.65,8.03,2.44,1.72,1.49,1.87,56.6,61.2,75.4,79.9,77.6,72.2
121,2003,4.23,7,4.43,2.15,2.93,4.39,56,62.7,68.4,76.5,76.5,65.2
121,2004,1.4,8.34,1.97,5.07,6.61,0.42,55.9,68.3,71.4,74.1,70.2,68.7
121,2005,3.13,1.16,1.62,4.27,4.51,4.49,57,62.7,75.6,77.6,78.1,72
121,2006,1.83,5.66,4.65,2.34,3.23,3.63,59.4,63.1,73.4,77.6,76.5,64.8
121,2007,2.97,2.83,4.27,2.76,0.92,1.91,51.9,68.8,74.1,74.2,81.2,71.7
121,2008,4.62,9.16,4.65,5.25,2.45,4.04,52.4,60.4,74.9,75.6,72.9,68.8
121,2009,8.16,6.72,4.73,6.51,1.96,2.13,53.7,64.2,75,72.2,72.5,67.6
121,2010,2.79,5.19,5.96,5.44,2.55,2.55,60.4,66,77.1,78.8,78,68.6
121,2011,11.44,5.36,8.6,5.45,1.25,3.45,56.7,63.4,75,81,76.2,64.8
121,2012,3.27,3.32,0.82,1.05,3.46,11.09,56.6,70,73.7,83.6,75.5,66.3
121,2013,6.03,5.67,7.47,6.41,1.37,1.81,52.5,64.9,72.9,73.4,73.6,70.4
121,2014,8.27,3.39,5.16,1.98,7.45,3.58,55.2,65.1,74.2,71.3,74.9,65.9
121,2015,4.18,5.94,10.71,3.29,3.64,4.76,56.5,66.6,73.5,76,72.9,71.2
121,2016,4.71,4.53,2.36,5.58,7.86,4.99,55.6,62.6,77.1,77.3,76.7,71.6
121,2017,8.69,5.13,2.54,3.8,1.39,0.66,58.6,64.6,73.7,78.4,72,70.6
121,2018,2.74,2.02,8.68,2.98,6.13,7.83,47.6,72.3,77,76.6,75.1,72.2
121,2019,4.96,6.06,6.29,3.5,8.09,0.94,55.1,65.7,72,77.8,74.5,74.1
121,2020,4.88,3.88,2.62,6.75,3.57,0.76,51.5,62.2,75,78.8,73.6,68.2
121,2021,2.71,3.76,2.27,8.54,5.94,2.72,54.2,63,75.3,76,76.8,70.4
121,2022,3.12,4.85,2.31,8.91,3.28,2.78,52.7,66.7,75.6,78.1,75.6,68.8
121,2023,3.57,3.07,2.24,4.27,5.25,2.43,55.6,65.8,73.1,77.9,75.3,70.1
121,2024,7.17,5.35,2.56,11.41,2.33,5.19,57.6,69.2,76,75.8,75.4,70.6
121,2025,12.42,4.66,4.53,6.38,0.4,1.92,56.3,63.4,76,81.1,75.2,71.8
123,1980,3.11,2.82,5.94,1.88,7.3,4.36,48.9,63,69.2,77.5,76,67
123,1981,7,4.76,6.64,5.14,8.62,2.5,55.5,57.4,71.2,73.1,70.5,63.6
123,1982,4.43,5.31,2.97,7.86,1.81,1.38,45.4,67,66.1,74.2,69.6,63.6
123,1983,6.51,4.15,3.36,1.43,2.69,4.78,45.8,57.9,71.6,78.2,77.5,65.8
123,1984,4.86,4.15,2.58,3.26,1,2.87,48.6,58.6,73.1,72.1,74,63.2
123,1985,1.12,2.62,3.21,3.74,3.37,2.29,56.2,64.2,68.6,73,69.1,66.2
123,1986,1.14,5.69,5.49,5,1.5,7.46,54.6,62.8,71.1,75.6,68.1,67.9
123,1987,1.92,3.31,2.38,1.9,7.7,2.14,52.8,66.9,73.6,77.5,72.9,64.8
123,1988,2.4,1.53,0.7,0.65,3.22,1.83,50.4,63.7,72.8,77.4,78,66.6
123,1989,2.46,2.28,2.1,2.8,4.69,9,49.7,58.8,69.9,75.1,71.4,61.6
123,1990,1.74,7.06,9.34,5.51,4.64,0.71,50.4,57.6,70.8,72.6,71.4,66.3
123,1991,3.1,5.51,1.55,0.54,2.57,3.23,54.9,68,74.4,75.8,73.8,64.8
123,1992,1.75,0.66,1.59,11.14,2.33,5.71,48.6,60.7,68.3,70.8,66.6,62.2
123,1993,4.36,2.6,6.34,7.32,5.92,5.78,47.8,62.8,69,74.3,73.2,60.3
123,1994,2.84,1.75,3.9,2.69,5.42,2.56,51.8,60.4,72.7,72.9,69.3,64.9
123,1995,5.27,9.75,3.88,2.86,4.02,1.51,47.2,58,71.9,76.1,78.6,62
123,1996,2.95,8.2,3.29,6.58,1.15,2.05,47.5,58.4,70.4,71.6,72.1,63.4
123,1997,2.72,2.32,2.86,3.13,7.15,3.05,46.1,56.3,70.4,74.4,69.9,65.5
123,1998,4.38,3.48,6.76,2.98,1.86,1.91,51.4,66.3,70.1,74.2,74.1,69.8
123,1999,4.96,4.71,5.31,2.16,2.9,3.16,52.1,63.3,71.2,78,70.5,63.6
123,2000,3.59,4.46,5.67,2.83,2.39,3.67,50.9,64.4,69.5,72.2,73.5,66.2
123,2001,3.21,4.94,4.67,4.03,3.18,4.04,55.4,63.7,68.6,74.9,73.1,62.6
123,2002,4.52,5.38,5.23,1.69,4.47,0.87,51.2,57.6,72.7,77.1,73.5,68
123,2003,1.94,5.73,2.51,6.54,2.03,2.92,52,59.7,67.1,73.9,74.1,63.7
123,2004,1.98,7.59,2.19,2.17,5.1,1.17,52.7,64.3,69.1,72,66.9,66.6
123,2005,2.1,1,1.25,2.5,2.83,1.83,54.2,59.6,75.2,75.8,73.9,70.2
123,2006,4.86,2.18,2.73,3.47,4.87,3.45,55.2,61.4,70.3,77.2,73.1,63.3
123,2007,4.19,1.57,3.54,3.98,6.95,1.04,49,67.2,72,72,76,68.4
123,2008,2.95,3.59,3.69,5.71,1.6,8.76,50.6,57.9,72.2,73.7,70.6,65.7
123,2009,6.43,6.62,3.96,4.99,3.98,2,49.2,61.7,71.1,68.8,69.4,64
123,2010,2.41,6.11,8.38,2.56,3.43,3.66,58.1,63,73.7,77.2,75.6,66.2
123,2011,5.95,6.36,5.19,3.85,2.92,4.18,49.9,61.2,71.5,79.3,73.6,62
123,2012,2.17,4.64,2.25,1.69,3.8,4.95,53,67,71.8,80.6,72.3,64.1
123,2013,8.32,7.09,4.28,1.69,1.16,1.61,48.5,63.7,70.5,72.7,72,67.3
123,2014,2.9,2.22,7.39,2.54,5.54,4.8,50.2,62.2,71.8,69.4,72.5,63.7
123,2015,3.31,5.34,11.08,4.85,3.67,2.79,52.7,64,69.8,72.3,70.7,70.1
123,2016,1.65,3.55,4.93,5.93,9.63,3.06,50.9,61.5,73.2,74.3,74.4,70
123,2017,6.56,3.57,2.86,5.75,1.68,0.44,54.4,59.6,72.1,74.1,69.4,67.8
123,2018,1.51,4.94,6.25,2.48,3.78,3.27,42.4,69.5,73.6,73.8,74.1,68.9
123,2019,3.92,10.42,3.74,2.23,2.73,10.41,50.2,60.4,70.1,77.4,71.4,69.6
123,2020,4.56,4.84,1.87,7.35,0.84,6.22,48.2,59.8,73.4,76.6,72.4,64.6
123,2021,3.77,4.45,5,5.39,3.14,1.14,51.7,60.4,73.9,74,75,69.6
123,2022,2.9,3.08,3.56,4.77,3.21,2.78,47.6,64.6,72.5,73.9,72.5,66.3
123,2023,1.85,1.53,1.5,6.58,3.53,4.98,52.2,63.3,70.8,74.1,72.4,67.3
123,2024,5.93,3.83,3.14,5.75,3.13,0.8,53.1,66.4,74,72.9,72.4,67.7
123,2025,2.67,1.94,3.62,8.87,2.04,0.77,52.5,61.3,73.5,77.3,71.9,68.2
125,1980,2.72,2.6,5.18,1.89,5.97,5.63,50.1,63.7,70.6,79.4,77.3,67.9
125,1981,5.47,5.66,6.46,8.46,5.37,3.01,57.4,58.7,73.2,75,71.9,65.6
125,1982,4.2,3.45,3.11,4.37,3.6,2.86,46.8,68.3,67,75.8,71.3,65.1
125,1983,6.15,5.24,2.93,0.99,2.19,2.37,46.7,59.2,73,80.3,80.4,67.6
125,1984,5.09,6.55,2.82,3.85,1.17,3.5,50.2,59.3,75.1,73.4,75,65
125,1985,2.09,3.41,2.86,3.38,3.97,1.9,57.1,65,69.5,74.6,70.4,67.7
125,1986,1.17,3.49,5.57,6.75,1.22,7.76,57.1,64.9,73.7,78,69.5,70.1
125,1987,1.95,1.4,3.24,2.06,3.5,1.54,53.8,69,75.2,78.6,74.9,67
125,1988,1.16,1.5,0.93,0.64,3.15,1.31,52.2,65.6,74,78.1,78.4,68
125,1989,4.85,4.07,1.26,3.15,2.94,3.52,51.3,59.8,70.8,76.2,73.1,63.1
125,1990,1.72,6.71,9.33,4.54,4.24,2.08,50.8,58.5,72.5,74.5,73.1,68.1
125,1991,3.08,7.03,1.26,2.35,4.75,3.96,56.8,68.5,75.4,75.9,74.5,66.5
125,1992,3.32,0.91,2.01,9.55,0.76,4.25,50.9,61.8,69.1,73.4,68.6,64.7
125,1993,5.83,2.47,6.33,10.6,5.8,9.88,49.7,64.2,70.8,76.3,75.3,61.5
125,1994,5.6,3.44,2.86,2.52,3.15,1.38,53.1,61.3,74.1,74,71.4,65.4
125,1995,4.99,11.12,2.7,2.64,3.74,1.66,49.9,60,72.6,76.5,79.3,63.2
125,1996,2.68,7.21,3.53,3.23,1.58,1.8,48.9,61.9,72.1,72.9,73.6,64.5
125,1997,1.87,3.26,1.98,1.96,4.89,2.62,48.2,58.5,71.4,75.7,71.8,67
125,1998,4.32,6.82,8.56,2.36,3.68,1.72,52.8,68.2,71.8,76,75.4,71.2
125,1999,5.56,4.28,5.16,4.17,3.87,1.64,54.4,64.5,72.2,78.1,71.2,63.8
125,2000,2.44,3.53,6.32,4.42,3.01,2.47,52.3,65.4,70.2,73.8,75.1,66.9
125,2001,3.63,4.42,4.48,1.83,4.41,2.88,58.3,65.7,70.3,77,74.9,64.8
125,2002,5.2,6.17,4.69,5.05,5.51,0.89,53,59.3,74.8,78.4,74.9,68.8
125,2003,4.29,2.79,4.76,6.06,2.62,4.57,53.4,61.9,68.3,75,75.6,63.9
125,2004,1.52,6.18,4.17,2.94,4.83,0.75,54.7,66,69.7,72.7,68.5,68
125,2005,2.54,1.22,0.8,1.74,2.94,2.77,56.3,61.6,75.9,77.4,75.7,71
125,2006,4.1,2.78,1.76,4.75,3.03,2.5,57.4,63.4,71.9,77.9,74.9,64.4
125,2007,2.68,1.89,4.76,2.59,2.38,1.02,50.7,68.2,72.8,73.1,78.9,70.4
125,2008,3.54,4.44,6.52,5.62,2.93,9.91,51.3,59.3,73.4,74.6,71.6,66.8
125,2009,6.57,4.79,5.62,5.87,6.85,3.21,52.5,63.6,72.9,70.5,70.5,65.5
125,2010,3.34,6.66,9.59,5.63,4.31,6.1,59.5,64.3,74.8,77.9,76.4,67.5
125,2011,6.27,4.43,7.41,2.24,0.43,3.26,53,62.7,72.4,80.2,75,63.1
125,2012,3.16,1.77,1.98,0.59,2.33,4.54,55.2,68.2,72.3,81.8,73.6,64.8
125,2013,6.38,10.51,4.89,2.39,0.57,1.9,50.1,63.9,72,73.4,72.9,68.4
125,2014,3.57,2.71,7.78,4.25,5.95,6.02,53.3,64.9,73.6,70.6,74.3,65
125,2015,2.89,5.79,12.43,4.67,2.01,2.51,55.3,65.7,72.7,74.6,72.3,71.2
125,2016,2.14,4.19,2.37,6.91,7.15,3.74,53.5,62.6,75.3,75.6,75.6,71.1
125,2017,6.98,4.23,1.05,5.68,2.38,0.74,57.4,62.8,73.6,77,70.8,69.2
125,2018,1.94,3.19,3.85,3.02,7.01,3.23,45.6,72.4,75.6,74.8,75.3,70.8
125,2019,3.57,8.55,4.8,1.41,3.42,5.41,52.9,63.1,71.6,78,72.8,72.2
125,2020,6.68,4.59,1.65,4.23,0.9,2.98,50.2,60.8,74.6,77.5,72.7,65.6
125,2021,3.29,5.89,5.77,4.17,4.72,2.67,53,61.7,74.9,74.9,75.8,70.2
125,2022,2.63,3.74,3.28,3.55,3.56,2.9,50.2,65.8,73.9,75.7,74.2,66.9
125,2023,2.25,2.36,1.39,3.08,4.14,1.81,54,65.2,72.5,75.5,73.9,68.8
125,2024,6.27,3.19,3.22,6.51,3.84,1.53,54.7,67.6,75.4,74.5,73.9,68.5
125,2025,3.29,2.92,3.98,5.71,1.5,0.83,54.4,62.7,74.5,78.4,73.1,69
127,1980,3.54,2.54,4.78,2.68,1.52,3.78,54.7,65,74.6,82.1,81.4,72.7
127,1981,5.22,8.54,5.22,7.05,2.39,2.02,62.6,61.8,75.7,78.2,75.2,66.9
127,1982,2.89,3.48,3.04,4,6.3,3.79,52.3,69.8,71.3,78.5,74.8,67.3
127,1983,12.54,9.61,4.63,3.25,0.72,0.39,50,63.3,72.8,80.2,81.2,70.5
127,1984,5.48,6.48,2.53,4.64,2.25,4.89,55.1,62.7,76.9,75.4,76.1,67.8
127,1985,5.25,4.59,5.68,1.99,8.83,5.78,60.1,67.2,73.1,78.4,74.9,68.8
127,1986,1.91,9.06,2.5,5.16,3.42,3.65,59.6,67.7,76.1,80.9,73.7,73.3
127,1987,2.54,2.11,4.05,4.09,2.48,1.91,56.4,71.9,76.5,78.7,78.9,70.6
127,1988,2.47,3.38,0.56,2.78,2.32,3.97,56.9,65.8,74.4,78.7,80,69.6
127,1989,2.44,2.02,7.46,6.26,3.01,2.01,56.7,63.6,72.6,76.8,76.6,67.7
127,1990,5.14,8.68,1.94,4.72,2.22,2.41,55,63,74.9,77.6,75,71.3
127,1991,4.14,3.91,1.49,2.9,1.94,3.44,60.4,70.9,76.4,79.7,77.4,70
127,1992,2.16,2.27,3.46,5.55,2.51,5.59,57.4,64.1,71.6,78.6,72.5,68
127,1993,5.3,4.24,5.52,2.56,2.96,6.03,54.3,65.7,73.8,82.4,78.3,67.2
127,1994,6.31,1.37,2.94,2.18,2.8,3.34,59.4,62.8,76.6,77.2,74,66.4
127,1995,4.88,7.31,6.16,3.44,3.79,1.44,58.1,65.6,73.4,77.9,80.6,67.4
127,1996,5.46,6.18,5.99,5.22,0.75,6.34,53.6,68.8,74.4,76,76.5,67.6
127,1997,4.65,7.42,4.42,2.99,3,1.75,52.2,61.9,72.6,78.3,75,69.3
127,1998,6.11,3.06,9.85,6.24,3.45,0.45,56.6,70.6,76.6,78.8,77.2,75
127,1999,6.23,3.16,6.14,2.1,0.61,0.55,60.4,66.2,75.4,80.8,77,70.4
127,2000,3.43,5.88,4.27,4.3,2.44,3.79,56.2,68.8,74.5,76.4,78.3,69.1
127,2001,2.02,3.67,2.98,6.45,3.57,3.96,62.8,68.4,73,78.8,78.5,68.3
127,2002,6.19,9.22,1.99,1.48,2.41,5.25,60.5,64.8,77.2,81.5,79.5,74.2
127,2003,6.78,8.12,5.35,2.48,4.58,5.04,59.6,66.3,70.3,78.3,78,67.6
127,2004,3.72,6.55,3.82,3.03,3.08,0.04,58,70.7,73.6,76.4,72.8,70.8
127,2005,4.55,1.96,3.9,4.8,6.84,3.09,58.8,64.6,76.2,78.7,80.3,73.5
127,2006,2.82,6.13,3.09,8.13,4.57,8.95,62.6,65.5,75,78.3,78.7,66.2
127,2007,3.58,2.04,5,2.67,0.7,2.86,55.4,70.6,75.8,76.6,83.4,73.6
127,2008,7.85,5.82,3.37,5.58,1.15,1.1,55.8,64,76.9,78.3,75.9,72.3
127,2009,5.04,6.99,4.42,6.5,4.52,4.24,57.4,66.6,77.5,74.6,74.8,71
127,2010,2.84,5.4,3.18,1.71,2.74,3.66,62,68.8,79.8,81.3,81.2,71.5
127,2011,14.99,8.23,7.71,2.65,2.29,5.38,60.8,65.5,78,82,77.8,68
127,2012,0.66,1.11,1.82,2.51,2.8,6.67,60.5,72,75.6,84.2,77.8,69.4
127,2013,4.87,4.01,8.1,3.79,4.65,2.5,55.6,66.6,75.2,75,75.3,71.9
127,2014,8.56,2.48,5.89,1.9,5.62,1.84,58.7,68.6,76.5,73.9,78.3,69.5
127,2015,6.38,3.88,2.78,9.97,2.97,1.25,60.2,68,76.8,79.8,74.9,72
127,2016,3.42,6.01,2.27,9.12,6.35,1.17,59.4,64.8,77.7,80.1,79,73.4
127,2017,5.84,6.1,5.35,2.4,2.26,2.38,62.2,67.3,74.9,79.8,75.1,71.3
127,2018,6.21,5.25,4.38,2.13,2.87,5.81,51.8,73.9,78.8,79.1,77.3,74.1
127,2019,5.42,7,5.7,6.53,3.55,0.32,58.3,68.8,73.8,78.9,77.5,76.3
127,2020,2.9,5.26,4.04,4.8,5.66,3.29,55.3,64.9,75.4,80.6,75.6,70.1
127,2021,4.74,4.55,3.07,6.88,3.27,2.64,57.1,64.7,76.2,78,77.9,71
127,2022,6.85,4.64,2.04,4.3,2.9,0.61,56.3,69.5,76.3,80.8,77.4,70.9
127,2023,4.04,3.1,1.13,9.85,7.68,1.65,58.1,67.5,74.6,78.7,76.6,71
127,2024,3.48,9.09,4.91,5.1,1.84,7.41,61.5,71,76.2,77.9,77.4,72
127,2025,10.39,5.92,8.09,3.75,1.25,2.73,60.3,65.8,77.4,81,75.9,72.4
129,1980,2.36,2.7,3.78,2.11,5.16,5.31,50.4,63.7,70.9,79.8,77.8,68.1
129,1981,5.5,5.9,6.09,9.35,6.21,2.1,58.4,59,73.3,75.5,72.3,65.8
129,1982,3.67,3.94,3.2,3.9,3.5,3.07,47.2,68.6,67,75.7,71.5,65.3
129,1983,5.64,5.18,3.47,1.29,1.61,1.69,47,59.2,73,80,79.9,67.9
129,1984,5.58,6.74,2.56,3.72,1.08,4.18,50.2,59.4,75,73.6,75.3,65.1
129,1985,1.69,2.62,3.92,3.56,4.78,1.18,57.1,64.8,69.4,74.2,70.4,67.6
129,1986,1.33,3.17,5.14,6.53,1.6,8.9,57.1,65,74,78.1,69.6,69.9
129,1987,2.34,1.04,3.2,2.86,3.15,1.22,53.8,69.4,75.2,78.4,75.1,67.1
129,1988,1.19,1.58,0.81,0.73,2.66,1.65,52.5,65.5,73.8,78.1,78.3,68.1
129,1989,4.96,5.11,1.27,3.81,2.85,4.88,51.7,59.6,70.7,75.8,73,63.3
129,1990,1.5,7.56,9.19,3.8,3.82,2.32,50.6,58.8,72.8,74.7,73.3,68.3
129,1991,3.84,7.26,1.43,3.59,4.53,3.57,57,68.6,75.5,75.6,74.4,66.6
129,1992,3.63,1.14,2.09,8.43,0.97,2.98,51.4,61.7,69.2,73.7,69,65.2
129,1993,6.03,2.09,5.46,10.07,5.07,9.5,49.8,63.8,71,76.4,75.2,61.6
129,1994,7.04,4.03,3.99,2.89,3.6,1.19,53,61.2,74.1,74.2,71.5,65.4
129,1995,3.96,10.62,2.61,2.19,3.93,1.19,50.2,60,72.7,76.8,79.3,63.4
129,1996,2.64,8.55,2.68,2.79,2.22,1.43,48.9,62.2,72.2,72.5,73.4,64.2
129,1997,1.46,3.3,1.76,1.21,4.87,3.02,47.9,58.3,70.9,75.3,71.6,66.7
129,1998,4.81,5.28,8.83,3.17,4.37,1.6,52.7,68,71.7,75.6,75,71.1
129,1999,5.51,3.19,4.28,3.48,5.13,1.91,54.6,64.3,72.1,77.8,71.2,64
129,2000,2.09,2.76,7.22,3.77,3.99,2.58,52,65.5,70.3,73.5,75.3,66.9
129,2001,2.41,3.75,4.02,2.37,4.29,2.73,58.3,65.4,70.2,76.5,74.6,64.6
129,2002,6.54,7.42,4.09,4.36,5.1,1.35,53.2,59.4,74.5,77.8,74.8,68.5
129,2003,3.77,3.1,4.99,5.07,1.6,4.24,53.6,61.7,68.2,74.8,75.4,63.9
129,2004,2.06,5.22,3.83,2.92,5.1,0.32,54.9,66,69.6,72.6,68.5,67.9
129,2005,2.34,1.7,1.13,1.5,2.54,3.16,56.2,61.3,75.1,76.9,75.8,71.1
129,2006,4.35,2.59,1.67,4.64,2.86,2.22,57.4,63.5,71.6,77.4,74.8,64.5
129,2007,2.6,1.61,4.59,2.27,2.51,1.09,50.9,68.2,72.4,72.7,79.1,70.3
129,2008,3.63,4.2,7.14,8.35,2.24,8.51,51.2,59.4,73.5,74.2,71.6,66.9
129,2009,5.83,4.74,5.65,4.1,5.09,3.64,52.2,63.4,72.8,70.4,70.3,65.3
129,2010,2.96,6.74,8.95,4.73,2.61,6.73,59.6,64.2,75,77.7,76.7,67.5
129,2011,5.7,4.38,6.58,1.47,0.48,2.13,53.8,62.8,72.5,80,75.2,63.3
129,2012,3.28,2.07,1.04,0.71,2.62,4.56,55.5,68.2,71.8,81.5,73.6,64.8
129,2013,5.56,10.39,4.03,2.39,0.36,1.5,50.4,63.5,72,73,72.2,68
129,2014,3.71,2.47,7.58,2.26,5.74,5.73,53.8,64.8,73.5,70.2,74.2,64.8
129,2015,2.29,6.36,10.22,4.06,1.88,3.19,55,65.6,73,74.7,72.2,71.1
129,2016,2.24,3.9,2.04,6.06,7.92,2.25,53.8,62.9,75.6,75.9,75.9,71.5
129,2017,7.08,3.77,0.96,5.09,1.7,0.34,57.6,62.9,73.7,77,70.5,69
129,2018,1.83,3.59,3.92,4.27,7.15,2.97,45.9,72.6,75.4,74.5,75.2,70.8
129,2019,4.55,7.91,5.91,1.37,4.31,5.44,52.8,63.1,71.3,77.5,72.4,72
129,2020,6.67,4.97,1.92,3.96,1.46,2.41,50.1,60.6,74.4,77,72,65.5
129,2021,2.73,5.99,5.33,4.53,5.32,3.75,52.8,61.4,74.7,74.4,75.3,69.4
129,2022,2.63,3.57,3.43,4.71,3.94,3.42,50.2,65.4,73.4,75.1,73.6,66.2
129,2023,1.96,2.86,1.26,2.79,5.12,1.76,53.8,64.8,71.7,74.9,73.3,68.3
129,2024,6.12,2.91,2.89,6.28,4.35,1.61,54.3,67.3,74.9,73.9,73.5,67.9
129,2025,3.57,3.12,3.87,6.49,0.66,0.68,54.3,62.1,73.9,77.8,72.5,68.5
131,1980,2.06,3.83,5.5,4.5,9.5,4.56,49.3,62.8,69.9,77.8,75.8,66.2
131,1981,5.36,2.67,5.9,4.31,4.95,3.67,55.2,58.3,71.7,73.4,71.3,63.7
131,1982,2.98,5.4,3.74,11.28,5.49,2.78,45.3,66.1,66.3,74.7,70.6,64
131,1983,3.97,2.26,3.84,1.37,1.72,5.78,45,58.2,72.5,78.9,79.2,66
131,1984,4.79,4.68,3.75,4.52,1.31,2.09,48.6,58.4,73.3,72.8,74.4,63.3
131,1985,1.17,3.32,1.72,2.8,2.13,2.22,56,64.2,68.9,74.4,69.8,65.9
131,1986,2.22,5.48,3.93,5.71,3.54,6.63,54.6,62.8,72.2,76.6,67.7,67.3
131,1987,1.51,2.03,2.77,1.3,7.6,1.9,53.7,67.3,74.6,78.2,72.8,64.1
131,1988,1.19,1.68,1.05,1.23,4.35,1.83,51.2,65,74,78.1,77.7,67.1
131,1989,3.2,2.37,3.83,1.85,5.67,6.48,50.2,59.2,69.4,75.8,72.5,61.8
131,1990,2.68,7.13,9.98,5.15,3.7,1.24,49.9,57.4,71,73.2,72.8,66.6
131,1991,2.69,4.12,1.95,0.83,2.54,1.72,54.1,66.9,74.5,75.2,73.4,64.5
131,1992,3.58,0.71,1.31,10.87,1.42,5.87,49.1,60.9,68.7,70.5,66.9,62
131,1993,4.98,3.76,10.01,9.21,10.07,4.59,47.4,62.4,69.1,73.7,73.2,60.1
131,1994,2.24,2.24,4.21,2.65,3.09,1.38,51.3,60.5,72,72,69.2,65.4
131,1995,5.7,7.24,3.6,4.67,2.93,1.77,47,58.5,71.9,75,77.8,61.8
131,1996,2.57,10.11,2.54,3.26,2.57,2.19,46.9,57.8,70.1,71.8,72.3,63.1
131,1997,1.73,3.89,3.26,1.45,7.85,2.77,46.2,55.9,70.5,73.9,70.2,65.6
131,1998,4.34,3.13,7.2,1.82,3.79,4.29,51.2,66.1,69.5,75,74.2,69.5
131,1999,6.19,3.28,6.24,3.24,3.3,4.56,52.6,63.2,70.9,77.8,70.4,63
131,2000,4.07,5.09,6.16,4.33,2.33,4.66,51.1,63.6,68.6,72.8,73.9,66.3
131,2001,4.11,9.28,4.13,2.51,2.4,4.45,55.9,63.1,68.5,75.6,73.2,63
131,2002,4.94,5.78,4.94,5.47,5.02,0.65,50.3,57.7,72.7,76.8,73.1,67.8
131,2003,3.02,6.89,4.23,3.58,1.25,4.71,51.9,59.8,68.2,73.9,75.4,62.9
131,2004,1.76,6.92,2.08,2.74,5.68,1.44,53,63.9,69.4,72,67.2,66.9
131,2005,2.46,2.23,2.1,2.36,2.81,2.8,54.8,59.4,74.8,75.9,73.9,69.6
131,2006,4.42,1.71,2.05,2.66,4.25,1.68,55.3,61.9,70.2,77.4,73.8,62.6
131,2007,3.89,2.3,5.49,4.42,7.15,1.28,48.3,66.8,71.7,73.1,76.5,67.7
131,2008,4.9,5.62,7.44,4.02,2.54,10.28,50,58.3,71.6,73.6,71.1,65.8
131,2009,5.08,4.84,8.14,6.07,7.95,1.18,49.2,61.6,71.1,69.3,69.6,64.5
131,2010,4.24,6.94,9.96,5,4.71,5.87,58,62.4,73.8,76.6,75.5,65.4
131,2011,4.06,4.52,6.75,1.71,1.03,2.56,49.7,61.2,70.5,79.4,74.4,61.6
131,2012,2.88,3.9,3.88,0.91,3.55,2.8,53.1,66.1,71.3,80.1,72.1,63.1
131,2013,6.45,8.66,3.41,2.06,0.19,1.17,47.5,62.2,70.5,72.8,72.5,67.8
131,2014,4.12,2.25,6.41,4.77,4.18,5.31,49.2,62.2,72.2,69.9,72.6,63.5
131,2015,2.01,4.98,8.65,6.11,3.16,2.05,52.7,63.2,70.5,73.2,70.7,70.5
131,2016,2.19,4.28,4.9,7.51,6.56,2.29,51.3,62.1,74.4,74,74.4,70.2
131,2017,5.17,3.24,2.57,6,1.86,2.79,53.8,60.5,72.3,75,69.2,67.2
131,2018,1.03,3.43,5.33,1.85,6.76,5.51,41.7,69.3,74.6,74.5,74.1,67.6
131,2019,4.03,11.43,4.62,1.45,2.83,8.47,50.1,59,70.6,77.7,71.7,69.7
131,2020,2.41,4.59,4.74,4.89,1.01,6.61,48.2,59.4,73.3,76.6,72.8,63.8
131,2021,4.15,5.87,5.64,4.27,2.85,2.3,51,60.3,73.8,74.4,74.8,69.2
131,2022,3.35,3.06,4.23,3.89,3.32,3.23,46.9,64.8,73.1,74.8,72.9,66.3
131,2023,1.86,2.05,1.77,4.02,3.41,2.57,51.7,64.2,72.5,74.3,72.8,68
131,2024,6.97,3.54,3.95,5.84,3.88,0.73,52.8,65.6,73.9,72.9,72.4,67.7
131,2025,2.65,4.25,3.62,10.43,2.13,0.6,52.6,61,73.3,77,72.2,68.3
133,1980,1.83,3.36,2.96,3.53,4.36,3.94,53.7,65.1,74.6,83,81.3,71.7
133,1981,3.32,7.58,6.25,7.47,3.3,4.41,62.8,60.5,75.2,78.5,75,67.3
133,1982,2.49,4.87,4.44,3.64,4.85,3.81,51.3,69.3,69.6,78.5,73.7,67
133,1983,7.12,5.58,2.72,1.67,1.68,2.08,49.7,62.5,73.3,81.2,81.1,69.8
133,1984,4.47,4.39,1.79,3.19,2.74,9.14,53.7,62.6,77,75.7,76.8,66.5
133,1985,3.21,3.54,7.59,1.69,4.89,0.24,59.6,66.2,70.9,77.4,73.7,69.3
133,1986,1.51,4.98,2.38,3.23,4.51,6.37,59.9,66.7,76.8,81.4,72.7,71.8
133,1987,1.94,1.77,2.84,6.55,4.78,1.98,56.1,71.5,77.4,79.2,78,69.4
133,1988,1.35,1.91,1.84,3,1.68,4.69,55.9,66.8,75.8,78.7,80.5,69.8
133,1989,2.42,3.54,4.33,4.34,3.09,2.69,56.5,62.1,72.4,77,75.4,65.3
133,1990,3.75,9.57,3.69,3.28,2.9,3.22,53.8,62,74.6,77.9,74.8,71.7
133,1991,3.51,2.63,1.49,4.19,3.38,3.68,59.3,71,76.6,78.1,76.5,69
133,1992,3.78,1.71,2.4,3.78,1.58,3.6,56.4,63.3,70.6,77.6,71.1,67
133,1993,4.87,4.52,6.02,6.15,4.65,9.83,52.1,64.6,72.9,80.3,78.1,64.6
133,1994,11.93,2.42,4.43,1.6,2.37,2.38,56.4,62.4,76.1,76.7,74,66.8
133,1995,3.34,12.15,6.15,3.04,2.83,0.97,55,62.8,73.3,78.3,81.2,65.5
133,1996,9.52,4.28,4.41,3.07,2.53,4.96,52.6,67.4,74,75.5,76.3,65.9
133,1997,2.68,4.08,5.22,2.26,4.38,1.56,50.6,60.8,72,78.8,74.5,68.8
133,1998,4.26,2.99,7.54,7.65,5.39,1.5,54.9,70.4,75,77.7,77.1,74.2
133,1999,4.73,3.25,4.1,2.37,2.79,1.11,58.2,65.5,74.4,81.1,75.2,68.4
133,2000,2.34,6.07,8.3,5.48,3.62,2.26,54.6,68.2,73.2,76.2,79,68.3
133,2001,2.45,3.76,4.37,5.58,2.51,2.46,62,67.6,73,78.8,78.2,67.4
133,2002,4.07,7.32,2.86,0.55,2.62,3.74,58.6,62.3,76.1,80.6,78,71.8
133,2003,4.06,5.71,7.53,2.23,1.92,3.8,57.2,64,69.4,77.6,78.7,65.9
133,2004,1.71,8.53,3.7,6.16,3.95,0.12,57,69,72.2,75.4,71.6,68.9
133,2005,4.09,1.72,1.24,5.23,3.65,5.9,58,64.3,76.8,78.4,78.9,73.1
133,2006,2.43,4.22,3.38,1.69,3.91,2.79,61.7,65.2,74.8,79.6,78.7,66.2
133,2007,3.18,4.7,2.16,1.72,1.29,2.77,53.8,69.9,75,76.1,83,72.3
133,2008,6.51,7.63,2.38,6.44,2.55,5.5,53.8,62.3,75.7,77.4,74.9,69.1
133,2009,5.64,6.79,4.44,4.89,3.22,3.17,55.3,65.2,76.3,73.8,73.7,68.1
133,2010,2.83,5.31,3.63,4.8,2.98,4.8,62.1,66.9,79.2,80.5,79.7,69.7
133,2011,9.3,4.69,6.62,3.97,1.75,3.41,59.3,65.1,76.9,83.3,78.9,66.2
133,2012,4.66,1.54,0.98,2.11,2.92,5.71,59.4,71.8,75.9,85.3,77.4,67.9
133,2013,6.92,7.04,5.86,3.01,0.87,1.22,55.2,66.2,75.4,76,76.2,72.5
133,2014,7.34,2.55,4.39,2.1,5.38,3.45,57.7,67.8,76.4,73.7,78.3,68.3
133,2015,4.04,5.92,9.98,5.46,3.79,1.74,59.4,67.7,75.9,78.8,75.2,72.5
133,2016,3.25,6.1,1.63,5.51,8.48,7.34,58.6,64.8,79.1,79.8,78.7,73.4
133,2017,9.96,5.44,2.09,2.65,2.16,0.53,60.9,66.5,75.3,81,74.1,71.9
133,2018,2.85,4.82,4.39,4.3,5.23,7.41,50,73.8,78.9,79,77.7,74
133,2019,5.32,6.55,4.94,4.53,3.78,1.25,57.6,67.8,73.4,79.5,76.9,76.3
133,2020,5.04,6.24,2.55,7.21,4.29,1.07,53.8,63.5,76,80.3,74.9,69.2
133,2021,4.51,2.55,2.61,4.3,3.58,2.44,55.7,63.7,76.1,77.5,78.4,71.5
133,2022,4.04,6.59,1.62,5.2,3.8,1.95,55,67.4,76.5,80.7,77.1,69.8
133,2023,2.24,1.95,1.62,4.07,4.06,1.73,57.2,66.8,73.7,79.2,77.1,70.9
133,2024,5.11,5.98,3,9.32,1.68,4.68,59.7,69.9,76.9,76.7,76.7,70.6
133,2025,8.36,4.15,3.9,3.8,1.74,1.67,58.2,64.2,76.2,81.2,75.9,71.6
135,1980,1.67,3.24,3.03,3.51,4.93,3.83,51.6,64.2,72.2,80.1,78.5,68.7
135,1981,4.35,6.13,4.42,8.06,5.33,1.86,59.7,58.5,73.9,76.1,72.4,65.5
135,1982,3.03,4.43,5.65,7.55,3.33,4.22,49.1,68.9,67.9,76.5,72.1,65.9
135,1983,5.75,5.88,5.41,1.27,1.52,0.66,48,60.4,73,79.6,79.7,68.2
135,1984,6.01,5.42,1.68,1.37,1.94,6.75,51.8,60.6,76.3,74.3,75.7,65
135,1985,3.46,2.66,5.69,2.63,5.34,0.49,57.2,65.4,70,75,71.1,67.2
135,1986,1,2.77,3.78,8.23,1.47,5.51,57.5,65.8,74.6,78.6,70.4,70.4
135,1987,2.68,1.07,2.17,3.46,3.8,1.99,53.8,69.8,75.8,77.5,75.6,67.8
135,1988,0.87,1.44,1.07,3.58,1.91,1.75,54,65.1,73.6,77.6,78.5,68.4
135,1989,3.41,4.73,1.62,2.48,3.22,4.85,52.4,60.1,71.4,76.2,73.6,64.1
135,1990,2.99,10.47,6.39,2.6,2.03,1.45,50.9,60.2,72.9,75.5,73.1,69
135,1991,3.68,4.06,2.6,2.73,2.04,2.74,58,69.9,76,76.3,75.6,67.8
135,1992,2.98,1.19,1.86,6.08,1.7,3.5,53.6,62.5,69.9,75.3,69.7,65.8
135,1993,5.53,2.97,3.99,5.82,5.04,8.75,51.3,64.1,72.4,78.4,76.2,62.8
135,1994,10.71,2.21,4.74,1.97,2.56,3.01,53.9,60.9,75.4,74.5,72.2,65.3
135,1995,3.66,8.79,3.86,3.1,3.52,0.42,52,61.2,72.4,76.8,79.3,64
135,1996,6.71,6.96,3.42,3.16,2.79,2.58,49.8,64.3,72.8,73.2,74.6,64.8
135,1997,1.73,3.29,2.19,1.89,4.14,2.46,48.7,59.1,71,76.3,72.3,67.8
135,1998,4.26,4.23,7.54,3.34,3.86,1.89,53.4,68.2,73.2,76.4,75.4,72.1
135,1999,5.19,3.2,5.02,2.07,2.43,1.3,55.6,64.4,73,78.9,72.8,66.4
135,2000,2.14,4.84,7.15,5.2,5.62,3.61,52.9,66.4,71.3,74,75.5,66.4
135,2001,1.94,4.33,3.6,3.59,4.25,3.14,59.2,65.8,70.5,76.4,75.7,65.7
135,2002,5.83,11.21,3.85,2.36,3.45,2.41,55.5,60.4,75.3,78.6,75.9,69.8
135,2003,3,5.4,4.36,4.66,2.71,5.88,55.1,61.8,67.7,75.9,75.5,64.3
135,2004,1.01,9.29,2.22,4.85,3.68,0.17,55.7,67.2,70.5,73.5,69.2,68
135,2005,2.18,1.66,2.48,3.39,2.38,4.93,56.3,62.4,75.4,76.6,76.8,71.7
135,2006,2.41,4.26,2.27,1.94,3.96,2.12,58.6,63.3,72.6,78,76,64.8
135,2007,3.24,2.47,4.38,1.36,1.93,1.33,51.8,68.6,73.4,73.5,80.4,71.2
135,2008,4.31,6.12,4.63,6.96,1.69,8.74,51.4,59.9,74.1,75.4,72.1,67.6
135,2009,6.03,5.6,5.08,3.49,3.32,1.7,52.8,63.9,73.6,71.4,71.8,66.2
135,2010,4.3,4.3,9,7.56,3.88,5.06,60,65.2,76.4,78,77.3,68.3
135,2011,8.22,4.69,9.88,3.55,0.82,2.53,55.8,63,74.1,80.9,76.1,64.6
135,2012,5.12,2.3,1.64,0.53,4.22,7.62,55.9,69.6,73,83.2,75,65.8
135,2013,8.14,6.5,5.08,3.43,0.8,1.72,52.2,64.8,73.1,73.7,73.3,70.2
135,2014,7.27,2.97,5.23,1.53,5.59,3.74,54.4,64.7,74.4,71,74.8,65.8
135,2015,4.64,6.32,8.52,3.53,3.84,3.13,55.6,66.4,73.3,75.1,72.6,70.9
135,2016,4.81,3.32,2.1,7.73,5.66,3.63,54.7,62.6,75.9,75.3,75.7,71.2
135,2017,7.48,5.95,2.95,5.26,1.93,1.16,57.5,63.2,73,77.3,71.3,69.8
135,2018,2.8,2.8,6.09,4.61,5.46,2.58,46.5,72.2,75.8,75.1,74.6,71
135,2019,4.58,7.91,5.01,2.76,6.65,1.48,53.9,64.4,71.1,76.8,73.3,72.7
135,2020,5.13,3.82,2.28,6.79,2.51,1.11,51.2,61.1,74.4,77.1,72.6,66.9
135,2021,2.66,4.05,5.49,7.3,4.02,2.35,53.6,61.6,74.5,74.7,75.4,69.9
135,2022,3.23,3.83,3.05,8.03,4.39,3.21,51.6,65.7,74.5,76.9,74.4,67.4
135,2023,2.27,4.06,3.46,2.57,5.1,1.39,55.7,66.2,72.6,76.4,75.2,69
135,2024,7.19,4.46,1.66,7.34,1.93,3.14,56.4,68.6,75.2,74.4,74.5,69.5
135,2025,7.24,3.2,2.65,7.01,0.29,1.25,54.9,62.2,74.3,78.8,73.4,69.7
137,1980,2.03,3.3,3.04,4.31,5.44,5.1,51,63.6,71.3,79.6,78.1,68.2
137,1981,5.2,6.32,6.12,10.49,4,1.8,59.2,58.8,73.5,76.1,72.4,66
137,1982,3.63,4.39,4.76,5.37,3.7,3.35,48.2,68.4,67.6,76,71.6,65.6
137,1983,6.06,5.63,2.61,1.52,1.05,1.58,47.9,59.2,73.1,80.1,80,67.9
137,1984,6.08,6.04,2.77,3.68,1.76,4.59,50.9,59.6,74.9,73.8,75.2,64.7
137,1985,1.8,2.98,4.34,4.23,6.07,1.62,57.2,65.1,69.3,74.4,70.2,67.3
137,1986,1.4,4.07,5.48,7.19,1.45,7.75,57.5,65.3,74.4,78.2,70.1,69.9
137,1987,3.26,1.42,3.22,2.6,3.8,1.67,53.9,69,75.6,78.5,75.8,67.1
137,1988,1.18,1.96,1.3,2.33,2.26,1.73,52.7,65.2,73.5,77.8,78.7,68.2
137,1989,3.28,4.75,1.92,3.43,2.11,3.8,52.5,59.5,70.8,76.1,73.2,63.6
137,1990,2.16,9.05,7.43,3.55,3.14,2.24,51.1,59.7,72.8,75.4,73.2,69.2
137,1991,3.86,7.82,2.03,2.95,3.75,3.32,57.1,69.1,75.6,75.8,74.6,67.1
137,1992,3.33,1.09,0.88,6.36,1.38,2.75,52,61.8,69.2,74.6,68.7,65.1
137,1993,5.19,2.36,6.52,9.77,5.08,10.53,49.6,63.4,71,76.7,76.1,61.9
137,1994,8.69,3.33,3.65,1.9,3.38,1.41,53.1,60.8,74.5,74.3,71.6,65.7
137,1995,3.41,8.73,3.02,2.46,6.09,1.29,50.4,59.8,72,76.5,79,62.8
137,1996,3.24,8.34,2.35,2.43,2,1.76,48.4,62.9,71.6,72.7,73.7,64.1
137,1997,1.78,3.65,2.68,0.95,4.05,2.31,47.7,58.8,70.8,75.8,71.7,67.1
137,1998,4.13,4.83,10.17,2.04,1.81,2.89,53,67.9,72.3,76.2,75.4,71.7
137,1999,5.39,3.3,3.42,2.1,3.36,2.05,55.1,64.1,72.3,78.6,72.2,64.8
137,2000,2.05,3.18,8.43,4.56,3.21,3.17,52.2,66.1,70.3,73.9,75.7,67.1
137,2001,2.71,4.33,5.59,2.36,4.51,3.03,58.8,65.6,70.1,76.7,74.7,65.1
137,2002,6.34,8.3,3.88,3.06,6.01,1.69,53.8,59.7,74.5,78,74.9,68.4
137,2003,4.08,3.9,4.05,5.24,2.04,5.38,53.8,62,68.3,74.9,75.2,63.6
137,2004,2.26,4.55,2.65,4.24,4.61,0.37,54.7,66.5,69.6,72.9,68.4,67.6
137,2005,2.49,1.14,1.4,1.42,3.59,3.36,56.4,62,75.2,77.1,75.8,70.9
137,2006,2.93,2.29,2.32,4.51,3.64,2.75,58.2,63.3,72.2,77.8,75.4,64.6
137,2007,2.54,2.51,4.24,1.14,1.81,1.03,50.8,68.4,72.6,73.2,79.9,70.4
137,2008,4.21,4.35,6.49,7.52,3.22,8.83,51.2,59.2,73.7,74.8,71.7,66.6
137,2009,5.87,5.12,5.09,3.39,5,4.57,52,63.3,73.3,70.5,71.1,65.2
137,2010,4.6,6.62,8.64,8.8,3.56,4.82,59.7,63.8,75.8,77.7,76.8,67.6
137,2011,4.84,4.4,10.85,1.75,0.36,1.87,54.1,62.4,73,80.5,75.6,64.2
137,2012,4.59,2.12,1.51,0.62,2.03,6.16,55.9,68.6,71.9,82,73.8,65.2
137,2013,5.84,10.2,4.17,4.23,0.28,2.83,50.5,63.7,72.4,73.4,72.6,69
137,2014,4.16,3.21,8.66,2.35,5.21,5.98,53.2,64.2,73.5,70.3,74.4,64.9
137,2015,2.38,5.95,10.33,7.75,2.45,1.97,55.4,65.7,72.5,74.4,72.4,71.1
137,2016,2.44,3.42,1.25,9.05,5.02,2.57,54.6,63.2,76.2,75.6,75.6,71.4
137,2017,7.79,4.84,1.94,2.89,2.12,0.43,57.2,62.8,72.8,77.2,70.9,69.4
137,2018,2.5,3.7,3.05,4.51,7.57,1.98,45.5,72.5,76.2,75.5,74.8,71.1
137,2019,4.28,7.94,5.93,1.93,4.35,3.22,52.6,63,71,77.8,72.7,72.4
137,2020,5.22,5.68,2.49,5.33,1.39,3.2,50.2,60.8,74,77.1,72.1,65.5
137,2021,3.34,5.34,7.65,4.93,4.03,2.63,52.5,61.5,74.1,74.9,75.2,69.8
137,2022,3.21,4.54,4.97,5.95,2.51,2.92,50.2,65.2,73.8,75.8,74.1,66.8
137,2023,2.4,3.44,1.77,3.85,4.71,1.4,54.3,64.3,71.7,75.5,73.6,68.4
137,2024,5.62,3.97,2.34,5.17,3.52,2.43,55,67.6,75.1,73.9,74.1,68.3
137,2025,3.65,2.84,3.24,6.27,1.65,0.88,54.4,62.6,74.2,78.6,73.3,69.3
139,1980,2.33,2.4,3.85,3.03,5.11,4.3,50.2,64,70.7,79.1,77.3,68.4
139,1981,5.27,6.93,3.91,5.37,8.47,3.66,57.8,58.3,73.6,74.9,71.8,64.8
139,1982,2.23,3.87,4.83,3.4,3.87,2.22,47.7,68,66.9,75.8,71.1,65.9
139,1983,4.62,5.68,6.16,3.1,1.63,1.05,47.6,59.4,72.6,78.9,78.6,68.3
139,1984,5.44,4.84,0.82,2.73,0.98,5.09,50.3,59.5,75.8,73.7,75.2,64.6
139,1985,3.25,2.53,5.75,2.96,6.02,0.43,56.9,65,69.7,74.2,70.7,67.2
139,1986,1.71,3.63,4.02,7.15,0.95,5.19,55.8,64.9,74,78.1,69.5,70.1
139,1987,2.68,1.45,3.92,7.09,2.56,2.06,53.2,69.4,74.8,76.1,74.5,67.6
139,1988,1.24,1.49,0.71,3.27,1.44,2.14,53.2,65.5,74.2,77.9,77.9,68.3
139,1989,5.34,4.84,2,2.3,3.28,5.32,51.9,59.4,71.5,75.3,73.1,63.5
139,1990,2.64,7.93,6.1,2.87,3.68,1.37,50.6,59.7,72.4,74.6,72,68.1
139,1991,2.45,3.25,1.4,2.71,3.58,2.05,56.8,69.6,75.6,76.2,75.2,67.6
139,1992,3.48,1.36,2.24,11.8,1.75,2.49,51.9,61.5,69.5,74,69.1,65.1
139,1993,4.78,1.78,3.54,7.42,4.61,8.89,50,64,71.9,77.4,75.1,62.2
139,1994,8.71,2.22,3.87,3.49,3.58,2.57,53.1,60.6,74.6,74.2,71.1,65.1
139,1995,3.68,7.89,2.91,2.64,3.58,0.82,51.8,60.6,72.5,76.8,78.9,64.1
139,1996,5.49,9.58,3.61,1.73,2.37,2.97,49,62.9,72.3,73.3,74.3,64.9
139,1997,1.4,3.52,3.28,1.81,4.33,3.48,48.1,58,70.9,75.6,71.2,66.8
139,1998,4.41,5.78,8.92,3.09,3.15,1.09,53.1,67.6,72.6,75.5,75.1,71.7
139,1999,4.79,3.1,6.43,1.17,3,1.5,54.3,64.7,72.5,78.8,72.4,66.7
139,2000,2.05,3.3,6.94,4.57,5.14,4.6,51.5,65.1,70.8,73.2,74.2,65.7
139,2001,3.13,3.31,4.42,3.81,4.22,1.77,58.8,65,70,75.7,75,65.6
139,2002,6.52,11.01,3.25,2.22,2.27,2.4,54.2,59.4,74.3,78.6,75.5,70.1
139,2003,2.32,5.68,2.81,4.32,3.34,5.08,54.2,61.8,68.1,75.2,75.3,64.5
139,2004,1.33,5.76,2.92,4.47,5.07,0.15,54.5,66.8,70.2,73,69.1,68.5
139,2005,2.24,2,1.95,3.18,3.19,4.2,55.7,61.7,74.6,76.4,76,71.3
139,2006,5.45,3.47,2.61,3.82,3.48,1.23,57.2,62.3,72,77.1,74.7,64.2
139,2007,2.89,2.04,4.64,3.22,2.67,2.91,50.9,68.4,73.6,73,78.8,70.7
139,2008,3.58,4.62,7.07,9,0.98,7.88,51.7,59.2,73.9,74.2,71.8,67.9
139,2009,7.01,6.76,5.54,4.73,3.44,1.05,52.3,63.4,73.6,70.8,71.3,66.2
139,2010,3.14,3.53,8.69,6.36,2.51,5.67,59.1,64.8,75.4,77.5,77.4,67.6
139,2011,8.58,4.43,5.93,1.61,0.6,2.62,54.7,62.6,73.4,79.6,75.1,64.2
139,2012,4.01,1.99,1.33,1.16,3.63,6.59,54.5,68.8,72.6,82.1,74.1,64.9
139,2013,8.04,6.56,5.63,3.42,0.49,0.85,50.8,64.3,71.8,72.4,72.4,69
139,2014,4.84,2.6,7.21,3.4,3.17,3.52,53.4,63.8,73.3,69.8,73.3,64.6
139,2015,2.74,4.28,8.27,3.31,2.83,2.6,54.1,65.8,72,73.7,72.1,70.3
139,2016,4.59,2.95,2.77,5.69,5.39,2.94,53,61.7,75,75.2,75.6,71
139,2017,6.22,6.23,2.25,5.02,1.13,0.64,56.7,62.6,73,76.5,70.8,69.3
139,2018,3.18,2.89,6.53,5.34,3.56,3.7,45.3,72,75.2,74.5,74.7,71.1
139,2019,3.94,6.52,6,2.77,5.63,1.86,53,63.8,71.5,77,72.8,71.9
139,2020,4.65,5.94,3.96,6.24,1.25,1.49,49.4,60.5,73.6,76.9,72.3,66.1
139,2021,2.14,5.59,6.71,4.6,4.17,4.01,52.4,61,74,74.7,75.7,69.9
139,2022,2.88,3.13,1.29,5.16,6.39,2.99,50,65.6,74.2,76,73.3,66.8
139,2023,2.31,2.19,2.64,4.36,3.58,1.2,53.6,64.7,71.6,75.5,73.6,68.6
139,2024,7.24,3.64,1.46,7.45,3,2.52,54.5,67.4,74.4,73.3,73.4,68.4
139,2025,5.38,3.87,3,5.83,0.4,0.99,53.7,62.2,74.4,78.5,73.3,69.6
141,1980,3.05,2.53,4.43,3.96,6.87,5.99,46.9,60.8,66.6,74.8,72.7,63.9
141,1981,5.42,2.43,6.11,1.64,8.74,4.02,52.2,56.2,70.1,71.8,69.7,61.5
141,1982,3.24,4.05,3.9,8.36,1.92,1.72,43.1,65.2,64.4,73.4,68.1,61.5
141,1983,4.03,4.52,2.48,4.15,2.77,4.57,43.8,55.5,70.1,76.7,76,62.9
141,1984,3.33,4,3.57,2.95,1.85,2.38,47.1,56.1,71,70.7,72.5,61.6
141,1985,1.29,3.12,3.22,3.76,3.48,2.22,54,62.3,66,71.6,67.3,63.7
141,1986,1.91,5.8,4.66,4.48,1.99,8.11,52.1,61.3,68.4,74.9,66.7,65.1
141,1987,1.82,4.69,3.15,3.95,12.24,2.03,51.2,63.9,71.9,75.5,70.3,62.4
141,1988,2.34,1.93,0.57,1.65,2.75,1.77,47.9,62.4,71.1,75.9,75.9,64.8
141,1989,1.06,1.81,3.13,6.96,5.1,3.97,46.7,57.6,67.9,73.8,69.5,60.1
141,1990,2.75,5.28,8.72,4.46,5.99,1.28,48.2,55.9,69.2,71.4,70.2,64.7
141,1991,2.58,3.57,2.95,1.08,2.01,4.58,51.7,65.5,72.4,73.6,72.4,62.6
141,1992,3.54,0.55,0.94,6.13,2.02,5.89,45.8,58.7,65.9,68.3,64.9,60.5
141,1993,5.52,2.69,10.64,3.87,4.73,4.71,45.1,60.9,66.9,73,71.6,57.8
141,1994,1.94,1.3,5.94,2.61,6.49,3.17,50.1,59.2,71,70.9,67.3,63.9
141,1995,5.21,7.56,2.45,3.15,3.81,1.94,44.5,57.2,71.5,74.2,76.9,60.1
141,1996,2.79,10.83,5.96,6,4.13,1.88,45.2,55.5,68.8,69.1,70.3,61.9
141,1997,1.7,4.73,3.5,1.5,4.51,2.06,44.7,53.6,69.3,72.2,68,63.1
141,1998,5.05,4.18,5.94,2.73,4.76,3.21,49.4,65,68.3,72.2,72.3,66.9
141,1999,6.9,3.28,6.13,3.33,2.94,4.76,50.6,62.2,70,76.7,68.5,61.3
141,2000,4.3,6.16,9.02,4.3,2.88,5.6,48.1,62.2,66.7,70.9,71.5,63.9
141,2001,3.12,4.15,3.06,2.31,3.97,6.65,53.5,62.2,67.4,74.2,72.2,61.2
141,2002,4.22,3.85,6.71,2.07,5.44,1.73,48.9,55.5,71.2,76,72.2,66.5
141,2003,2.01,5.52,2.27,4.64,0.75,2.43,49.1,57.7,66.5,72.1,73.8,62.5
141,2004,1.84,7.88,4.07,3.66,4.81,0.52,50.7,61.1,67.5,70.2,65.8,65.4
141,2005,1.51,2.26,1.56,2.16,4.24,2.76,53,57,73.9,74.1,71.9,68
141,2006,4.48,3.22,3.39,4.21,3,3.06,52.7,59.7,68,74.8,71.8,60.8
141,2007,3.77,1.56,4.29,6.96,9.77,1.36,46.6,64.3,70,71.5,73.4,65.9
141,2008,5.06,4.44,4.95,6.76,2.26,7.55,49.4,56.3,69.7,72,69.3,64.3
141,2009,5.17,4.42,8.25,4.48,6.38,1.86,47.6,59.4,68.6,66.6,67.6,63.1
141,2010,3.22,5.28,7.25,7.43,4.1,2.45,55,61.4,70.1,74.8,73.5,63.8
141,2011,4.03,5.57,3.48,7.05,4.64,4.25,47.6,59.2,69.7,77.5,71.4,60.4
141,2012,3.02,1.79,1.95,2.32,2.71,1.84,49.8,64.9,71.1,79,70.6,61.8
141,2013,8.19,3.22,6.81,1.83,2.44,1.79,45.9,61.7,68.4,71.3,70.4,65.1
141,2014,3.12,3.03,9.1,3.46,3.85,2.76,47.7,60.1,70.1,68.2,71,61.8
141,2015,2.63,5.85,8.31,3.59,3.68,4.03,50.6,61.4,68.1,70.9,69.4,68.5
141,2016,2.73,4.6,4.47,5.91,7.34,2.42,48.9,60.2,70.9,73.4,73.6,68.5
141,2017,6.08,5.43,4.58,9.62,1.52,0.36,52.3,57.6,70.7,72.6,67.6,66
141,2018,1.24,5.73,9.63,3.02,5.98,5.6,39.8,66.2,71.1,72.4,71.8,66.9
141,2019,4.19,7.92,3.99,3.24,4.6,9.76,48.6,57.6,68.4,76.2,70.2,67.8
141,2020,3.14,5.77,3.79,3.64,0.95,6.77,46.6,58.5,72.3,75.7,72,62.3
141,2021,2.09,2.94,2.78,2.43,2.16,0.82,50.1,59.5,73.3,72.8,73.7,68
141,2022,4.58,3.22,2.9,5.24,6.84,4.16,45,62.7,70.7,72.6,70.8,64.5
141,2023,3.81,2.09,1.76,4.88,1.97,3.02,49.3,61.2,69.2,72.2,70.8,66.3
141,2024,4.51,4.19,4.76,6.81,2.36,1.43,50.6,63.9,72.6,71.7,70.9,66.6
141,2025,2.9,2.11,3.45,7.33,3.58,1.08,49.6,59.1,72.3,75.2,70.3,66.4
143,1980,2.94,2.5,7.5,1.53,6.97,4.34,49,62.9,69.3,77.8,76.2,67.1
143,1981,6.5,5.56,7.11,6.29,7.21,2.24,55.1,57.9,71.9,73.9,71.1,64.2
143,1982,4.93,4.31,3.18,7.77,3.59,1.54,45.5,67,66.3,74.8,70.4,64.1
143,1983,6.41,5.67,3.89,1.84,1.66,5.18,46.1,58.4,72.3,79.3,79.1,66.5
143,1984,5.24,4.73,3.42,4.07,1.18,2.7,49,58.4,73.7,72.5,74.4,63.8
143,1985,1.16,3.91,4.43,3.42,3.78,2.77,56.7,64.2,68.3,73.4,69.4,66.4
143,1986,1.11,4.21,6.1,6.45,2.17,6.79,55.4,63.6,71.7,76.3,68.4,68.3
143,1987,1.78,2.37,3.04,2.18,6.32,2.4,53.4,67.6,73.8,78,72.8,65.6
143,1988,1.79,1.54,0.84,0.42,2.75,2.24,50.8,64.9,73,77.8,78.2,67.7
143,1989,3.85,2.48,1.82,2.41,4.2,5.42,50.2,59,69.4,75.2,72,61.6
143,1990,2.1,6.99,10.17,5.25,4.76,0.97,49.9,57.6,70.9,72.6,71.6,66.4
143,1991,2.79,4.95,1.65,0.75,3.38,3.7,55.4,67.7,74.6,75.1,73.6,64.8
143,1992,1.87,0.66,1.2,10.53,0.98,5.6,49.1,60.9,68.9,71.4,67.2,62.7
143,1993,5.41,2.71,5.77,10.55,7.83,6.6,48.2,62.7,69.2,74.6,73.5,60.3
143,1994,3.45,1.92,3.14,2.28,3.32,1.69,52.2,60.9,73.4,73.2,70.1,65.2
143,1995,4.91,10.55,2.23,3.2,3.14,1.61,48.2,58.1,71.9,75.7,78.6,62
143,1996,2.73,8.29,3.97,5.84,1.26,2.03,47.7,59.2,70.8,71.8,72.3,63.7
143,1997,2.74,3.06,3.09,2.34,7.4,3.27,46.8,57,70.5,74.6,70.4,65.8
143,1998,4.63,5,6.64,2.23,4.09,2.4,52,66.6,70.3,74.8,74.4,69.9
143,1999,4.96,5.53,4.71,3.64,3.45,2.85,53.3,63.9,71.6,77.7,70.4,63.1
143,2000,2.99,4.32,5.3,2.33,2.5,3.55,51.3,64.3,69.1,72.6,74.2,66.1
143,2001,3.45,5.07,4.19,2.55,3.48,4.27,56.5,63.8,69.2,75.7,73.8,63.2
143,2002,4.62,6.53,4.26,3.37,4.73,0.81,51.7,58.5,73.7,78,74.1,68.1
143,2003,2.49,4.36,3.62,5.75,1.91,3.15,52.6,60.3,67.7,74.4,74.9,63.4
143,2004,1.75,6.23,2.77,3.67,5.04,1.07,53.4,65,69.5,72.3,67.4,67.2
143,2005,2.15,0.96,1.2,2.48,2.3,3.27,55,60.8,75.7,76.6,74.7,70.5
143,2006,4.92,2.14,2.33,3.03,4.52,2.65,55.7,62.3,71.1,77.9,73.8,63.6
143,2007,4.23,2.03,3.57,3.74,5.01,1.06,49.5,67.8,72.6,72.7,77.2,69.3
143,2008,3.15,4.05,5.4,4.44,1.69,10.63,51.2,59.1,72.9,74.2,71.4,66.6
143,2009,6.63,6.63,5.59,4.9,5.14,2.71,50.1,62.2,72.2,69.8,69.8,65
143,2010,3.42,7.46,8.9,3.87,3.41,4.77,58.7,62.8,74.3,77.5,75.8,66.5
143,2011,6.34,6.22,6.14,2.79,1.55,3.61,51,61.8,72,80,74.5,62.7
143,2012,2.14,2.99,2.85,1.5,3.91,4.06,53.7,67.2,72.2,81.1,72.6,64
143,2013,8.12,8.64,3.88,2.15,0.9,1.46,49.3,63.7,71.1,73.5,73.4,68.5
143,2014,3.31,2.05,9.03,2.62,6.22,4.87,52,64.6,73.4,70.9,74.1,65
143,2015,3.11,5.15,12.24,5.54,2.4,2.85,54.8,65.7,71.7,74.7,71.8,71.2
143,2016,2,3.56,3.68,6.16,7.49,3.39,52.2,62.3,74.3,74.9,75,70.6
143,2017,6.68,3.86,2.02,5.36,1.69,0.52,55.9,61.4,72.7,75.6,70.5,68.8
143,2018,1.51,4.11,4.46,3.5,5.82,3.77,44.1,71,75,74.6,74.6,69.8
143,2019,3.96,9.69,4.9,1.84,3.11,8.38,51.6,61.4,71,77.7,72.2,71.1
143,2020,4.42,5.15,1.81,6.59,0.6,5.77,49.1,60,73.7,77.2,72.8,64.6
143,2021,4.59,5.97,5.57,4.18,4,1.5,52.1,60.8,74.4,74.6,75.4,70.2
143,2022,2.87,3.76,3.15,2.71,3.61,1.77,48.6,65.3,73.6,75.4,73.8,67.3
143,2023,2.42,1.84,1.73,5.21,4.86,2.84,53.1,64.9,72.7,75.4,73.7,68.8
143,2024,6.35,3.39,3.79,5.45,3.84,0.94,54.1,67.2,75.2,74.2,73.3,68.8
143,2025,2.93,2.72,3.99,5.52,1.73,0.42,53.6,62.5,74.3,78.2,72.8,69.1
145,1980,1.86,2.5,2.51,3.75,3.42,4.46,52.9,64.8,73.9,82.1,80.9,70.7
145,1981,2.87,9.15,6.54,6.77,3.42,2.42,61.7,59.9,75.1,77.7,74.7,66.4
145,1982,2.43,4.7,3.74,3.62,3.35,4.07,50.4,69.1,69.5,77.7,73.6,66.4
145,1983,7.79,8.19,4.14,1.39,1.93,1.02,48.8,62.1,72.7,80.4,81,69.7
145,1984,5.16,3.32,2.8,1.89,2.48,7.58,53,61.8,76.5,75.6,76.3,66.3
145,1985,2.78,4.04,6.57,2.38,5.89,0.98,58.9,65.7,71.1,76.7,73.5,67.9
145,1986,2.88,4.17,1.52,6.29,3.44,4.49,58.5,66.5,76.2,80.2,72.2,71.6
145,1987,2.43,1.76,3.89,6.63,4.03,2.49,55.1,71.2,76.3,77.8,77,69.4
145,1988,1.8,1.73,1.34,5.43,1.18,5.42,55.4,65.7,75,78.4,79.1,68.9
145,1989,2.2,3.71,4.85,2.71,2.84,2.4,55.6,61.9,71.9,76.8,76,65.8
145,1990,3.95,10.08,3,3.83,2.77,3.72,53.2,61.9,74.4,76.6,73.5,70.3
145,1991,2.73,3.35,2.16,2.34,1.71,5.51,58.5,70.6,76,78,76.9,68.7
145,1992,2.28,3.39,2.18,2.35,1.18,4.86,56.6,62.9,71.1,77.7,71.4,66.5
145,1993,4.67,4.55,5.01,5.93,3.52,9.71,52.5,64.8,73.1,80.6,77.1,64.8
145,1994,8.62,2.04,3.87,2.69,2.69,2.18,56.4,61.8,76,76,72.6,65.6
145,1995,2.52,12.56,5,2.08,3.14,0.98,56,63.6,72.9,77.5,80.2,65.3
145,1996,11.19,4.63,6.22,3.41,1,5.55,51.9,67.3,73.6,74.9,75.7,65.4
145,1997,3.29,4.97,5.05,2.8,4.53,2,50.4,60.6,71.6,77.3,73.2,67.7
145,1998,5.92,3.84,9.04,3.8,1.87,1.21,55.3,69.8,74.9,77.6,76.2,73.4
145,1999,5.37,3.61,5.37,2.08,2.1,0.82,58.4,65.5,74.3,80,73.9,68
145,2000,2.6,4.56,8.27,5.4,3.79,3.04,54.2,67.5,72.9,75.3,77.3,67.6
145,2001,2.32,4.16,3.69,5.27,3.78,1.79,61.6,66.8,72.2,77.3,76.8,66.6
145,2002,5.28,8.19,3.03,0.57,2.26,1.92,58.2,62.4,75.8,80.2,77.7,71.8
145,2003,4.63,6.75,5.22,2.2,1.97,2.41,56.8,63.8,69.3,77,77.3,65.7
145,2004,2.41,7.63,3.3,5.25,5.01,0.46,56.6,68.9,72.2,75,71.3,68.3
145,2005,3.55,1.65,1.13,5.14,5.41,5.33,57.2,63.8,75.8,77.6,78.8,72.4
145,2006,2.62,4.81,3.99,4.56,3.21,4.13,60.8,64.3,74.3,78.1,77.2,65
145,2007,3.65,3.57,2.62,2.2,1.16,1.74,53.5,69.1,74.6,75.4,82.5,72.2
145,2008,6.72,6.65,2.02,6.17,1.78,3.03,53.6,62.2,75.7,76.7,73.9,69
145,2009,6.38,7.82,4.55,8.66,3.11,2.89,54.9,65,76.2,73.6,73.1,68.2
145,2010,3.45,4.64,4.68,2.47,4.98,2.44,61,67.2,78.4,79.6,79.2,69.2
145,2011,13.68,6.5,7.93,6.18,1.59,4.5,58.6,64.9,76.4,82.3,77.6,65.8
145,2012,3.16,0.94,0.81,1.91,3.88,6.35,58.6,70.7,74.7,84.3,76.4,67.2
145,2013,5.29,5.63,4.92,5.31,1.61,1.18,54.2,65.6,73.9,74.2,74.4,71.1
145,2014,7.76,5.34,5.93,2.22,4.57,1.97,56.2,66.4,75.1,72.3,76.3,66.8
145,2015,4.23,5.69,9.58,5.22,3.74,3.58,57.9,67,75.1,78.1,74.1,71.1
145,2016,4.32,5.98,1.21,5.48,8.92,5.68,57.2,63.6,77.4,78.6,77.3,72
145,2017,10.89,5.44,3.58,3.66,2.39,0.52,59.7,65.3,73.8,78.7,72.6,70.3
145,2018,3.72,5.05,5.73,2.78,4.52,7.82,49.1,72.6,77.5,77.6,75.7,72.4
145,2019,6.33,6.36,6.01,2.63,2.1,1,56.7,66.6,72.6,78.2,75.9,75.2
145,2020,3.38,4.68,2.98,5.64,2.85,1.2,52.8,62.7,74.9,79.4,74,68.1
145,2021,3.8,3.09,2.44,6.21,4.13,3.49,55.1,63.2,75.6,76.4,77.1,70.5
145,2022,4.39,4.4,1.31,3.65,3.61,1.83,54.4,67.5,75.8,79.2,75.5,68.6
145,2023,4.46,2.7,0.93,5.42,4.21,2.06,56.3,66.1,73.2,78.1,76,70
145,2024,4.44,6.49,2.7,5.44,1.54,5.71,59.3,70.7,76.1,77,76.4,70.8
145,2025,8.55,3.59,4.86,2.9,0.39,1.93,58.2,64.3,76.4,81,75.5,71.4
147,1980,1.97,2.73,4.29,1.9,5.22,3.84,49.4,63.6,69.6,78.5,76.4,67.5
147,1981,5.36,6.17,5.06,8.02,8.27,3,56.5,57.6,73,73.7,71,64.2
147,1982,2.61,4.25,3.32,5.24,4.04,1.86,46.4,67.6,66.4,74.8,70.3,65.2
147,1983,5.82,5.59,5.45,1.33,2.15,0.99,47.2,58.5,72.3,78.7,78.3,67.4
147,1984,4.88,5.27,0.9,4.11,1.1,3.5,49.5,58.9,75.3,72.8,74.2,64
147,1985,2.73,2.63,4.73,3.21,6.21,0.58,56.6,64.9,69.1,73.3,69.8,66.6
147,1986,2.32,4.16,5.5,5.63,1.16,6.79,55.2,64.3,73.2,77.4,69,69.3
147,1987,3.03,2.09,4.26,7.12,3.6,1.5,53.1,69.3,74.2,76,73.9,66.8
147,1988,1.4,1.65,0.56,2.31,1.69,2.48,51.8,65.2,73.4,77.3,77.6,67.5
147,1989,5.85,4.65,2.16,2.07,4.34,4.76,51.3,59,71.5,75.1,72.4,62.9
147,1990,2.22,8.06,8.65,4.16,2.67,1.67,49.8,59.3,72,73.4,71.6,67.4
147,1991,3.05,4.8,1.03,2.29,3.6,2.08,56.2,69.4,75.7,76.3,74.7,66.9
147,1992,2.91,0.96,3.37,13.38,1.81,3.26,51,60.8,69,73,68.7,64.5
147,1993,5.56,1.82,4.39,6.79,5.12,7.65,49.4,63.5,71,76.2,74.4,61.3
147,1994,8.21,2.98,3.11,2.21,3.44,2.3,52.2,60.2,74.2,73.6,70.1,64.7
147,1995,3.64,9.25,1.92,1.63,5.25,1.04,50.1,59.8,72.5,76.6,78.8,63.4
147,1996,4.46,8.78,4.08,3.01,3.48,2.55,48.2,61.4,71.5,72.4,73.1,64.2
147,1997,1.21,3.91,4.31,1.68,5.27,3.99,47.3,57.5,70.3,74.7,70.1,65.9
147,1998,4.38,6.41,9.3,3.19,2.27,0.9,52.4,66.8,71.5,74.8,74.6,71.6
147,1999,5.11,3.64,5.48,2.63,5.02,1.56,53.6,64.9,72.6,78.2,70.8,65.3
147,2000,2.31,3.65,5.86,3.07,3.78,3.67,50.6,64.7,70.4,72.7,73.8,66.1
147,2001,2.97,2.74,3.3,4.01,3.79,1.78,58.4,64.6,69.6,75.1,74,64.4
147,2002,5.06,7.91,3.34,3.13,4.94,1.87,52.9,58.6,74.1,78.4,74.5,69.2
147,2003,2.36,5.1,3.56,5.6,3.23,5.07,53.6,61.2,67.6,74.4,74.5,64
147,2004,1.6,5.72,3.77,4.41,4.95,0.54,53.6,66,69.7,72.4,68,68.4
147,2005,2.57,1.57,2.21,3.73,3.25,4.56,54.9,61.2,74.7,75.7,75,70.8
147,2006,5.17,3.13,2.21,5.33,3.93,1.7,56,62,71.3,76.5,73.5,63.5
147,2007,2.74,1.72,5.67,2.83,2.1,2.25,50,68.3,73.1,72.5,77.9,70.5
147,2008,3.13,4.79,6.4,8.49,0.82,9.02,51.3,58.4,73.6,73.8,71.4,67.4
147,2009,6.93,5.94,5.17,4.45,3.95,1.36,51.3,62.8,73.4,69.9,70.4,66.2
147,2010,2.61,4.11,9.2,3.94,2.29,4.42,58.1,64.4,74.7,77.2,76.7,67.3
147,2011,7.49,5.31,5.3,1.76,1.05,2.67,52.9,62.1,72.8,79.6,74.5,63.8
147,2012,2.81,2.22,1.55,1.04,3.88,6.45,54.3,68.5,72.2,81.4,73.3,64.9
147,2013,7.23,5.52,5.55,3.12,0.47,0.77,50.2,64.5,71.4,72.5,72.6,69.2
147,2014,4.24,3.42,7.28,5.67,3.58,4.12,52.8,64,73.2,69.7,73,64.6
147,2015,2.75,5.66,7.85,4.28,2.71,4.59,53.7,65.8,71.8,73.3,71.6,70.4
147,2016,3.51,3.66,3.59,5.55,5.57,3.97,52.4,61.7,74.2,74.8,75.2,70.8
147,2017,5.84,5.51,1.77,3.92,2.28,0.79,56.8,61.9,73.1,76,70.6,69.2
147,2018,2.53,3.43,6.37,5.11,3.35,4.12,45,71.8,74.7,74.1,74.5,70.9
147,2019,4.66,6.69,4.29,2.52,4.21,3.56,52.3,63.4,71.5,77,72.5,71.6
147,2020,5.22,5.67,4.99,4.96,1.23,2.17,48.9,60.1,73.6,76.8,72.1,65.7
147,2021,2.43,4.8,6.77,3.98,4.2,3.26,52.3,61.2,74.2,74.1,75.4,70
147,2022,3.1,3.56,1.42,3.38,5.85,3.09,49.5,65.6,74.1,75.6,73.1,66.6
147,2023,1.7,2.21,1.84,4.14,4.06,2.25,53.1,65,71.4,74.8,73.2,68.4
147,2024,6.81,4.17,2.04,7.19,3.93,2.08,53.9,67.3,74.4,73.4,73.2,68.3
147,2025,4.11,3.7,3.11,5.59,1.02,1.09,53.6,62.4,74.4,78.2,73.2,69.5
149,1980,2.05,3.35,2.77,3.14,5.58,4.46,51.9,64.4,72.4,81.9,79.4,68.7
149,1981,5.44,7.7,6.08,13.38,3.37,1.5,60.2,59,73.4,76.5,72.8,66.2
149,1982,3.03,4.3,5.54,5.16,4.48,2.94,48.8,67.6,67.5,76.6,72.1,65.3
149,1983,7.06,4.29,2.29,1.37,1.75,1.94,47.1,60,72.9,81.1,81.2,68.1
149,1984,5.62,4.72,2.85,3.33,1.06,4.66,51.2,60.6,75.5,74.9,76.8,65.6
149,1985,1.81,3.67,4.37,6.09,6.32,2.68,57.9,65.2,69.6,75.2,70.9,67.9
149,1986,1.63,3.34,3.53,4.95,1.92,8.45,57.6,65.3,75.2,79,70.9,70.4
149,1987,2.64,2.63,2.6,3.61,4.13,1.55,54.2,69,76.1,79.3,76.4,67.3
149,1988,1.04,1.99,2.2,1.15,4.04,1.79,53.4,65.8,74.7,78.6,79.5,69
149,1989,2.36,4.03,2.25,3.34,4.13,3.27,53.4,60,70.9,77.4,74,63.6
149,1990,2.34,8.19,4.78,4.67,2.83,2.48,51.5,59.3,72.9,75.9,73.8,69.7
149,1991,4.3,9.73,1.47,5.08,2.26,3.34,56.9,68.8,75.8,76.7,75,67.4
149,1992,3.01,0.94,1.05,5.41,1.69,3.93,53,62,69.7,74.8,68.9,65.4
149,1993,5.4,2.46,6.76,7.63,5.38,11.52,49.9,63.5,71.3,76.6,76.5,61.9
149,1994,8.39,2.34,4.06,1.98,3.32,2.01,53.7,61.1,74.6,74.7,72.6,65.8
149,1995,3.76,8.86,3.52,2.95,6.61,1.81,50.9,59.6,71.9,76.8,79.5,63.1
149,1996,2.82,8.11,3.73,2.58,2.62,2.61,49.5,63.2,71.9,73.5,74.1,64.2
149,1997,2.89,4,2.48,1.54,3.75,2.36,48,58.4,71.3,76.5,72.5,67.5
149,1998,4.37,4.45,8.4,3.2,1.82,3.54,53,68,72.6,76.5,76.2,72
149,1999,5.23,3.37,2.95,2.18,1.8,1.4,55.6,64.2,72.4,79.5,73.5,65.2
149,2000,2.25,3.52,8.73,4.9,3.35,2.46,53.5,66.1,70.5,74.2,76.4,67.5
149,2001,3.07,4.51,5.98,2.43,5.5,3.37,58.6,65.5,70.4,77,75.2,65.7
149,2002,6.04,9.03,3.81,2.67,4.95,1.6,54.6,59.8,74.4,78.7,75.5,69.1
149,2003,3.65,4.09,5.29,4.56,1.65,7.23,54.7,62.4,68.9,75.9,76.4,64
149,2004,2.24,4.3,1.62,3.87,6.12,0.51,55,66.5,70,73.6,69,67.8
149,2005,2.5,0.66,2.35,1.68,3.64,3.15,56.4,62.2,75.4,77.5,76.4,71.4
149,2006,1.74,1.79,2.94,3.53,4.12,3.59,58.6,63.2,72.6,78.6,76.4,64.7
149,2007,3.27,2.68,3.15,1.1,2.05,1.04,50.8,68.5,73,74.3,80.4,70.5
149,2008,4.42,4.98,7.65,8.28,2.47,10.28,51.3,60,73.6,75.3,72.5,66.6
149,2009,5.69,4.98,4.72,2.87,4.93,2.13,51.9,63.4,74,71.3,71.6,65.7
149,2010,5.28,5.49,8.25,10.16,3.44,6.3,60.2,64,76,78.2,77.2,68
149,2011,4.12,4.96,8.26,1.57,1.05,1.82,54.3,61.9,73.4,81,76.2,64.4
149,2012,4.21,1.54,1.7,0.93,1.53,5.04,56.3,68.7,73.1,82.8,74.7,65.4
149,2013,6,9.23,4.04,2.77,0.53,3.5,50.6,63.4,72.5,74.2,73.7,70
149,2014,4.78,2.9,7.5,2.54,7.35,5.15,53.6,64.6,74.2,71.6,75.2,65.7
149,2015,2.2,6.73,11.94,9.45,2.13,1.14,56.7,65.6,72.7,75,73,71.9
149,2016,2.52,4.24,0.74,7.2,4.1,2.52,55.2,63.1,77.4,76.2,75.9,71.9
149,2017,7.8,7.72,4.02,3.55,2.77,0.49,57.9,63.8,73.7,78.3,71.5,69.8
149,2018,1.22,3.13,2.23,3.93,4.65,2.6,46.3,73.3,77.9,77,75.8,71.5
149,2019,4.39,8.22,5.5,3.33,5.49,2.69,53.6,63.6,72,78.2,73.6,73.4
149,2020,3.99,5.42,5.82,6.18,1.51,2.95,50.6,60.8,74.2,77.4,73,65.8
149,2021,4.57,4.64,7.53,6.52,3.03,1.9,53.3,61.3,74.5,75.3,75.6,70.2
149,2022,4.41,4.95,4.09,5.81,0.98,2.13,50.4,65.2,74.4,76.4,74.9,67.3
149,2023,1.63,3.41,2.34,2.63,5.07,0.47,54.6,64.6,72.4,76.8,74.2,69.1
149,2024,5.54,6.96,2.58,7.13,2.8,2.28,55.9,67.3,75.8,74.4,74.3,68.5
149,2025,3.87,3.15,5.45,6.26,0.52,1.62,54.6,62.7,74.2,78.5,73.4,70.4
151,1980,3.29,2.66,4.83,3.76,1.53,3.98,54,64.6,73.8,81.3,80.9,72
151,1981,4.4,9.64,6.32,6.68,2.65,1.16,62.1,61.5,75.2,77.6,74.7,66.3
151,1982,3.19,4.85,2.64,4.33,4.84,2.97,52,69.3,70.4,77.8,73.9,66.7
151,1983,12.54,9.26,4.75,2.45,0.8,0.76,49.7,63,71.9,79.3,80.7,70.4
151,1984,4.9,5.87,3.39,4.71,1.52,4.76,54.4,62.2,76.2,74.9,75.6,67.2
151,1985,4.01,4.7,8.24,2.21,11.08,4.06,59.4,66.3,72,77.3,74.1,68.2
151,1986,2.25,8.75,2.83,4.76,3.52,4.14,59.1,66.9,75.3,80.2,73.2,72.7
151,1987,2.81,2.4,4.96,4.73,2.21,2.04,55.4,70.9,75.4,77.8,78.2,69.8
151,1988,2.14,2.75,1.09,3.42,2.36,4.9,56.3,65.1,73.7,78.2,79.3,68.8
151,1989,2.57,2.07,6.03,6.57,3.82,2.16,56,62.8,71.9,76.2,75.7,67
151,1990,5.32,10.31,2.25,3.54,3.44,2.9,54.2,62.5,74.2,77,74.3,70.7
151,1991,4.71,4.24,1.54,2.12,1.6,3.62,59.7,70.7,76,79.3,77,69.6
151,1992,2.19,2.94,3.25,4.96,2.16,5.93,56.8,63.2,70.8,78.2,71.8,67.7
151,1993,4.93,4.23,5.91,4.64,3.45,6.27,53.6,65,72.9,81.5,77.5,66.3
151,1994,6.32,1.11,3.84,1.94,3.7,2.92,58.4,61.9,76.1,76.7,73.3,66.1
151,1995,5.89,8.1,5.63,3.55,3.66,1.5,57.5,64.7,72.9,77.6,80.2,66.9
151,1996,6.56,5.77,5.03,6.24,0.71,5.88,52.4,68.5,73.7,75.2,76.1,66.9
151,1997,4.51,6.83,4.52,2.63,2.94,1.75,51.2,61.3,72,77.6,74.2,68.8
151,1998,6.41,2.97,8.98,5.06,3.59,0.57,56.2,70.1,76,78.4,76.6,74.4
151,1999,4.98,2.82,5.67,2.98,0.61,0.51,59.9,65.6,75.1,80.3,76.5,69.9
151,2000,2.79,5.37,5.38,3.26,2.53,3.52,55.7,68.4,73.9,75.4,77.8,68.6
151,2001,2.45,3.49,3.55,6.27,2.99,4.01,62,67.6,72.4,78.3,77.5,67.5
151,2002,6.66,8.95,1.86,1.63,2.18,5.73,59.6,64.2,76.6,81,79,73.7
151,2003,5.65,10.04,4.75,1.84,5.34,4.74,59.1,65.5,69.3,77.8,77.4,67
151,2004,3.16,5.89,3.14,3.94,2.53,0.03,57.2,69.9,73.1,75.7,72.2,70.4
151,2005,3.84,2.05,3.41,3.61,7.53,2.66,58.4,63.4,75.5,78.3,79.8,72.8
151,2006,2.86,4.61,2.65,7.84,3.6,9.02,62.2,64.8,74.3,78.1,78.1,65.5
151,2007,4.06,2.37,4.59,3.37,0.85,3.18,54.7,70,75.2,76,83.1,73.2
151,2008,7.63,5.35,3.04,6.41,1.59,0.98,55.4,63.4,76.5,77.8,75.5,72.3
151,2009,4.6,6.8,4,6.19,3.76,4.77,57,66,77.1,73.8,74.2,70.4
151,2010,3.11,5.02,3.44,1.39,3.06,2.59,61.5,68.1,79,80.6,80.3,70.8
151,2011,14.65,7.74,7.88,3.28,2.7,5.8,60.1,65,77,81.4,77.4,67.4
151,2012,1.02,1.02,1.42,3.39,3.65,6.66,59.6,71.2,75,84.1,77.1,68.7
151,2013,4.76,3.65,6.21,3.99,5.04,2.23,55.3,66,74.5,74.4,74.8,71
151,2014,9.85,2.63,5.28,1.93,4.8,2.3,57.8,67.8,75.6,73,77.3,68.7
151,2015,6.54,4.98,4.64,10.08,3.41,1.43,59.6,67.2,75.8,79.1,74,71.4
151,2016,3.65,6.58,2.55,11.11,6.4,1.32,58.4,63.8,76.8,79.2,77.9,72.7
151,2017,6.21,6.21,4.36,2.23,2.11,2.2,61.3,66.6,73.9,79,74.4,70.6
151,2018,5.42,5.14,7.48,3.24,2.94,6.17,50.9,72.8,77.7,78.1,76.3,73.2
151,2019,6.06,6.95,6.12,4.26,3.34,0.27,57.4,67.8,72.7,78,76.4,75.5
151,2020,2.46,5.38,5.75,5.43,5.61,3.17,54.1,64,74.2,79.6,74.8,69
151,2021,4.36,3.81,3.04,7.84,3.11,2.84,56,63.3,75.2,76.9,77.1,69.8
151,2022,5.72,3.48,2.51,4.28,2.11,0.96,55.2,68.4,75.2,80,76.8,70.2
151,2023,3.15,3.34,0.92,5.58,5.81,1.62,57,66.2,73.3,78,75.5,70
151,2024,3.96,7.82,3.76,5.75,1.3,8.69,60.2,69.8,75.2,76.9,76.4,71
151,2025,10.02,5.72,7.93,3.12,0.85,3.03,59.4,64.8,76.4,80.3,75,71.6
153,1980,2.85,2.79,4.81,2.7,1.87,2.83,55.1,65.9,74.8,82.8,81,72.4
153,1981,3.24,8.26,5.12,7.31,3.07,1.42,63.1,61.6,75.9,78.4,75.3,67
153,1982,3.03,4.84,3.06,2.93,6.94,3.06,52.6,70.1,71.4,78.7,75,67.6
153,1983,11.48,8.38,3.7,1.29,0.38,0.77,50.3,63.6,73.4,80.9,81.9,70.8
153,1984,5.33,5.02,1.89,4.19,1.72,5.33,54.9,62.9,77.3,76.3,76.5,67.5
153,1985,6.02,4.5,6.33,1.31,8.06,3.82,60.4,67.5,73.4,78.6,75,68.7
153,1986,2.85,9.05,2.46,4.57,3.85,3.47,60,68.3,76.8,81.1,73.6,73.4
153,1987,2.15,2.66,4.76,4.11,1.2,2.05,56.9,71.9,76.8,78.8,79.3,70.8
153,1988,2.04,3.31,0.61,4.82,3.46,7.1,57,66.2,74.6,78.4,79.5,69.4
153,1989,2.77,2.08,9.41,2.42,3.35,2.19,56.9,63.9,72.7,77,76.2,67.1
153,1990,5.33,7.63,2.64,3.68,2.2,1.99,55,63.2,75.4,77.7,74.9,71.5
153,1991,5.06,4.21,2,1.29,2.36,3.71,60.2,70.9,76.6,79.5,77.2,70.2
153,1992,2.52,1.78,2.55,5.1,3.39,4.92,57.6,64.5,72.1,78.3,72.7,67.6
153,1993,5.32,5.84,5.28,2.17,2.8,7.81,53.6,65.4,73.8,82.2,78.4,67.5
153,1994,7.04,1.42,3.74,2.54,3.66,2.62,59.5,64.1,76.8,77.1,73.5,66.6
153,1995,4.69,6.91,7.32,4.07,2.8,1.75,57.9,66,73.7,77.8,80.6,67.1
153,1996,5.46,6.14,4.65,3.6,0.9,5.33,53.8,69.1,74.7,76.3,76.8,67.5
153,1997,5.25,6.15,4.49,3.37,3.38,1.88,52.2,62.6,72.7,78.7,75.5,69.1
153,1998,5.3,3.67,9.56,5.58,3.95,0.97,56.5,70.6,76.7,79.2,77.4,74.7
153,1999,5.44,2.95,5.9,1.98,0.71,0.36,60.5,66.5,75,80.8,76.6,70
153,2000,2.38,5.11,3.7,4.55,2.73,3.54,55.7,68.9,74.4,76.9,79,69.4
153,2001,2.18,4.31,2.51,9.11,3.99,3.15,62.8,68.1,73.3,79.1,78.4,68.2
153,2002,7,10.56,2.2,1.84,2.66,5.52,60.3,64.4,77.3,81.4,79,73.2
153,2003,7.24,8.28,5.76,2.54,4.29,4.18,59.3,66.3,70.6,78.4,78.6,67.4
153,2004,2.94,6.95,3.21,3.59,2.6,0.17,58,70.7,73.7,76.7,72.8,70.5
153,2005,4.67,3.19,3.14,6.3,5.48,3.59,58.6,64.7,76,78.7,80.1,73.2
153,2006,2.7,6.01,2.48,6.83,4.22,6.47,62.6,66.2,75.4,78.3,78.8,66.3
153,2007,3.67,2.63,4.23,2.48,0.62,2.65,55.2,70.6,76,76.6,82.9,73.6
153,2008,8.21,5.85,3.31,5.17,1.72,1.26,55.1,64.5,77,78,75.6,71.4
153,2009,5.13,6.8,4.11,5.43,3.76,3.64,57.3,66.4,77.4,74.9,74.8,71
153,2010,3.93,4.66,2.66,2.14,2.14,4.65,61.9,68.8,80,81.3,81.2,71.2
153,2011,15.36,7.45,6.3,2.84,1.95,5.57,60.5,65.7,78.2,82.4,77.8,67.2
153,2012,0.93,0.62,1.81,2.57,1.32,6.38,60.5,72.6,75.8,84,77.7,69
153,2013,4.23,4.22,6.54,2.83,3.35,2.49,55.4,66.5,75.5,75.2,75.4,71.9
153,2014,7.45,3.36,5.48,2.25,4.06,1.59,58.7,68.4,76,73.9,78.2,69
153,2015,4.82,5.54,3.28,9.43,1.94,1.3,59.9,68,76.9,80,75.1,71.8
153,2016,3.99,6.04,1.38,9.18,5.95,2.54,59.3,65.1,78.2,80,78.9,72.8
153,2017,7.21,6.62,4.07,2.07,2.26,1.19,62.4,67.1,75,79.7,74.5,71.4
153,2018,6,5.08,5.7,1.07,3.29,5.66,51.5,74.1,78.8,79.6,77.3,74.3
153,2019,5.86,7.37,6.19,8.58,2.59,0.94,58.1,69,74.3,79.1,77.9,76.5
153,2020,3.04,5.58,3.82,4.22,5.29,2.37,55.6,64.9,76,81.2,75.3,70
153,2021,4.5,3.59,2.46,5.69,2.86,2.17,57.2,65.5,76.8,78.4,78.3,71.9
153,2022,6.21,4.02,2.64,3.91,3.46,0.51,56,69.7,77.1,80.9,77.3,71
153,2023,4.79,2.29,1.04,12.14,7.69,1.92,58.2,68,75.2,78.8,77.1,71.2
153,2024,4.14,10.04,4.82,4.67,2.35,6.59,61.3,71.5,76.9,78,77.8,71.8
153,2025,10.11,4.81,7.69,4.91,1.3,2.6,60.4,66.1,77.3,81.1,76.2,72.5
155,1980,3.24,2.55,4.59,2.01,7.26,5.21,49,62.8,69.3,77.3,76.1,66.8
155,1981,7.34,3.77,5.94,4.7,8.21,2.44,55.7,57.4,71.3,73.3,70.9,64
155,1982,4.67,4.75,2.74,8.77,1.84,1.39,45.7,67,66.2,74.3,69.8,63.6
155,1983,5.83,4.24,2.73,1.31,3.84,4.64,45.7,57.6,71.6,78.3,77.9,65.6
155,1984,4.52,4.43,2.93,3.07,1.13,3.34,48.9,58.8,72.8,72.1,73.9,63
155,1985,1.06,2.14,2.88,3.75,3.14,2.39,56.2,64,68.8,73.4,69.3,65.8
155,1986,1.14,5.71,4.59,5.44,1.56,6.21,54.3,62.5,70.9,75.6,68.5,67.9
155,1987,2.04,4.42,2.08,2.2,7.5,2.63,53,66.9,73.9,77.8,73,64.7
155,1988,2.42,1.71,0.56,0.65,3.67,1.78,50.4,63.4,72.8,77.5,78,66.6
155,1989,1.99,1.98,2.2,2.96,4.26,8.89,49.6,58.9,70.2,75.1,71.4,62.1
155,1990,1.75,7.28,8.73,6.17,5.51,0.63,50.6,57.8,71.2,72.9,71.9,66.5
155,1991,3.54,5.73,1.8,0.41,2.38,3.69,54.8,68.1,74.4,75.8,73.7,64.7
155,1992,1.89,0.69,1.76,10.44,2.49,5.74,48.4,60.7,68.2,70.4,66.3,62.4
155,1993,4.18,2.72,7.11,5.54,5.32,5.56,47.9,62.9,69,74.3,73.2,60.1
155,1994,2.68,1.46,4.75,2.2,4.85,2.74,52,60.8,72.5,72.8,69,65.3
155,1995,5.27,8.45,3.57,2.7,4,1.46,46.9,58.1,72.2,76.1,78.6,62.1
155,1996,2.51,7.39,4.54,6.03,1.2,2.01,47.4,58.2,70.3,71.6,72.2,63.2
155,1997,2.31,2.36,2.52,3.11,6.23,2.76,46.1,56.1,70.5,74.3,69.9,65.3
155,1998,4.3,3.82,6.88,2.98,1.87,2.16,51.4,66.6,70.2,74.3,74.1,69.7
155,1999,4.77,4.73,5.11,2.13,2.94,3.57,52.1,63.6,71.4,78.4,70.4,63.5
155,2000,3.86,4.38,6.2,3.67,2.28,3.91,50.7,64.4,69.4,72.3,73.2,66.2
155,2001,3.12,4.66,4.12,4.54,3.18,4.27,55.3,63.9,68.7,75,73.2,62.7
155,2002,4.59,5.35,4.87,1.84,4.42,0.85,50.9,57.3,72.6,77.2,73.4,68.1
155,2003,1.99,5.89,2.29,5.84,2.11,3,51.9,59.7,67.1,73.8,74.3,63.9
155,2004,2.08,7.12,2.3,2.36,5.18,1.22,52.9,64,69.3,72.1,66.9,66.9
155,2005,2.07,1.12,1.34,2.86,2.54,2.08,54.4,59.4,75.4,75.8,73.8,70.1
155,2006,4.34,2.2,2.92,3.16,5.42,3.34,55.2,61.3,69.9,77.1,73.2,63.1
155,2007,3.95,1.79,3.61,4.6,7.96,1.05,48.8,67,71.9,72.4,75.6,68.2
155,2008,3.13,4.2,3.64,6.63,1.84,9.32,50.7,57.8,72,73.8,70.7,65.8
155,2009,6.13,5.81,4.54,4.89,5.06,1.83,49.2,61.7,70.8,68.7,69.5,64.2
155,2010,2.38,6.18,8.45,2.64,2.88,3.16,58,63.1,73.1,77.2,75.8,66.2
155,2011,5.91,6.57,5.11,2.46,3.28,3.76,49.5,61.1,71.4,79.3,73.6,62
155,2012,1.99,4.16,2.16,1.79,3.52,3.85,52.7,66.8,72.3,80.7,72.6,64
155,2013,7.81,6.36,3.76,1.28,1.96,1.45,48.2,63.7,70.4,72.7,71.6,66.7
155,2014,2.82,2.53,7.57,2.61,4.82,4.29,49.7,61.5,71.2,68.9,72.1,63.3
155,2015,3.49,5.38,9.66,4.03,2.58,4.24,52.4,62.9,69.1,71.6,70.5,69.7
155,2016,1.87,3.63,5.46,5.61,8.62,2.75,50.4,61.2,72.4,74,73.9,69.6
155,2017,5.98,3.74,2.94,5.76,1.95,0.3,53.8,58.4,71.7,73.3,68.8,67.2
155,2018,1.33,5.37,5.8,2.99,3.89,3.19,41.8,68.6,72.8,73.4,73.8,68.3
155,2019,4.17,9.86,4.15,2.31,2.79,10.92,49.7,59.6,69.7,77.1,71.2,69
155,2020,4.18,5.14,2.33,5.9,0.69,5.95,47.7,59.5,73,76.5,72.4,64.4
155,2021,3.08,4.66,4.99,5.06,2.68,0.94,51.5,60.4,73.7,73.7,74.9,69.4
155,2022,3.05,3.07,3.7,5.09,3.52,2.82,46.9,64.3,72.1,73.7,72.1,65.8
155,2023,1.8,2.06,1.32,6.12,2.59,5.39,51.8,62.8,70.4,74,72.4,67.2
155,2024,5.94,3.66,3.38,6.18,3.1,0.85,52.4,65.8,73.5,72.6,72.2,67.9
155,2025,2.71,1.9,3.21,8.49,2.17,0.87,51.8,60.7,73.2,76.8,71.4,67.5
157,1980,1.62,2.68,3.19,4.21,4.45,3.64,53.4,64.8,73.9,82.7,81.4,71.1
157,1981,2.66,8.16,6.95,7.03,2.8,2.93,62.6,60,74.9,78.5,74.9,66.9
157,1982,2.4,4.98,4.59,4.11,3.8,4.22,50.9,69.4,69.5,78.6,73.9,66.8
157,1983,6.99,7.55,3.54,1.68,1.57,2.46,49.4,62.7,73.1,81.2,81.5,69.6
157,1984,4.77,3.2,3.31,2.32,3.18,9.01,53.4,62.4,76.9,75.9,76.7,66.4
157,1985,2.8,3.68,7.11,1.39,6.98,0.29,59.4,66.1,71.3,77.5,74.2,69
157,1986,2.35,6.78,1.6,4.29,3.31,5.72,59.3,66.6,76.6,81,72.7,71.5
157,1987,2.3,1.72,3.12,5.93,4.81,2.09,55.6,71.5,77.1,78.7,78.2,69.2
157,1988,1.41,2.12,1.37,4.15,0.83,4.74,55.8,66.5,75.6,78.5,79.8,69.2
157,1989,2.38,3.71,4.72,2.52,3.21,2.75,56.5,62.1,72.5,77.2,75.7,65.6
157,1990,3.57,9.62,2.95,3.88,2.96,4.19,53.6,62.1,74.6,77.2,74.3,71.5
157,1991,2.98,3.41,2.12,2.89,2.51,4.2,59.6,71.2,76.5,78,76.5,69
157,1992,3.6,2.68,2.45,3.46,1,4.32,57.2,62.9,70.7,77.8,70.8,66.4
157,1993,4.76,4.47,5.69,7.24,3.14,8.97,52.6,64.7,73.1,80.7,77.5,65.2
157,1994,10.03,1.69,4.2,1.83,3.14,2.55,56.3,61.8,76.4,76.4,73,65.9
157,1995,2.9,11.51,5.89,2.87,2.07,1.45,55.5,63,73.2,77.6,80.8,65.4
157,1996,9.16,4.42,5.02,2.89,1.13,5.53,52.2,67.3,73.8,75,76,65.6
157,1997,3.13,5.32,6.01,2.3,4.91,1.61,50.3,60.4,71.7,78,73.6,68.4
157,1998,4.27,3.7,7.48,5.23,3.38,0.85,55.3,70.6,75.4,78,76.9,73.8
157,1999,5.74,3.79,6.09,1.84,2.92,1.07,58.6,66,74.3,80.2,74.2,68
157,2000,2.42,5.08,8.07,5.36,3.64,2.61,54.8,67.9,73,75.7,78.6,68.1
157,2001,2.6,4.16,3.3,6.2,3.35,1.84,61.8,67.2,72.8,78.2,77.3,67.3
157,2002,5.11,8.49,2.46,0.41,3.07,2.66,58.5,62.3,75.9,80.5,77.6,71.5
157,2003,4.64,6.64,7.24,1.89,2.48,2.02,57.1,64.1,68.7,77,78,65.8
157,2004,2.31,6.95,3.55,5.43,4.96,0.25,56.5,69.4,71.9,75.1,71.4,68.4
157,2005,4.04,2.02,0.72,5.36,4.58,5.07,57.9,64.1,76.6,78.6,79.1,73.4
157,2006,3.09,4.52,3.04,2.51,4.1,2.54,61.3,64.6,74.7,79.2,78.6,65.9
157,2007,3.39,4.78,2.41,2.96,1.22,2.64,53.7,69.3,74.6,76,82.6,72.2
157,2008,7.24,6.87,1.61,6.04,1.97,3.53,53.5,62.5,75.9,77.1,74.3,68.9
157,2009,6.51,7.92,4.27,6.63,2.68,3.07,55.4,65.2,76.5,73.7,73.2,68
157,2010,2.75,4.47,4.01,3.25,3.18,3.91,61.4,67.4,79.4,80.2,79.6,69.5
157,2011,11.89,6.38,6.78,5.15,1.71,3.47,59,65.6,77.3,83.3,78.1,66.1
157,2012,3.48,0.68,1.13,2.82,2.71,5.51,58.9,71.1,75.1,84.6,76.5,67.4
157,2013,5.22,6.53,5.38,3.76,1.41,1.09,54.5,65.8,75.1,75.1,75.1,71.4
157,2014,7.46,3.71,4.78,2.49,4.8,2.07,56.8,67,75.8,73,77.4,67.1
157,2015,4.27,7.38,11.22,5.54,3.08,2.43,58.3,67.2,75.7,79,74.2,71.5
157,2016,3.97,6.07,1.84,4.89,7.73,4.81,58.3,64.3,78.7,79.4,78.1,72.6
157,2017,11.89,5,2.87,3.32,2.27,0.42,60.6,66.2,74.9,79.7,73,70.5
157,2018,3.48,4.92,3.99,3.51,4.85,7.24,49.6,72.5,78.3,78.1,76.4,73
157,2019,5,5.83,5.14,3.3,2.49,1.15,57.2,67.5,73.1,78.7,76.6,75.8
157,2020,3.67,5.04,1.68,6.1,3.15,1.01,53.5,63.1,75.3,79.6,74.1,68.2
157,2021,4.08,2.5,2.5,5.93,3.93,3.47,55.1,63.3,75.4,76.6,77.3,70.5
157,2022,4.32,5.35,1.52,4.23,3.64,2.24,54.2,67.1,75.5,80,76.2,69.1
157,2023,3.05,1.77,0.81,5.67,4.83,1.39,56.7,66,73,78.2,76,69.5
157,2024,4.63,6.22,3.18,6.06,1.89,4.8,59.2,70.1,76,76.3,76.1,69.8
157,2025,10.36,3.84,4.56,3.1,0.79,1.38,57.9,64.1,76.2,81,75.3,70.8
159,1980,2.62,2.16,5.48,2.56,3.38,4.36,51.6,64.7,72.8,80.3,79.4,70.6
159,1981,3.26,8.01,1.79,4.75,5.8,1.95,60.2,60,75.2,77.4,73.6,66
159,1982,2.74,5.6,3.01,2.62,2.89,5.69,49.6,68.7,69,77.2,72.6,66.3
159,1983,5.44,7.43,5.03,1.41,1.98,1.8,48.7,61.2,72.6,80,80.4,69.2
159,1984,7,5.28,0.75,2.16,2.46,5.81,52.1,61.2,77.3,74.8,75.5,65.9
159,1985,2.51,4.54,7.1,1.63,6.68,1.19,58.3,65.7,71.2,76.1,72.8,68
159,1986,3.4,3.78,2.35,6.39,2.17,3.89,57.7,66.2,75.5,79.7,71.6,71.7
159,1987,3.22,2.84,4.29,7.37,1.12,2.07,53.7,70,75.2,77.1,76.5,68.7
159,1988,1.97,1.9,1.04,5,1.61,1.24,54.4,65.1,74.8,78.2,78.6,68.9
159,1989,4.16,4.34,3.15,3.55,6.15,4.63,54.1,60.5,72.5,76.5,75,66
159,1990,3.81,10.23,5.03,2.59,1.78,4.04,52.4,61.3,73.2,76.2,73.5,69.4
159,1991,2.95,2.31,1.54,1.8,2.24,3.39,58.2,70.6,76.2,78.2,76.5,68.6
159,1992,3.45,2.41,1.14,5.14,2.33,4.75,54.5,62.3,70.2,76.8,70.7,66.5
159,1993,5.66,3.55,5.36,6.28,3.49,7.38,51.8,64.7,73.3,80,76.7,65
159,1994,7.91,2.44,3.15,2.84,3.22,2.55,55.4,61,75.5,75.2,72.4,65.5
159,1995,3.57,10.24,5.91,3.24,3.57,0.52,54.7,63.2,73,77.3,79.4,65.1
159,1996,8.85,8.81,5.69,1.83,1.81,4.78,51.1,66.1,73.5,74.6,75.4,65.7
159,1997,2.96,3.79,6.35,2.85,3.33,1.49,50.1,59.7,71.7,76.7,72.9,67.7
159,1998,7.38,6.13,7.1,5.73,3.03,2.22,55,68.8,73.9,77.1,76,72.5
159,1999,5.58,3.62,6.54,5.07,2.38,0.43,56.5,65.1,73.6,79.8,73.6,67.6
159,2000,2.88,3.55,7.5,7.08,8.69,4.2,53,66.8,72.7,74.6,75.5,67.3
159,2001,1.87,2.74,3.33,5.81,3.06,2.53,60.5,66.5,71.4,76.7,76.3,66.8
159,2002,5.38,9.69,3.25,1.97,1.63,3.53,56.6,61.4,75.6,79.9,77.9,72.4
159,2003,4.19,7.82,3.18,4.37,3.84,4.59,56.6,63.5,69,76.6,76.2,65.5
159,2004,1.43,8.41,2.06,5.75,5.46,0.3,56.1,68.8,71.8,74.6,70.6,69.4
159,2005,3.51,1.89,2.35,3.26,6.2,3.5,56.3,62.5,75.1,76.9,78.3,72.4
159,2006,3.21,4.79,4.05,2.65,5.32,4.41,59.4,63.9,74,78,76.9,65.1
159,2007,3.07,2.9,5.01,2.15,1.28,2.43,52.5,69.1,74,74.3,81.1,71.9
159,2008,3.96,8.75,6.52,5.25,1.01,3.15,53.8,60.7,75.3,75.9,73.6,69.8
159,2009,8.62,8.54,5.01,5.29,1.59,3.88,54.5,64.6,75.2,72.3,73.4,68.6
159,2010,3.51,5.37,5.49,6.38,2.19,1.38,61,67.2,77.6,79.1,78.4,69.2
159,2011,12.15,4.95,9.31,4.62,0.37,4.66,57.3,64.2,75.2,80.8,76.2,66.3
159,2012,3.39,2.44,0.45,1.85,2.83,10.53,57.4,70.6,73.6,84,75.2,66.2
159,2013,5.2,6.84,9.19,7.46,1.45,1.88,53.6,65.4,72.5,74.1,74.1,69.9
159,2014,7.76,3.31,4.36,4.27,4.48,4.44,56.1,65.6,74.5,71.3,74.7,65.9
159,2015,4.3,5.4,10.9,4.34,2.79,4.18,56.2,66.8,73.6,76,72.8,70.8
159,2016,5.15,3.91,2.11,5.8,7.85,4.3,55.4,62.8,76.5,77,77.4,71.9
159,2017,6.75,6.05,2.6,4.43,2,1.25,59.3,65.1,73.2,77.9,72.2,70.2
159,2018,3.12,2.33,8.55,2.92,6.15,8.71,48.2,73.2,76.5,77,76,73.2
159,2019,6.14,7.48,7.04,4.34,3.87,1.01,55.8,66.1,72.3,78.2,74.8,74
159,2020,5.01,4.15,2.56,9.18,2.89,0.97,51.8,62.2,74.1,78.3,73.7,67.9
159,2021,2.66,3.22,3.74,7.95,5.31,2.77,54.7,62.6,74.3,75.8,76.9,70.2
159,2022,4.26,3.53,3.15,10.26,6.21,2.45,53.1,67.5,74.8,77.6,74.9,68.6
159,2023,3.33,2.7,3.58,3.76,5.34,1.84,55.5,65.2,71.7,77.3,74.4,69.4
159,2024,7.54,5.14,2.18,8.01,2.23,4.54,58.2,69.2,75.1,75.6,74.8,70.1
159,2025,10.52,3.96,4.91,8,1.66,2.67,56.3,63.6,75.9,80.6,74,70.6
161,1980,2.34,3.54,4.9,3.5,8.41,3.76,49.1,62.6,69.5,77.4,75.4,66
161,1981,4.61,1.77,5.45,3.59,6.03,4.52,54.4,58,71.3,73.2,71.4,63.6
161,1982,2.71,4.52,4.47,8.71,3.56,2.23,44.9,65.9,66.2,74.9,70.7,64
161,1983,4.04,2.45,3.96,2.64,1.63,5.05,45,57.7,72.2,78.6,78.6,65.5
161,1984,4.27,4.79,3.71,4.36,1.22,2.15,48.5,58.1,73.1,72.6,74.3,62.9
161,1985,1.55,3.49,1.99,2.7,2.59,2.19,55.6,64.1,68.6,73.9,69.5,65.5
161,1986,2.47,6.01,4.91,5.56,3.16,6,54.1,62.5,71.2,76.5,67.8,66.5
161,1987,1.78,2.95,2.25,1.6,11.39,1.45,53.4,67,74.4,78.4,72.4,64
161,1988,1.34,2.08,1.21,1.1,4.48,1.55,50.6,64.8,73.6,77.7,77.5,66.7
161,1989,3.04,2.37,4,2.46,4.99,5.88,49.6,59.1,69.1,75.6,71.9,61.4
161,1990,2.82,6.7,13,3.75,5.99,0.98,49.8,57.5,71,73.2,72.7,66.4
161,1991,2.64,4.1,2.14,0.44,2.41,2.52,53.6,66.7,74.7,75.4,73.6,64.4
161,1992,3.49,0.41,1.39,11.67,1.51,5.98,48.6,61,68.8,70.1,66.9,62.1
161,1993,4.95,3.72,10.74,6.44,8.16,4.75,47.1,62.3,69,73.8,73.4,60.1
161,1994,2.26,1.98,5,3.17,3.28,1.75,51.5,61,72.3,72.4,69.3,65.6
161,1995,5.95,7.06,2.39,3.96,3.6,1.64,46.8,58.7,72.5,75.5,78,61.8
161,1996,2.23,9.85,2.73,2.8,2.97,2.06,47.2,57.6,70.5,71.6,72.3,62.9
161,1997,1.43,4.49,2.89,1.23,6.56,3.17,46.4,56,70.9,74,70.2,65.4
161,1998,4.81,3.09,7.45,2.12,4.78,4.1,51,66.5,69.4,74.8,74,69
161,1999,6.35,2.92,5.08,3.55,3.27,4.37,52.3,63.3,71,78.2,70.5,63.1
161,2000,4.4,4.72,7.49,3.92,2.14,5.14,50.5,63.8,68.7,72.7,73.9,66
161,2001,3.07,7.96,3.52,3.31,3.1,4.33,55.5,62.9,68.8,75.8,73.4,62.7
161,2002,4.78,5.19,5.04,5.9,4.81,0.58,50.3,57.7,72.7,77,72.7,67.9
161,2003,2.83,4.75,3.31,4.64,1.21,4.09,51.8,59.1,68,73.8,74.8,63
161,2004,1.6,7.8,2.73,2.42,5.05,1.03,52.8,63.4,69.2,71.8,67.2,67
161,2005,1.54,2.61,1.65,1.61,2.43,2,54.9,59.2,75,75.8,73.8,69.6
161,2006,4.62,2.59,2.34,3.63,5.29,1.43,55.2,61.7,70.1,77.3,73.5,62.4
161,2007,3.68,2.06,5.4,6.95,7.08,1.22,48.1,67.1,71.5,73.2,76,67.8
161,2008,4.83,5.18,7.08,4.74,1.79,9.46,49.8,58.5,71.4,73.6,70.9,65.6
161,2009,5.03,4.2,6.73,6.34,8.13,1.45,49.2,61.6,71,68.8,69.4,64.5
161,2010,3.63,5.81,9.01,5.43,5.43,4.52,57.8,62.5,73.1,76.6,75.4,65.7
161,2011,4.18,4.46,4.66,2.89,2.32,2.87,49.6,61.4,70.6,79.2,74,61.4
161,2012,3.51,4.29,2.74,0.73,3.81,2.19,52.5,66.2,72,80.5,72.2,63
161,2013,7.17,7.94,4.66,2.35,0.64,1.4,47.6,62.3,70.3,72.8,72.7,67.8
161,2014,4.17,3.21,8.52,3.61,4.22,5.02,49.3,62.2,72,69.8,72.6,63.4
161,2015,2,5.06,8.7,5.38,3.57,3.29,52.4,62.8,70.4,72.8,70.9,70.4
161,2016,2.3,3.83,4.83,6.99,8.79,2.32,50.6,62,73.7,74.1,74.3,69.9
161,2017,5.44,4.03,4.17,6.96,1.42,2.53,53.6,60.2,72.6,74.5,68.8,67.1
161,2018,0.93,4.1,6.48,2.9,6.58,5.62,41.9,68.9,74.2,74.2,73.9,67.3
161,2019,5.4,10.02,4.83,1.89,3.47,8.26,49.8,58.8,70.5,77.7,71.4,69.6
161,2020,2.38,4.78,4.56,4.47,0.7,7.45,48.3,59.4,73.2,76.7,73,63.6
161,2021,3.99,5.45,4.51,3.71,2.46,1.45,51.3,60.3,74.4,74.4,74.9,69.2
161,2022,3.61,2.9,4.42,3.62,3.98,3.53,46.9,64.8,73.2,74.7,72.7,66
161,2023,2.09,2.06,2.34,3.38,2.53,3.23,51.7,64.3,72.4,74.4,73,68.2
161,2024,6.19,3.27,3.87,6.18,4.44,0.56,52.6,65.5,73.8,72.8,72.5,67.8
161,2025,2.77,4.38,3.52,9.35,3.35,0.71,52.1,60.8,73.4,76.7,72.1,68.1
163,1980,1.82,3.13,2.35,2.9,3.23,4.46,53.3,64.9,74.2,82.7,81.2,71.4
163,1981,3.29,7.12,5.65,7.66,3.17,3.76,62,60.1,75.3,78.1,74.8,67
163,1982,2.43,5.04,4.23,4.29,4.13,3.88,50.7,69.4,69.7,78.1,73.5,66.9
163,1983,6.31,4.73,3.72,1.19,2.19,1.98,49.4,62,73.1,81.4,81.2,69.8
163,1984,4.86,4.26,1.94,2.48,2.85,8.26,53.2,61.9,76.8,75.8,77,66.7
163,1985,3.15,3.11,6.86,2.18,4.15,0.23,58.7,66.2,70.8,77,73.6,68.9
163,1986,1.49,4.12,3.1,3.6,3.59,5.56,59.4,66.8,76.9,81.1,72.6,72
163,1987,2.18,1.48,3.1,6.96,4.88,2.43,55.6,71.5,77.4,79,77.9,69.4
163,1988,1.46,1.63,1.75,3.74,2.2,2.92,55.6,66.5,75.7,78.8,80.2,69.6
163,1989,2.43,3.96,4.11,2.9,2.77,3.33,55.6,62,72.6,77,75.4,65.3
163,1990,3.86,11.01,3.79,2.97,2.51,2.11,53.5,61.9,74.8,77.8,74.8,71.5
163,1991,3.77,3.24,1.19,4.93,2.43,4.22,58.8,71,76.9,78,76.8,68.8
163,1992,3.48,1.39,2.36,3.96,1.99,3.23,56.3,63.8,71.3,77.7,71.5,67.2
163,1993,4.31,4.85,5.58,6.03,4.29,9.04,52,64.8,73.4,80.6,78.1,64.6
163,1994,11.33,1.95,3.99,1.76,2.42,2.52,56.6,62.6,76.4,76.5,74,66.5
163,1995,3.33,14.02,5.26,2.43,2.51,0.66,55,63,73.4,78.5,81,65.3
163,1996,10.31,4.17,4.03,3.39,2.43,3.85,52.2,67.6,74.4,75.3,76.1,66.2
163,1997,2.81,3.32,4.8,2.69,4.09,1.68,50.3,61,72.2,78.2,74.3,68.8
163,1998,4.68,3.19,7.42,6.07,4.25,1.61,55.1,70.4,75.2,78.1,77.1,73.8
163,1999,3.78,3.59,5.03,2.46,2.35,1.09,58.5,66,74.5,81.2,75,68.1
163,2000,2.62,5.66,8.99,6.33,4.37,2.68,54.5,68.6,73,76,78.8,68.3
163,2001,2.54,4.07,2.75,4.9,2.98,2.54,61.8,67.6,73,78.7,78,67.6
163,2002,4.66,7.21,2.95,1.72,3.03,3.03,58.2,62.5,76.4,80.9,78.2,72
163,2003,3.75,5.51,7.53,2.19,2.64,4.46,56.9,64.2,70,77.9,78.4,66.1
163,2004,1.67,8.65,2.65,6.36,4.42,0.17,57,69.1,72.5,75.6,71.5,68.6
163,2005,3.3,1.31,1.53,4.49,3.94,7.13,57.6,64.5,77.1,78.3,79,73.1
163,2006,2.06,3.68,3.25,2.1,2.63,2.57,61.6,65,74.9,79.6,78.7,66.6
163,2007,3.23,4.62,2.61,2.29,1.06,1.99,53.7,69.7,75.1,76,82.7,72.6
163,2008,5.77,8.8,2.68,6.34,1.82,5.31,53.8,62.3,75.8,77.4,75,69.6
163,2009,6.21,5.92,5.07,4.4,3.57,2.72,54.9,65.3,76.4,73.9,74,68.1
163,2010,2.83,5.75,4.31,5.79,3.37,4.13,61.8,67.2,78.9,80.1,79.6,69.9
163,2011,8.83,4.21,7.91,3.82,1.18,3.27,59.3,65.3,76.9,83.2,78.8,66.5
163,2012,6.37,1.2,1.21,1.19,3.67,6.54,59.2,71.4,75.4,84.8,77.2,67.6
163,2013,7.49,7.51,7.28,3.84,0.77,1.58,54.6,66.1,75,75.9,75.9,71.9
163,2014,7.39,2.14,5.01,1.22,5.56,3.72,56.5,67.2,75.8,73.4,77.6,67.9
163,2015,4.21,7.12,9.49,4.25,4.02,2.57,58.3,67.7,76,78.7,75.4,72.6
163,2016,3.91,5.02,1.33,5.58,6.82,6.67,57.8,64.6,78.9,79.7,78.5,73.2
163,2017,9.43,4.95,2.32,2.53,2,0.77,60.6,66.4,75.4,80.4,74,71.6
163,2018,2.67,4.6,4.7,3.68,5.56,6.8,49.4,73.6,78.8,78.4,77.2,73.8
163,2019,5.03,7.19,4.61,3.69,5.2,0.85,57,67.3,73.6,79.1,76.5,75.5
163,2020,4.77,5.35,3.39,7.33,4.39,0.99,53.5,63.3,76.1,79.9,74.7,68.6
163,2021,3.34,2.72,3.36,4.52,3.12,3.08,55.2,63.4,76.2,77,77.9,71.2
163,2022,3.57,5.38,1.49,7.47,2.78,1.74,54.6,67.5,76.3,80,76.9,69.2
163,2023,1.97,2.34,2.25,4.34,3.91,1.7,56.6,66.7,73.7,78.7,76.8,70.7
163,2024,6.63,6.43,2.1,8.86,1.28,4.81,58.5,69.6,77,76.5,76.4,70.4
163,2025,9.09,4.37,3.63,4.6,1.23,1.58,58,64.3,76.3,81.1,75.9,71.9
165,1980,2.63,2.71,3.41,3.75,2.67,4.77,53.8,64.9,73.5,81.2,81.3,71.9
165,1981,2.41,12.96,5.08,5.11,1.85,0.77,62.1,61.2,75.3,77.5,74.5,66.2
165,1982,2.73,6.46,3.46,3.99,2.2,3.03,51.5,69.1,69.9,77.6,74,66.9
165,1983,13.08,8.51,3.13,2.41,0.74,1.31,49.4,62.4,72.1,79.6,81,70.3
165,1984,5.35,4.74,3.09,3.46,1.33,4.87,53.6,61.9,76,74.9,75.6,67
165,1985,2.9,4.73,8.43,1.7,8.73,1.91,59.8,66.1,71.8,76.9,73.9,68.1
165,1986,2.59,6.13,1.96,5.84,4.24,3.43,58.8,66.6,75.7,80.3,72.9,71.8
165,1987,2.7,2.44,3.98,6.59,1.58,1.84,54.7,70.7,75.4,77.6,77.7,69.6
165,1988,2.23,1.86,1.55,5.63,2.67,4.36,55.7,65.1,73.9,78.1,78.9,68.7
165,1989,2.29,3.08,5.01,4.7,3.72,2.59,55.7,62.2,71.9,76.2,75.4,66.7
165,1990,4.87,10.61,3.15,3.37,3.82,2.79,53.5,62.2,74,76.6,74.2,70.5
165,1991,3.75,3.78,2.26,1.85,1.89,4.5,59.2,70.8,76.1,78.9,77.3,69.6
165,1992,2.62,2.98,2.73,5.22,4.24,5.18,56.6,62.6,70.4,77.9,71.4,67.5
165,1993,5.28,4,5.15,4.99,2.95,7.54,52.7,65.1,73,81.3,77.4,65.8
165,1994,5.84,1.43,5.1,1.15,3.03,3.07,57.2,61.6,76.3,76.8,73.1,66
165,1995,4.61,8.87,6.28,2.67,5.09,0.91,56.5,64.1,73.2,78,80.2,66.1
165,1996,10.1,7.17,4.19,6.88,0.87,5.01,51.8,68,73.7,75.2,76,66.3
165,1997,4.55,8.15,5.24,2.08,3.05,2.73,50.5,60.8,71.9,77.4,73.8,68.2
165,1998,6.19,4.12,10.35,4.12,2.96,0.77,55.7,69.5,75.3,78.1,76.2,73.7
165,1999,5.28,2.63,4.76,4.32,0.85,0.56,58.9,65.1,75,80.2,75.4,69.4
165,2000,2.81,4.13,8.1,3.17,3.42,2.98,54.6,68.1,73.8,74.5,77.4,68.1
165,2001,2.45,3.96,1.94,4.71,4.68,3.04,61.7,67.4,72.6,77.7,76.7,67.4
165,2002,6.4,8.04,2.09,1.34,1.57,5.61,58.7,63.4,75.9,80.9,78.9,72.7
165,2003,3.74,8.06,4.59,1.86,4.81,3.98,58.2,64.8,68.9,77.6,77,66.6
165,2004,2.61,6.69,2.55,5.33,2.81,0.09,57,69.4,73.4,75.8,71.5,69.8
165,2005,3.27,2.29,3.15,3.47,5.91,2.96,58.6,62.8,75,78,79.4,72.3
165,2006,2.52,4.38,2.45,6.25,3.5,8.68,62.5,65.1,74.5,78.6,77.9,65
165,2007,3.63,1.93,4.24,2.11,0.92,2.27,54.2,69.5,74.6,75.5,82,72.7
165,2008,6.67,5.94,3.31,6.06,1.32,1.4,54.6,62.9,76.1,76.9,75,71.6
165,2009,5.8,5.79,3.29,6.07,4.04,4.82,56.2,65.7,77.2,73.4,73.5,69.4
165,2010,3.86,4.72,4.71,1.42,3.72,1.24,61.5,67.9,78.7,80.2,79.5,70.1
165,2011,14.92,6.86,7.26,5.12,1.93,7.19,59.4,65.1,76.5,81.6,77.4,66.9
165,2012,1.91,1.12,0.95,3.55,3.77,5.66,59,71.2,74.7,84.6,76.5,68.2
165,2013,4.24,3.68,4.44,3.94,3.65,1.99,55.1,66,74.3,74.3,74.8,70.6
165,2014,9.17,3.15,4.5,2.12,4.79,2.27,57.1,67.2,75.4,72.5,76.6,67.8
165,2015,6.28,5.03,7.48,7.61,3.26,2.71,58.4,67,75.2,78.6,73.7,71.1
165,2016,4.64,6.54,2.21,10.27,7.55,3.56,57.5,63.6,77,78.9,77.8,72.4
165,2017,9.67,5.44,2.81,2.7,2.44,1.65,60.6,66.3,73.7,78.8,73.4,70.4
165,2018,4.72,4.76,7.72,3.17,2.84,6.74,50.1,72.6,77.2,77.4,76.1,73.1
165,2019,6.57,6.95,5.97,3.38,2.95,0.34,57,67.2,72.6,78,75.9,75.2
165,2020,2.75,5.24,6.9,4.61,4.22,2.24,53.2,63.5,74.2,79.6,74.3,68.4
165,2021,3.43,3.64,3,6.84,3.01,2.06,54.7,62.1,75.1,76.7,77.3,70
165,2022,3.67,3.3,2.86,4.46,2.56,0.79,54.3,68.2,75.4,79.5,76.4,69.8
165,2023,2.67,4.03,0.97,4.87,3.28,1.76,56.7,65.7,73.1,78.4,75.6,69.8
165,2024,4.61,6.56,2.03,6.03,1.22,8.59,59.2,69.8,75.5,76.9,76.3,70.9
165,2025,8.86,5.13,5.79,2.71,0.28,3.76,58,64.4,75.9,80.5,75,71.2
167,1980,2.12,2.5,3.38,2.48,4.61,5.24,50.8,63.9,71.4,80,78.2,68.5
167,1981,5,6.71,5.47,9.71,7.77,1.46,59.4,59,73.6,76.2,72.7,66.1
167,1982,3.22,4.36,3.55,4.82,3.1,3.1,48,68.9,67.3,75.8,71.8,65.8
167,1983,5.23,5.95,3.63,1.68,1.36,1.3,47.6,59.5,73.3,79.9,79.6,68.4
167,1984,5.74,6.22,2.16,3.05,0.91,5.34,50.6,59.7,75.3,74,75.8,65.1
167,1985,2.29,2.34,5.03,3.05,6.14,0.92,57.2,64.9,69.6,74.3,70.5,67.4
167,1986,1.48,2.94,4.69,6.47,1.52,7.98,57.1,65.4,74.3,78.4,69.8,69.9
167,1987,2.61,0.96,3.74,3.99,3.44,1.37,53.9,69.7,75.4,78,75.2,67.3
167,1988,1.2,1.61,0.72,1.86,1.63,2.01,52.9,65.3,73.5,78,78.2,68.3
167,1989,5.01,4.44,1.52,3.36,2.72,5.38,52.1,59.5,70.9,75.7,73,63.5
167,1990,1.81,8.08,7.59,4.14,2.99,1.93,50.7,59.5,72.8,74.9,73.2,68.5
167,1991,3.91,5.75,1.66,3.15,4,3.57,57.2,69.1,75.7,75.6,74.6,67
167,1992,3.28,0.99,2.11,7.8,0.79,2.21,52.1,61.9,69.5,74.2,69.4,65.7
167,1993,5.19,2.04,5.81,8.66,4.3,8.58,50.2,63.6,71.3,76.8,75.4,61.8
167,1994,8.77,3.63,4.62,2.28,3.41,1.68,53.2,61.1,74.5,74.4,71.6,65.5
167,1995,3.37,8.71,2.44,2.54,4.06,0.84,50.9,60.3,72.6,77,79.2,63.6
167,1996,3.84,9.16,2.55,3.04,2.39,1.5,49,62.9,72.2,72.4,73.6,64.3
167,1997,1.52,3.24,1.75,1.14,4.52,3.26,48.1,58.6,70.8,75.4,71.6,66.8
167,1998,4.26,5.19,8.76,2.96,4.56,1.56,52.9,68,71.9,75.6,74.9,71.3
167,1999,5.53,2.99,3.77,2.35,4.66,2.27,54.9,64.4,72.2,78.1,71.6,64.8
167,2000,2.08,2.42,7.08,3.55,3.92,3.25,52.1,65.8,70.3,73.5,75.4,67
167,2001,2.51,3.43,4.25,2.53,3.89,2.87,58.9,65.4,70.1,76.4,74.5,64.6
167,2002,6.53,8.29,4.9,3.47,5.3,1.67,53.9,59.6,74.8,78,74.9,68.7
167,2003,3.25,3.95,4.72,4.6,2.2,3.8,54,61.6,68.1,75,75.3,63.6
167,2004,2,5.26,3.14,3.98,4.25,0.23,55,66.5,69.6,72.8,68.6,68
167,2005,2.16,1.97,1.49,2.33,2.65,3.81,56.3,61.8,75.2,76.6,76,71.2
167,2006,4.66,2.48,2.1,4.33,3.65,2.41,57.8,63.5,71.9,77.6,74.9,64.4
167,2007,3.07,1.88,4.55,1.78,2.43,1.33,51.1,68.5,72.8,73,79.4,70.7
167,2008,3.59,4.8,6.93,8.49,1.99,8.22,51.2,59.5,73.9,74.4,71.6,66.8
167,2009,5.84,5.58,5.52,3.29,3.71,2.9,52.3,63.4,73.3,70.5,70.6,65.5
167,2010,3.51,6.21,8.67,5.41,3.09,6.69,59.7,64.2,75.6,77.8,77,67.5
167,2011,5.83,4.44,6.98,1.98,0.44,1.97,54.6,62.9,73,80.4,75.6,63.7
167,2012,3.81,2.27,1.35,0.61,2.57,4.82,55.8,68.6,72.2,82,74.1,65.1
167,2013,5.97,9.17,3.76,2.69,0.53,1.57,50.8,63.8,72.4,73.2,72.5,68.7
167,2014,4.31,2.73,7.54,2.09,6.63,5.53,54,64.8,73.8,70.5,74.4,65
167,2015,2.41,6.48,8.85,4.24,2.04,3.34,55.2,65.8,73.2,74.9,72.3,71.3
167,2016,2.82,3.51,1.96,7.95,7.72,2.22,54.2,63,75.9,76,76,71.6
167,2017,7.18,4.33,1.36,4.75,1.79,0.39,57.7,63,73.7,77.2,70.9,69.5
167,2018,2.12,3.15,5.32,5.92,6.42,2.98,46.3,72.7,75.8,74.9,75.2,71
167,2019,5.09,7.43,6.1,1.46,4.36,5.58,53,63.3,71.2,77.4,72.8,72.2
167,2020,6.42,5.54,2.39,4.96,1.5,2.33,50.2,60.6,74.4,77,72.1,65.8
167,2021,2.86,5.77,5.49,5.26,5.1,3.48,52.8,61.5,74.7,74.4,75.3,69.4
167,2022,2.74,3.8,3.48,5.53,4.7,3.6,50.4,65.6,73.8,75.6,73.8,66.6
167,2023,2.05,3.43,1.54,3.24,5,2.01,54.3,65.2,72.2,75.5,73.8,68.8
167,2024,6.32,2.8,2.44,6.54,3.81,1.73,54.7,67.8,75.2,74.1,73.8,68.4
167,2025,4.24,3.18,3.43,6.54,0.52,0.81,54.5,62.2,74,78,72.7,68.8
169,1980,2.45,3.41,3.97,3.14,6.79,5.84,50.7,64.1,71.3,79.9,77.3,67.5
169,1981,6.27,6.01,7.33,11.53,3.66,2.29,58.1,58.6,72.7,75.4,72.2,65.5
169,1982,4,3.55,4.41,7.4,4.34,2.92,47.1,67.4,67,75.6,71.4,64.5
169,1983,7.33,5.13,2.02,0.82,1.92,2.85,46.5,58.7,73,80.6,80.6,67.5
169,1984,4.68,6.76,2.84,5.12,1.32,4.56,49.8,59.5,74.7,74.1,75.3,64.2
169,1985,1.65,4.18,2.22,4.8,5.07,2.87,57.2,65.2,69,75,70.3,66.6
169,1986,1.63,4.14,4.67,8.41,1.34,8.12,56.8,64.4,74,78.2,69.3,69.6
169,1987,2.09,1.32,3.63,1.67,4.97,1.85,53.7,68.4,75.2,78.8,75,66.7
169,1988,1.32,2.25,2.13,0.77,2.61,1.42,52.1,65.3,73.7,78.1,78.7,68.4
169,1989,3.5,3.36,1.81,2.84,3.54,3.32,51.9,60,70.7,76.9,73.6,63.4
169,1990,2.23,7.41,9.4,4.28,3.84,1.82,50.9,58.7,72.5,75.3,73.7,68.7
169,1991,3.6,9.37,0.58,2.89,3.18,4.6,56.8,68,75.5,75.8,74.4,66.7
169,1992,3.53,0.55,1.48,8.85,0.61,5.48,50.3,62,69.4,73.9,68.6,64.4
169,1993,5.5,2.52,6.69,9.52,4.75,9.35,49.4,64.2,70.6,76.2,76,60.9
169,1994,6.22,4.07,3.62,2.02,3.63,1.39,53.4,61.6,74.5,74,71.3,65.5
169,1995,4.97,11.66,3.22,2.8,5.54,2.31,49.2,59.5,71.4,76.2,79,62.5
169,1996,2.03,10.8,4.1,2.92,2.44,2.04,48.4,62.3,71.9,73.1,73.6,64.1
169,1997,2.27,3.64,2.15,1.33,4.34,1.82,47.8,58.3,71.3,75.8,72,67.2
169,1998,4.6,5.21,9,3.03,1.92,3.22,52.8,68,71.8,75.9,75.2,71
169,1999,4.98,3.17,3.93,2.76,3.09,1.73,54.8,64.3,72.4,79,72,64.9
169,2000,2.36,3.68,7.13,4.42,2.85,2.77,52.8,64.8,70,74,75.2,67.4
169,2001,3.64,4.96,4.82,1.82,6.64,3.06,57.6,65.2,69.9,77,75.1,64.8
169,2002,5.4,7.93,4.55,3.22,3.9,0.68,52.8,59,74.3,78,74.2,68.8
169,2003,4.34,2.99,4,6.1,2.9,5.44,53,62,68.7,74.8,75.5,63.3
169,2004,1.66,5.67,3.4,2.91,6.62,1.11,54.3,65.9,69.4,72.6,68.4,67.7
169,2005,3.47,1.32,1.64,2,3.29,3.74,56.1,62,75.4,77,75.4,70.7
169,2006,2.93,1.96,2.74,3.6,2.7,2.27,57.7,63.2,72.3,78.2,75.2,63.9
169,2007,3,1.68,4.67,1.32,1.79,0.92,50.3,67.9,72.8,72.9,79.2,70.2
169,2008,4.07,3.54,6.97,5.94,3.86,10.18,50.6,58.9,73.1,74.5,71.5,65.2
169,2009,6.31,5.06,5.67,2.15,6.92,2.61,51.4,63.1,72.9,70.2,70.5,65.1
169,2010,4.88,6.41,9.74,8.62,4.28,6.33,59.4,63.4,75,77.1,76.3,66.6
169,2011,4.26,4.54,10.05,1.84,0.38,2.46,52.4,61.5,72.1,80.3,75.1,63.2
169,2012,2.64,1.81,1.87,1.03,2.08,4.89,54.4,67.8,71.8,81.6,73.4,64.5
169,2013,7.17,10.26,3.92,3.07,0.21,2.7,49,63.2,71.6,73,72.7,68.4
169,2014,3.46,1.87,7.54,3.55,6.04,7.41,52,63.8,72.8,70.2,73.6,64.3
169,2015,2.45,5.3,12.15,6.73,2.73,1.8,55.1,64.6,71.7,73.6,71.5,70.8
169,2016,2.36,4.15,1.01,7.05,6.6,3.42,53.1,61.9,75.1,74.8,75,70.4
169,2017,6.78,5.88,2.57,3.13,4.53,1.01,56.6,62.6,73.1,76.9,70.4,69.1
169,2018,1.93,2.99,4.15,4.28,7.89,5.14,44.8,72.4,76.6,75.5,75.4,70.4
169,2019,3.51,10.34,5.24,1.56,4.29,6.17,52.6,62.2,71.6,78,72.5,72
169,2020,4.47,4.69,4.19,6.01,0.59,3.67,50,60.6,74.2,76.6,72.7,65.2
169,2021,4.68,5.6,4.91,6.49,3.03,1.79,52.1,60.8,73.8,74.4,74.8,69.8
169,2022,3.3,4.65,4.48,3.85,1.43,4.79,48.8,64.9,73.4,75,74,66.8
169,2023,1.92,2.8,1.57,3.02,4.38,0.96,53.8,64.2,72.1,75.4,73.8,68.7
169,2024,7.34,3.36,2.22,6.51,3.12,1.3,54.6,67.1,75.4,73.8,73.7,68.6
169,2025,2.97,3.85,4.68,7.74,0.63,1.18,54.2,62.1,73.6,77.6,72.6,69.3
171,1980,1.78,3.17,2.98,4.18,5.66,4.02,51.6,64.2,72,80.7,79,68.7
171,1981,5.36,6.53,5.79,11.83,3.1,1.83,59.8,59,73.8,76.5,72.9,66.2
171,1982,3.13,4.25,5.17,5.29,4.32,3.12,48.9,68.4,67.8,76.4,71.9,65.4
171,1983,6.44,4.86,2.62,1.02,1.28,1.71,47.8,59.7,73.3,80.7,80.6,67.9
171,1984,5.85,5.2,2.29,3.89,1.48,4.06,51.4,60.2,75.5,74.6,76.1,65.1
171,1985,1.54,3.25,4.53,4.79,6.28,2.21,57.7,65.6,69.6,74.7,70.6,67.8
171,1986,1.21,3.66,5.41,6.81,1.48,8.23,57.9,65.5,74.9,78.7,70.8,70.3
171,1987,3.25,1.83,2.52,2.98,3.94,1.5,54,69,76.1,78.9,76.3,67.4
171,1988,1.23,1.98,1.47,1.68,2.85,2.03,53,65.5,74.1,78.3,79.3,68.6
171,1989,2.88,4.47,2.03,3.49,2.47,3.41,53,59.7,71.1,76.8,73.5,63.8
171,1990,2.34,9.17,5.9,3.41,2.59,2.52,51.2,59.9,73,75.9,73.5,69.5
171,1991,3.86,7.94,2.23,3.27,3.18,2.79,57.2,69.4,76.2,76.5,75,67.5
171,1992,3.26,1.03,1.02,5.49,1.3,3.19,52.5,62.2,69.6,75,69,65.3
171,1993,5.24,2.33,6.77,8.74,5.24,10.43,49.7,63.5,71.1,76.8,76.5,62.1
171,1994,8.61,2.64,3.66,1.99,3.36,1.69,53.5,61,74.8,74.7,72.2,65.9
171,1995,3.32,8.23,3.2,2.47,5.79,1.42,50.7,60.1,72.3,76.8,79.5,63.1
171,1996,3.33,7.99,2.87,3.02,2.27,1.92,48.8,63.3,72.1,73.2,74.4,64.5
171,1997,2.13,3.53,3.01,0.96,3.65,2.36,48.1,59,71.3,76.3,72.1,67.4
171,1998,4.21,5.06,9.88,2.63,1.57,3.34,53.3,68.2,72.7,76.6,75.9,72
171,1999,5.12,3.23,2.84,1.54,2.71,1.97,55.5,64.3,72.7,79.2,72.8,65.1
171,2000,2.06,3.22,8.53,4.43,3.35,3.09,52.9,66.4,70.7,74.4,76.1,67.4
171,2001,2.74,4.64,6.42,2.46,4.78,3.56,59,65.8,70.4,77.2,75,65.6
171,2002,6.32,8.41,3.98,2.14,5.78,1.76,54.4,59.9,74.7,78.4,75.4,68.7
171,2003,3.71,4.12,4.57,6,1.61,6.03,54.3,62.4,68.7,75.3,75.5,63.9
171,2004,2.46,4.01,2.41,4.33,4.9,0.48,54.9,66.9,70.1,73.4,68.9,67.9
171,2005,2.07,0.81,1.65,1.56,4.09,3.51,56.6,62.2,75.5,77.6,76.2,71
171,2006,2.15,1.77,2.95,3.79,3.86,3.17,58.5,63.2,72.6,78.4,76,65
171,2007,2.45,2.55,3.29,0.67,1.71,0.9,51,68.8,73,73.9,80.4,70.6
171,2008,4.38,4.38,8.26,7.94,2.69,9.78,51.4,59.6,73.8,75.3,72.2,66.8
171,2009,5.67,5.45,4.58,3.26,4.78,3.73,52.3,63.5,73.9,70.8,71.6,65.4
171,2010,5.06,6.14,8.31,9.27,4.52,5.05,60,64,76,78.1,77,67.8
171,2011,4.83,4.68,10.97,2,0.44,2.06,54.4,62.3,73.2,80.8,75.9,64.6
171,2012,5.11,2.02,1.66,0.77,1.94,6.12,56.2,68.6,72.2,82.4,74.2,65.4
171,2013,5.95,9.85,4.1,3.52,0.33,2.94,50.7,63.6,72.6,74,73,69.7
171,2014,4.51,3.4,8.46,2.24,5.85,5.8,53.7,64.6,74,71.1,75,65.2
171,2015,2.46,6.58,11.59,9.72,2.28,1.42,56,65.9,72.7,74.7,72.9,71.6
171,2016,2.45,3.55,1.14,8.42,4.18,2.75,55,63.3,76.9,76,75.9,71.8
171,2017,7.96,6.27,2.56,2.71,2.29,0.38,57.6,63.5,73.3,77.8,71.4,69.7
171,2018,2.26,3.64,2.73,4.47,6.63,1.7,46,73.1,77.3,76.4,75.2,71.7
171,2019,4.36,8.11,5.83,2.29,5.07,2.61,53.2,63.6,71.6,78.2,73.2,73
171,2020,4.57,5.59,3.69,5.3,1.51,3.12,50.5,61,74.2,77.4,72.6,65.9
171,2021,3.86,4.93,7.48,6.07,3.55,2.31,52.9,61.6,74.4,75.3,75.5,70
171,2022,3.73,4.91,4.71,6.25,1.63,2.54,50.3,65.2,74.2,76.1,74.4,67
171,2023,2.26,3.43,2.17,3.21,4.2,0.82,54.6,64.5,72,76,74,68.7
171,2024,5.52,5.53,2.5,5.83,3.13,2.34,55.4,67.6,75.5,74.1,74.3,68.4
171,2025,3.78,2.98,4,6,1.25,1.04,54.6,62.8,74.4,78.8,73.5,69.9
173,1980,2.36,3.24,3.52,4.16,4.56,4.41,50.8,64.1,71.3,79.6,77.9,69
173,1981,5.13,6.85,3.33,5.54,7.36,3.29,58.6,58.7,73.9,75.7,72.4,65.1
173,1982,2.69,3.93,4.85,5.42,3.41,2.89,48.3,68.4,67.4,76.2,71.4,66.1
173,1983,4.57,6.04,6.34,3.45,1.79,0.97,48,59.8,72.7,79.2,78.8,68.4
173,1984,5.69,5.14,1.05,2.06,1.43,5.72,50.9,59.9,76,74.1,75.6,64.8
173,1985,3.53,2.3,6.48,2.4,5.77,0.41,57.1,64.9,69.8,74.6,71.2,67.6
173,1986,1.34,3.25,2.84,7.82,1.13,4.72,56.5,65.4,74.3,78.6,70,70.5
173,1987,2.61,1.65,3.1,6.52,2.68,2.15,53.3,69.4,75.1,76.5,74.9,68
173,1988,1.23,1.43,0.71,4.07,1.5,1.78,53.8,65.5,74,78,78.2,68.8
173,1989,4.58,4.62,1.94,2.01,2.9,5.11,52.5,59.6,71.6,75.7,73.5,64
173,1990,3,8.52,5.51,2.8,3.42,1.29,51.2,60.1,73,75.2,72.6,68.8
173,1991,2.67,3.64,2.01,3.08,2.94,2.28,57.4,69.9,75.9,76.5,75.5,67.8
173,1992,3.45,1.54,1.41,7.82,2.07,2.81,52.6,61.9,69.8,75,69.4,65.6
173,1993,4.72,2.55,3.76,7.32,4.96,9.03,50.5,64.1,72.2,78,75.8,62.7
173,1994,9.29,2.54,5.29,2.99,2.61,2.94,53.6,60.6,74.8,74.7,71.4,65.3
173,1995,3.74,8.73,4.1,3.24,3.42,0.67,52.2,61,72.6,77,79.2,64.4
173,1996,6.2,8,3.6,1.8,1.41,3.22,49.4,63.7,72.6,73.8,74.9,65.2
173,1997,1.47,3.26,2.66,2.36,3.95,2.37,48.6,58.6,70.9,75.8,71.6,67.2
173,1998,4.46,4.88,8.4,3.5,3.49,1.51,53.4,67.8,72.8,75.8,75.2,71.8
173,1999,4.81,4.06,7.2,1.76,2.3,1.57,54.9,64.7,72.6,78.9,73,66.9
173,2000,2.28,4.36,8.05,5.12,5.4,4.85,52,65.4,71,73.7,74.6,66.1
173,2001,2.15,4.27,4.57,2.98,3.29,2.08,58.7,65.3,70,75.9,75.6,66
173,2002,6.29,11.27,4.57,1.91,1.87,2.43,55,59.9,74.6,79,76.3,70.7
173,2003,2.28,5.71,2.85,4.46,2.97,6.13,54.8,62.1,68.1,75.7,75.6,64.6
173,2004,1.09,7.1,2.68,4.76,4.51,0.15,55.2,67.6,70.5,73.4,69.7,68.8
173,2005,2.04,1.88,1.85,3.34,3.28,3.76,56.5,62.2,75,77,76.7,71.6
173,2006,3.9,4.34,2.71,3.09,4.3,1.74,58,62.8,72.6,77.6,75.5,64.5
173,2007,2.94,2.46,4.8,2.8,2.52,1.87,51.4,68.5,74,73.5,79.6,71.2
173,2008,4,4.92,5.95,6.94,2.17,7.21,51.8,59.7,74.1,74.6,72.2,68.1
173,2009,7.28,6.43,4.88,3.6,3.74,1.25,52.8,63.9,73.9,71.4,71.7,66.7
173,2010,3.3,3.74,10.02,6.49,2.41,5.31,59.9,65.2,76.1,78.1,77.6,67.9
173,2011,8.95,4.35,7.4,3.09,0.72,2.71,55.4,63.1,73.6,80,75.2,64.5
173,2012,4.91,2.22,1.12,0.46,5.77,7.52,55,69.3,72.9,82.9,74.7,65
173,2013,8.34,7.33,5.33,3.61,1.01,1.3,51.2,64.6,72.3,73,72.6,69.2
173,2014,5.75,2.96,5.5,3.18,3.99,4.08,53.9,64.2,73.5,70.1,73.8,65
173,2015,3.22,4.71,8.65,2.54,3.07,2.99,54.7,66.2,72.3,74.3,72.4,70.6
173,2016,4.74,3.53,2.75,7.39,7.04,2.74,53.6,62.2,75.5,75.6,75.9,71.1
173,2017,7.14,6.86,2.25,4.65,1.27,0.64,57.1,63,73,77.2,71.2,69.4
173,2018,3.49,2.8,8.03,5.67,4.8,3.37,45.8,72.1,75.6,74.9,74.6,71.2
173,2019,4.06,7.71,7.06,3.27,6.42,1.45,53.5,64.2,71.3,77.2,73,72.1
173,2020,4.85,5.5,3.8,7.8,1.84,1.15,50,60.9,73.8,77,72.4,66.4
173,2021,2.56,5.81,6,6.37,4.98,3.55,52.6,61.2,73.7,74.7,75.3,69.6
173,2022,3.06,3.81,2.08,6.8,7.47,2.98,50.4,65.5,74,76.2,73.6,67
173,2023,2.39,2.67,2.32,3.22,4.5,1.11,54.1,64.9,71.9,76.1,73.9,69
173,2024,7.28,3.55,1.73,7.98,2.72,2.95,55.1,67.8,74.6,73.6,73.7,68.9
173,2025,6.69,3.83,2.47,6.54,0.32,1.28,54.2,62.4,74.6,79,73.7,70.1
175,1980,3.13,2.9,5.03,2.69,8.28,3.82,48.8,62.5,68.9,76.4,75.4,66.3
175,1981,6.64,3.93,6.21,5.06,7.92,2.74,54.6,57.2,70.8,72.9,70.2,62.9
175,1982,4.43,4.99,2.61,8.75,2.1,1.37,44.5,66.1,65.6,74,70,63.3
175,1983,5.18,2.93,3,1.59,1.55,5.23,45.2,57.6,71.6,78.6,77.8,65.3
175,1984,4.55,4.59,3.07,3.65,1.14,2.83,48.2,57.7,72.7,71.8,73.8,63
175,1985,1.04,3.56,3.41,3.04,2.99,2.26,55.9,63.6,67.9,73,69,65.6
175,1986,1.28,4.65,4.93,6.17,2.03,6.27,54,62.4,70.7,75.3,67.7,67.4
175,1987,1.7,2.92,2.04,1.99,9.68,2.46,52.6,66.3,73.3,77.4,72.1,64.6
175,1988,2.14,1.77,1.14,0.35,3.53,2.21,50.1,63.8,72.5,77,77.8,66.7
175,1989,2.79,2.16,2.86,2.62,4.38,8.74,49.2,58.4,68.8,74.7,71.6,61.3
175,1990,2.04,7.1,9.98,4.86,5.65,0.71,49.6,56.9,70.4,72.4,71.4,66.2
175,1991,3.06,4.76,2.52,0.81,3.16,2.96,54.1,67,74,74.9,73.1,64.4
175,1992,2.5,0.46,1.54,12.55,1.85,5.83,48.1,60.6,68.1,70.2,66.4,61.8
175,1993,5.23,3.17,6.49,8.77,6.91,4.59,46.8,62.1,68.5,73.8,72.5,59.3
175,1994,2.48,1.85,5.51,2.34,3.39,2.12,51.2,60.6,72.5,72.1,68.9,64.5
175,1995,5.27,9.35,2.49,4.15,4.05,1.54,46.8,58.1,71.8,75.3,78,61.3
175,1996,2.61,7.89,3.78,5.16,1.87,2.09,46.8,57.9,70.2,71.3,71.4,62.6
175,1997,2.34,3.13,3.35,2.71,8.11,2.96,46.1,56,70,73.5,69.4,65.1
175,1998,4.59,4.02,7.9,3.09,3.72,3.26,51.3,66.1,69.6,73.9,73.6,69
175,1999,5.6,5.06,5.22,2.41,3.87,3.8,52.3,63.4,70.8,77.4,69.6,62.2
175,2000,3.87,3.58,5.97,3.11,3.23,4.27,50.3,63.7,68.6,71.9,72.9,65.5
175,2001,3.67,5.45,4.83,2.86,2.46,3.99,55.4,63.5,68.6,74.8,72.9,62.2
175,2002,4.48,5.91,4.68,2.99,6.02,0.92,50.4,57.4,72.4,76.9,72.8,67.2
175,2003,2.18,6.06,2.8,5.1,1.3,3.35,51.4,59.3,67.2,73.6,74.2,62.7
175,2004,1.53,8.09,2.01,2.91,5.15,1.42,52.6,63.8,69.1,71.6,66.7,66.1
175,2005,1.72,1.15,1.12,2.1,2.42,2.41,54.2,59.7,75,75.4,73.4,69.2
175,2006,5.38,2.26,2.39,3.05,4.88,2.69,54.8,61.6,70.1,77.1,72.9,62.7
175,2007,3.68,1.8,3.08,4.34,6.33,0.58,48.4,67.4,71.5,71.9,75.7,67.5
175,2008,3.66,4.24,4.91,3.56,1.76,10.04,50.2,58.2,71.9,73.4,70.1,65.4
175,2009,6.14,6.28,5.85,5.52,4.08,2.46,49,61.4,71.2,68.7,69.1,63.9
175,2010,3.31,7.05,10.23,3.36,5,3.54,57.8,62.4,73.3,76.6,74.8,65.6
175,2011,5.91,7.45,5.12,2.98,2.75,3.9,49.4,60.8,71.2,79.1,73.3,61.6
175,2012,2.45,4.54,2.58,1.58,3.71,4.26,52.5,66.4,71.1,79.8,71.3,63
175,2013,8.55,7.96,5.72,1.91,1.05,1.15,47.6,62.9,70.2,72.5,71.6,67
175,2014,3.37,2.57,7.73,4.01,4.16,4.85,49.5,62,71.4,69.1,71.8,63
175,2015,2.93,4.96,9.17,3.7,2.46,2.41,52,63.3,69.4,71.8,69.7,69.4
175,2016,1.74,3.67,4.54,6.04,7.42,2.4,50.2,61.1,72.8,73.4,73.5,69.5
175,2017,6.22,3.89,3.61,4.74,1.65,0.72,53.9,59.7,71.5,73.8,68.6,67.1
175,2018,1.11,4.37,5.57,3.69,4.15,5.11,41.9,69.1,73.3,73.3,73.3,68
175,2019,4,11.47,4.6,1.54,2.45,11.53,49.6,59.3,69.9,76.9,70.9,69.4
175,2020,3.7,4.93,2.01,4.91,0.57,7.06,47.9,59,72.6,75.7,71.7,63.6
175,2021,4.2,6.11,5.56,6.23,4.02,1.61,50.6,59.5,73.4,73.8,74.1,68.8
175,2022,3.48,3.78,4.32,4.18,3.46,3.05,46.4,64,71.8,73.6,71.7,66.1
175,2023,1.88,1.62,1.28,5.12,4,4.33,51.4,63.2,70.9,73.7,71.9,67
175,2024,5.34,3.78,3.79,6.6,3.57,0.89,52.7,65.8,73.8,72.2,72,67.6
175,2025,2.76,3.32,3.84,8.71,1.75,0.7,52.5,61,72.8,76.7,71.6,67.8
177,1980,2.71,3.18,4.96,3.23,7.47,6.07,46.5,59.6,66.1,74.2,71.9,62.5
177,1981,5.45,1.1,6.43,3.57,8.37,4.79,50.9,55.6,68.3,70.9,68.4,60.2
177,1982,2.46,5.49,3.41,5.61,3.73,1.36,42.2,63.6,62.7,72.6,67.6,60
177,1983,3.26,5.36,2.96,3.31,3.25,3.39,43,54.2,69.4,75.8,74.9,61.7
177,1984,3.77,4.11,5.46,3.7,2.16,2.92,46.6,54.8,69.8,70.3,71.7,60.5
177,1985,1.45,3.55,3.07,3.03,4.37,3.33,53.4,61.7,65.6,71.4,66.5,62.9
177,1986,2.38,5.04,3.79,2.89,3.33,9.83,51.4,59.9,68,74.1,66,63.6
177,1987,2.64,5.06,2.45,4.32,8.49,1.72,50.9,62.8,71.3,75.2,69.9,61.6
177,1988,2.65,1.34,0.46,1.67,2.68,2.18,47.4,62,70.9,75,75,63.7
177,1989,1.7,1.52,2.64,5.17,5.27,3.86,46.2,57.1,66.8,73.5,68.9,59
177,1990,3.07,4.23,8.28,3.19,6.32,0.97,48,55.3,68.3,71,69.9,64.4
177,1991,2.52,3.31,3.36,1.14,2.6,3.98,50.6,64.2,71.4,72.2,71,60.8
177,1992,2.83,0.65,1.6,7.3,2.22,5.05,44.5,58.5,65.2,67.6,64.6,59.7
177,1993,5.57,4.29,12.01,5.09,4.51,4.78,43.8,59.8,65.6,71.7,70.9,57
177,1994,1.35,1.74,6.14,3.62,5.95,4.06,48.8,57.7,70.2,69.9,66.6,63.3
177,1995,4.95,6.22,2.47,4.1,3.5,2.23,43.2,56.9,71.1,73.4,76.2,59
177,1996,2.77,7.95,6.1,5.25,3.2,1.86,44.5,54.8,68.1,68.8,70.1,61.4
177,1997,1.97,4.5,5.8,2.75,3.95,3.49,44.4,53.7,69.4,71.7,67.6,62.8
177,1998,4.96,3.68,6.33,2.67,5.59,3.49,49,64.6,68,72.1,72,66.4
177,1999,6.75,3.6,6.09,4.93,2.43,2.97,49.9,61.5,69.6,76.5,68.5,60.7
177,2000,3.75,5.59,8.67,3.61,2.66,5.42,47.8,61.7,67,70.9,71.2,63.3
177,2001,3.54,5.25,3.76,2.56,4.69,6.98,53,61.5,67.4,74.1,72,60.7
177,2002,4.14,3,6.27,2.27,5.8,2.73,48.7,55.9,70.8,75.8,71.4,65.3
177,2003,2.05,5.4,2.58,3.99,1.08,3.44,48.2,57.3,66.6,71.6,73.4,62.1
177,2004,1.93,8.17,5.06,3.92,3.3,0.79,49.9,60.4,67.2,70,65.8,64.6
177,2005,1.7,2.42,2.4,2.68,4.03,2.61,52.8,56.6,73.4,73.3,71.2,67.4
177,2006,5.39,3.04,4.75,4.71,3.27,3.79,52.5,59.6,67.8,74.6,71.4,60
177,2007,4.7,1.35,4.39,4.64,10.17,1.91,46.6,63.8,69.6,71.3,72.9,65
177,2008,6.14,4.37,7.46,5.13,2.26,5.03,48.7,56.3,69.3,72,68.8,63.8
177,2009,4.54,3.29,5.1,5.54,6.92,1.8,47.4,59.4,68.7,66.3,67.5,62.7
177,2010,3.91,4.57,7.73,9.88,3.99,2.91,54.7,61.4,70.2,74.8,73.7,63
177,2011,4.03,3.5,3.64,8.37,3.54,3.46,47.1,58.7,69.6,76.7,70.9,59.6
177,2012,2.76,2.47,1.52,1.63,2.63,1.75,49.2,64.5,70.7,78.9,70.1,61.2
177,2013,8.16,4.77,7.24,1.81,1.56,2.02,45.3,61.2,68.5,70.9,70.1,64.6
177,2014,4.05,2.76,8.93,2.77,4.86,2.59,46.9,59.9,70.2,67.9,70.5,61.1
177,2015,2.11,5.76,9.23,3.1,3.39,4.77,49.8,60.6,67.8,70.2,69,67.9
177,2016,2.62,3.24,5.54,5.68,5.84,3.51,48.6,60,70.4,73,73.2,67.8
177,2017,5.06,5.23,5.31,9.82,2.34,0.29,51.8,57.5,70.4,72,66.9,65.4
177,2018,1.51,4.6,7.68,4.64,7.11,8.44,39,66.2,70.7,71.8,71.7,65.6
177,2019,3.67,6.82,4.53,3.7,4.87,11.26,47.8,56.8,68.2,75.6,68.8,67.1
177,2020,2.51,6.41,4.39,4.2,2.53,6.24,45.6,57.3,70.9,75.4,71.2,61.2
177,2021,2.25,3.3,2.72,3.11,3.3,0.74,49.6,58.5,72.6,71.8,72.3,66.2
177,2022,4.3,3.74,3.27,6.56,7.03,3.85,44.1,62.3,69.7,72.4,70.3,63.6
177,2023,2.63,2.72,1.66,5.88,1.39,2.99,48.5,60.1,68.6,71.4,70.7,66
177,2024,5.37,4.78,6.4,6.89,3.13,1.02,49.3,62.6,71.1,71.2,70.7,65.5
177,2025,1.75,2.64,4.56,7.06,4.39,0.78,48.1,58.3,71.8,74.3,69.6,65.5
179,1980,3.05,2.71,7.91,1.56,6.51,4.04,49.2,63,69.6,78.5,76.6,67.4
179,1981,5.98,6.16,6.89,7.55,7.12,2.47,56.1,58,72.6,74.3,71.4,64.8
179,1982,4.81,3.94,3.26,6.29,4.42,1.59,46.1,67.7,66.6,75,70.4,64.4
179,1983,6.29,5.27,4.58,1.39,1.83,3.69,46.2,58.4,72.2,79.4,79.3,67
179,1984,5.03,5.82,2.64,3.93,0.82,2.79,49.4,58.6,74.3,72.6,74.2,64
179,1985,1.61,3.17,4.4,3.72,3.67,2.19,56.5,64.4,68.8,73.4,69.7,66.7
179,1986,1.14,3.83,6.53,6.22,1.23,7.61,56.1,64.1,72.6,77,68.9,68.9
179,1987,1.83,2.21,3.38,2.33,4.17,1.47,53.3,68.3,74.3,77.9,73.8,66.1
179,1988,1.63,1.42,0.56,0.62,2.51,1.67,51.4,65.2,73.4,77.9,77.9,67.6
179,1989,4.6,3.07,1.19,2.76,3.28,4.15,50.8,59.4,70.2,75.3,72,62.1
179,1990,1.77,6.75,9.14,5.11,5.07,1.86,49.9,57.8,71.6,73.1,72,66.8
179,1991,3.04,5.83,1.09,1.51,3.25,2.89,56.1,68.1,75.1,75.4,74.1,65.7
179,1992,2.04,0.65,1.8,11.05,0.6,4.44,50.1,61.1,69,72.3,67.8,63.7
179,1993,4.89,2.69,5.82,10.65,8.03,9.94,49.2,63.4,70.1,75.4,74.2,60.8
179,1994,4.44,2.2,2.3,2.71,4.23,1.83,52.4,61,73.6,73.5,70.4,65.1
179,1995,5.32,10.26,2.15,2.57,3.63,1.26,48.9,58.7,72,75.9,78.7,62.5
179,1996,2.51,7.16,3.25,4.74,1.1,1.74,48,60.4,71.4,72,72.9,64
179,1997,2.22,2.56,2.04,1.52,5.9,2.62,47.1,57.2,70.5,74.8,70.7,66.1
179,1998,4.68,5.33,6.54,2.01,3.37,1.73,52.1,67,71,75.2,74.5,70.4
179,1999,5.18,5.88,4.72,4.16,3.59,1.62,53.4,64,72,77.8,70.7,63.7
179,2000,2.52,4.73,5.17,2.74,2.34,2.72,51.5,64.6,69.7,73,74.5,66.6
179,2001,4.04,4.63,3.87,2.91,4.14,2.87,57.3,64.7,69.5,75.9,74.2,64
179,2002,4.96,6.27,4.27,3.94,5.12,0.9,52.4,58.6,73.9,77.9,74.2,68.2
179,2003,3.31,4.13,4.87,7.57,2.87,3.25,53.1,60.9,67.7,74.3,74.9,63.7
179,2004,1.89,6.01,3.35,3.66,4.66,1.14,53.8,65.6,69.6,72.5,67.5,67.5
179,2005,1.99,1.19,1.53,2.67,2.65,3.64,55.3,61,75.5,76.5,75,70.8
179,2006,4.77,2.46,2.07,4.76,4.74,2.15,56.3,62.5,71.2,77.4,74,64
179,2007,4.25,2.28,3.98,2.98,3.27,0.95,49.9,67.8,72.5,72.8,77.7,69.9
179,2008,3.22,4.89,5.55,5.27,2.23,10.63,51.2,58.6,73,74.2,71.5,66.8
179,2009,6.68,5.22,5.24,4.13,5.11,3.09,51.2,62.6,72.6,69.9,70.1,65.1
179,2010,3.32,6.38,8,4.02,2.68,4.58,58.6,63.5,74.3,77.5,76.3,67
179,2011,5.7,5,6.22,2.74,1.36,3.16,51.8,62.2,72.1,79.6,74.3,62.8
179,2012,2.51,2.05,2.71,1.07,4.26,4.15,54.5,67.8,72.2,81.3,73.2,64.4
179,2013,6.87,8.9,3.57,1.87,0.77,1.43,49.8,63.9,71.3,73.2,73.2,68.8
179,2014,3.26,2.16,8.01,3.51,6.83,5.2,52.5,64.5,73.3,70.5,74.2,65
179,2015,3.02,5.77,11.9,6.65,2.36,3.74,55.1,66,72.2,74.5,72.3,71.4
179,2016,2,4.1,3.16,6.32,7.7,3.96,53.1,62.6,74.8,75.4,75.7,71.2
179,2017,6.12,3.39,2.63,4.53,2.23,0.85,56.6,62,73.1,76,70.7,69
179,2018,1.85,3.91,4.71,3.17,5.42,2.57,44.7,71.7,75.1,74.5,75.1,70.6
179,2019,4.21,8.44,5.02,1.68,3.11,6.19,52.5,62.6,71.2,77.7,72.5,71.5
179,2020,5.98,4.6,1.22,7.1,0.98,4.99,49.8,60.7,74.3,77.5,73,65.3
179,2021,3.17,5.3,5.91,3.97,3.57,1.55,52.7,61.3,74.5,74.6,75.7,70.4
179,2022,2.74,3.88,2.72,2.19,4.34,1.39,49.6,65.7,73.9,75.4,74,67.3
179,2023,2.09,2.51,2.15,3.6,4.05,3.42,53.5,65,72.1,75.1,73.6,68.5
179,2024,6.25,3.08,3.98,5.03,4.49,0.84,54.2,67.2,75,74,73.2,68.3
179,2025,2.87,2.48,4.91,5.09,1.49,0.67,53.8,62.6,74.3,78,72.9,69
181,1980,2.88,2.38,3.34,3.69,0.89,3.11,54.5,65.3,74,81.5,80.8,71.9
181,1981,2.54,9.4,6.77,7.86,2.86,0.66,62.7,60.7,75.1,77.5,74.4,66.5
181,1982,2.99,4.9,3.13,3.38,6.08,3.89,51.7,69.4,70.7,78,74,66.6
181,1983,11.7,8.59,4.19,1.01,0.83,1.11,50.1,63.5,72.6,80.1,81.4,70.1
181,1984,4.3,4.15,1.85,3.85,2.11,6.39,54.3,62.2,76.7,75.6,75.7,66.5
181,1985,5.06,4.82,5.78,1.99,10.39,1.65,59.3,66.5,72.1,77.4,74,67.7
181,1986,3.59,8.33,1.89,5.1,4.71,5.3,59.4,67.4,76,80.4,72.9,72.4
181,1987,2.38,2.39,3.78,3.91,1.23,1.89,56.3,71,75.9,77.5,78,69.8
181,1988,1.91,2.56,0.74,4.22,3.31,6.16,56.4,65.8,74.6,77.9,78.8,68.6
181,1989,2.97,2.08,7.5,1.93,2.33,2.39,56.3,63,72,76.5,75.5,66.2
181,1990,5.75,8.63,2.47,3.83,3.14,2.07,54.4,62.2,74.7,76.6,73.8,70.7
181,1991,5.06,3.63,2.28,1.16,2.04,2.47,59.6,70.4,76,78.7,76.5,69.4
181,1992,3.15,1.78,2.39,3.57,2.41,5.04,57.3,63.6,71.3,77.7,71.6,67.1
181,1993,4.99,4.77,6.52,2.07,2.74,8.99,52.7,64.8,73,81.1,77.4,66.3
181,1994,6.77,1.43,4.26,2.38,3.74,2.66,58.2,62.7,76.1,76.2,72.9,65.8
181,1995,3.43,7.4,5.24,3.86,2.69,1.92,56.9,64.8,72.7,76.9,80,65.9
181,1996,7.89,5.96,4.34,3.7,0.62,5.29,52.9,68.4,73.8,75.3,76,66.5
181,1997,4.44,7.88,5.79,2.86,3.55,2.48,51.2,61.4,72.1,78.2,74.5,68.5
181,1998,6.03,3.39,9.18,4.06,3.02,0.91,56,70,75.7,78.6,76.9,74.1
181,1999,6.02,3.33,4.81,2.06,1.16,0.57,59.9,65.3,74.5,80.3,75.7,68.9
181,2000,1.93,5.45,7.21,3.03,2.88,3.36,54.9,68.5,73.6,76.1,78.5,68.7
181,2001,1.94,3.8,2.93,8.02,5.44,2.54,62.2,67,72.7,78.5,77.7,67.1
181,2002,5.93,11.09,2.47,1.84,3.02,4.2,59.4,63.5,76.4,80.9,78.6,72
181,2003,5.97,6.78,5.93,2.63,3.88,3.71,58,65.3,69.8,77.8,78.2,66.5
181,2004,2.65,6.41,4.12,4.99,2.92,0.71,57.3,69.8,73.3,76.4,72.6,69.3
181,2005,3.66,2.64,2.16,7.3,3.97,3.55,57.8,64,75.8,78.3,79.6,73
181,2006,3.05,5.23,2.49,7.25,4.21,5.61,61.7,65.2,74.5,78,78.1,65.7
181,2007,3.57,3.13,4.13,2.43,0.83,2.6,54.1,69.9,75.4,76.4,82.7,72.9
181,2008,7.02,7.31,2.26,6.29,2.54,2.29,54.2,63.6,76.3,77.2,74.7,70.1
181,2009,5.61,6.25,4.11,5.4,4.29,3.82,56.2,65.6,76.9,74.1,74.1,70
181,2010,4.74,5.09,3.27,2.48,2.11,3.17,61.3,68.1,79.5,80.6,79.9,70.2
181,2011,16.63,8.15,6.24,3.27,2.18,6.78,59.8,65,77.2,82,77.6,66.5
181,2012,1.62,0.89,1.3,2.12,2.05,5.53,59.7,71.5,75,83.8,76.6,68.1
181,2013,4.13,3.94,5.64,4.14,3.25,1.09,54.6,65.8,74.6,74.4,74.8,71.1
181,2014,7.84,5.08,5.49,2.82,3.33,1.69,57.2,67.1,75.2,72.5,76.8,67.6
181,2015,4.84,5.66,6.39,8.32,2.81,2.73,58.9,67,75.6,78.9,74.2,70.7
181,2016,4.54,7.08,1.47,9.7,7.68,4.23,58.1,63.9,77.4,79.2,78,72.4
181,2017,11.17,5.71,3.26,2.18,2.67,1.28,60.8,66,74.1,78.9,73.1,70.6
181,2018,5.13,5.13,5.95,2.07,4.68,6.4,50.1,73,77.9,78.6,76.3,73.5
181,2019,6.5,7.35,6.88,6.04,2.54,0.98,57.2,67.8,73.2,78.6,76.8,76
181,2020,3.09,5.03,3.81,5.2,4.97,2.17,53.9,63.8,75.1,80.3,74.7,68.8
181,2021,3.75,3.87,3.4,5.27,2.66,3.8,56.2,64.2,76.1,77.4,77.4,70.8
181,2022,5.18,4.03,1.78,5.03,2.69,0.75,55,68.1,75.7,79.9,76.2,70
181,2023,3.98,2.21,1.21,8.74,5.92,1.16,56.6,66.9,73.8,77.9,76.4,70
181,2024,4.95,7.72,4.5,6.17,1.67,6.72,59.7,70.4,75.9,76.6,77,70.6
181,2025,9.41,4.34,6.41,5.23,1.21,2.34,59,64.7,76,80.4,75.1,71
183,1980,2.08,1.78,5.29,1.98,3.83,3.42,48.3,63.4,68.8,78.1,76.1,67
183,1981,7.41,5.88,4.07,7.22,6.53,3.87,56,57.3,73.2,73.6,70.9,64.2
183,1982,2.44,4.87,3.81,4.74,3.37,1.14,45.3,67.2,66.4,74.6,69.7,64.4
183,1983,5.2,4.48,4.37,2.24,4.28,1.32,46.5,57.7,72.3,78.5,77,66.2
183,1984,4.06,5.21,2.09,4.46,2.16,3.27,48.7,58.2,75.1,71.8,73.4,63.6
183,1985,2.16,2.5,2.97,4.77,6.53,1.02,56.3,64.7,68.9,72.8,69.4,66.1
183,1986,2.02,6.09,5.05,3.94,1.51,5.42,54.6,63.5,72.4,77.2,69.2,69
183,1987,3.25,2.37,5.07,5.1,4.11,3,51.8,68,73.5,76,73.3,66.8
183,1988,1.98,1.67,0.28,2.28,1.86,3.05,50.9,64.5,73.3,77.1,77.5,66.8
183,1989,4.97,5.4,2.02,3.8,4.47,4.79,50.2,58.5,71,74.8,72,62.5
183,1990,2.92,6.33,5.8,5.51,3.32,1.78,50.3,58.9,71.3,73,71.1,66.8
183,1991,2.71,4.75,1.33,1.67,2.95,1.3,55.5,69.1,74.8,76.3,74.2,66.4
183,1992,3.47,1.34,2.57,10.71,1.79,3.66,49.8,60.6,68.2,71.9,67.5,63.8
183,1993,6.01,2.61,6.26,6.84,3.92,7.11,48.7,63.1,70.2,75.7,73.8,60.9
183,1994,9.18,3.34,2.46,2.84,3.44,3.34,52.3,59.5,73.8,73.4,69.6,64.7
183,1995,3.98,7.45,3.39,2.19,4.03,1.04,49.7,59.6,72.4,76.2,78.2,63.4
183,1996,4.03,8.25,4.82,4.31,1.91,1.89,48,60.6,70.8,71.9,72.2,63.7
183,1997,1.55,4.71,3.58,2.62,4.1,1.85,46.8,56.5,70.1,73.7,69.2,65.3
183,1998,4.3,6.4,10.42,4.69,2.47,1.63,52.7,66.6,71.3,73.9,74,70.9
183,1999,4.67,2.92,4.33,3.29,2.42,2.12,53.3,64,71.7,77.4,70.6,65.5
183,2000,2.09,4.81,6.01,2.92,2.36,4.3,50.1,64.5,70,71.9,73.1,65.6
183,2001,2.24,2.84,3.13,5.62,4.25,2.58,57.2,64.4,69.4,74.4,73.5,63.9
183,2002,5.18,6.52,3.27,5.05,6.96,1.58,52.7,58.4,73.4,77.3,73.6,68.6
183,2003,2.6,4.88,2.83,7.74,4.64,6.32,53.4,60.7,67.4,73.3,73.5,63.4
183,2004,1.77,5.08,6.54,4.19,5.67,0.53,53.7,66.4,69.5,72,68.1,67.3
183,2005,3.31,1.45,2.88,5.15,3.09,4.69,54.4,60.6,74.1,75.3,74.7,70
183,2006,4.83,3.82,2.87,6.2,3.58,2.45,55.6,60.9,70.5,75.9,73.1,63.2
183,2007,3.81,1.48,3.74,2.99,3.14,2.75,49.8,67.4,72.6,71.8,77.1,69.3
183,2008,2.49,6.11,8.37,5.94,1.54,5.88,51.4,58.2,73.2,73.5,70.9,66.7
183,2009,5.92,5.95,4.65,3.95,5.16,1.17,50.8,62.2,72.3,69.4,69.9,65.1
183,2010,2.4,5.3,8.56,4,1.96,3.14,58,64,74.6,76.7,75.7,67.2
183,2011,7.79,5.79,4.04,1.76,1.91,3.41,52.5,61.9,72.5,78.9,73.1,63.5
183,2012,2.07,2.55,1.72,1.26,5.62,4.46,53.6,68,71.5,80.5,72,63.9
183,2013,7.49,3.81,4.53,3.76,1.39,1.56,50.2,64.6,70.8,71.8,71.7,68.2
183,2014,4.03,3.59,7.4,4.09,4.97,4.2,52,63,72.8,69.1,72.3,64.1
183,2015,3.64,5.36,10.19,4.67,2.03,5.05,53,65.5,71.3,72.8,70.9,69.2
183,2016,3.45,3.26,4.99,6.36,5.89,3.69,51.8,61.2,73.8,74.5,75.2,70.4
183,2017,6.03,6.6,3.04,2.9,3.57,1.11,56.5,61,72.4,75,69.8,68.1
183,2018,2.85,3.39,6.54,3.35,4.24,4.65,44.4,70.5,74,73.6,74.1,70.1
183,2019,4.59,5.25,4.27,2.3,2.63,3.52,51.6,62.6,70.4,76.2,71.8,70.8
183,2020,4.48,4.64,4.73,5.16,1.65,1.83,48.7,59.6,72.7,75.9,71.4,65
183,2021,2.11,4.37,8.15,4.86,3.67,3.64,51.7,59.8,73.1,73.4,74.6,69
183,2022,2.72,3.22,1.26,3.15,5.74,1.48,49,64.8,72.6,74.6,71.7,65.6
183,2023,2.38,1.92,1.64,4.13,4.05,1.26,51.9,63.2,70,73.6,71.9,66.8
183,2024,6.83,4.07,2.19,7.44,3.72,1.76,53.5,66.5,73.5,72.6,72.2,68.1
183,2025,4.07,2.86,3.58,3.72,1.91,1.89,53.2,61.6,73.4,77.8,71.7,68.2
185,1980,2.45,2.6,5.3,3.11,2.78,3.46,52.4,65.1,73.1,81.1,80.7,71.5
185,1981,3.48,11.38,1.92,5.2,4.67,1.32,60.8,60.4,75.7,77.8,74.4,66.8
185,1982,2.72,5.01,3.26,2.85,2.99,5.92,50.5,69.8,69.6,77.8,73.5,66.8
185,1983,7.91,9.17,5.08,1.44,1.54,1.25,49.2,62,73.1,80.3,80.9,69.8
185,1984,6.71,4.38,0.53,2.54,2,3.93,53.2,61.9,77.7,75.6,75.8,66.3
185,1985,2.36,5.01,5.43,1.92,8.04,1.54,59,66.2,71.8,76.8,73.5,68.5
185,1986,2.46,6.82,3.86,6.47,3.06,3.37,58.5,66.4,75.8,80.2,72,72
185,1987,2.52,2.65,4.73,6.06,0.72,2.01,54.1,70.9,75.8,77.7,77.1,69.6
185,1988,2.52,1.94,0.95,6.53,1.66,1.58,55.3,66.4,75.6,78.8,79.2,69
185,1989,3.36,4.58,5.32,4.51,5.98,2.93,54.8,60.9,72.5,76.6,75.2,66.8
185,1990,3.37,9.97,4.7,2.88,2.57,3.2,53.5,62,74.1,76.6,74.3,70
185,1991,2.95,1.69,2.49,1.92,2.01,4.94,59.3,71.4,76.7,78.8,76.8,69.1
185,1992,2.44,3.44,1.29,6.69,3.43,4.78,55.2,62.5,70.4,77.3,71.3,66.9
185,1993,6.19,4.23,2.94,5.72,2.71,7.4,52.1,64.9,73.9,80.6,77.1,64.9
185,1994,6.76,2.99,4.53,1.63,2.66,2.62,56.2,61.5,76,76.6,73.2,66.4
185,1995,4.35,10.63,4.97,3.29,4.38,1.01,55.1,63.6,73.9,78.1,80.4,66
185,1996,10.28,6.1,5.81,3.39,1.65,4.67,51.6,67,74,75,76.1,66.4
185,1997,2.83,4.94,6.52,1.96,3.49,1.19,50.7,60.5,72.3,77.5,73.8,68.6
185,1998,8.04,5.51,6.65,4.17,3.48,1.85,55.4,69.4,74.9,77.5,76.4,73.1
185,1999,6.38,3.83,5.64,4.28,1.09,0.59,56.8,65.5,74.5,80.4,74.4,68.5
185,2000,2.95,3.56,8.32,4,7.7,4.03,53.5,67.7,73.2,75,75.6,67.8
185,2001,1.82,4.23,2.9,5.95,3.12,2.38,61.3,67.2,72.4,77.6,76.8,67.3
185,2002,5.49,9.55,2.82,2.2,0.99,4.9,58,62.6,76.9,80.9,78.8,73.3
185,2003,3.45,7.1,4.15,3.04,2.48,4.22,57.3,64.1,69.7,77.1,77.4,66.2
185,2004,1.97,8.02,2.89,7.47,6.13,0.28,56.8,69.7,73,75,71.4,70
185,2005,3.37,2.53,2.97,2.54,6.12,3,57.4,63.2,75.7,77.7,79,72.8
185,2006,3.56,5.26,4.69,2.86,5.9,6.22,59.9,64.3,74.3,78.7,77.4,65.4
185,2007,3.48,3.13,3.55,2.07,1.95,3.58,53.2,69.9,75.1,75.4,82.1,72.6
185,2008,5.43,7.48,4.66,5.54,0.98,4.17,54.7,61.6,76.1,76.5,73.8,70.2
185,2009,6.8,6.46,4.3,7.72,2.19,6.72,55.7,65.8,76,72.8,74.1,69
185,2010,4.01,4.78,4.61,4.53,2.06,0.59,61.5,67.9,78.6,79.6,79.6,70.6
185,2011,12.36,6.88,8.03,6.87,1.16,6.84,58.2,64.8,76,81.7,76.8,66.6
185,2012,1.86,1.94,0.34,1.42,3.15,9.74,58.2,71.5,74.6,84.4,75.7,67.2
185,2013,4.79,5.97,7.73,5.67,0.96,2.53,54.7,66,73.2,74.8,74.8,70.3
185,2014,7.95,3.99,4.79,3.46,5.16,3.14,56.4,66.4,75.7,72.1,75.7,67.2
185,2015,6.3,4.07,9.54,4.53,2.42,3.05,57.1,67.4,74.8,77,73.4,71.4
185,2016,4.94,4.45,2.45,6.34,5.89,3.7,56.3,63.6,77.2,77.8,78.3,72.6
185,2017,7,5.53,2.98,3.93,1.41,1.12,60.4,65.9,74,78.4,73.1,70.7
185,2018,3.32,3.34,10.34,2.71,3.27,9.07,49.2,73.5,77.2,77.6,77.1,74.2
185,2019,6.7,7.87,7.14,5.02,4.7,0.77,56.6,67,73,78.5,75.4,74.9
185,2020,3.96,4.22,4.53,7.65,3.23,0.81,52.4,62.9,75,79.2,74.7,68.7
185,2021,2.97,3.11,4.34,7.04,4.86,2.74,55.1,63,74.7,76.5,77.6,70.4
185,2022,4.54,5.15,2.7,8.26,4.19,1.85,53.7,68.2,75.4,78.4,75.6,69
185,2023,3.51,2.84,3.32,3.38,5.25,1.3,56.2,65.7,72.7,77.8,75.2,69.9
185,2024,7.34,5.05,2.14,6.04,1.76,5.08,59.2,69.7,75.8,76.5,75.7,70.9
185,2025,9.62,4.67,4.58,6.85,2.01,2.78,57.3,64.2,76.5,81.2,74.8,71.1
187,1980,2.27,3.05,7.58,2.96,8.82,5.94,49.1,62.8,69.6,78,75.9,66.1
187,1981,6.71,4.97,6.78,5.52,4.38,2.83,55.6,58,71.5,73.3,71,63.6
187,1982,4.29,4.44,3.34,11.27,4.85,2.09,45.2,66.2,66.2,74.5,70.5,63.6
187,1983,5.15,2.67,3.38,1.06,2,5.42,45.2,58.2,72.3,78.9,78.5,65.8
187,1984,5.38,4.95,3.82,4.64,1.54,3.13,48.6,57.8,73.1,72.4,73.8,62.4
187,1985,1.14,4.06,2.44,2.71,3.2,2.64,56.1,63.8,68.2,73.8,69.6,65.9
187,1986,1.38,4.69,4.15,6.61,2.94,7.82,55.2,63.3,72.5,76.6,67.7,67.8
187,1987,1.61,1.58,2.99,1.44,5.76,2.98,53.6,67.5,74.5,78.4,73,64.6
187,1988,1.73,1.74,1.01,0.99,3.67,2.42,51.5,65.2,74,78.2,77.9,67.3
187,1989,3.61,2.59,3.68,2.22,4.19,4.82,50.3,59.1,69.6,75.8,72.9,62.2
187,1990,2.65,7.77,8.94,5.88,3.63,1.04,49.9,57.3,71.1,73,72.7,66.7
187,1991,2.95,5.48,1.51,2.24,2.95,2.68,54.6,67.2,74.5,75.1,73.1,64.8
187,1992,3.02,0.79,1.4,9.3,0.92,5.84,49.3,61.1,68.6,70.8,66.8,62.3
187,1993,4.52,3.87,6.96,10.86,8.7,5.33,47.7,62.6,69.3,73.9,73.4,59.7
187,1994,3.6,2.14,3.31,2.84,3.29,1.1,51.6,60.8,72.6,72.4,69.9,65
187,1995,5.46,8.81,3.72,4.55,3.48,1.97,47.4,58.4,71.6,75.4,77.8,61.6
187,1996,2.53,9.18,3.24,5,2.64,1.94,47,58.5,70.5,71.9,72.1,63
187,1997,2.38,3.97,3.86,1.88,8.31,2.74,46.2,56.2,70.2,74,70.3,66
187,1998,4.44,4.99,6.69,1.41,3.87,4.26,51,66,69.9,74.9,74.2,69.9
187,1999,6.56,3.8,5.15,3.35,3.07,4.47,52.6,63.2,71.1,77.8,70.4,62.8
187,2000,2.8,4.41,7.62,3.62,1.38,4.98,50.7,63.8,68.6,72.9,74.2,66.6
187,2001,4.09,7.7,4.1,2.99,2.99,3.67,56,63.3,68.6,75.9,73.4,63.3
187,2002,4.89,7.5,4.74,3.43,5.75,0.59,50.5,57.8,72.8,76.9,73.4,68.3
187,2003,2.84,5.3,3.88,4.1,2.46,4.67,51.6,60.2,68.2,74,75.4,62.8
187,2004,1.69,4.84,2.4,4.48,5.77,2.42,52.9,64.6,69.1,71.8,67.4,66.9
187,2005,3.16,2.12,1.66,1.96,3.09,3.99,54.5,59.9,74.5,76.2,74.3,69.9
187,2006,4.39,1.93,2.58,2.57,3.53,1.66,55.9,61.8,70.6,77.7,73.8,62.9
187,2007,3.47,2.55,4.43,3.6,5.39,1.13,48.9,66.6,71.6,72.8,76.6,68
187,2008,4.78,4.06,7.08,3.72,2.45,9.44,50.1,58.1,71.4,73.4,71,65.7
187,2009,5.76,5.61,7.43,4.51,6.84,1.5,49.5,61.5,71.3,69.3,69.7,64.9
187,2010,3.82,7.97,12.05,4.89,3.89,5.58,58.3,62.3,73.9,76.7,75.4,65.4
187,2011,4.83,5.75,7.95,2.07,0.66,2.71,50,61,70.5,79.7,74.4,61.6
187,2012,2.09,3.65,3.66,0.71,3.35,3.47,53.5,66.4,71.3,80.1,72.4,63.4
187,2013,8.1,9.85,3.67,2.34,0.19,1.71,47.2,62.3,70.6,72.8,72.5,67.8
187,2014,4.35,2.4,7.39,4.18,5.13,5.8,49.8,62.4,71.9,69.8,72.3,63.6
187,2015,1.74,5.27,8.84,8.57,3.37,2.21,52.9,63.5,70.3,73.2,70.4,70.4
187,2016,2.67,3.83,4.37,7.39,5.78,2.11,51.3,61.7,74.3,74.2,74.4,70.2
187,2017,5.32,3.79,1.94,5.52,2.24,0.82,53.8,60.4,72.2,75.1,69.3,67.5
187,2018,0.97,2.37,4.18,2.32,5.5,5.46,41.9,69.6,74.4,74.2,74.2,68.2
187,2019,3.01,12.26,4.19,0.98,3.04,7.66,50.2,59.5,70.5,77.5,71.7,69.8
187,2020,2.53,4.77,3.78,5.1,0.84,5.11,47.9,59.3,72.9,76.3,72.4,63.5
187,2021,4.03,6.27,6.05,3.89,2.86,2.31,50.3,60.2,73.1,73.9,74.2,68.8
187,2022,3.42,3.59,3.67,3.1,2.61,2.91,46.5,64.4,72.4,74.2,72.7,66.2
187,2023,2.25,1.94,1.66,5.29,4.72,2.16,52.2,63.9,71.7,74.1,72.6,67.6
187,2024,6.29,3.06,3.54,7.63,2.74,0.9,52.4,65.8,74,72.9,72.2,67.8
187,2025,2.35,3.34,3.89,8.89,1.46,0.69,52.7,61,73.3,77.2,72,68.2
189,1980,1.8,2.73,2.15,2.66,3.11,4.22,52.7,64.8,74,82.3,81.1,70.8
189,1981,2.74,8.37,4.42,6.21,4.52,3.22,61.6,59.7,75.2,77.6,74.3,66
189,1982,2.19,4.61,3.94,4.55,2.79,4,50.1,69.1,69.3,77.4,73.3,66.4
189,1983,6.84,5.87,4.17,1.33,2.11,1.4,48.9,61.6,72.8,80.8,81.1,69.4
189,1984,5.25,3.52,2.13,2.13,2.28,7.74,52.5,61.5,76.5,75.7,76.6,66.4
189,1985,2.34,3.67,7.11,2.75,4.94,0.44,58.3,65.8,70.9,76.5,73.3,68.1
189,1986,2.43,3.32,2.12,5.28,3.13,4.33,58.4,66.4,76.3,80.1,72.2,71.9
189,1987,2.4,1.88,3.33,6.86,4.05,2.84,55.2,71.2,76.3,78,77.1,69.3
189,1988,1.77,1.35,1.39,4.72,1.65,4.07,55.2,66,75.3,78.2,79.1,69.1
189,1989,3.16,4.15,3.3,1.97,3,2.95,55.3,61.5,71.9,76.9,75.5,65.7
189,1990,4.05,11.89,2.9,3.18,2.48,2.94,52.9,61.4,74.2,76.7,73.7,70
189,1991,2.86,3.01,1.39,2.82,1.71,5.13,58.8,70.7,76.7,78.2,77.3,68.8
189,1992,3.13,2.66,1.45,3.17,1.15,4.17,56.4,63.2,71.3,77.4,71.6,66.8
189,1993,5,4.25,5.29,6.35,3.25,8.64,52.3,64.7,73.1,80.3,77.4,64.6
189,1994,9.78,2.18,4.19,2.5,2.47,2.25,56.2,62,76,75.6,73,65.7
189,1995,3.1,15,6.19,2.35,2.42,0.6,55,62.9,72.7,77.7,80.2,65.5
189,1996,10.53,4.62,4.79,2.41,1.72,4.79,51.7,67.3,73.9,75.1,75.9,65.7
189,1997,2.89,3.61,4.26,2.97,3.93,1.84,50.4,60.6,71.6,77.2,73.3,68
189,1998,5.83,3.81,8.11,5,2.43,1.8,55.1,69.6,74.8,77.4,76.1,73.1
189,1999,4.35,3.57,5.43,3.13,2.44,0.87,57.7,65.3,73.9,79.9,73.9,68
189,2000,3,4.85,9.81,6.9,3.88,2.94,54.1,67.4,72.5,74.9,77,67.6
189,2001,2.2,3.84,3.87,4.98,4.31,2.1,60.8,66.8,72.2,77.1,76.7,66.6
189,2002,4.37,7.6,2.72,1.44,2.62,2,57.6,62,75.9,80.3,77.4,72
189,2003,4.29,6.58,6.01,2.13,2.95,3.78,56.4,63.3,69,76.9,77,65.6
189,2004,1.63,8.25,2.3,5.56,5.88,0.43,56.3,68.3,71.9,74.8,70.8,68.4
189,2005,3.36,1.27,1.34,5.15,4.55,5.82,57.3,63.7,76.1,77.8,78.5,72.3
189,2006,2.01,4.97,4.1,4.19,2.1,3.73,60.7,63.9,74.2,78.4,77.2,65.3
189,2007,3.13,3.34,3.17,1.72,1.09,1.84,52.8,69.2,74.6,75.2,82.5,72
189,2008,5.97,8.32,2.78,5.83,2.06,3.98,53.1,61.4,75.4,76.4,73.8,68.8
189,2009,7.18,6.56,5.14,6.04,3.36,2.45,54.1,64.7,75.6,73,72.8,67.7
189,2010,2.6,5.11,5.33,3.52,3.88,2.73,61,66.7,77.9,79.2,78.9,69
189,2011,11.06,5.21,9.37,4.58,0.99,3.62,58,64.2,76,82,77.2,65.4
189,2012,4.56,1.3,0.81,0.95,3.64,9.5,57.9,70.6,74.7,84.3,76.7,66.8
189,2013,5.77,6.59,6.25,4.6,1.49,1.61,53.6,65.3,73.8,74.3,74.3,71.1
189,2014,8.01,3.08,5.3,1.17,6.03,3.22,55.7,65.9,74.6,72,76,66.6
189,2015,3.63,7.33,9.2,3.94,3.19,4.26,57.5,67.1,74.6,77.3,73.8,71.4
189,2016,4.17,5.04,1.78,5.38,9.31,6.24,56.8,63.4,77.5,78.2,77,71.8
189,2017,9.65,5.62,3.72,3.91,2.38,0.88,59.3,65,73.8,78.8,72.7,70.8
189,2018,3.02,4.11,7.8,3.33,5.51,7.41,48.6,72.7,77.6,77.5,75.8,72.4
189,2019,6,6.74,4.98,3.64,3.51,1.1,56.1,66.4,72.7,78.1,75.5,74.8
189,2020,4.26,4.76,2.41,6.55,3.38,0.85,52.8,62.7,75.7,79.5,74.2,68.2
189,2021,3.19,3.27,2.29,6.46,4.02,3.08,54.9,63.5,76,76.5,77.2,70.4
189,2022,3.8,4.5,1.9,5.12,3,2.13,53.8,67.7,76,78.8,76,68.9
189,2023,3.72,2.47,1.39,4.83,3.66,1.95,56.3,66.4,73.7,78,75.9,70.2
189,2024,5.93,6.07,2.89,8.07,1.51,5.09,58.4,69.8,76.2,76.2,75.9,70.5
189,2025,10,4.11,4.23,4.49,0.34,1.73,57.3,64,76.3,81.1,75.6,71.7
191,1980,2.7,3.24,3.52,3.28,2.3,3.71,52.3,64.9,73.1,80.9,80.3,71.3
191,1981,3.12,9.14,2.7,4.3,4.24,1.45,61,60.3,75.5,77.4,73.9,66.2
191,1982,2.28,5.26,3.6,3.73,3.27,5.36,49.7,68.6,69,77.2,72.8,66.2
191,1983,7.75,8.2,5.21,1.55,2.26,1.85,48.6,61.1,72.1,80,80.7,69.2
191,1984,6.47,3.25,1.47,2.07,2.21,5.91,52.5,61.3,77.1,75.2,75.9,66.4
191,1985,2.43,4.38,6.48,1.56,7.22,1.13,58.6,65.2,70.8,76.2,73,67.8
191,1986,3.27,4.31,2.35,6.68,2.77,3.27,58,66.4,75.6,79.8,71.5,71.7
191,1987,2.85,2.89,3.76,7.61,1.78,2.13,54.2,70.5,75.8,77.6,76.6,69.4
191,1988,2.13,1.65,1.09,5.29,1.61,2.46,54.5,65.5,74.5,78.2,78.7,68.9
191,1989,3.25,4.48,4.24,3.5,4.53,3.15,54.8,61,72.2,76.5,75.2,66.2
191,1990,4.28,10.22,3.83,2.4,1.17,4.42,52.7,61.8,73.7,76.4,73.8,69.7
191,1991,2.79,2.7,1.38,2.01,2.06,4.56,58.9,71,76.4,78.2,77.1,68.7
191,1992,3.12,3.42,1.08,5.63,1.79,5.07,55.2,62.3,70.3,77.1,71.3,66.5
191,1993,6.09,4.54,4.4,6.35,3.27,8.17,52.2,64.6,73.3,79.9,76.8,64.1
191,1994,8.72,2.11,3.97,2.97,3.25,2.24,56.7,61.4,75.7,75.7,72.3,65.8
191,1995,3.36,11.66,5.38,1.65,4.15,0.41,55.3,63.4,73.4,77.9,80,66.1
191,1996,9.68,5.29,6.01,2.78,3.11,4.44,51.6,67,73.5,74.7,75.9,65.8
191,1997,3.02,4.3,6.97,3.32,3.5,1.64,50.2,60.4,72.1,77,73.3,67.8
191,1998,7,5.55,6.52,4.82,3.54,2.04,55,69.3,74.4,77.5,75.8,73
191,1999,6.02,3.97,5.93,6.52,1.72,0.57,57.6,65.1,74,79.8,73.6,68
191,2000,2.59,3.77,9.3,4.91,5.7,3.24,53.2,67,72.9,74.7,76,67.2
191,2001,1.46,3.45,2.95,4.5,2.74,2.14,60.9,66.4,71.6,77.2,76.7,66.8
191,2002,5.4,8.81,2.96,2.06,1.29,3.47,57.9,62.5,76.1,80.7,78.6,73.2
191,2003,3.89,7.01,3.93,2.15,2.93,3.7,57.2,63.6,69.4,77.2,77.1,65.8
191,2004,1.54,8.44,1.93,5.37,7.42,0.22,56.5,69.1,72.3,74.8,71,69.3
191,2005,3.74,1.52,1.33,3.26,6.39,3.14,57.1,62.9,75.6,77.6,78.4,72.2
191,2006,2.12,5.34,4.89,2.62,5.17,4.01,59.7,63.6,73.6,78,76.9,65.1
191,2007,2.97,2.81,4.08,2.4,1.55,2.57,52.8,69,74.2,74.8,81.5,72.2
191,2008,4.88,7.9,3.97,5.39,1.3,2.59,53.3,61.3,75.3,76.2,73.9,70
191,2009,8.28,7.22,5.05,5.75,2.31,4.21,54.8,64.7,75.6,72.6,73.2,68.6
191,2010,3.21,4.78,4.58,4.01,2.87,1.16,61,67.2,78,79.5,79,69.9
191,2011,11.11,6.29,8.6,5.47,0.92,5.61,57.9,64.4,75.3,81.4,76.5,65.7
191,2012,3.17,2.86,0.39,1.77,2.86,10.74,58.1,70.6,74.7,84.4,76,67.1
191,2013,4.72,6.7,7.09,7.25,1.27,2.29,54,65.8,73.4,74.4,74.5,70.5
191,2014,7.21,3.7,5.54,2.56,6.75,3.32,56.6,66.1,75,71.8,75.5,66.8
191,2015,5.26,4.55,11.2,3.7,2.86,3.77,57.2,67.4,74.3,77.2,73.5,71.5
191,2016,4.93,4.91,2.87,6.35,7.56,5.28,56.7,63.9,77.9,78.7,78.5,73
191,2017,7.94,4.66,3.36,3.19,1.59,0.86,60.6,66.5,74.6,79.2,73.1,71.2
191,2018,2.84,2.85,8.94,2.93,5.11,9.05,49.2,72.8,77,76.9,76.1,73.1
191,2019,6.28,7.84,6.5,3.72,5.55,1.09,56.7,66.8,73.1,78.5,75.5,75
191,2020,5.32,4.92,3.43,7.98,3.34,0.93,53.1,63.2,75,79.3,74.6,69.1
191,2021,2.75,3.1,4.51,6.93,5.65,2.58,55.1,63.4,75.4,76.6,77.6,71
191,2022,3.91,2.62,2.76,7.46,4.62,1.44,54.4,68.3,76.2,78.7,75.8,69.1
191,2023,3.37,2.88,1.85,3.9,7.09,1.9,56,65.9,72.5,78,75.3,70
191,2024,5.74,4.69,2.07,7.28,2.25,4.98,58.3,69.4,75.7,76.2,75.7,70.9
191,2025,10.61,4.28,4.14,6.28,1.08,2.66,56.7,63.9,76.3,81.2,75.1,71.5
193,1980,2.69,3.35,3.36,4.74,1.93,2.84,53.6,65.6,73.6,81.3,81.1,72.1
193,1981,2.31,11.97,2.33,5.48,2.89,1.22,61.8,61.1,76,78.2,74.9,67
193,1982,3.12,4.67,3.1,3.49,3.24,4.33,51.3,69.9,70.1,77.8,74,66.9
193,1983,9.92,9.73,3.58,2.14,1.31,1.29,49.5,62.1,73.2,80.6,81.4,70.2
193,1984,5.69,3.45,1.42,2.27,2.2,5.05,53.8,62.3,77.6,75.7,76.4,67
193,1985,2.36,3.72,8,1.87,5.33,2.31,59.6,66,72.1,76.8,73.9,68.5
193,1986,2.63,6.22,4.72,6.5,3.9,4.08,58.9,67,76.2,80.4,72.4,72.1
193,1987,2.6,2.07,3.94,5.56,1.24,1.78,54.6,71.1,76,77.9,77.5,70.3
193,1988,1.98,1.84,1.54,7.41,1.55,2.74,55.6,66.2,75,78.5,79.2,69.1
193,1989,2.63,3.86,5.08,4.11,4.1,2.65,55.8,62.1,72.6,76.8,75.9,67.2
193,1990,4.24,10.52,3.28,2.9,1.94,3.73,53.7,62.4,74.3,76.8,74.1,70.5
193,1991,3.2,3.04,2.78,3.05,1.61,4.34,59.4,71.7,76.5,78.6,77.3,69.6
193,1992,2.12,3.34,1.93,6.03,3.46,4.72,56.1,62.7,70.5,77.6,71.6,67.2
193,1993,4.69,4.3,4.54,3.81,4.17,6.73,53,65.1,73.5,80.8,77.3,65.3
193,1994,5.9,2.04,5.32,1.98,2.85,2.62,57.1,61.6,76.2,76.6,73.1,65.9
193,1995,3.83,9.93,5.02,2.26,4.92,0.79,56,64.1,73.6,78.3,80.7,66.5
193,1996,11.6,6.73,5.98,4.52,2.42,5.73,52.5,67.8,73.9,75,76.1,66.4
193,1997,3.77,5.82,5.67,1.62,3.65,1.48,50.8,60.7,72.5,77.4,74.5,68.6
193,1998,8.25,6.65,5.79,3.82,3.87,1.88,55.6,69.9,75.2,78.1,76.4,73.7
193,1999,6,3.02,5.45,4.27,1.25,0.68,58.2,65.6,74.7,80.4,74.1,68.5
193,2000,2.37,3.89,8.09,4.61,3.76,3.02,54,67.8,74,75.3,77,68.3
193,2001,1.83,4.38,2.42,5.18,3.9,2.68,61.4,67.3,72.5,77.5,76.6,67.3
193,2002,7.1,7.59,2.7,1.09,0.66,5.75,59.4,64.1,77,81.5,79.6,73.9
193,2003,3.37,5.74,3.98,1.78,2.66,3.2,57.8,64.5,69.8,77.8,77.4,66.8
193,2004,2.33,8.67,2.98,6.8,6.04,0.31,57.2,70.6,73.4,75.3,71.4,69.6
193,2005,3.21,2.06,2.42,2.7,8.7,2.33,57.5,63.4,75.5,77.8,79.2,72.3
193,2006,3.23,4.65,3.35,6.84,3.13,6.06,60.6,64.2,74.3,78.4,77.6,65.3
193,2007,3.06,2.01,3.41,2.62,1.13,2.95,53.6,69.6,74.7,75.5,82.1,73.1
193,2008,6,6.2,3.28,5.23,1.33,1.9,54.6,62.2,76.1,76.9,74.7,70.8
193,2009,6.46,6.51,3.75,7.32,2.85,4.91,55.9,66.2,76.9,73.2,74.1,69.5
193,2010,3.37,4.35,3.67,3.19,1.75,0.86,61.9,68.3,79.2,80.2,80,71.1
193,2011,12.4,6.49,6.19,6.95,1.64,7.12,59,65.3,76.3,82.3,77.3,67.2
193,2012,2.04,1.69,0.42,2.25,4.41,7.6,59.4,71.5,75.6,84.8,76.1,68.4
193,2013,3.7,5,4.25,5.69,1.85,1.94,55.2,66.7,74.4,75.2,75.6,71
193,2014,9.09,3.61,4.72,3.79,6.1,2.35,57.3,67,76,72.7,76.5,67.8
193,2015,5.79,3.59,8.3,4.88,2.68,2.72,57.2,67.7,75.3,78.2,74.3,72.2
193,2016,4.82,5.89,4.17,8.89,5.55,3.96,57.2,64.3,78.3,79.4,79.2,73.4
193,2017,9.02,3.81,2.4,2.85,1.9,1.06,60.9,66.7,74.7,78.7,73.3,71
193,2018,3.53,4.49,6.35,2.22,2.4,8.19,50.3,73.1,77.2,76.8,76.8,73.8
193,2019,5.7,5.79,4.35,3.72,4.99,0.34,57.1,66.9,73.4,78.6,75.9,75.3
193,2020,4.13,5.5,6.65,5.77,4.01,1.43,53,63.7,75.2,79.8,74.6,68.9
193,2021,2.97,3.08,3.83,7.1,3.29,2.83,54.1,62.7,75.2,76.9,77.9,70.5
193,2022,3.35,2.46,2.51,6.7,3.34,1.96,55.1,69,76.3,79.3,76.5,69.7
193,2023,3.89,3.57,1.28,3.14,4.02,1.41,57,66.2,73.4,78.6,76.1,70.6
193,2024,4.86,5.34,1.99,6.79,2.06,5.85,59.7,69.8,76.8,77.6,77,72.2
193,2025,8.35,4.9,4.91,4.57,1.16,2.4,57.4,64.5,76.2,81.5,75.7,71.4
195,1980,3.03,3.04,3.87,3.82,8.54,4.44,48,61.5,68.1,75.5,74,64.8
195,1981,4.85,1.97,4.87,2.83,9.87,4.87,52.9,57.3,70.2,72.7,70.2,62.5
195,1982,2.56,3.95,4.1,6.56,2.58,1.74,43.8,65.4,65.5,74.1,69.7,62.7
195,1983,4.68,3.44,3.27,4.39,3.07,4.43,44.3,56.8,71.1,77.3,76.8,63.8
195,1984,4.06,4.67,3.54,3.49,1.23,2.34,48,56.8,71.6,71.4,73.1,62.2
195,1985,1.3,3.47,3.37,3.23,3.14,2.33,54.4,62.9,67.1,72.6,68.6,64.7
195,1986,2.04,7.1,5.24,5.7,2.48,5.73,53,61.4,69.9,75.4,67.2,66
195,1987,1.62,4.1,2.77,2.31,12.52,1.64,52.1,65.4,73,77.3,71.5,63.2
195,1988,2.11,2.34,0.69,0.97,3.06,1.8,49.2,63.6,72.1,76.4,76.7,65.6
195,1989,2.14,2.17,4.18,2.81,5.45,4.87,48.1,58.5,68.4,74.6,70.6,60.6
195,1990,2.92,5.73,11.77,3.55,6.74,0.93,49,57,70.1,72.4,71.5,65.9
195,1991,2.54,4.77,2.08,0.33,2.8,3.73,52.5,66.2,73.5,74.5,72.6,63.5
195,1992,3.7,0.58,1.34,10.38,1.64,7.4,46.8,60.2,67.5,69.1,65.9,61.4
195,1993,5.05,3.55,9.79,4.24,6.99,5.08,45.9,61.6,67.8,73.4,72.4,59.2
195,1994,1.69,1.51,6.3,3.48,4.34,3.22,50.4,60.1,71.7,71.8,68.3,64.7
195,1995,6.12,7.89,2.28,4.39,4.46,1.59,45.5,58.1,72,75,77.9,61.2
195,1996,2.76,10.35,4.37,5.22,3.52,1.87,46.3,56.6,69.8,70.8,71.5,62.5
195,1997,1.81,4.24,3.2,1.83,4.58,2.28,45.9,55.2,70.4,73.5,69.2,64.7
195,1998,5.29,3.18,7.55,2.27,4.62,4.27,50.2,66.1,69.1,73.7,73.3,67.9
195,1999,6.04,4.44,4.76,4.16,2.96,4.45,51.4,62.7,70.8,77.5,69.7,62.1
195,2000,4.89,4.62,9.62,3.78,2.32,4.72,49.6,63.2,68,71.9,72.5,64.7
195,2001,3.03,5.38,2.71,3.69,3.47,5.3,54.6,63,68.3,74.9,72.9,62.4
195,2002,4.56,4.46,6.51,2.76,5.4,0.85,49.8,57.2,71.8,76.6,72.4,67
195,2003,2.19,4.35,2.67,4.82,1.59,2.93,50.9,58.5,67.4,73.1,74,62.6
195,2004,1.74,7.11,3.1,2.76,4.74,0.76,52,62.3,68.7,71.3,66.7,66
195,2005,1.35,2.38,1.6,1.56,3.92,3.02,54.4,58.1,74.4,74.9,72.8,68.7
195,2006,4.16,3.15,2.63,4.31,4.32,2.33,54.1,60.5,69,76.1,72.6,61.5
195,2007,3.45,1.39,5.48,6,6.94,0.86,47.8,65.9,70.6,72.3,74.5,67.1
195,2008,4.56,5.32,5.41,4.58,1.94,7.86,50,57.8,70.7,73.1,70.2,65
195,2009,5.18,3.58,5.61,6.46,7.29,1.84,48.6,60.9,70,67.7,68.6,64
195,2010,3.09,5.04,7.59,4.81,5.21,2.99,56.8,62.2,71.9,75.9,74.8,64.8
195,2011,4.44,4.91,4.37,5.76,2.95,3.75,48.9,60.6,70.7,78.4,72.9,61.1
195,2012,3.56,2.66,2.74,0.91,4,1.56,51.4,65.7,71.3,79.9,71.4,62.8
195,2013,7.99,3.97,4.43,1.97,1.12,1.87,46.6,62.3,69.3,71.8,71.7,67.1
195,2014,3.41,3.69,8.94,3.38,3.59,4.36,48.8,61.3,71.1,69.4,72.2,63.3
195,2015,2.59,5.37,9.55,4.5,3.03,5.8,51.6,62.5,69.1,71.7,70.1,69.5
195,2016,2.37,3.92,6.44,7.01,9.48,3.36,49.7,61.5,72.5,73.9,74.5,69.6
195,2017,6.34,5.38,4.23,8.35,1.5,0.54,53.1,59.1,71.8,73.9,68.6,67
195,2018,1.04,5.06,6.83,3.52,5.55,7.06,41,67.5,72.8,73.4,73.2,67.5
195,2019,4.93,9.94,5.32,2.22,4.22,9.41,49.3,58.4,69.4,77.1,70.7,69.1
195,2020,2.58,6.33,3.73,3.91,0.88,8.06,47.6,59,72.7,76.4,72.4,63.1
195,2021,3.54,4.4,3.47,3.29,1.41,1.01,50.8,59.8,73.5,73.2,74.4,68.7
195,2022,4.35,3.52,3.42,4.11,4.86,3.13,46,63.8,71.8,73.6,71.8,65.4
195,2023,3.5,2.71,1.75,5.01,1.31,3.32,51,62.9,70.8,73.4,72.4,67.5
195,2024,5.27,3.58,3.75,6.57,2.99,0.85,51.7,65,73.3,72.2,72,67.9
195,2025,2.8,2.67,4.04,8.56,2.6,0.39,51.4,60.6,73,76.3,71.6,67.8
197,1980,2.51,3.79,4.38,2.46,6.58,6.68,47.3,61.6,68,76,74.8,65.5
197,1981,6.95,5.17,6.82,5.27,4.37,2.96,53.5,56.5,70.9,72.6,71.1,63
197,1982,3.24,3.86,3.09,6.23,2.02,2.09,44.5,66.1,64.8,73.8,69,63.2
197,1983,6.61,5.17,3.85,3.54,2.74,3.66,45.5,56.2,71.4,77.7,76.4,64.7
197,1984,3.57,4.4,3.07,2.24,1.63,2.35,47.7,57.4,72.8,72.1,74.3,63.5
197,1985,1.91,2.03,2.35,3.28,3.25,2.47,54,63.2,67.2,73.3,69.3,66.8
197,1986,1.38,3.83,4.55,3.06,2.58,5.89,53.6,61,69.1,75.8,69,67.1
197,1987,2.83,4.97,3.91,3.92,8.02,2.17,51.3,65.2,73.6,76.5,72.2,65.1
197,1988,2.15,1.67,0.93,1.78,3.83,1.79,48.9,62.8,73.2,77,77.2,66.4
197,1989,1.79,3.35,5.03,5.71,2.92,6.26,48.1,57.9,69,74.4,70.8,62.3
197,1990,1.68,7.41,5.16,3.81,5.74,1.52,49.5,56.9,70.2,72.2,70.9,66.4
197,1991,4.5,6.51,0.7,0.92,2.52,2.23,53.1,67.1,74.4,75.7,73.6,64.6
197,1992,1.77,0.79,1.48,6.32,2.16,6.66,47,59.2,66.7,70.2,67.1,62.6
197,1993,4.62,2.86,10.72,4.33,6.03,6.94,46.9,62.1,68.6,74.7,73,59.7
197,1994,2.84,1.68,4.54,5.02,3.48,2.22,51.5,58.6,71.5,72.2,68.5,65.3
197,1995,5.6,5.16,2.69,3.96,3.51,1.11,46.4,57.9,71.7,76,78.2,62.8
197,1996,3.62,6.76,4.73,9.31,0.69,2.58,46.3,57.1,69.2,70.7,72.2,64
197,1997,1.72,3.78,3.6,3.1,5.38,2.16,45.5,54.7,69,73.7,68.9,64.8
197,1998,3.89,4.49,5.28,2.99,4.5,2.24,51,66.2,70,73.9,73.8,69.1
197,1999,6.38,3.94,5.96,2.32,3.59,2.25,51.6,63.5,71.5,77.9,70.1,64.1
197,2000,4.16,4.8,7.07,5.39,2.43,3.14,48.8,63.3,68.7,71.6,72.4,65.3
197,2001,2.81,3.49,3.04,2.89,4.93,3.27,54.5,63.2,68.2,74.7,73.4,62.6
197,2002,4.8,6.22,3.01,2.37,2.58,1.82,50.7,55.8,71.9,76.9,73.7,68.1
197,2003,2.66,6.01,2.08,9.09,2.92,3.12,50.8,58.2,66.3,72.6,73.9,63.6
197,2004,1.71,6.19,4.62,2.8,8.02,0.89,51.9,62.5,68.4,72,67.2,67
197,2005,2.12,2.12,1.66,4.38,2.96,2.5,53.7,58.4,74.5,75.2,73.8,69.8
197,2006,4.31,4.48,2.86,5.07,5.13,5.58,54.6,60,69,75.4,72.9,62.7
197,2007,4.95,1.65,3.73,4.4,10.79,1.11,47.9,65.3,71.7,72.3,74.9,68.3
197,2008,2.94,4.19,4.38,3.46,2.21,12.03,50.7,56.5,71.5,73.3,71.4,66.6
197,2009,5.76,5.48,4.66,3.04,4.82,1.33,48.2,60.8,69.5,69,69.8,65.1
197,2010,2.88,5.08,7.76,5.32,3.35,3.31,56.2,62.7,72.1,76.4,75.4,65.5
197,2011,6.24,5.86,6.63,3.53,4.41,3.98,48.7,60,70.9,78.6,73,62.1
197,2012,1.38,3.76,3.44,2.5,4.09,2.21,51.6,65.7,71.9,79.9,72.4,64
197,2013,7.58,5.1,4.91,1.04,2.6,1.56,47.3,62.6,69.2,72.4,71.7,67
197,2014,3.4,3.93,7.28,4.51,6.4,3.9,49.2,61,71.1,68.8,72.2,63.5
197,2015,3.39,5.04,10.04,4.26,3,4.43,51.1,62.6,68.4,71.9,70.5,69
197,2016,2.28,4.08,3.39,7.24,8,2.54,49.3,60,71.9,74.3,74.9,69.4
197,2017,4.96,4.79,2.67,7.38,3.1,0.68,53.7,58.3,71.3,73.5,69.2,67.9
197,2018,1.64,3.13,6.35,2.94,3.61,2.95,41.3,67.3,71.8,74,74.2,68.6
197,2019,4.46,8.95,4.86,4.29,2.93,8.92,49.7,59,69,76.4,71.7,68.9
197,2020,5.05,7.3,3.09,4.06,1.14,3.5,46.9,58.6,72.5,76.4,72.8,64.3
197,2021,2.05,3.96,6.18,2.53,2.87,1.2,50.9,59,72.7,73.3,75,68.9
197,2022,2.56,4.75,2.16,4.7,3.28,1.83,46,62.8,71.3,73.7,72.1,65.7
197,2023,2.24,1.82,1.83,6.55,2.83,5.11,50.8,61.6,69.6,73,71.6,66.3
197,2024,5.76,5.32,4.7,4.31,3.65,1.86,51.8,64.5,72.8,72.5,72.4,68
197,2025,2.72,1.89,3.03,4.9,4.6,1.16,50.5,59,72.9,76.8,71.8,67.4
199,1980,2.39,3.05,3.74,4.6,2.04,3.96,53.8,64.3,73.3,81.1,80.8,71.2
199,1981,1.96,11.17,6.07,6.57,2.19,0.8,62.2,60.4,74.8,77.4,74.3,66.2
199,1982,2.44,5.57,3.91,4.07,2.98,3.37,51,68.8,69.8,77.5,73.3,66.4
199,1983,12.08,7.67,3.86,1.65,1.1,1.16,49,62.4,71.9,79.4,80.9,70.1
199,1984,3.89,4.36,2.78,2.42,2.39,6.02,53.4,61.5,75.8,74.2,75.3,66.5
199,1985,3.4,4.13,7.01,2.2,8.62,1.2,59.1,65.6,71.5,76.3,73.4,67.8
199,1986,3.06,6.71,1.42,6.29,5.32,4.43,59,66.6,75.5,79.9,72.3,71.5
199,1987,2.36,1.91,4.08,5.94,2.47,1.67,54.9,70.6,75.5,77.1,76.9,69.2
199,1988,2.17,2.21,1.13,4.97,2,5.25,55.4,64.8,74.1,77.9,78.9,68.4
199,1989,2.1,2.85,5.78,2.64,2.66,2.4,55.3,61.6,71.7,76,75.3,66.1
199,1990,5.04,10.19,3.31,3.94,3.31,3.12,53.4,62,74,76.3,73.6,70.2
199,1991,3.84,3.48,1.13,2.05,1.76,4.06,58.9,70.4,75.8,78.3,76.7,68.9
199,1992,2.75,2.08,2.82,3.76,3.51,5.6,56.3,62.7,70.4,77.7,71.2,66.8
199,1993,5.15,4.38,5.37,4.27,3.27,9.18,52.5,64.9,72.8,80.9,77.1,65.7
199,1994,6.46,1.21,4.45,1.81,3.5,3.24,57.2,61.6,75.9,76.2,72.8,65.6
199,1995,3.38,8.34,6.99,2.04,3.07,1.39,56.4,64.2,72.7,77.3,80.1,65.8
199,1996,11.27,7.51,4.51,4.6,0.83,5.39,52,68,73.5,74.8,76.2,66.2
199,1997,4.03,6.87,5.64,2.68,4.1,3.67,50.5,61,71.8,77.5,73.6,68.3
199,1998,7.02,3.83,10.23,4.04,2.35,1.05,55.6,69.5,74.9,77.9,76.2,73.3
199,1999,6.31,3.12,3.71,2.89,1.32,0.66,59,65.1,74.4,80,75,68.5
199,2000,2.57,5.03,9.8,3.59,4.42,2.93,54.4,68,73.2,75.3,77.4,67.8
199,2001,2.51,5.12,2.4,5.36,4.93,2.88,61.8,66.8,72.3,77.5,76.9,66.9
199,2002,5.61,9.3,2.44,0.85,1.57,4.14,58.6,63,75.6,80.4,78.3,72.3
199,2003,4.6,6.05,5.35,1.95,3.81,3.02,57.3,64.6,68.9,77,77.3,66
199,2004,2.7,7.64,2.48,5.01,2.73,0.2,57,69.2,72.8,75.7,71.8,69
199,2005,2.93,2.16,2.16,5.26,4.22,3.81,57.7,63.4,75.2,77.7,79.1,72.5
199,2006,3.23,4.51,2.53,7.84,3.24,5.44,61.8,65,74.3,78,77.6,65
199,2007,3.6,2.56,4.29,2.01,1.23,2.14,53.8,69.4,74.8,75.8,82.3,72.6
199,2008,6.2,6.5,2.06,5.93,1.96,2.18,54.3,62.8,75.9,76.8,74.5,70.2
199,2009,7.16,7.35,3.69,7.42,4.07,3.95,55.9,65.4,76.5,73.6,73.3,69.2
199,2010,3.63,4.65,4.21,2.14,3.97,1.56,61.2,67.8,78.8,80.2,79.4,69.7
199,2011,15.6,7.6,7.34,4.48,1.97,7.3,59.6,64.8,76.7,81.8,77.5,66.4
199,2012,2.37,0.93,0.94,2.64,4.14,5.32,59,70.9,74.3,84.1,76.1,67.8
199,2013,4.44,4.06,4.33,4.64,3.05,1.02,54.7,65.4,73.8,73.9,74.5,70.8
199,2014,8.57,4.92,5.25,2.63,3.72,1.73,56.7,66.8,74.9,71.9,76.2,67
199,2015,5.41,4.51,8.75,6.9,2.87,3.78,58.6,66.7,74.8,78.3,73.8,70.4
199,2016,4.77,7.28,1.75,10.05,8.75,5.52,57.3,63.3,76.6,78.6,77.3,72
199,2017,13.62,4.73,2.61,3.24,3.04,1.09,60.1,65.8,73.4,78.5,72.6,69.8
199,2018,4.75,4.89,5.68,3.74,4.32,6.91,49.6,72.4,77,77.7,75.8,73
199,2019,7.03,7.53,6.56,3.47,2.29,0.47,56.9,67.1,72.3,78.2,76,75.4
199,2020,2.9,4.46,5.36,4.29,3.68,1.89,53.2,63,74.2,79.6,74.3,68.1
199,2021,3.21,3.53,4.05,6.09,2.87,4.18,55.3,63.1,75.3,76.6,76.9,69.9
199,2022,4.11,4.48,1.85,4.41,3.29,0.75,54.2,67.6,75,79.1,75.7,69
199,2023,3.87,3.35,1.71,7.3,4.59,1.91,56.6,65.8,73,78,75.8,69.6
199,2024,5.06,7.05,2.7,5.18,0.99,8.61,59.3,69.8,75.4,76.5,76.3,70.7
199,2025,8.23,4.78,5.61,3.8,0.45,3.07,58.4,64.6,75.8,80.4,75,71
201,1980,2.64,2.71,5.7,3.72,6,6.12,47,60.5,66.8,74.9,72,63
201,1981,5,1.58,6,1.7,7.22,3.88,51.6,56.3,69.9,71.6,69.9,60.9
201,1982,3.47,4.61,3.71,7.39,3.29,1.59,43.4,64.7,63.9,73.5,68.2,60.8
201,1983,3.39,4.92,2.25,3.8,3.05,3.47,43.7,54.6,70,77,75.6,62.4
201,1984,3.41,4.29,4.03,3.52,1.9,2.67,46.6,55.3,70.4,70.6,72.1,61
201,1985,1.21,3.89,3.01,3.45,3.85,3.12,53.8,62.1,66,71.8,67.5,63.7
201,1986,1.93,4.23,3.48,4.37,2.72,9.49,51.9,61,68.1,74.5,66.6,64
201,1987,2.96,3.92,2.35,5.27,10.38,2.26,51.5,63.1,72.5,75.5,70.4,62.5
201,1988,3.2,1.15,0.6,1.94,2.68,2.42,47.8,62.5,71.4,76.1,75.7,64.7
201,1989,1.42,2.28,2.17,6.41,4.79,2.73,46.2,58.2,67.8,74,69.4,59.7
201,1990,2.87,4.8,7.81,4.52,5.52,1.02,48.4,55.5,68.9,71.3,70.6,64.6
201,1991,2.42,3.52,2.77,1.48,1.86,4.28,51.1,64.9,72.3,73.4,72.5,62
201,1992,3.48,0.76,0.94,7.1,2.27,5.55,45,59,66.5,68.2,64.9,60.4
201,1993,6.32,3.12,12.13,3.83,3.38,4.37,44.7,60.6,66.4,72.7,72,57.7
201,1994,2.01,1.66,5.02,2.94,6.28,4.02,49.9,58.6,70.8,70.6,67.1,64.1
201,1995,4.44,5.32,2.59,3.53,3.88,1.93,44.1,57.4,71.7,74.4,76.9,59.9
201,1996,3,8.85,6.58,6.9,2.47,1.7,44.6,55.2,68.2,69.1,70.7,62.3
201,1997,1.7,4.92,5.45,1.85,3.45,2.64,44.6,53.6,69.1,72,67.7,62.8
201,1998,5.18,4.52,6.18,2.94,5.4,2.74,49,64.3,68,72.2,72.1,66.3
201,1999,7.29,3.64,5.87,4.2,3.8,4.33,50.2,61.7,69.8,76.6,68.5,61.1
201,2000,4.12,5.99,8.59,4.38,2.99,6.72,47.8,61.5,66.7,70.8,71,63.3
201,2001,3.15,4.34,3.88,1.43,3.96,7.15,53.1,61.5,67.3,74.6,72.5,60.9
201,2002,3.94,2.85,5.43,1.41,6.18,2.88,48.7,55,70.4,76.2,72.1,65.8
201,2003,1.98,5.89,2.24,4.37,0.97,2.5,48.1,57.2,66.3,71.8,73.7,62.9
201,2004,2.02,8.39,4.87,3.04,3.9,0.37,50.1,60,67,70.1,66,65.5
201,2005,1.67,2.23,2.51,2.49,4.25,3.09,52.5,56.7,74,73.7,72.1,68.2
201,2006,3.87,3.57,4.97,3.68,4.28,3.69,52.6,59.6,67.7,74.8,72,60.6
201,2007,4.24,1.26,4.71,3.6,11.98,1.82,46.4,63.7,69.9,72,73.1,65.7
201,2008,5.4,3.28,7.35,5.93,1.76,5.78,49.3,56,69.4,72,69.8,64.6
201,2009,4.58,3.29,5.49,3.41,6.22,1.75,47.6,59.2,68,66.3,67.5,63.7
201,2010,3.01,4.87,6.9,8.1,2.74,2.17,54.5,61.3,69.7,75,73.6,63.2
201,2011,3.82,3.75,3.48,5.11,4.04,4.38,47.2,58.6,69.4,77.4,71.5,60.4
201,2012,3.48,2.19,1.25,2.43,2.61,2.16,48.6,64.3,71.1,79.6,70.6,62
201,2013,8.16,3.87,8.2,1.95,2.01,1.81,45.2,61,67.9,71.5,70.4,64.7
201,2014,3.25,3.92,8.22,2.76,5,2.22,47.1,59.6,69.8,68.1,70.8,61.6
201,2015,2.64,5.13,6.97,3.13,3.87,4.01,49.8,60.4,67.4,70.4,69.5,67.9
201,2016,2.47,3.31,3.57,6.48,5.83,2.89,48,59.5,70.3,73.2,73,67.9
201,2017,5.92,5.69,6.51,7.95,2.33,0.34,52.3,57.4,70.5,72.8,68.1,66
201,2018,1.48,4.72,9.97,2.87,6.16,6.6,39,65.4,69.8,72.1,71.9,65.8
201,2019,3.3,8.09,3.56,3.33,5.09,9.47,48,56.8,67.8,76.2,70,67.2
201,2020,3.1,4.79,4.22,3.52,1.92,6.11,46.4,58.1,71.5,75.5,72.2,61.8
201,2021,1.71,2.43,1.79,2.19,3.83,0.64,50.7,59.3,73.7,73,73.7,67.2
201,2022,4.18,3.13,2.34,5.69,6.49,5.36,44.9,62.5,70.4,73,70.8,64.2
201,2023,2.99,2.28,1.83,4.83,1.78,3.27,49.1,60.6,68.9,72.3,71,66.4
201,2024,4.44,4.24,6.21,7.35,2.51,1.65,50.4,63.6,72.2,72.2,71.5,66.8
201,2025,2.09,2.47,4.26,7.71,4.37,0.97,49.2,58.4,72.5,75.1,70,66.2
203,1980,2.79,3.13,7.36,1.54,6.5,4.03,48.4,62.7,69.1,77.7,76,66.9
203,1981,6.69,5.84,6.83,6.62,8.44,2.4,55.4,57,71.4,73.1,70.3,63.5
203,1982,4.39,5.3,3.4,6.45,3.1,1.34,45,67.1,66,74.2,69.5,63.7
203,1983,6.66,4.71,4.31,1.4,2.67,4.09,45.9,57.8,71.6,78.3,77.4,66.1
203,1984,4.89,5.11,2.19,3.47,0.8,2.58,48.6,58.2,73.6,72,73.8,63.1
203,1985,1.49,2.71,3.77,4.47,3.62,2.04,56,64.4,68.3,72.5,68.9,66.2
203,1986,1.19,5.29,5.6,4.99,1.4,8.33,55.1,63.1,71.7,76.1,68.2,68
203,1987,2.09,2.37,3.37,1.86,5.51,1.65,52.4,67.4,73.4,77.1,73,65
203,1988,2.39,1.41,0.52,0.93,2.48,1.57,50.6,64.3,73.1,77.2,77.5,66.6
203,1989,3.11,2.7,1.68,3.2,4.16,7.39,49.7,58.5,69.7,74.7,71,61.1
203,1990,1.67,6.57,8.47,5.54,3.97,1.12,49.9,57.5,70.7,72.5,71.2,66.1
203,1991,2.99,5.92,1.23,1.03,2.54,2.53,55.2,68,74.3,75.6,74,65.1
203,1992,1.71,0.47,1.95,11.22,1.45,5.11,48.7,60.6,68.3,71.2,66.8,62.5
203,1993,4.59,2.56,6.55,8.61,7.13,8.37,48.1,62.7,69.2,74.5,73.4,60.4
203,1994,3.61,2.07,2.67,3.28,5.36,2.26,51.6,60.1,72.9,73,69.2,64.9
203,1995,5.62,9.72,3.01,2.89,4.2,1.27,47.4,57.8,71.8,76.1,78.5,62.2
203,1996,2.77,7.62,2.93,5.92,0.93,1.89,47.2,58.9,70.5,71.7,72.2,63.6
203,1997,2.47,2.49,2.19,2.41,6.89,2.97,46.2,56.2,69.9,74.2,69.7,65.5
203,1998,4.12,4.57,6.48,2.39,2.24,1.46,51.5,66.3,70.3,74.4,73.9,69.9
203,1999,5.06,5.48,5.33,2.65,3.13,1.91,52.4,63.4,71.5,77.7,70.4,63.6
203,2000,3.14,4.81,4.97,2.42,2.25,3.2,50.8,64.2,69.4,72.1,73.4,66.2
203,2001,3.55,4.18,4.33,3.91,3.69,3.14,55.7,64,68.7,74.9,73.3,63
203,2002,4.5,5.49,4.81,2.66,4.75,1.01,51.4,57.6,72.9,76.8,73.4,67.7
203,2003,2.41,5.09,3.83,6.82,2.02,3.26,52.3,59.9,67,73.6,74,63.4
203,2004,1.97,6.75,2.61,2.82,4.81,1.23,52.7,64.7,69,71.9,66.9,66.9
203,2005,2.13,0.99,1.16,2.71,2.81,2.88,54.2,60.2,75,75.6,74,70.3
203,2006,4.92,2.52,2.49,4.2,5.13,2.84,55.3,61.4,70.4,76.8,73.1,63.3
203,2007,4.06,1.87,3.75,3.84,5.54,0.9,49.2,67.4,71.9,71.9,76.5,68.8
203,2008,3.22,4.14,4.27,5.42,1.72,10.03,50.8,57.5,72.4,73.6,70.6,66
203,2009,6.64,5.64,4.38,3.7,4.56,2.36,49.6,61.9,71.6,68.9,69.7,64.1
203,2010,2.73,5.82,7.37,3.04,2.82,3.88,57.8,63,73.8,77.1,76,66.4
203,2011,5.58,4.87,5.4,3.64,1.86,3.62,50.2,61.4,71.6,79,73.4,62
203,2012,2.17,2.87,2.45,0.96,3.92,4.7,53.4,67.3,71.6,80.7,72.6,64.3
203,2013,7.46,8.24,3.84,1.65,1.25,1.38,48.9,63.7,70.5,72.5,72.3,68.2
203,2014,3.13,2.57,6.85,3.36,5.52,4.79,51.1,63,72.3,69.6,73,64.2
203,2015,2.83,5.5,10.4,6.58,3.22,3.72,53.5,65.2,70.8,73,71.4,70.8
203,2016,1.74,4.24,3.74,6.33,8.1,3.4,52,62,74.1,74.8,75.2,70.7
203,2017,5.95,3.42,3.35,4.05,2.23,0.8,55.2,60.7,72.6,74.8,70.2,68.4
203,2018,1.69,3.8,5.91,2.46,4.24,2.38,43.1,70.6,74.2,74,74.5,69.8
203,2019,4.21,9.72,4.02,2.25,3.46,8.3,50.9,61.5,70.3,77.3,71.6,70.1
203,2020,5.9,4.85,1.57,8.2,1.26,5.24,48.6,60.3,73.9,76.9,72.4,64.8
203,2021,3.29,4.79,5.43,3.95,3.56,1.55,51.9,60.7,73.9,74.1,75.1,69.7
203,2022,2.71,3.59,2.97,3.53,3.49,2.26,48.5,65,73.3,74.3,73.1,66.8
203,2023,2.09,2.08,2.18,5.1,3.93,4.49,52.7,63.9,71,74.2,72.7,67.4
203,2024,6.16,3.5,3.48,4.28,4.19,0.93,53.2,66.5,74.1,73,72.4,67.4
203,2025,2.71,2.51,4.69,7.21,1.43,0.6,52.8,61.6,73.7,77.4,72.2,68.4
